"","Uniprot.Name","Gene"
"1","A0A075B5I0","Ighv1-13"
"2","A0A075B5I2","Trbv4"
"3","A0A075B5I3","Trbv13-1"
"4","A0A075B5I8","Trbv21"
"5","A0A075B5I9","Trbv23"
"6","A0A075B5J0","Trbv26"
"7","A0A075B5J2","Trbv30"
"8","A0A075B5J3","Trbc1"
"9","A0A075B5J4","Trbc2"
"10","A0A075B5J5","Trbv31"
"11","A0A075B5J6","Gm20730"
"12","A0A075B5J7","Igkv14-130"
"13","A0A075B5J9","Igkv17-127"
"14","A0A075B5K0","Igkv14-126"
"15","A0A075B5K2","Igkv9-124"
"16","A0A075B5K3","Igkv17-121"
"17","A0A075B5K6","Igkv2-109"
"18","A0A075B5K7","Igkv14-100"
"19","A0A075B5K8","Igkv1-99"
"20","A0A075B5K9","Igkv12-98"
"21","A0A075B5L0","Igkv10-95"
"22","A0A075B5L1","Igkv10-94"
"23","A0A075B5L2","Igkv4-91"
"24","A0A075B5L3","Igkv4-90"
"25","A0A075B5L4","Igkv12-89"
"26","A0A075B5L5","Igkv4-86"
"27","A0A075B5L6","Igkv4-81"
"28","A0A075B5L7","Igkv4-80"
"29","A0A075B5L8","Igkv4-79"
"30","A0A075B5M1","Igkv4-63"
"31","A0A075B5M2","Igkv4-61"
"32","A0A075B5M3","Igkv4-58"
"33","A0A075B5M4","Igkv4-57-1"
"34","A0A075B5M7","Igkv5-39"
"35","A0A075B5M8","Igkv12-38"
"36","A0A075B5M9","Igkv18-36"
"37","A0A075B5N0","Igkv1-35"
"38","A0A075B5N2","Igkv6-29"
"39","A0A075B5N3","Igkv8-28"
"40","A0A075B5N4","Igkv8-27"
"41","A0A075B5N5","Igkv8-26"
"42","A0A075B5N6","Igkv8-16"
"43","A0A075B5N7","Igkv6-13"
"44","A0A075B5N8","Igkv3-10"
"45","A0A075B5N9","Igkv3-7"
"46","A0A075B5P0","Igkv3-2"
"47","A0A075B5P1","Igkv3-1"
"48","A0A075B5P7","Ighv5-2"
"49","A0A075B5P8","Ighv2-2"
"50","A0A075B5P9","Ighv5-4"
"51","A0A075B5Q0","Ighv5-6"
"52","A0A075B5Q2","Ighv5-9"
"53","A0A075B5Q3","Ighv2-5"
"54","A0A075B5Q4","Ighv5-12"
"55","A0A075B5Q5","Ighv2-9"
"56","A0A075B5Q6","Ighv5-9-1"
"57","A0A075B5Q7","Ighv2-6-8"
"58","A0A075B5Q8","Ighv2-7"
"59","A0A075B5Q9","Ighv5-15"
"60","A0A075B5R0","Ighv5-16"
"61","A0A075B5R1","Ighv5-17"
"62","A0A075B5R2","Ighv7-3"
"63","A0A075B5R3","Ighv7-2"
"64","A0A075B5R4","Ighv14-1"
"65","A0A075B5R5","Ighv4-1"
"66","A0A075B5R6","Ighv11-1"
"67","A0A075B5R7","Ighv14-2"
"68","A0A075B5R8","Ighv11-2"
"69","A0A075B5R9","Ighv14-3"
"70","A0A075B5S0","Ighv16-1"
"71","A0A075B5S1","Ighv9-1"
"72","A0A075B5S2","Ighv7-1"
"73","A0A075B5S3","Ighv14-4"
"74","A0A075B5S4","Ighv3-3"
"75","A0A075B5S5","Ighv7-4"
"76","A0A075B5S6","Ighv3-1"
"77","A0A075B5S9","Ighv9-4"
"78","A0A075B5T0","Ighv3-8"
"79","A0A075B5T1","Ighv12-3"
"80","A0A075B5T2","Ighv6-3"
"81","A0A075B5T3","Ighv6-6"
"82","A0A075B5T4","Ighv1-4"
"83","A0A075B5T5","Ighv1-5"
"84","A0A075B5T6","Ighv10-3"
"85","A0A075B5T7","Ighv1-7"
"86","A0A075B5T8","Ighv15-2"
"87","A0A075B5T9","Ighv1-9"
"88","A0A075B5U0","Ighv1-12"
"89","A0A075B5U1","Ighv1-16"
"90","A0A075B5U4","Ighv1-18"
"91","A0A075B5U5","Ighv1-19"
"92","A0A075B5U6","Ighv1-20"
"93","A0A075B5U7","Ighv1-22"
"94","A0A075B5U9","Ighv1-24"
"95","A0A075B5V0","Ighv1-26"
"96","A0A075B5V1","Ighv1-31"
"97","A0A075B5V2","Ighv1-34"
"98","A0A075B5V3","Ighv1-36"
"99","A0A075B5V4","Ighv1-37"
"100","A0A075B5V5","Ighv1-39"
"101","A0A075B5V6","Ighv1-42"
"102","A0A075B5V7","Ighv1-43"
"103","A0A075B5V8","Ighv1-47"
"104","A0A075B5V9","Ighv1-49"
"105","A0A075B5W1","Ighv1-50"
"106","A0A075B5W2","Ighv1-52"
"107","A0A075B5W3","Ighv1-53"
"108","A0A075B5W4","Ighv8-6"
"109","A0A075B5W5","Ighv1-54"
"110","A0A075B5W6","Ighv1-55"
"111","A0A075B5W7","Ighv1-56"
"112","A0A075B5W9","Ighv1-58"
"113","A0A075B5X0","Ighv1-59"
"114","A0A075B5X1","Ighv8-9"
"115","A0A075B5X2","Ighv1-63"
"116","A0A075B5X3","Ighv1-64"
"117","A0A075B5X4","Ighv8-11"
"118","A0A075B5X5","Ighv1-66"
"119","A0A075B5X6","Ighv1-67"
"120","A0A075B5X7","Ighv1-69"
"121","A0A075B5X8","Ighv8-12"
"122","A0A075B5Y0","Ighv8-13"
"123","A0A075B5Y1","Ighv1-74"
"124","A0A075B5Y2","Ighv1-75"
"125","A0A075B5Y3","Ighv1-80"
"126","A0A075B5Y4","Ighv1-81"
"127","A0A075B5Y6","Ighv1-85"
"128","A0A075B5Y8","Trgv6"
"129","A0A075B5Y9","Trgv5"
"130","A0A075B5Z0","Trgc1"
"131","A0A075B5Z1","Trgv3"
"132","A0A075B5Z2","Trgc2"
"133","A0A075B5Z7","Trav5-1"
"134","A0A075B5Z8","Trav6-1"
"135","A0A075B601","Trav9-1"
"136","A0A075B603","Trav6-6"
"137","A0A075B604","Trav7d-5"
"138","A0A075B606","Trav13d-1"
"139","A0A075B607","Trav14-3"
"140","A0A075B608","Trav15d-1-dv6d-1"
"141","A0A075B615","Trav4n-4"
"142","A0A075B617","Trav16d-dv11"
"143","A0A075B618","Trav13d-4"
"144","A0A075B619","Trav14d-3-dv8"
"145","A0A075B620","Trav7n-4"
"146","A0A075B621","Trav6n-5"
"147","A0A075B622","Trav10n"
"148","A0A075B623","Trav6n-6"
"149","A0A075B625","Trav4n-3"
"150","A0A075B626","Trav12n-2"
"151","A0A075B631","Trav9n-4"
"152","A0A075B633","Trav8n-2"
"153","A0A075B634","Trav16n"
"154","A0A075B635","Trav13n-4"
"155","A0A075B636","Trav14n-3"
"156","A0A075B638","Trav4-2"
"157","A0A075B639","Trav6-7-dv9"
"158","A0A075B641","Trav8-1"
"159","A0A075B642","Trav10d"
"160","A0A075B644","Trav13-1"
"161","A0A075B647","Trav9-2"
"162","A0A075B648","Trav12-3"
"163","A0A075B649","Trav13-2"
"164","A0A075B650","Trav15-2-dv6-2"
"165","A0A075B651","Trav4-4-dv10"
"166","A0A075B652","Trav5-4"
"167","A0A075B653","Trav16"
"168","A0A075B654","Trav3-4"
"169","A0A075B658","Trdv2-1"
"170","A0A075B661","Trdv5"
"171","A0A075B662","Trac"
"172","A0A075B663","Iglv1"
"173","A0A075B666","Igkv13-85"
"174","A0A075B674","Ighv1-78"
"175","A0A075B676","Ighv5-8"
"176","A0A075B677","Igkv4-53"
"177","A0A075B680","Ighv1-62-2"
"178","A0A075B683","Gm17472"
"179","A0A075B684","Ighv1-62-1"
"180","A0A075B685","Trav9d-4"
"181","A0A075B693","Ighv8-4"
"182","A0A075B695","Trav9d-3"
"183","A0A075B696","Ighv2-3"
"184","A0A075B697","Ighv2-9-1"
"185","A0A075B699","Trav9d-1"
"186","A0A075B6A4","Trav12n-3"
"187","A0A075B6A6","Trav6n-7"
"188","A0A075B6A7","Ighv2-6"
"189","A0A075B6B0","Trav6d-7"
"190","A0A075B6B1","Trav14d-1"
"191","A0A075B6B9","Trav6d-5"
"192","A0A075B6C1","Trav7-4"
"193","A0A075B6C4","Trav21-dv12"
"194","A0A075B6C7","Trgc4"
"195","A0A075B6C9","Trav13-4-dv7"
"196","A0A075B6D1","Trav7-6"
"197","A0A075B6D3","Trav6d-3"
"198","A0A075B6D4","Trav6-5"
"199","A0A075B6D5","Igkv19-93"
"200","A0A075B6D6","Trav6-4"
"201","A0A077KA19","Gm17783"
"202","A0A087WNM4","Gm21854"
"203","A0A087WNP0","4931428L18Rik"
"204","A0A087WNP1","Gm28168"
"205","A0A087WNP5","Gm10778"
"206","A0A087WNP8","Gm21778"
"207","A0A087WNQ7","Smim10l1"
"208","A0A087WNV3","Gm33815"
"209","A0A087WNW4","Gm29554"
"210","A0A087WNW5","Gm29276"
"211","A0A087WNZ6","1700025B11Rik"
"212","A0A087WP11","H2al1b"
"213","A0A087WP21","Scgb1b12"
"214","A0A087WP28","Gm28510"
"215","A0A087WP35","Gm28919"
"216","A0A087WP44","Gm28897"
"217","A0A087WP46","BC034090"
"218","A0A087WP50","Scgb1b17"
"219","A0A087WPA5","Gm28961"
"220","A0A087WPA9","Scgb2b18"
"221","A0A087WPC3","Cyp4a29"
"222","AUTS2","Auts2"
"223","A0A087WPG5","Gm13283"
"224","A0A087WPH4","Gm6358"
"225","A0A087WPH8","Trdv1"
"226","A0A087WPJ1","1700017N19Rik"
"227","A0A087WPJ9","Gm21117"
"228","A0A087WPN2","Gm3604"
"229","A0A087WPN7","Ighv13-2"
"230","A0A087WPP3","Gm20820"
"231","A0A087WPV9","1700019A02Rik"
"232","A0A087WPW0","Scgb1b10"
"233","A0A087WPY7","Gm29289"
"234","A0A087WQ19","Gm28171"
"235","A0A087WQ24","Gm21858"
"236","A0A087WQ44","Srcap"
"237","A0A087WQ87","Trav17"
"238","A0A087WQ89","Misp3"
"239","A0A087WQ99","Gm29666"
"240","A0A087WQA2","E130114P18Rik"
"241","A0A087WQA3","Gm20888"
"242","A0A087WQA9","Scgb2b21"
"243","A0A087WQC7","Gm21258"
"244","A0A087WQI7","B020011L13Rik"
"245","A0A087WQJ0","Scgb1b11"
"246","A0A087WQL3","Gm28102"
"247","A0A087WQL6","Krtap6-3"
"248","A0A087WQP5","Krtap28-13"
"249","A0A087WQP8","Gm21698"
"250","A0A087WQT1","Ly6g2"
"251","A0A087WQW2","Gm28363"
"252","A0A087WQY2","2410004P03Rik"
"253","A0A087WR13","Dnah7c"
"254","A0A087WR14","Gm21095"
"255","A0A087WR18","Gm13276"
"256","A0A087WR25","Gm28360"
"257","A0A087WR34","Gm20379"
"258","A0A087WR36","Vmn1r90"
"259","A0A087WR44","Btbd35f15"
"260","A0A087WR45","Prob1"
"261","A0A087WR49","Scgb2b11"
"262","A0A087WR82","Gm4064"
"263","A0A087WR99","Gm21488"
"264","A0A087WRF5","Gm21861"
"265","A0A087WRH0","Zfp951"
"266","A0A087WRH8","Gm5157"
"267","A0A087WRI3","Cfap77"
"268","A0A087WRJ1","2610044O15Rik8"
"269","A0A087WRK3","Gm21497"
"270","A0A087WRL2","Gm21865"
"271","A0A087WRM1","Gm29423"
"272","A0A087WRP6","Gm28576"
"273","A0A087WRQ3","Trav1"
"274","A0A087WRR7","Zfp383"
"275","A0A087WRT7","Ms4a4a"
"276","A0A087WRT9","Gm28490"
"277","A0A087WRU1","CN725425"
"278","A0A087WRV1","Vmn1r82"
"279","A0A087WRX0","Ly6g6g"
"280","A0A087WRX6","Trav18"
"281","A0A087WS15","Cyp4a30b"
"282","A0A087WS64","Gm7145"
"283","A0A087WS79","Gm21294"
"284","A0A087WS97","Gm20824"
"285","A0A087WSA6","Gm7358"
"286","A0A087WSB9","Ms4a12"
"287","A0A087WSD2","Ms4a14"
"288","A0A087WSF2","Smok3c"
"289","A0A087WSG3","Gm28269"
"290","A0A087WSM5","Gm29049"
"291","A0A087WSN2","Btbd35f16"
"292","A0A087WSP8","Gm29106"
"293","A0A087WSS0","Gm20911"
"294","A0A087WSS9","Gm21996"
"295","IQIP1","Iqcj-Schip1"
"296","A0A0A0MQA4","Gm10024"
"297","A0A0A0MQP3","Btbd35f12"
"298","A0A0A6YVP1","Trbj1-7"
"299","A0A0A6YVQ4","Ighj1"
"300","A0A0A6YVU8","Gm9774"
"301","A0A0A6YVV1","2210017I01Rik"
"302","A0A0A6YVW3","Ighv1-23"
"303","A0A0A6YVW6","2310046K23Rik"
"304","A0A0A6YVY0","Trbj1-1"
"305","A0A0A6YW14","Ighd"
"306","A0A0A6YW33","Gm6525"
"307","A0A0A6YW38","Gm28870"
"308","A0A0A6YW58","Ighv8-2"
"309","A0A0A6YW67","Gm8797"
"310","A0A0A6YW72","Dchs2"
"311","A0A0A6YWG4","Ighv5-12-4"
"312","A0A0A6YWI4","2310009B15Rik"
"313","A0A0A6YWI9","Ighv1-11"
"314","A0A0A6YWJ8","Ighj2"
"315","A0A0A6YWS7","Tdpoz8"
"316","A0A0A6YWT0","Trbj1-6"
"317","A0A0A6YWU1","Trbj1-2"
"318","A0A0A6YWU3","Ighv6-7"
"319","A0A0A6YWW0","Trbj2-1"
"320","A0A0A6YWW9","Ighj3"
"321","A0A0A6YX04","Gm29866"
"322","A0A0A6YX08","Trbj2-2"
"323","A0A0A6YX16","Trbj1-5"
"324","A0A0A6YX29","Gm38119"
"325","A0A0A6YXA0","Trbj1-3"
"326","A0A0A6YXA5","Ighv1-15"
"327","A0A0A6YXC7","Ighj4"
"328","A0A0A6YXF1","Ighv3-4"
"329","A0A0A6YXH6","Trbj2-7"
"330","A0A0A6YXJ1","Gm3952"
"331","A0A0A6YXL2","Tdpoz6"
"332","A0A0A6YXN8","Sirpb1b"
"333","A0A0A6YXQ0","Ighv8-8"
"334","A0A0A6YXW2","Gm20773"
"335","A0A0A6YXW6","Igha"
"336","A0A0A6YXX7","Gm20807"
"337","CTSEL","Catspere2"
"338","A0A0A6YXY4","Trbj1-4"
"339","BTBDI","Btbd18"
"340","A0A0A6YY60","Ighv8-5"
"341","A0A0A6YY83","Pcdh7"
"342","A0A0A6YYE2","Trbv3"
"343","A0A0A6YYE3","Trbv15"
"344","A0A0A6YYE5","Igkv4-78"
"345","A0A0A6YYE7","Igkv4-57"
"346","A0A0A6YYE8","Trgv7"
"347","A0A0A6YYP6","Sirpb1a"
"348","A0A0B4J1F3","Lilra6"
"349","ARRD4","Arrdc4"
"350","A0A0B4J1F6","BC053393"
"351","A0A0B4J1F8","Smim10l2a"
"352","A0A0B4J1F9","Tchh"
"353","FCGR4","Fcgr4"
"354","A0A0B4J1G4","Il17d"
"355","A0A0B4J1G7","Trbv1"
"356","A0A0B4J1G8","Trbv2"
"357","A0A0B4J1G9","Trbv5"
"358","A0A0B4J1H0","Trbv12-1"
"359","A0A0B4J1H1","Trbv12-2"
"360","A0A0B4J1H2","Trbv13-3"
"361","A0A0B4J1H3","Trbv16"
"362","A0A0B4J1H4","Trbv19"
"363","A0A0B4J1H5","Trbv20"
"364","A0A0B4J1H6","Igkv2-137"
"365","A0A0B4J1H7","Igkv1-135"
"366","A0A0B4J1H8","Igkv1-133"
"367","A0A0B4J1H9","Igkv1-132"
"368","A0A0B4J1I0","Igkv1-110"
"369","A0A0B4J1I1","Igkv16-104"
"370","A0A0B4J1I2","Igkv4-92"
"371","A0A0B4J1I3","Igkv4-74"
"372","A0A0B4J1I4","Igkv4-72"
"373","A0A0B4J1I5","Igkv4-70"
"374","A0A0B4J1I6","Igkv4-69"
"375","A0A0B4J1I7","Igkv4-68"
"376","A0A0B4J1I8","Igkv4-59"
"377","A0A0B4J1J0","Igkv4-50"
"378","A0A0B4J1J1","Igkv5-45"
"379","A0A0B4J1J2","Igkv5-43"
"380","A0A0B4J1J3","Igkv8-18"
"381","A0A0B4J1J4","Ighv9-2"
"382","A0A0B4J1J5","Ighv9-3"
"383","A0A0B4J1J6","Ighv10-1"
"384","A0A0B4J1J7","Ighv1-82"
"385","A0A0B4J1J8","Trgv4"
"386","A0A0B4J1J9","Trav11"
"387","A0A0B4J1K1","Trav4-3"
"388","A0A0B4J1K2","Trav9-4"
"389","A0A0B4J1K3","Trav13-5"
"390","A0A0B4J1K4","Trav19"
"391","A0A0B4J1K5","Iglv3"
"392","CEA15","Ceacam15"
"393","A0A0B4J1M0","Ighv1-77"
"394","A0A0B4J1M2","Olfr455"
"395","A0A0B4J1N0","Ighv1-76"
"396","A0A0B4J1N1","Trav7n-6"
"397","GP15L","Gpr15l"
"398","A0A0B4J1N7","Trav14-2"
"399","A0A0B4J1P2","Trbj2-5"
"400","A0A0B4J1P6","Trbj2-3"
"401","A0A0B4J1P9","Trbj2-4"
"402","A0A0G2JDB8","Gm17720"
"403","A0A0G2JDC9","Gm17662"
"404","A0A0G2JDD5","Ighd5-7"
"405","A0A0G2JDD8","Ighd1-1"
"406","A0A0G2JDE4","Traj2"
"407","A0A0G2JDE9","Traj22"
"408","A0A0G2JDF0","Traj31"
"409","A0A0G2JDF5","Trav14n-2"
"410","A0A0G2JDG2","Igkj2"
"411","A0A0G2JDG3","Traj12"
"412","A0A0G2JDG5","Iglj3"
"413","A0A0G2JDH7","Traj47"
"414","A0A0G2JDI1","Igkj5"
"415","A0A0G2JDP3","Trav9n-2"
"416","A0A0G2JDP5","Traj30"
"417","A0A0G2JDS2","Chil5"
"418","A0A0G2JDS9","Traj23"
"419","A0A0G2JDU0","Igkv8-34"
"420","A0A0G2JDU3","Igkv20-101-2"
"421","A0A0G2JDV3","Gbp6"
"422","A0A0G2JDX5","Traj39"
"423","A0A0G2JDX6","Traj19"
"424","A0A0G2JDY8","Traj33"
"425","A0A0G2JDZ0","Traj56"
"426","A0A0G2JDZ1","Iglj2"
"427","A0A0G2JE01","Gm21663"
"428","A0A0G2JE21","Traj43"
"429","A0A0G2JE22","Traj44"
"430","A0A0G2JE61","Iglj1"
"431","A0A0G2JE67","Gm3409"
"432","A0A0G2JE76","Traj11"
"433","A0A0G2JE99","Iglc1"
"434","A0A0G2JEB4","Traj6"
"435","A0A0G2JEB6","Cfap47"
"436","A0A0G2JEB7","Gm17359"
"437","A0A0G2JEC1","Traj17"
"438","A0A0G2JEE5","Traj50"
"439","A0A0G2JEG4","Iglj4"
"440","A0A0G2JEI4","Trgj3"
"441","A0A0G2JEK3","Traj16"
"442","A0A0G2JEK5","Iglc4"
"443","A0A0G2JEM0","Trav3n-3"
"444","A0A0G2JEM5","Zfp267"
"445","A0A0G2JER2","Traj13"
"446","A0A0G2JET4","Gm42543"
"447","A0A0G2JEU3","Trdc"
"448","A0A0G2JEU8","Trav13n-1"
"449","A0A0G2JEV5","Trav7-1"
"450","A0A0G2JEV8","Traj24"
"451","A0A0G2JEW3","Traj9"
"452","A0A0G2JEY2","Traj49"
"453","A0A0G2JEZ6","Igkj1"
"454","A0A0G2JF02","Traj4"
"455","A0A0G2JF06","Traj41"
"456","A0A0G2JF27","Traj59"
"457","A0A0G2JF50","Traj32"
"458","A0A0G2JF87","Trgj4"
"459","A0A0G2JF93","Trav13n-2"
"460","A0A0G2JF94","Trav14-1"
"461","A0A0G2JFA3","Traj58"
"462","A0A0G2JFC2","Traj5"
"463","A0A0G2JFC4","Traj45"
"464","A0A0G2JFD5","Gm21083"
"465","A0A0G2JFD7","Traj3"
"466","A0A0G2JFF0","Gm49027"
"467","A0A0G2JFF4","Traj7"
"468","A0A0G2JFH3","Olfr576"
"469","A0A0G2JFK9","Traj20"
"470","A0A0G2JFL6","Traj27"
"471","A0A0G2JFM0","Traj38"
"472","A0A0G2JFN0","Traj42"
"473","A0A0G2JFP6","Traj25"
"474","A0A0G2JFS3","Iglj3p"
"475","A0A0G2JFS6","Traj52"
"476","A0A0G2JFS9","Atg4a-ps"
"477","A0A0G2JFT5","Igkj4"
"478","A0A0G2JFU1","Traj35"
"479","A0A0G2JFV0","Traj29"
"480","A0A0G2JFW2","Trdj2"
"481","A0A0G2JFW3","Traj28"
"482","A0A0G2JFX6","Trav7-5"
"483","A0A0G2JFY7","Gm21149"
"484","A0A0G2JG17","Trav23"
"485","A0A0G2JG46","Traj18"
"486","A0A0G2JG52","Crybg1"
"487","A0A0G2JG53","Trdj1"
"488","A0A0G2JG57","Traj21"
"489","A0A0G2JG86","Traj15"
"490","A0A0G2JG88","Traj48"
"491","A0A0G2JGA3","Tex13c2"
"492","A0A0G2JGB2","Gm5565"
"493","A0A0G2JGH6","Zfp804b"
"494","A0A0G2JGI7","Traj26"
"495","A0A0G2JGJ6","Gm21190"
"496","A0A0G2JGJ9","Igkj3"
"497","A0A0G2JGK9","Traj37"
"498","A0A0G2JGM3","Traj34"
"499","A0A0G2JGM9","Traj53"
"500","A0A0G2JGQ7","Trav15d-2-dv6d-2"
"501","A0A0G2JGR3","Traj46"
"502","A0A0G2JGR8","Gm21680"
"503","A0A0G2JGT0","Gm43218"
"504","A0A0G2JGW7","Trgj2"
"505","A0A0G2JGX9","Gm6370"
"506","A0A0G2JH10","Traj57"
"507","A0A0G2JH15","Traj40"
"508","A0A0G2LB96","Trbv29"
"509","A0A0J9YTR2","0610012G03Rik"
"510","A0A0J9YTU8","Gm5767"
"511","A0A0J9YU01","Gm7792"
"512","A0A0J9YU71","Zfp811"
"513","A0A0J9YU88","Gm3147"
"514","A0A0J9YUD4","Zfp433"
"515","A0A0J9YUD5","Nup205"
"516","A0A0J9YUH2","Gm7697"
"517","A0A0J9YUM1","Gm7682"
"518","A0A0J9YUV1","Gm6509"
"519","A0A0J9YUW3","Gm5141"
"520","A0A0J9YUX7","Slc23a4"
"521","A0A0J9YUZ3","Gm9495"
"522","A0A0J9YV76","Oas1e"
"523","A0A0J9YVD0","Gm10424"
"524","A0A0J9YVH3","AU041133"
"525","A0A0J9YVH6","1520401A03Rik"
"526","SYC2L","Sycp2l"
"527","A0A0M6L0J6","Prl3d3"
"528","A0A0N4SUH6","Rbm8a2"
"529","A0A0N4SUI7","Nbdy"
"530","A0A0N4SUJ3","Naaladl2"
"531","A0A0N4SUK1","AW822073"
"532","A0A0N4SUK7","Wdr49"
"533","A0A0N4SUM5","Gm12845"
"534","A0A0N4SUP0","Olfr1375"
"535","A0A0N4SUS7","Gm35549"
"536","A0A0N4SV92","Duxf3"
"537","A0A0N4SVC3","Olfr785"
"538","A0A0N4SVP2","Olfr316"
"539","A0A0N4SVP8","Eif4a3l2"
"540","A0A0N4SVQ0","Prss47"
"541","A0A0N4SVR5","Rasgef1a"
"542","A0A0N4SVU1","Gm7298"
"543","A0A0N4SW15","Spin2g"
"544","A0A0N4SW31","BC029722"
"545","A0A0N4SWI3","D6Ertd527e"
"546","A0A0R4J1Z0","Mrgpra2a"
"547","A0A0R4J2B9","Btbd35f23"
"548","A0A0R4J8U2","Olfr1532-ps1"
"549","A0A0U1RNF2","Lcmt1"
"550","A0A0U1RNF5","Olfr396-ps1"
"551","A0A0U1RNG7","Kctd14"
"552","A0A0U1RNJ4","Olfr391"
"553","A0A0U1RNT7","Gm30191"
"554","A0A0U1RNU5","E130218I03Rik"
"555","A0A0U1RP76","Olfr284"
"556","A0A0U1RPC5","Zfp109"
"557","A0A0U1RPM1","Gm36028"
"558","GUC2D","Gucy2d"
"559","A0A0U1RPT6","4930433I11Rik"
"560","A0A0U1RPZ4","Olfr465-ps1"
"561","TM275","Tmem275"
"562","A0A0U1RQ46","Zfp950"
"563","A0A0U1RQ84","Zfp626"
"564","A0A140LHE4","A26c2"
"565","VSXL2","Vsig10l2"
"566","A0A140LHH9","Gm35339"
"567","A0A140LHN3","Olfr753-ps1"
"568","A0A140LHS7","Olfr1432"
"569","A0A140LHS9","Olfr1438-ps1"
"570","A0A140LHT4","Gm9195"
"571","A0A140LHT7","Olfr1555-ps1"
"572","A0A140LHU2","Olfr1493-ps1"
"573","SIM27","Smim27"
"574","A0A140LHZ9","Nrg1"
"575","A0A140LI04","Gm5890"
"576","A0A140LI11","Gm5737"
"577","A0A140LI28","Fam81b"
"578","A0A140LI48","Pcdhgb8"
"579","A0A140LI66","Olfr1315-ps1"
"580","A0A140LI67","Frmpd2"
"581","ANR31","Ankrd31"
"582","CT204","Gm29797"
"583","A0A140LIF8","Irgm2"
"584","A0A140LII9","Gm45015"
"585","A0A140LIJ0","Dcst2"
"586","A0A140LIP2","Ect2l"
"587","A0A140LIP3","4933424G06Rik"
"588","A0A140LIQ5","Gm15262"
"589","A0A140LIR8","Olfr1480"
"590","A0A140LIR9","Erfl"
"591","A0A140LIS8","Gm4756"
"592","CC194","Ccdc194"
"593","A0A140LIU8","Gm18336"
"594","A0A140LIV7","Gm35060"
"595","A0A140LIW3","Frmpd3"
"596","A0A140LIX9","Cfap99"
"597","A0A140LJ24","Gm4131"
"598","A0A140LJ72","Muc16"
"599","A0A140LJ87","Gm4565"
"600","A0A140LJC7","Gm19410"
"601","A0A140LJF5","Olfr485"
"602","A0A140LJJ2","Gm13420"
"603","A0A140T8I4","Cdc34b"
"604","A0A140T8J6","Olfr418"
"605","A0A140T8J7","Olfr1326-ps1"
"606","A0A140T8J9","Olfr709-ps1"
"607","A0A140T8K0","Olfr911-ps1"
"608","A0A140T8K3","Olfr1025-ps1"
"609","A0A140T8K4","Olfr175"
"610","A0A140T8K7","Olfr1369-ps1"
"611","A0A140T8L4","Olfr625-ps1"
"612","A0A140T8L6","Anapc15-ps"
"613","A0A140T8L9","Trbv14"
"614","A0A140T8M0","Igkv1-117"
"615","A0A140T8M1","Igkv10-96"
"616","A0A140T8M2","Igkv12-44"
"617","A0A140T8M3","Igkv8-30"
"618","A0A140T8M4","Igkv8-19"
"619","A0A140T8M5","Igkv6-15"
"620","A0A140T8M6","Igkv3-5"
"621","A0A140T8M8","Igkv1-131"
"622","A0A140T8M9","Igkv1-122"
"623","A0A140T8N1","Igkv1-88"
"624","A0A140T8N3","Igkv13-84"
"625","A0A140T8N4","Igkv5-37"
"626","A0A140T8N5","Igkv6-23"
"627","A0A140T8N6","Trbv13-2"
"628","A0A140T8N7","Igkv6-25"
"629","A0A140T8N8","Igkv9-123"
"630","A0A140T8N9","Igkv6-32"
"631","A0A140T8P0","Igkv3-12"
"632","A0A140T8P1","Igkv6-14"
"633","A0A140T8P2","Igkv6-20"
"634","A0A140T8P3","Igkv15-103"
"635","A0A140T8P4","Igkv3-9"
"636","A0A140T8P5","Igkv8-24"
"637","A0A140T8P6","Igkv12-46"
"638","A0A140T8P7","Igkv8-21"
"639","A0A140T8P8","Trbv17"
"640","A0A140T8P9","Igkv14-111"
"641","A0A140T8Q0","Igkv3-3"
"642","A0A140T8Q2","Olfr364-ps1"
"643","A0A140T8Q4","Igkv3-4"
"644","A0A140T8Q5","Btbd35f21"
"645","A0A140T8T4","Rpl9-ps6"
"646","A0A140T8T9","Olfr721-ps1"
"647","A0A140T8U1","Cyp2j7"
"648","A0A140T8U3","Vmn2r-ps130"
"649","A0A140T8U4","Rpl36-ps4"
"650","A0A140T8U8","Mrgpra9"
"651","A0A1B0GQX2","Tunar"
"652","CTXD2","Ctxnd2"
"653","A0A1B0GQY9","Lrrc29"
"654","A0A1B0GR10","Gm40460"
"655","A0A1B0GR13","Cylc1"
"656","A0A1B0GR31","Gm28710"
"657","A0A1B0GR71","Gm4924"
"658","A0A1B0GR74","Igip"
"659","A0A1B0GR83","Gm11213"
"660","A0A1B0GR91","Gm4779"
"661","A0A1B0GRB6","Brd3os"
"662","A0A1B0GRE8","Zscan4e"
"663","A0A1B0GRF0","Sult2a7"
"664","A0A1B0GRG8","Gm5678"
"665","A0A1B0GRH6","Zscan4-ps3"
"666","A0A1B0GRI2","Gm35315"
"667","A0A1B0GRI5","Lrrc3c"
"668","A0A1B0GRI9","Gm45871"
"669","A0A1B0GRJ3","Gm6657"
"670","A0A1B0GRJ4","Gm7579"
"671","A0A1B0GRK0","Gm45521"
"672","A0A1B0GRL1","Gm10153"
"673","A0A1B0GRL2","Gm37419"
"674","A0A1B0GRN7","Olfr634-ps1"
"675","SIM36","SMIM36"
"676","A0A1B0GRQ3","Gm20219"
"677","A0A1B0GRQ9","Gm15517"
"678","A0A1B0GRU2","Olfr573-ps1"
"679","A0A1B0GRV7","Gm17949"
"680","A0A1B0GS00","Gm36210"
"681","A0A1B0GS01","Pvrig"
"682","A0A1B0GS61","Ccdc201"
"683","A0A1B0GS71","Gm45337"
"684","A0A1B0GS74","Tmem238l"
"685","A0A1B0GS75","Ifitm6"
"686","A0A1B0GS82","A730009L09Rik"
"687","A0A1B0GSA0","Gm45618"
"688","A0A1B0GSA9","Gm4553"
"689","A0A1B0GSB0","Cd163l1"
"690","A0A1B0GSB3","Gm3880"
"691","A0A1B0GSD2","Slc6a21"
"692","A0A1B0GSE1","Olfr675"
"693","A0A1B0GSF4","Olfr65"
"694","A0A1B0GSF6","Gm45623"
"695","A0A1B0GSF9","Gm19935"
"696","A0A1B0GSG0","Olfr548-ps1"
"697","A0A1B0GSG7","Gm4869"
"698","A0A1B0GSH7","Gm39115"
"699","A0A1B0GSI2","1700018G05Rik"
"700","A0A1B0GSI5","Gm33543"
"701","A0A1B0GSI9","Olfr663"
"702","A0A1B0GSJ4","Pom121l12"
"703","A0A1B0GSK3","Lnp1"
"704","A0A1B0GSM6","Gm13539"
"705","A0A1B0GSN5","Olfr671"
"706","SRTM2","SERTM2"
"707","A0A1B0GSP6","Gm45261"
"708","A0A1B0GSS1","Olfr587-ps1"
"709","A0A1B0GSS6","Gm3854"
"710","A0A1B0GST0","Olfr566"
"711","CTXD1","Ctxnd1"
"712","A0A1B0GSU5","Olfr560"
"713","A0A1B0GSW2","Gm28729"
"714","A0A1B0GSX1","Gm11634"
"715","SPAR","Spaar"
"716","A0A1B0GSZ2","Olfr588-ps1"
"717","A0A1B0GT06","Gm29735"
"718","A0A1B0GT13","Gm17655"
"719","A0A1B0GT24","Pfn5"
"720","A0A1B0GT27","Gm42372"
"721","A0A1B0GT39","Gm40193"
"722","A0A1B0GT42","Gm32742"
"723","A0A1B0GT45","Gm39566"
"724","A0A1B0GT64","Zfp873"
"725","A0A1B0GT72","Gm29133"
"726","A0A1C7CYU6","Zscan4-ps2"
"727","A0A1C7CYV3","Zscan4-ps1"
"728","A0A1D5RLC8","Gm37797"
"729","A0A1D5RLD8","Gm10358"
"730","A0A1D5RLF0","Fbxw27"
"731","A0A1D5RLK8","Gm36368"
"732","A0A1D5RLM8","Gm11639"
"733","A0A1D5RLR8","Tmem156"
"734","A0A1D5RLS7","Vamp9"
"735","A0A1D5RM15","Zfp930"
"736","A0A1D5RM53","Cdiptos"
"737","A0A1D5RM54","Mroh3"
"738","A0A1D5RM70","Gm31371"
"739","A0A1D5RM95","Zfp853"
"740","A0A1D5RM98","Gm5485"
"741","A0A1D5RMA1","Gm3045"
"742","A0A1D5RMB0","Adh6b"
"743","A0A1D5RMC2","Zfp612"
"744","A0A1D5RMD1","Iqcn"
"745","A0A1D5RMH6","Olfr839-ps1"
"746","A0A1D5RMN0","Tnip3"
"747","A0A1L1SQ02","Olfr1274"
"748","A0A1L1SQF6","Olfr1328"
"749","A0A1L1SQH2","Olfr271-ps1"
"750","A0A1L1SQJ6","Olfr1245"
"751","A0A1L1SQT2","Olfr1130"
"752","A0A1L1SQU7","Fat1"
"753","A0A1L1SR01","Gm34653"
"754","A0A1L1SR47","Slc6a16"
"755","A0A1L1SR87","Smim38"
"756","A0A1L1SR98","Olfr228"
"757","A0A1L1SRD7","Olfr1192-ps1"
"758","A0A1L1SRK6","Olfr1089"
"759","A0A1L1SRZ5","Olfr1116"
"760","A0A1L1SRZ8","Olfr896-ps1"
"761","A0A1L1SSB4","Olfr1338"
"762","A0A1L1SSC7","Ttc13"
"763","A0A1L1SSD5","Olfr1458"
"764","A0A1L1SSS5","Olfr912"
"765","A0A1L1SSZ5","Olfr1248"
"766","A0A1L1ST14","Olfr1034"
"767","A0A1L1STD5","Olfr1191-ps1"
"768","A0A1L1STD6","Inafm2"
"769","A0A1L1STL1","Olfr1150-ps1"
"770","A0A1L1STL9","Gm49661"
"771","A0A1L1STN9","Olfr1118"
"772","A0A1L1STQ7","Slfn3"
"773","A0A1L1STR8","Npw"
"774","A0A1L1STZ9","Olfr1084"
"775","A0A1L1SU13","Olfr1223"
"776","A0A1L1SU27","Plekhg4"
"777","A0A1L1SUA2","Mfsd13b"
"778","A0A1L1SUC9","Olfr1082"
"779","A0A1L1SUI3","Slc37a4"
"780","A0A1L1SUL6","Nme9"
"781","A0A1L1SUP2","Gm13723"
"782","A0A1L1SUS1","Olfr857"
"783","A0A1L1SV77","Olfr789"
"784","A0A1L1SVB5","Olfr1293-ps"
"785","A0A1L1SVG7","Olfr685"
"786","A0A1L1SVH0","Olfr1490"
"787","A0A1W2P6H7","Gm32687"
"788","A0A1W2P6Q8","Gm9044"
"789","A0A1W2P6U8","4932415D10Rik"
"790","A0A1W2P709","Gm2696"
"791","A0A1W2P728","Gm10318"
"792","A0A1W2P738","Gm6993"
"793","A0A1W2P739","Gm9639"
"794","A0A1W2P740","Olfr1366"
"795","A0A1W2P7G7","BC024063"
"796","A0A1W2P7H4","Gm9048"
"797","A0A1W2P7H6","Mindy4b-ps"
"798","A0A1W2P7I0","Kantr"
"799","A0A1W2P7N1","Gm9736"
"800","A0A1W2P7S4","Tle7"
"801","A0A1W2P7S8","Gm32717"
"802","A0A1W2P7T4","Gm867"
"803","A0A1W2P7T6","Krtap10-10"
"804","A0A1W2P7U0","Gm3285"
"805","A0A1W2P7V2","Glipr1l3"
"806","A0A1W2P7W0","Gm9508"
"807","A0A1W2P7Z8","Gm9045"
"808","A0A1W2P827","Gm12216"
"809","A0A1W2P855","Gm9046"
"810","A0A1W2P860","Gm18596"
"811","A0A1W2P884","Cep85l"
"812","A0A1W2P8B8","Gm12248"
"813","A0A1W2P8D5","Gm36176"
"814","A0A1Y7VHD7","Gm16968"
"815","A0A1Y7VIM3","A030003K21Rik"
"816","A0A1Y7VIT9","Tmdd1"
"817","A0A1Y7VIU2","A030005L19Rik"
"818","A0A1Y7VIZ1","Platr25"
"819","A0A1Y7VJ07","Gm47959"
"820","A0A1Y7VJ29","Gm48552"
"821","A0A1Y7VJ58","Gm7544"
"822","A0A1Y7VJE6","Gm36864"
"823","A0A1Y7VJE9","Gm21936"
"824","A0A1Y7VJH8","Gm47969"
"825","A0A1Y7VJK9","Gm6217"
"826","A0A1Y7VJN6","Ighg3"
"827","A0A1Y7VJV2","A030014E15Rik"
"828","A0A1Y7VJW0","6720489N17Rik"
"829","A0A1Y7VK00","Zfp825"
"830","A0A1Y7VK80","Gm5788"
"831","A0A1Y7VKT9","Gm16381"
"832","A0A1Y7VKY1","Rps18-ps5"
"833","A0A1Y7VLE6","Gm47955"
"834","A0A1Y7VLQ2","Gm42517"
"835","A0A1Y7VLT7","Gm2022"
"836","A0A1Y7VMD6","Lrrc74a"
"837","A0A1Y7VMI0","Lrrc72"
"838","A0A1Y7VMP7","Mlh3"
"839","A0A1Y7VN40","Gm30302"
"840","A0A1Y7VNG9","Gm16368"
"841","A0A1Y7VNY1","A030005K14Rik"
"842","A0A1Y7VNZ0","Dcaf4"
"843","A0A1Y7VP24","Tes3-ps"
"844","A0A1Y7VP58","Krtap28-10"
"845","A0A1Z4VJI9","Gm39653"
"846","A0A286YCH8","Gm47985"
"847","A0A286YCP9","Gm47791"
"848","A0A286YCQ8","Gm47429"
"849","A0A286YCV9","Kif13b"
"850","A0A286YCX6","Trappc8"
"851","A0A286YCZ6","Armh2"
"852","A0A286YD13","Gm8947"
"853","A0A286YD60","Klhdc7b"
"854","A0A286YD83","Gm11549"
"855","A0A286YDB2","4930469K13Rik"
"856","A0A286YDE9","Gm21731"
"857","A0A286YDG0","Gm47189"
"858","A0A286YDK0","3110040M04Rik"
"859","PERC1","Percc1"
"860","A0A286YDL3","2310034G01Rik"
"861","A0A286YDM5","ENSMUSG00000108728"
"862","A0A286YDN8","Gm21885"
"863","A0A286YDP4","Gm47995"
"864","A0A286YDU8","Cc2d2b"
"865","A0A286YDY8","Prss51"
"866","A0A286YE43","Gm47996"
"867","A0A286YE47","Olfr1291-ps1"
"868","A0A286YEC0","Gm29776"
"869","A0A288CFY5","Olfr1289"
"870","A0A2I3BPB7","Gm9732"
"871","A0A2I3BPE8","Olfr592"
"872","A0A2I3BPG7","Vmn1r81"
"873","A0A2I3BPG9","Rpl36a-ps1"
"874","A0A2I3BPJ2","Gm30083"
"875","A0A2I3BPQ2","Olfr1174"
"876","A0A2I3BPT4","Olfr844"
"877","A0A2I3BPT7","Olfr718-ps1"
"878","A0A2I3BPU7","Olfr55"
"879","A0A2I3BPW5","Dpep2nb"
"880","A0A2I3BPX0","Olfr1177-ps"
"881","A0A2I3BQ22","Olfr764-ps1"
"882","A0A2I3BQ48","Dgkh"
"883","A0A2I3BQ57","Olfr682-ps1"
"884","A0A2I3BQA3","Olfr1183"
"885","A0A2I3BQB5","Mucl1"
"886","A0A2I3BQC3","Smim40"
"887","A0A2I3BQG2","Crybg2"
"888","A0A2I3BQG5","Olfr106-ps"
"889","A0A2I3BQH9","Olfr766-ps1"
"890","A0A2I3BQR4","Olfr239"
"891","A0A2I3BQS8","ENSMUSG00000115798"
"892","A0A2I3BR00","Olfr76"
"893","A0A2I3BR05","ENSMUSG00000115115"
"894","A0A2I3BR67","Olfr607"
"895","A0A2I3BR68","Smim40-ps"
"896","A0A2I3BR81","Nt5dc2"
"897","A0A2I3BR92","Mcf2"
"898","A0A2I3BRA8","ENSMUSG00000115423"
"899","A0A2I3BRI6","Olfr286"
"900","A0A2I3BRL8","Gm7324"
"901","A0A2I3BRN2","Gprin2"
"902","A0A2I3BRN4","Olfr1175"
"903","A0A2I3BRV4","Olfr1358"
"904","A0A2I3BRV7","Olfr869"
"905","A0A2I3BRW3","Olfr105-ps"
"906","A0A2I3BRX0","Olfr104-ps"
"907","A0A2I3BRZ3","Klhl33"
"908","A0A2I3BS13","Olfr680-ps1"
"909","A0A2R8VH94","Tmem274"
"910","A0A2R8VHF7","Tmem249"
"911","A0A2R8VHJ9","Gm36245"
"912","A0A2R8VHP3","Gm5478"
"913","A0A2R8VHS9","Gm49425"
"914","A0A2R8VJU7","Septin12"
"915","A0A2R8VKG2","D430041D05Rik"
"916","A0A338P6D3","A630089N07Rik"
"917","A0A338P6D5","BC049762"
"918","A0A338P6F4","B230307C23Rik"
"919","A0A338P6G2","Ccdc188"
"920","A0A338P6G8","Gm12569"
"921","A0A338P6I9","ENSMUSG00000116563"
"922","A0A338P6K9","Qser1"
"923","A0A338P6S8","Abi3bp"
"924","A0A338P6T0","Vmn2r95"
"925","A0A338P708","Gm20741"
"926","A0A338P719","Gm1043"
"927","A0A338P791","T2"
"928","A0A338P7C9","Tmem181a"
"929","A0A3B2W3J6","Vmn2r55"
"930","A0A3B2W3R4","Vmn1r227"
"931","A0A3B2W3Y6","Esp38"
"932","A0A3B2W422","Vmn2r54"
"933","A0A3B2W4A7","Vmn2r53"
"934","A0A3B2W7H5","Zfp820"
"935","A0A3B2W7J0","Gm5698"
"936","A0A3B2W842","Vmn2r66"
"937","A0A3B2WB67","Vmn2r18"
"938","A0A3B2WBA1","Vmn2r56"
"939","A0A3B2WBC8","Vmn2r60"
"940","A0A3B2WCF4","Gm7072"
"941","A0A3B2WCP9","Gm49835"
"942","A0A3B2WCY4","Vmn2r16"
"943","A0A3B2WD20","Esp6"
"944","A0A3B2WD42","Gm4356"
"945","A0A3B2WD63","Gm7356"
"946","A0A3Q4EG79","Vmn2r120"
"947","A0A3Q4EGJ1","Gm5155"
"948","A0A3Q4EGK1","Gm50092"
"949","A0A3Q4EGR4","Vmn2r128"
"950","A0A3Q4EGW0","Osbpl7"
"951","A0A3Q4EHH0","Gm17657"
"952","A0A3Q4EIC8","Vmn2r-ps159"
"953","A0A3Q4L333","Vmn2r127"
"954","A0A494B935","Vmn1r221"
"955","A0A494B9C2","B830017H08Rik"
"956","A0A494B9I6","ENSMUSG00000117965"
"957","A0A494B9K2","1700028J19Rik"
"958","A0A494B9T5","Vmn1r235"
"959","A0A494B9V8","Ptar1"
"960","A0A494BA14","Vmn1r207"
"961","A0A494BA26","Gm5244"
"962","A0A494BA31","Slc4a9"
"963","A0A494BA35","Vmn1r60"
"964","A0A494BA90","Vmn1r239-ps"
"965","A0A494BAC1","Gm17266"
"966","A0A494BAR6","Tsga10ip"
"967","A0A494BAW1","Duox2"
"968","A0A494BB10","Gm50478"
"969","A0A494BB12","H2-Ob"
"970","A0A494BBH0","Gm8978"
"971","A0A494BBN4","Gm550"
"972","A0A504","Smim17"
"973","A0A571BD42","Arhgap33os"
"974","A0A571BD55","Btbd35f26"
"975","A0A571BDD5","Gm5945"
"976","A0A571BDE3","Spin2e"
"977","A0A571BDF8","Gm2411"
"978","A0A571BDQ7","1810020O05Rik"
"979","A0A571BDR6","Gm17416"
"980","A0A571BDS5","Mgam2-ps"
"981","A0A571BE33","Vwa3b"
"982","A0A571BE98","Lsmem2"
"983","A0A571BEE2","Cylc2"
"984","A0A571BEE7","Tmem74bos"
"985","A0A571BEG0","Mroh5"
"986","A0A571BEL3","Zfp469"
"987","A0A571BEN1","Mybpc1"
"988","A0A571BEN2","Gm10130"
"989","A0A571BEP9","Gm5965"
"990","A0A571BES4","Tmem250-ps"
"991","A0A571BEV2","Gm8251"
"992","A0A571BEV3","Erich6b"
"993","A0A571BEW1","Gm50457"
"994","A0A571BF02","Sptbn5"
"995","A0A571BF50","Wdr88"
"996","A0A571BF58","Neb"
"997","A0A571BF63","Ankfn1"
"998","A0A571BF69","Mgam"
"999","A0A571BF98","Lekr1"
"1000","A0A571BG01","Dthd1"
"1001","A0A571BG29","Cldn34c2"
"1002","A0A571BG45","Btbd35f25"
"1003","A0A571BG86","Btbd35f8"
"1004","A0A571BGC3","Dnah14"
"1005","A0A5F8MPB3","Gm34066"
"1006","A0A5F8MPC3","1700014B07Rik"
"1007","A0A5F8MPE2","Etv3l"
"1008","A0A5F8MPE6","Fam90a1b"
"1009","A0A5F8MPE7","Gm36255"
"1010","A0A5F8MPF7","V1rg10"
"1011","A0A5F8MPF9","6330411D24Rik"
"1012","A0A5F8MPH1","Ldlrad2"
"1013","A0A5F8MPH2","Celf5"
"1014","A0A5F8MPH8","Tnxb"
"1015","A0A5F8MPL8","Bricd5"
"1016","A0A5F8MPM5","Gm4125"
"1017","A0A5F8MPN6","ENSMUSG00000118528"
"1018","A0A5F8MPP0","Plekhg1"
"1019","A0A5F8MPQ1","1700031L13Rik"
"1020","A0A5F8MPQ6","Gm31160"
"1021","A0A5F8MPS3","Gm11100"
"1022","A0A5F8MPU3","C2cd6"
"1023","A0A5F8MPV0","Rgsl1"
"1024","A0A5F8MPV3","Gm13398"
"1025","A0A5F8MPV9","4930579F01Rik"
"1026","A0A5F8MPY0","Pigbos1"
"1027","A0A5F8MPY2","Rplp2-ps1"
"1028","A0A5F8MQ13","Tmem178b"
"1029","A0A5F8MQ20","Tmem61"
"1030","A0A668KL92","Gm7609"
"1031","A0A668KLA6","ENSMUSG00000118591"
"1032","A0A668KLA7","ENSMUSG00000118640"
"1033","A0A668KLB6","ENSMUSG00000118600"
"1034","A0A668KLC8","ENSMUSG00000118638"
"1035","A0A668KLD8","ENSMUSG00000118590"
"1036","A0A668KLU9","Cfhr2"
"1037","A0A668KLV5","Carlr"
"1038","A0A668KM38","LOC101055758"
"1039","A0A668KM50","ENSMUSG00000118559"
"1040","CC112","Ccdc112"
"1041","SMKY","Gm7168"
"1042","CC173","Ccdc173"
"1043","BICL1","Bicdl1"
"1044","LPP60","Aspg"
"1045","EFCB5","Efcab5"
"1046","A0N8I8","Igkv4-51"
"1047","A0N8N6","Trav12-2"
"1048","A0N8R0","Trav12d-1"
"1049","A0N8R1","Trav12-1"
"1050","U2QL1","Ube2ql1"
"1051","A0PK51","Gm11562"
"1052","A0PK57","Olfr1436"
"1053","ZDH22","Zdhhc22"
"1054","MELT","Veph1"
"1055","ISX","Isx"
"1056","PGRP3","Pglyrp3"
"1057","TBC25","Tbc1d25"
"1058","A1E5L0","Cytl1"
"1059","ODAM","Odam"
"1060","FSCB","Fscb"
"1061","ARH37","Arhgef37"
"1062","FAIM3","Fcmr"
"1063","SRB4D","Ssc4d"
"1064","A1L1B4","Olfr282"
"1065","MPEG1","Mpeg1"
"1066","K1C24","Krt24"
"1067","F71E1","Fam71e1"
"1068","A1L3P4","Slc9a6"
"1069","RIPR3","Ripor3"
"1070","TOMT","Tomt"
"1071","FCRL6","Fcrl6"
"1072","NL1B2","Nlrp1b"
"1073","PK2L1","Pkd2l1"
"1074","A2A3U9","Gm6268"
"1075","AK17B","Akap17b"
"1076","S2543","Slc25a43"
"1077","CUL4B","Cul4b"
"1078","A2A447","Rhox2b"
"1079","A2A472","Tox2"
"1080","A2A484","Zmynd8"
"1081","A2A4E2","Fam90a1a"
"1082","A2A4F1","Rhox7a"
"1083","A2A4L9","Gm11564"
"1084","A2A4M0","2300003K06Rik"
"1085","A2A4M2","Gm11568"
"1086","A2A4M7","Gm11565"
"1087","DHX8","Dhx8"
"1088","A2A4U6","Zfp334"
"1089","PGAP3","Pgap3"
"1090","A2A580","1700025C18Rik"
"1091","A2A588","Krtap1-3"
"1092","A2A590","Krtap1-5"
"1093","KRA31","Krtap3-1"
"1094","A2A592","Gm11939"
"1095","Z385C","Znf385c"
"1096","A2A5F7","Kcnh4"
"1097","A2A5H4","Wfdc16"
"1098","WFD11","Wfdc11"
"1099","CRSPL","R3hdml"
"1100","ZN335","Znf335"
"1101","A2A5N3","Pabpc1l"
"1102","LMBL1","L3mbtl1"
"1103","BIG2","Arfgef2"
"1104","A2A5X3","Krtap9-5"
"1105","KR291","Krtap29-1"
"1106","KR161","Krtap16-1"
"1107","A2A5X6","Krtap17-1"
"1108","SMUF2","Smurf2"
"1109","A2A654","Bptf"
"1110","TANC2","Tanc2"
"1111","F1712","Fam171a2"
"1112","GPTC8","Gpatch8"
"1113","SPP2C","Sppl2c"
"1114","FBX47","Fbxo47"
"1115","CACO2","Calcoco2"
"1116","A2A6P4","Fam104a"
"1117","CDC27","Cdc27"
"1118","CDR2L","Cdr2l"
"1119","A2A6V5","E030025P04Rik"
"1120","A2A752","Aadacl4fm2"
"1121","ZFP69","Zfp69"
"1122","ZMYM4","Zmym4"
"1123","A2A799","Zfp979"
"1124","A2A7A1","Zfp534"
"1125","A2A7A2","Zfp984"
"1126","A2A7A5","Zfp985"
"1127","A2A7B5","Prdm2"
"1128","A2A7F4","Rlf"
"1129","A2A7I1","Zfp978"
"1130","RN19B","Rnf19b"
"1131","K1522","Kiaa1522"
"1132","A2A7V0","Zfp600"
"1133","CLM6","Cd300c"
"1134","A2A7W0","Cd300ld2"
"1135","A2A7W1","Cd300ld4"
"1136","MIIP","Miip"
"1137","ADCL3","Aadacl3"
"1138","CPLN2","Cplane2"
"1139","ITB4","Itgb4"
"1140","FBF1","Fbf1"
"1141","ZEP3","Hivep3"
"1142","CMTA1","Camta1"
"1143","A2A899","Gm13090"
"1144","A2A8C4","Gm13040"
"1145","CHD5","Chd5"
"1146","PTPRF","Ptprf"
"1147","A2A8M8","Pramef6"
"1148","A2A8N0","Gm13084"
"1149","A2A8N2","Gm13023"
"1150","A2A8Q4","Zfp982"
"1151","A2A8R0","Zfyve9"
"1152","A2A8T1","Cyp4a32"
"1153","TEX38","Tex38"
"1154","TM201","Tmem201"
"1155","A2A8V7","Zfp981"
"1156","OSBL9","Osbpl9"
"1157","PRD16","Prdm16"
"1158","A2A958","C87977"
"1159","CP4CB","Cyp4a12b"
"1160","FYB2","Fyb2"
"1161","DMTA2","Dmrta2"
"1162","SZT2","Szt2"
"1163","KDF1","Kdf1"
"1164","SHL2A","Shisal2a"
"1165","A2A9H6","Gm884"
"1166","DMRTB","Dmrtb1"
"1167","A2A9J5","Zfp980"
"1168","A2A9K7","Cnksr1"
"1169","FND10","Fndc10"
"1170","A2A9Q9","Gm14781"
"1171","MAGB4","Mageb4"
"1172","TBKB1","Tbkbp1"
"1173","A2A9U8","Cela3a"
"1174","MET23","Mettl23"
"1175","A2AA67","D930048N14Rik"
"1176","K1109","Kiaa1109"
"1177","OBSCN","Obscn"
"1178","KLH15","Klhl15"
"1179","SPD2B","Sh3pxd2b"
"1180","RHG27","Arhgap27"
"1181","A2AB62","Efcab15"
"1182","A2ABG4","Tbc1d16"
"1183","MYOM3","Myom3"
"1184","MED14","Med14"
"1185","A2ABX0","Rbbp8nl"
"1186","DNAI2","Dnai2"
"1187","TLDC2","Tldc2"
"1188","FP100","Faap100"
"1189","TT39A","Ttc39a"
"1190","A2ACQ1","Dhx35"
"1191","A2ACT7","Col9a3"
"1192","A2ACY8","Olfr1337"
"1193","FRMD7","Frmd7"
"1194","PUSL1","Pusl1"
"1195","A2ADB2","Fam131c"
"1196","S2534","Slc25a34"
"1197","A2ADI4","4932429P05Rik"
"1198","A2ADM8","Zfp831"
"1199","DG2L6","Dgat2l6"
"1200","AWAT1","Awat1"
"1201","A2ADW8","Gm15128"
"1202","DDI2","Ddi2"
"1203","IQCC","Iqcc"
"1204","LYZL5","Spaca5"
"1205","A2AE21","Zfp300"
"1206","C56D1","Cyb561d1"
"1207","FNDC7","Fndc7"
"1208","A2AEH9","Tmsb15a"
"1209","A2AEI7","Tcp11x2"
"1210","A2AEN9","Gm5938"
"1211","OBP1B","Obp1b"
"1212","CC120","Ccdc120"
"1213","MA7D3","Map7d3"
"1214","A2AF28","Slc25a53"
"1215","A2AF31","Tmsb15b2"
"1216","A2AF33","Tmsb15b1"
"1217","DOC11","Dock11"
"1218","T185A","Tmem185a"
"1219","A2AF73","Fsip2l"
"1220","PRR32","Prr32"
"1221","A2AFH1","Ube2dnl1"
"1222","A2AFH2","Ube2dnl2"
"1223","A2AFI6","Gm364"
"1224","A2AFK4","Mtg2"
"1225","A2AFR2","4930447F04Rik"
"1226","FRPD4","Frmpd4"
"1227","ELAP1","Elapor1"
"1228","A2AFS9","Tex13a"
"1229","MEIOC","Meioc"
"1230","A2AG10","Nup62cl"
"1231","MA7D2","Map7d2"
"1232","BCLA3","Bclaf3"
"1233","RHBL2","Rhbdl2"
"1234","CA087","Gm12695"
"1235","A2AGD7","Ccdc163"
"1236","MED12","Med12"
"1237","A2AGJ4","Gm12353"
"1238","RYR3","Ryr3"
"1239","CKAP5","Ckap5"
"1240","A2AGU5","Cldn34d"
"1241","A2AGW5","Gm13083"
"1242","A2AGW6","Gm13088"
"1243","A2AGW7","Gm13089"
"1244","A2AGW8","Gm13078"
"1245","PRD11","Prdm11"
"1246","AMRA1","Ambra1"
"1247","A2AHA7","Pramel3"
"1248","CAMP1","Camsap1"
"1249","A2AHC5","Fthl17b"
"1250","A2AHC6","Fthl17c"
"1251","A2AHC7","Gm6592"
"1252","A2AHC8","Gm5751"
"1253","LZTS3","Lzts3"
"1254","BRWD3","Brwd3"
"1255","ANO3","Ano3"
"1256","A2AHM0","Mageb2"
"1257","A2AHM1","Gm8914"
"1258","A2AHM2","Zfp931"
"1259","A2AHM8","Olfr1320"
"1260","A2AHY8","Dcaf8l"
"1261","NDOR1","Ndor1"
"1262","TPRN","Tprn"
"1263","A2AI76","Klhl34"
"1264","A2AI92","Gm9112"
"1265","1A1L1","Accs"
"1266","NDUF6","Ndufaf6"
"1267","F166B","Fam166b"
"1268","A2AIR5","Grin3a"
"1269","VIR","Virma"
"1270","CARD9","Card9"
"1271","ENTR1","Entr1"
"1272","MA1B1","Man1b1"
"1273","A2AJ38","Gm13941"
"1274","HMCN2","Hmcn2"
"1275","PRD12","Prdm12"
"1276","PLPL7","Pnpla7"
"1277","AEGP","Mamdc4"
"1278","AJM1","Ajm1"
"1279","CC183","Ccdc183"
"1280","TM141","Tmem141"
"1281","LCN5","Lcn5"
"1282","A2AJB9","Lcn6"
"1283","A2AJD1","Bpifb9b"
"1284","MA7D1","Map7d1"
"1285","CHD7","Chd7"
"1286","FGGY","Fggy"
"1287","S4A11","Slc4a11"
"1288","D19L4","Dpy19l4"
"1289","PNISR","Pnisr"
"1290","A2AJU2","Gm10439"
"1291","A2AJW4","Ppp1r3d"
"1292","A2AJW5","Fam217b"
"1293","A2AJX0","Klhl32"
"1294","MALR1","Malrd1"
"1295","A2AK42","Gm13697"
"1296","A2AK44","Gm13695"
"1297","A2AK60","Olfr1076"
"1298","A2AK62","Olfr1066"
"1299","A2AK85","6330409D20Rik"
"1300","FRPD1","Frmpd1"
"1301","DCA10","Dcaf10"
"1302","A2AKE5","1700003F12Rik"
"1303","ACL10","Actl10"
"1304","FOCAD","Focad"
"1305","ACNT1","Acnat1"
"1306","HACD4","Hacd4"
"1307","A2AKP6","Gm12394"
"1308","S35D1","Slc35d1"
"1309","T30A2","Ttc30a2"
"1310","SETX","Setx"
"1311","Z804A","Znf804a"
"1312","CNTRL","Cntrl"
"1313","A2ALC6","Gm4985"
"1314","A2ALD2","Olfr1006"
"1315","AJAP1","Ajap1"
"1316","PTN3","Ptpn3"
"1317","RPGP1","Rap1gap"
"1318","SHRM2","Shroom2"
"1319","SHOC1","Shoc1"
"1320","A2ALW2","Zkscan16"
"1321","DJC25","Dnajc25"
"1322","CNTLN","Cntln"
"1323","AF9","Mllt3"
"1324","A2AM35","Olfr267"
"1325","A2AM80","Fam43b"
"1326","A2AMD0","Gm12666"
"1327","A2AMD2","Ankrd60"
"1328","A2AML7","Zfp352"
"1329","CAVN4","Cavin4"
"1330","BFSP1","Bfsp1"
"1331","A2AMT6","Vmn1r2"
"1332","A2AMT7","Vmn1r3"
"1333","A2AMW3","Gabre"
"1334","A2AMW4","Magea10"
"1335","NDUF8","Ndufaf8"
"1336","UBR4","Ubr4"
"1337","A2ANA3","Cldn34c4"
"1338","A2ANE0","Rhox2f"
"1339","A2ANE1","Rhox3f"
"1340","A2ANF5","Tmem29"
"1341","SYNG1","Syndig1"
"1342","A2ANU7","Zfp937"
"1343","A2ANX3","Atp8b4"
"1344","ZN711","Znf711"
"1345","A2ANY3","2010106E10Rik"
"1346","A2ANY6","Mdn1"
"1347","PLCH2","Plch2"
"1348","A2AP83","Fnd3c2"
"1349","A2AP89","Vinac1"
"1350","A2APA5","Fam209"
"1351","TPX2","Tpx2"
"1352","TTLL9","Ttll9"
"1353","CTCFL","Ctcfl"
"1354","A2APL1","4930404H24Rik"
"1355","A2APQ6","Gm13030"
"1356","KLD7A","Klhdc7a"
"1357","FMNL2","Fmnl2"
"1358","SCN1A","Scn1a"
"1359","NDUF5","Ndufaf5"
"1360","A2APZ1","1700001O22Rik"
"1361","TBB1","Tubb1"
"1362","MS18B","Oip5"
"1363","RTF1","Rtf1"
"1364","SKT","Skt"
"1365","A2AQ92","Duox1"
"1366","A2AQA0","Zfp442"
"1367","A2AQA1","Zfp345"
"1368","A2AQH1","Cerkl"
"1369","BCORL","Bcorl1"
"1370","MYH7B","Myh7b"
"1371","M3K15","Map3k15"
"1372","A2AQX6","Gm14151"
"1373","PPIG","Ppig"
"1374","RGPS1","Ralgps1"
"1375","LRAD3","Ldlrad3"
"1376","ITA8","Itga8"
"1377","A2ARC0","Gm13547"
"1378","LGR4","Lgr4"
"1379","TM236","Tmem236"
"1380","FA83C","Fam83c"
"1381","A2ARK7","Samt3"
"1382","PATL2","Patl2"
"1383","VIP1","Ppip5k1"
"1384","CTSR2","Catsper2"
"1385","A2ARR6","Gm14418"
"1386","A2ARR7","Gm14412"
"1387","A2ARR8","Gm14409"
"1388","ANR63","Ankrd63"
"1389","A2ART0","Gm6710"
"1390","A2ART2","Zfp969"
"1391","A2ART4","Gm2026"
"1392","A2ART8","Tgm7"
"1393","LRP2","Lrp2"
"1394","A2ARV7","Gm14401"
"1395","A2ARW3","Gm14444"
"1396","A2ARW8","Gm14399"
"1397","A2ARX0","Gm14443"
"1398","A2ARY0","Olfr1039"
"1399","A2ARY1","Olfr1040"
"1400","A2ARZ0","Olfr1049"
"1401","FSIP2","Fsip2"
"1402","A2AS37","AI182371"
"1403","ANR16","Ankrd16"
"1404","SPEB","Agmat"
"1405","IPIL1","Itpripl1"
"1406","SCN3A","Scn3a"
"1407","A2ASI9","Pramef25"
"1408","A2ASJ0","Gm13101"
"1409","A2ASJ1","Pramef17"
"1410","A2ASJ3","Gm13102"
"1411","A2ASP7","9430015G10Rik"
"1412","AGRIN","Agrn"
"1413","TITIN","Ttn"
"1414","A2ASU6","Olfr1023"
"1415","A2ASU7","Olfr1024"
"1416","A2ASV2","Olfr1016"
"1417","A2ASV3","Olfr1018"
"1418","A2ASX7","9230102O04Rik"
"1419","SCMC2","Slc25a25"
"1420","RENT2","Upf2"
"1421","A2AT78","Olfr1247"
"1422","A2AT85","Olfr1123"
"1423","A2AT86","Olfr1124"
"1424","A2AT96","Olfr1109"
"1425","A2ATA0","Olfr1112"
"1426","ISM1","Ism1"
"1427","A2ATE0","Olfr1029"
"1428","A2ATE5","Olfr1032"
"1429","A2ATG2","Olfr1213"
"1430","A2ATG3","Olfr1214"
"1431","A2ATJ4","Olfr1200"
"1432","A2ATJ7","Olfr1205"
"1433","A2ATJ9","Olfr1206"
"1434","A2ATK9","Fam171a1"
"1435","DHTK1","Dhtkd1"
"1436","A2ATW2","Olfr1565"
"1437","A2ATY4","Zbtb34"
"1438","A2AU34","Tmem74b"
"1439","RD21L","Rad21l1"
"1440","ARMC3","Armc3"
"1441","A2AU83","Gm14124"
"1442","A2AUA2","Olfr1253"
"1443","A2AUA4","Olfr1255"
"1444","KLH41","Klhl41"
"1445","CE152","Cep152"
"1446","GTA1L","Ggta1l1"
"1447","A2AUQ8","4930402F06Rik"
"1448","A2AUS6","Olfr1179"
"1449","METL8","Mettl8"
"1450","A2AUY4","Baz2b"
"1451","A2AV10","Olfr1188"
"1452","A2AV11","Olfr1189"
"1453","A2AV13","Olfr1193"
"1454","FBCD1","Fibcd1"
"1455","A2AV41","Olfr1129"
"1456","A2AV72","Mup6"
"1457","SVEP1","Svep1"
"1458","A2AVA9","Olfr1097"
"1459","A2AVB0","Olfr1098"
"1460","A2AVB5","Olfr1104"
"1461","A2AVB8","Olfr1107"
"1462","A2AVC0","Olfr1153"
"1463","A2AVC3","Olfr1156"
"1464","A2AVC4","Olfr1157"
"1465","A2AVC7","Olfr1145"
"1466","PRR5L","Prr5l"
"1467","A2AVK5","Olfr1234"
"1468","A2AVL6","Olfr1314"
"1469","LEXM","Lexm"
"1470","MROH7","Mroh7"
"1471","A2AVT0","Olfr1160"
"1472","A2AVT5","Olfr1164"
"1473","A2AVW1","Olfr1303"
"1474","A2AVW3","Olfr1305"
"1475","A2AVX9","Olfr1055"
"1476","A2AVY0","Olfr1056"
"1477","S43A3","Slc43a3"
"1478","A2AW65","Zfp972"
"1479","A2AW66","Gm14322"
"1480","A2AW67","Gm14325"
"1481","RBGP1","Rabgap1"
"1482","A2AWF2","Rex2"
"1483","A2AWL1","Gm7903"
"1484","A2AWL3","AV320801"
"1485","MGAP","Mga"
"1486","A2AWL9","Rhox2c"
"1487","A2AWM0","Rhox3c"
"1488","BIRC7","Birc7"
"1489","ARGAL","Arhgef10l"
"1490","A2AWR3","Gpr155"
"1491","A2AWR5","Slc28a2b"
"1492","AT7L3","Atxn7l3"
"1493","CO6A4","Col6a4"
"1494","F155B","Fam155b"
"1495","MOCS3","Mocs3"
"1496","KCNG1","Kcng1"
"1497","A2BE20","Zfp973"
"1498","LAS1L","Las1l"
"1499","A2BE32","Vmn2r121"
"1500","A2BED8","Samt1"
"1501","A2BEE3","Samt1d"
"1502","A2BEI6","Gm11758"
"1503","A2BEI8","Gm11757"
"1504","A2BEJ1","Gm11756"
"1505","A2BFE8","Prrg1"
"1506","A2BFG8","Zfp971"
"1507","ZY11A","Zyg11a"
"1508","A2BFL7","Olfr1306"
"1509","A2BFR3","H2al1j"
"1510","A2BFU4","Gm14403"
"1511","A2BFZ7","Btbd35f11"
"1512","A2BG91","Gm14295"
"1513","A2BG94","Ctag2l2"
"1514","A2BG95","Gm5936"
"1515","BPIB4","Bpifb4"
"1516","A2BGJ5","Zmynd12"
"1517","A2BH01","Gm14692"
"1518","ARI1A","Arid1a"
"1519","A2BH64","Scgb1b30"
"1520","A2BHD2","Gm14743"
"1521","A2BHG6","Btbd35f7"
"1522","A2BHN9","4931422A03Rik"
"1523","A2BHP6","Olfr74"
"1524","A2BHP7","Olfr1158"
"1525","A2BHR0","Obp2b"
"1526","A2BHR2","Lcn11"
"1527","A2BI02","Gm15080"
"1528","A2BI40","Xlr4a"
"1529","A2BI45","Xlr5a"
"1530","A2BI50","Xlr5b"
"1531","A2BI72","Gm15093"
"1532","A2BI73","Gm14459"
"1533","A2BI74","Ssxb6"
"1534","A2BI93","Ssxb9"
"1535","MUP18","Mup18"
"1536","A2BIN1","Mup10"
"1537","ZXDB","Zxdb"
"1538","A2CEK7","Mup14"
"1539","A2CFD5","Btbd35f28"
"1540","A2CFG5","Gm14597"
"1541","A2CG07","Gm15217"
"1542","A2CG22","Btnl6"
"1543","A2CG24","BC051142"
"1544","A2CG29","Btnl4"
"1545","KALRN","Kalrn"
"1546","ARI4B","Arid4b"
"1547","A2CG71","Btbd35f20"
"1548","A2CG92","Btbd35f10"
"1549","A2CGC2","Btbd35f4"
"1550","DYTN","Dytn"
"1551","A2J008","Trgv2"
"1552","SMKTR","Smoktcr"
"1553","SPAS1","Spats1"
"1554","A2RRY9","4930595M18Rik"
"1555","A2RS33","Olfr601"
"1556","A2RSF9","Serpinb3c"
"1557","A2RSG8","Adam34"
"1558","UH1BL","Uhrf1bp1l"
"1559","A2RSL7","4931406B18Rik"
"1560","DEN5B","Dennd5b"
"1561","GLBL3","Glb1l3"
"1562","MGST2","Mgst2"
"1563","A2RST7","Vmn1r9"
"1564","STPG3","Stpg3"
"1565","TYW5","Tyw5"
"1566","KANL3","Kansl3"
"1567","TRM1L","Trmt1l"
"1568","A2RT18","Tex16"
"1569","A2RT31","Olfr110"
"1570","HTRA4","Htra4"
"1571","FXL16","Fbxl16"
"1572","DEND3","Dennd3"
"1573","A2RT81","Rnf39"
"1574","ANKAR","Ankar"
"1575","CTSRB","Catsperb"
"1576","RSRC2","Rsrc2"
"1577","A2RTN7","Olfr727"
"1578","A2RTP5","Olfr742"
"1579","A2RTS7","Morn1"
"1580","A2RTT5","Vmn1r232"
"1581","PALM3","Palm3"
"1582","LRC38","Lrrc38"
"1583","A2VDH7","Apol8"
"1584","AT8B5","Atp8b5"
"1585","CHD6","Chd6"
"1586","DISP3","Disp3"
"1587","5NT1A","Nt5c1a"
"1588","A3KG45","Ctag2l1"
"1589","A3KG49","Gm5640"
"1590","P20D2","Pm20d2"
"1591","TCAL7","Tceal7"
"1592","TBC8B","Tbc1d8b"
"1593","PLCB2","Plcb2"
"1594","CCD9B","Ccdc9b"
"1595","FR1L4","Fer1l4"
"1596","RGPA2","Ralgapa2"
"1597","ODFP2","Odf2"
"1598","GT253","Cercam"
"1599","A3KGY3","Olfr1215"
"1600","A3KGY4","Olfr1224-ps1"
"1601","LARGN","Prr16"
"1602","TTC38","Ttc38"
"1603","A3KN63","4933402N22Rik"
"1604","A3KPP7","Olfr1095"
"1605","GL1D1","Glt1d1"
"1606","FPRS4","Fpr-rs4"
"1607","A4IF42","Gm4559"
"1608","TTLL2","Ttll2"
"1609","TTLL3","Ttll3"
"1610","TTLL6","Ttll6"
"1611","TTLL7","Ttll7"
"1612","TTLL8","Ttll8"
"1613","TTL10","Ttll10"
"1614","TTL11","Ttll11"
"1615","TTL13","Ttll13"
"1616","BT2A2","Btn2a2"
"1617","A4UUI3","Gbp4"
"1618","A5H0M4","Poteg"
"1619","K1C28","Krt28"
"1620","CO6A5","Col6a5"
"1621","PHF11","Phf11"
"1622","MPP9","Mphosph9"
"1623","METH","Mtr"
"1624","EXC6B","Exoc6b"
"1625","NWD1","Nwd1"
"1626","MIPEP","Mipep"
"1627","PHRF1","Phrf1"
"1628","ARMT1","Armt1"
"1629","A6H634","Gm266"
"1630","DRC5","Tcte1"
"1631","COX8C","Cox8c"
"1632","MGT4E","Mgat4e"
"1633","SAC31","Sac3d1"
"1634","IQCAL","Iqca1l"
"1635","LRC63","Lrrc63"
"1636","LRIQ4","Lrriq4"
"1637","RBG1L","Rabgap1l"
"1638","MMRN2","Mmrn2"
"1639","TT23L","Ttc23l"
"1640","A6H6J2","Cyp2b13"
"1641","A6H6J9","Ankrd50"
"1642","CS071","MGI:1921072"
"1643","A6H6S0","Herc3"
"1644","PRS40","Prss40"
"1645","DEN4C","Dennd4c"
"1646","KCNB2","Kcnb2"
"1647","A6NAS3","Gm3173"
"1648","A6NAS4","Gm10406"
"1649","A6NAS7","Gm3373"
"1650","A6NAS8","Gm8206"
"1651","A6NAT4","Gm3752"
"1652","A6PW38","Rhox7b"
"1653","FHAD1","Fhad1"
"1654","A6PWE0","Elobl"
"1655","A6PWL3","I0C0044D17Rik"
"1656","A6PWP4","Gm11627"
"1657","IZUM3","Izumo3"
"1658","ARI3C","Arid3c"
"1659","A6PWY0","Gm15557"
"1660","WDR76","Wdr76"
"1661","A6X8I0","Gm1993"
"1662","A6X8J1","Gm16405"
"1663","RHG31","Arhgap31"
"1664","TEX55","Tex55"
"1665","D19L1","Dpy19l1"
"1666","ITIH4","Itih4"
"1667","SH24B","Sh2d4b"
"1668","A6ZI46","Aldoart1"
"1669","A6ZI47","Aldoart2"
"1670","SRTD4","Sertad4"
"1671","A7E1W8","Siglec15"
"1672","TM215","Tmem215"
"1673","ZSC4D","Zscan4d"
"1674","AT2C2","Atp2c2"
"1675","SKOR2","Skor2"
"1676","EKI2","Etnk2"
"1677","RNLS","Rnls"
"1678","SKIT1","Skint1"
"1679","SKIT3","Skint3"
"1680","SKIT4","Skint4"
"1681","SKI10","Skint10"
"1682","SKIT9","Skint9"
"1683","A7UAK5","Pfkfb3"
"1684","A7VMS2","Gm11127"
"1685","A7VMS3","H2-M5"
"1686","SKIT2","Skint2"
"1687","SKIT5","Skint5"
"1688","SKIT6","Skint6"
"1689","SKIT7","Skint7"
"1690","SKIT8","Skint8"
"1691","SKI11","Skint11"
"1692","THADA","Thada"
"1693","A8DUK4","Hbb-bs"
"1694","IGSF2","Cd101"
"1695","A8HG57","Srsy"
"1696","A8R0T8","Esp4"
"1697","A8R0U8","Esp15"
"1698","A8R0U9","Esp16"
"1699","A8R0V1","Esp18"
"1700","ESP22","Esp22"
"1701","A8R0V5","Esp23"
"1702","A8R0V6","Esp24"
"1703","A8R0W3","Esp31"
"1704","ANKL1","Ankle1"
"1705","S14L1","Sec14l1"
"1706","A9C474","A630010A05Rik"
"1707","TM238","Tmem238"
"1708","PCDP1","Cfap221"
"1709","A9Q7H1","9830107B12Rik"
"1710","A9R9W0","Mup15"
"1711","A9XX86","Mgl2"
"1712","A9YVJ5","Gbp11"
"1713","A9Z055","H2al2c"
"1714","VW5B1","Vwa5b1"
"1715","NLGN4","Nlgn4l"
"1716","PRCA1","Proca1"
"1717","B0V2H2","Gm16181"
"1718","PTPRS","Ptprs"
"1719","B0V2W4","Zfp952"
"1720","B0V2W5","Zfp472"
"1721","B1APN4","Rhox1"
"1722","KRT36","Krt36"
"1723","B1AQ85","Krtap4-2"
"1724","B1AQ87","Gm14190"
"1725","B1AQ89","Gm11555"
"1726","B1AQ90","Gm11563"
"1727","B1AQA0","Gm14180"
"1728","B1AQA7","Gm11595"
"1729","B1AQA8","Krtap4-8"
"1730","B1AQA9","Krtap4-9"
"1731","B1AQB0","Gm11596"
"1732","B1AQB1","Gm11569"
"1733","B1AQB2","Gm11554"
"1734","UBP36","Usp36"
"1735","TM235","Tmem235"
"1736","B1AQP7","Apol7b"
"1737","B1AR10","Mllt6"
"1738","CISD3","Cisd3"
"1739","B1AR17","Chd3"
"1740","B1AR51","Dnah9"
"1741","B1AR69","Myh13"
"1742","SLFN9","Slfn9"
"1743","SLFN8","Slfn8"
"1744","B1ARH2","Zfp735"
"1745","PRR29","Prr29"
"1746","B1ARL3","Olfr59"
"1747","B1ART2","Vps13d"
"1748","B1ARV3","Lao1"
"1749","B1ARV5","Gm13119"
"1750","B1ARV6","Pramef20"
"1751","CA122","MGI:1916170"
"1752","B1ARY8","Gm572"
"1753","GRIK3","Grik3"
"1754","NB5R5","Cyb5rl"
"1755","B1ASA5","Zfp362"
"1756","B1ASB3","Aadacl4fm5"
"1757","B1ASB6","Spocd1"
"1758","B1ASD8","Zfp992"
"1759","B1ASQ7","Gm13212"
"1760","B1AT01","1700084M14Rik"
"1761","MOT7","Slc16a6"
"1762","TIKI2","Trabd2b"
"1763","B1ATX6","Tent5d"
"1764","B1ATY8","Arl16"
"1765","B1AUC4","Ube2u"
"1766","RHG36","Arhgap36"
"1767","PEX10","Pex10"
"1768","P3URF","P3r3urf"
"1769","PTPRU","Ptpru"
"1770","B1AUN2","Eif2b3"
"1771","MMS22","Mms22l"
"1772","B1AUS6","Slc25a54"
"1773","SSXA1","Ssxa1"
"1774","B1AUV4","Gm12800"
"1775","B1AUV6","Gm12790"
"1776","B1AUV7","Gm12789"
"1777","B1AUY3","Arhgap4"
"1778","B1AV09","Luzp4"
"1779","B1AV28","Gm14862"
"1780","B1AV60","Nhs"
"1781","B1AVB3","Scml2"
"1782","XPP2","Xpnpep2"
"1783","TBD2A","Tbc1d2"
"1784","B1AVK5","Col4a6"
"1785","B1AVM1","Gm12887"
"1786","B1AVN5","Zfp990"
"1787","B1AVP0","Phactr2"
"1788","B1AVU4","Gm14744"
"1789","B1AVU5","Aadacl4"
"1790","B1AVU6","Aadacl4fm4"
"1791","B1AVU7","AAdacl4fm3"
"1792","KI16B","Kif16b"
"1793","UPP","Uprt"
"1794","B1AVZ5","Gm15127"
"1795","B1AW18","4930402K13Rik"
"1796","B1AWC9","Pde4b"
"1797","B1AWG4","Lrrc37a"
"1798","MSMP","Msmp"
"1799","TMM8B","Tmem8b"
"1800","ZN462","Znf462"
"1801","B1AWM0","Cnbd1"
"1802","B1AWN4","Atp10b"
"1803","SCN2A","Scn2a"
"1804","B1AWN9","Tnfrsf25"
"1805","B1AWZ3","Nipsnap3a"
"1806","B1AX30","1700031F05Rik"
"1807","B1AX35","1700011M02Rik"
"1808","ZCHC7","Zcchc7"
"1809","B1AX85","6030498E09Rik"
"1810","B1AXB9","Gm4907"
"1811","AKIR2","Akirin2"
"1812","NHSL2","Nhsl2"
"1813","B1AXN3","Gm382"
"1814","B1AXP3","Saxo1"
"1815","TOM5","Tomm5"
"1816","B1AXS0","Cypt15"
"1817","B1AXU1","Gm6812"
"1818","FRS1L","Frrs1l"
"1819","NFX1","Nfx1"
"1820","UBP24","Usp24"
"1821","UBP51","Usp51"
"1822","B1AY40","Ssxb8"
"1823","B1AY64","Cypt3"
"1824","MBD5","Mbd5"
"1825","B1AYH9","Gm13271"
"1826","B1AYI3","Gm13287"
"1827","B1AYI8","Gm13275"
"1828","B1AYL1","Scn7a"
"1829","B1AYM9","CK137956"
"1830","B1AYN9","Tex28"
"1831","OTUD3","Otud3"
"1832","B1AZA0","Gm14525"
"1833","TM245","Tmem245"
"1834","THOC2","Thoc2"
"1835","B1AZM2","Gm15091"
"1836","B1AZM5","Gm12886"
"1837","DLGP4","Dlgap4"
"1838","B1AZQ8","Cldn34b1"
"1839","B1AZR0","Klhl4"
"1840","B1B034","Gm15155"
"1841","B1B0N6","Scgb1b24"
"1842","B1B0R1","Gm2012"
"1843","B1B0R2","Spin2d"
"1844","B1B0V2","AU022751"
"1845","B1B0X0","Gm15107"
"1846","B1B0X6","Gm15114"
"1847","LMBL4","L3mbtl4"
"1848","B1B1D3","Zfp40"
"1849","H60B","H60b"
"1850","H60C","H60c"
"1851","TRIQK","Triqk"
"1852","BRPF3","Brpf3"
"1853","B2KF50","Uhrf1bp1"
"1854","ZSC20","Zscan20"
"1855","KLRI1","Klri1"
"1856","F229A","Fam229a"
"1857","PLHD1","Plekhd1"
"1858","B2RPU8","Zbed5"
"1859","MMRN1","Mmrn1"
"1860","GP161","Gpr161"
"1861","KCA10","Kcna10"
"1862","UBP42","Usp42"
"1863","PYR1","Cad"
"1864","RHG42","Arhgap42"
"1865","B2RQG2","Phf3"
"1866","STOX1","Stox1"
"1867","B2RQT2","Vmn1r5"
"1868","B2RQY6","BC035947"
"1869","YTDC2","Ythdc2"
"1870","B2RR88","Zfp964"
"1871","B2RRA8","Zfp114"
"1872","BRPF1","Brpf1"
"1873","Z518B","Znf518b"
"1874","OTUD4","Otud4"
"1875","Z518A","Znf518a"
"1876","JERKL","Jrkl"
"1877","B2RS76","Cpb1"
"1878","RRN3","Rrn3"
"1879","B2RSG7","Psg18"
"1880","GNAI1","Gnai1"
"1881","B2RSY5","Adam6a"
"1882","B2RT14","Ugt1a5"
"1883","B2RT27","Olfr456"
"1884","B2RT33","Olfr102"
"1885","B2RT41","Zfc3h1"
"1886","B2RT54","Apol7a"
"1887","B2RT89","Slc22a28"
"1888","B2RTB9","Olfr115"
"1889","B2RTN2","Igsf23"
"1890","B2RTN3","Zscan5b"
"1891","PRRT4","Prrt4"
"1892","PTPRB","Ptprb"
"1893","B2RUD9","Gm4787"
"1894","ZN551","Znf551"
"1895","APBA1","Apba1"
"1896","B2RUK9","Zfp456"
"1897","B2RUM3","AU015836"
"1898","UN13D","Unc13d"
"1899","B2RUQ2","Usf3"
"1900","KPRP","Kprp"
"1901","OTU7B","Otud7b"
"1902","B2RUS7","Abcc8"
"1903","B2RV38","Rd3l"
"1904","SPA6L","Spata6l"
"1905","B2RV77","Cstdc4"
"1906","B2RVA4","Gm5741"
"1907","B2RVB7","Hbb-bh2"
"1908","B2RVB9","Tmem243"
"1909","B2RVE2","Rergl"
"1910","B2RVI8","Sult2a6"
"1911","B2RVL1","Kcnk15"
"1912","ZCH24","Zcchc24"
"1913","B2RVL9","Gm765"
"1914","B2RVW2","Clrn2"
"1915","B2RVX8","Olfr221"
"1916","B2RVY8","Olfr1335"
"1917","TM182","Tmem182"
"1918","B2RVZ0","Klk12"
"1919","B2RVZ1","Olfr310"
"1920","B2RW11","Ankrd34a"
"1921","B2RW27","1700018F24Rik"
"1922","CFA58","Cfap58"
"1923","B2RW88","Prr19"
"1924","B2RWC4","Lrrc73"
"1925","B2RWD2","Aadacl2"
"1926","B2RWG3","Siah3"
"1927","B2RWH8","Gm4846"
"1928","TM240","Tmem240"
"1929","B2RWK3","Unc93a2"
"1930","B2RWR6","Gm10352"
"1931","EP300","Ep300"
"1932","TAGAP","Tagap"
"1933","MRP3","Abcc3"
"1934","TUT4","Tut4"
"1935","B2RX31","Zscan25"
"1936","B2RX70","Cped1"
"1937","B2RX82","Chrna10"
"1938","CSPP1","Cspp1"
"1939","PLCX2","Plcxd2"
"1940","B2RXA7","Cyp26c1"
"1941","B2RXA8","Gabrr3"
"1942","B2RXB0","Fam71f2"
"1943","HSBPL","Hsbp1l1"
"1944","TPC11","Trappc11"
"1945","B2RXC2","Itpkb"
"1946","ZN382","Znf382"
"1947","B2RXC6","Polr3a"
"1948","B2RXC8","Ppp2r3a"
"1949","B2RXE2","Slc9a5"
"1950","NTM1B","Mettl11b"
"1951","B2RXM5","Sec14l5"
"1952","B2RXM6","Ly6g6f"
"1953","B2RXQ2","Ppfia1"
"1954","ANR44","Ankrd44"
"1955","PLXB2","Plxnb2"
"1956","FLVC1","Flvcr1"
"1957","PNDC1","Pnldc1"
"1958","B2RXZ2","Cyp2a22"
"1959","DOCK5","Dock5"
"1960","ARMC4","Armc4"
"1961","B2RY53","Gm6133"
"1962","RBM25","Rbm25"
"1963","B2RY71","Wdr63"
"1964","HPSE2","Hpse2"
"1965","B3F5L4","5830411N06Rik"
"1966","PATE3","Pate3"
"1967","B3GLJ4","Pate8"
"1968","B3GLJ5","Pate10"
"1969","B3GLJ6","Pate11"
"1970","B4XVP9","Phf11c"
"1971","B4XVQ1","Phf11b"
"1972","SYCE3","Syce3"
"1973","ILDR2","Ildr2"
"1974","ABCB5","Abcb5"
"1975","MUP17","Mup17"
"1976","TARM1","Tarm1"
"1977","B7XG49","Fam71a"
"1978","B7ZC55","Apol6"
"1979","AGRG4","Adgrg4"
"1980","XPP3","Xpnpep3"
"1981","B7ZMQ6","Siglech"
"1982","KIF7","Kif7"
"1983","TROAP","Troap"
"1984","B7ZNL9","Tatdn2"
"1985","B7ZP21","Cmtm1"
"1986","B7ZWD6","Cym"
"1987","TMM92","Tmem92"
"1988","B7ZWJ3","Gm8765"
"1989","B7ZWJ5","Tmem45a2"
"1990","B7ZWN4","Sult6b2"
"1991","B8JJ69","2310061I04Rik"
"1992","B8JJA7","Zfp942"
"1993","B8JJD3","Fance"
"1994","B8JJX8","Zfp738"
"1995","B8JJZ4","Zfp808"
"1996","B8JJZ7","Zfp81"
"1997","B8JJZ9","Zfp563"
"1998","ITA9","Itga9"
"1999","B8JKF6","Btbd35f13"
"2000","B8JKV0","Amn1"
"2001","B8QI36","Ppfia4"
"2002","QTRT2","Qtrt2"
"2003","B9EHE6","Olfr652"
"2004","B9EHG2","Olfr1496"
"2005","B9EHI3","1700006A11Rik"
"2006","CLIP3","Clip3"
"2007","MTF1B","Mterf1b"
"2008","PDZD8","Pdzd8"
"2009","OSBL8","Osbpl8"
"2010","CTTB2","Cttnbp2"
"2011","T229A","Tmem229a"
"2012","B9EJL3","S100z"
"2013","B9EJP6","Lce1f"
"2014","B9EJP9","Spink14"
"2015","B9EJQ9","Rhox3g"
"2016","DAAF5","Dnaaf5"
"2017","GRB1L","Greb1l"
"2018","B9EJW5","Zfp174"
"2019","VAFNB","ATp6v1fnb"
"2020","EXC1L","EXOC1L"
"2021","B9EK86","Vmn1r180"
"2022","CATIP","Catip"
"2023","B9EKF4","Zfp777"
"2024","B9EKH0","Gpr141b"
"2025","TMF1","Tmf1"
"2026","B9EKK6","Nxpe3"
"2027","PTPRZ","Ptprz1"
"2028","PTHD4","Ptchd4"
"2029","B9UIU9","Gm17660"
"2030","ARXS1","Arxes1"
"2031","ARXS2","Arxes2"
"2032","SMK3A","Smok3a"
"2033","SMK3B","Smok3b"
"2034","F25A2","Fam205a2"
"2035","F25A3","Fam205a3"
"2036","F25A4","Fam205a4"
"2037","MFA1A","Mfap1a"
"2038","MFA1B","Mfap1b"
"2039","H2A1B","H2ac4"
"2040","H2A1C","H2ac6"
"2041","H2A1D","H2ac7"
"2042","H2A1E","H2ac8"
"2043","H2A1G","H2ac11"
"2044","H2A1I","H2ac13"
"2045","H2A1N","Hist1h2an"
"2046","H2A1O","Hist1h2ao"
"2047","H2A1P","Hist1h2ap"
"2048","RNT2A","Rnaset2a"
"2049","RNT2B","Rnaset2b"
"2050","IMA8","Kpna7"
"2051","C3VD30","Zar1l"
"2052","NLRC5","Nlrc5"
"2053","SHTAP","Nsun4"
"2054","CTSG2","Catsperg2"
"2055","LOXH1","Loxhd1"
"2056","ACE3","Ace3"
"2057","MNDAL","Mndal"
"2058","HSF3","Hsf3"
"2059","ZBED6","Zbed6"
"2060","CJ090","D7Ertd443e"
"2061","D2XZ31","Scgb1b29"
"2062","D2XZ38","Scgb2b3"
"2063","ASMT","Asmt"
"2064","D3YTM9","Gm6569"
"2065","D3YTP3","Mtx3"
"2066","PPAT","Acp4"
"2067","D3YTW8","Vmn1r258"
"2068","D3YTX4","Vmn1r124"
"2069","D3YTX5","Vmn1r259"
"2070","D3YTY1","Vmn1r107"
"2071","D3YTY2","Vmn1r138"
"2072","T13C1","Tex13c1"
"2073","D3YU47","Gm10491"
"2074","D3YU55","Tas2r122"
"2075","RFX8","Rfx8"
"2076","BTBD8","Btbd8"
"2077","D3YUE4","Fam151b"
"2078","SAM13","Samd13"
"2079","D3YUI0","Vmn2r24"
"2080","D3YUJ3","Ccnyl1"
"2081","D3YUJ6","Gm3183"
"2082","D3YUK0","Gm3259"
"2083","D3YUK6","Vmn2r27"
"2084","D3YUK8","1700015F17Rik"
"2085","D3YUP5","Exoc3l2"
"2086","D3YUR1","4930444P10Rik"
"2087","D3YUU5","Lce1j"
"2088","D3YUU6","Crnn"
"2089","CCD13","Ccdc13"
"2090","D3YV11","Gm5475"
"2091","D3YV89","Mmp27"
"2092","D3YV92","Fam71d"
"2093","D3YV94","Lce6a"
"2094","S35G2","Slc35g2"
"2095","AKAP5","Akap5"
"2096","D3YVI9","Trim30c"
"2097","D3YVJ1","Gm5901"
"2098","CFA70","Cfap70"
"2099","D3YVV3","Ankrd29"
"2100","D3YVV6","Hs3st4"
"2101","D3YVV7","Nova2"
"2102","D3YW29","Rexo5"
"2103","D3YWB7","Gm4297"
"2104","D3YWC7","Fam47e"
"2105","D3YWE3","Vmn2r84"
"2106","MN1","Mn1"
"2107","SLIP","Nuggc"
"2108","D3YWK9","1500009C09Rik"
"2109","EFMT3","eef1akmt3"
"2110","D3YWQ0","Dgki"
"2111","D3YWW5","Rtl10"
"2112","D3YWX3","Pate13"
"2113","D3YWX5","Prr23a2"
"2114","D3YX02","Defa41"
"2115","D3YX03","Defa42"
"2116","D3YX18","Gm7735"
"2117","D3YX25","Pate12"
"2118","D3YX29","Omt2b"
"2119","VSI10","Vsig10"
"2120","D3YX89","Gm10974"
"2121","D3YXE9","BC048679"
"2122","D3YXF5","C7"
"2123","HMCN1","Hmcn1"
"2124","D3YXG1","Selenov"
"2125","D3YXI8","Gm10376"
"2126","D3YXJ5","Lratd2"
"2127","D3YXJ9","Cldn24"
"2128","D3YXK0","Jakmip2"
"2129","SAMD1","Samd1"
"2130","SAFB1","Safb"
"2131","D3YXL0","Ccdc170"
"2132","KIF28","Kif28p"
"2133","LONF1","Lonrf1"
"2134","D3YY33","Lrrc31"
"2135","D3YY49","Lipo2"
"2136","D3YY91","Lrr1"
"2137","D3YYH9","Acte1"
"2138","RN217","Rnf217"
"2139","D3YYI9","Gm7347"
"2140","D3YYJ7","Mptx2"
"2141","D3YYL3","Iqck"
"2142","OVOL3","Ovol3"
"2143","WDR72","Wdr72"
"2144","D3YYQ8","Dnah10"
"2145","OBSL1","Obsl1"
"2146","D3YYY1","Scgb2b7"
"2147","D3YYY8","Arhgef26"
"2148","D3YYZ0","Cyp3a57"
"2149","D3YYZ1","Ldlrad1"
"2150","D3YZB0","Fam129c"
"2151","D3YZF6","Fam205a1"
"2152","VS10L","Vsig10l"
"2153","D3YZG3","Vmn1r240"
"2154","MTD2L","Mthfd2l"
"2155","PGBD5","Pgbd5"
"2156","CCDC6","Ccdc6"
"2157","D3YZR0","Gm15737"
"2158","D3YZT1","Bhmg1"
"2159","SHAN1","Shank1"
"2160","CCDC8","Ccdc8"
"2161","D3YZZ2","Tgfbr3l"
"2162","D3YZZ5","Tmed7"
"2163","CS081","MGI:1916599"
"2164","D3Z0J0","Defa34"
"2165","D3Z0K6","Rsbn1l"
"2166","D3Z0M9","Ddx23"
"2167","D3Z0P8","Tmem200b"
"2168","PPR36","Ppp1r36"
"2169","D3Z0W3","Zfp648"
"2170","D3Z0W7","Gm4871"
"2171","D3Z167","Gm16253"
"2172","D3Z1A5","Adamts6"
"2173","CEFIP","CEFIP"
"2174","D3Z1H5","Cd209f"
"2175","D3Z1I5","Gm10720"
"2176","D3Z1I7","Gm10718"
"2177","D3Z1I8","Gm10717"
"2178","D3Z1P8","4930467E23Rik"
"2179","MRAP2","Mrap2"
"2180","TM233","Tmem233"
"2181","D3Z1V9","Defa28"
"2182","D3Z1W5","Sult2a3"
"2183","D3Z1Y0","Gm281"
"2184","D3Z235","Gm3543"
"2185","D3Z236","Gm3676"
"2186","D3Z257","Gm5930"
"2187","D3Z286","Tmppe"
"2188","D3Z288","Gm14408"
"2189","CAHM1","Calhm1"
"2190","D3Z298","Ces1h"
"2191","D3Z2H9","Tpm3-rs7"
"2192","SELN","Selenon"
"2193","D3Z2T8","Zfp963"
"2194","D3Z2W7","Cyp3a59"
"2195","D3Z2X2","Dnhd1"
"2196","D3Z338","Tmem262"
"2197","D3Z347","Slx"
"2198","D3Z393","Mkrn2os"
"2199","ZFAN4","Zfand4"
"2200","D3Z3H0","Ino80e"
"2201","D3Z3I0","Cdc20b"
"2202","CIP1","Ccnb1ip1"
"2203","D3Z3L3","Trim12c"
"2204","D3Z3L9","Gm11011"
"2205","D3Z3N4","Hnrnph3"
"2206","D3Z3U4","9630041A04Rik"
"2207","D3Z3Y1","Pigg"
"2208","D3Z420","Fam186b"
"2209","R212B","Rnf212b"
"2210","D3Z445","Zfp707"
"2211","D3Z450","Serpina3i"
"2212","D3Z451","Serpina3j"
"2213","D3Z460","Gm1330"
"2214","D3Z496","Gm10800"
"2215","D3Z497","Gm7075"
"2216","D3Z4D4","1700064H15Rik"
"2217","RBM24","Rbm24"
"2218","D3Z4K0","Ankrd36"
"2219","D3Z4N8","Vmn2r72"
"2220","HFM1","Hfm1"
"2221","D3Z4R4","Nkx6-2"
"2222","PTRD1","Ptrhd1"
"2223","D3Z4U6","Gm5934"
"2224","D3Z4Z0","Tada2b"
"2225","D3Z5D4","Cd209g"
"2226","D3Z5G0","Ifi213"
"2227","D3Z5G7","Ces1b"
"2228","D3Z5L4","5430403G16Rik"
"2229","S18B1","Slc18b1"
"2230","CCN6","Ccn6"
"2231","D3Z5S8","Tent5a"
"2232","CCD78","Ccdc78"
"2233","D3Z5T3","Gm9507"
"2234","D3Z5T8","4930407I10Rik"
"2235","D3Z5V4","Fam124a"
"2236","D3Z5W0","Atp6ap1l"
"2237","D3Z5Y8","Gm15446"
"2238","D3Z622","4930455H04Rik"
"2239","D3Z623","9330159F19Rik"
"2240","D3Z642","4930595D18Rik"
"2241","D3Z649","Kcnt2"
"2242","D3Z660","Serpina16"
"2243","D3Z689","Adamtsl5"
"2244","IZUM4","Izumo4"
"2245","D3Z6A3","Ism2"
"2246","D3Z6E3","Chst13"
"2247","D3Z6F0","Ifit1bl1"
"2248","DCAM2","Amd2"
"2249","D3Z6J4","Vpreb3"
"2250","D3Z6L3","Vmn2r49"
"2251","PDIA2","Pdia2"
"2252","D3Z6P9","Ddx43"
"2253","BIN2","Bin2"
"2254","D3Z6R1","Gm7361"
"2255","ERIP6","Erich6"
"2256","D3Z6W3","Rdh8"
"2257","D3Z714","Gm10061"
"2258","D3Z741","4930444G20Rik"
"2259","D3Z748","Ugt1a8"
"2260","MRO2A","Mroh2a"
"2261","SPXN","Spx"
"2262","D3Z757","Wdr86"
"2263","D3Z7A4","Gm21560"
"2264","D3Z7A5","Daw1"
"2265","D3Z7A8","Wdr95"
"2266","D3Z7A9","Lilra5"
"2267","D3Z7C4","Gm2030"
"2268","GSG1L","Gsg1l"
"2269","CILP2","Cilp2"
"2270","D3Z7M3","Vmn2r73"
"2271","GLSK","Gls"
"2272","SIM20","Smim20"
"2273","D3Z7X0","Acad12"
"2274","D4AFX7","Dnajc13"
"2275","WSCD2","Wscd2"
"2276","D4QGC2","Maml3"
"2277","D6MZJ6","Smpd5"
"2278","G6B","Mpig6b"
"2279","E0CX23","Umad1"
"2280","E0CX42","Gm4491"
"2281","E0CX47","Nxpe5"
"2282","E0CXC6","4930558K02Rik"
"2283","E0CXF8","BC035044"
"2284","E0CXI6","Spopfm3"
"2285","E0CXQ2","A930017K11Rik"
"2286","E0CXS8","Gm8113"
"2287","NAT8B","Nat8b-ps"
"2288","E0CYQ0","Kctd17"
"2289","NT8F7","Nat8f7"
"2290","CD054","MGI:1915066"
"2291","KLHL3","Klhl3"
"2292","E0CZ22","Mroh1"
"2293","E0CZ26","Kctd18"
"2294","E0CZ42","Fer1l6"
"2295","E0CZH3","Foxi3"
"2296","E1AZ71","Cngb1"
"2297","SOGA1","Soga1"
"2298","PIEZ1","Piezo1"
"2299","E5D8G1","Galntl6"
"2300","TOPZ1","Topaz1"
"2301","E9PUA5","Kifc5b"
"2302","E9PUD6","Zscan18"
"2303","E9PUL3","Clca3b"
"2304","PRRT2","Prrt2"
"2305","E9PUN6","Adamts9"
"2306","E9PUN7","Olfr600"
"2307","E9PUP1","Syde2"
"2308","E9PUQ3","Nkapd1"
"2309","E9PUQ8","Dgkd"
"2310","E9PUR0","Ankhd1"
"2311","E9PUS2","Btbd2"
"2312","E9PUS4","Zfp944"
"2313","E9PUS9","Olfr779"
"2314","E9PUT0","Zfp983"
"2315","E9PUT5","Vmn2r59"
"2316","E9PUT9","Gm3252"
"2317","E9PUU5","Zfp839"
"2318","E9PUW9","Vmn1r143"
"2319","E9PUZ0","Apol11b"
"2320","E9PUZ9","Pdzrn4"
"2321","E9PV04","Eif4a3l1"
"2322","FIBA","Fga"
"2323","E9PV26","Prr36"
"2324","E9PV37","Olfr250"
"2325","E9PV38","Ces2g"
"2326","E9PV48","Ifit3b"
"2327","E9PV59","Inafm1"
"2328","E9PV66","Myo18b"
"2329","E9PV79","Olfr740"
"2330","FA53A","Fam53a"
"2331","E9PV85","Amy2a1"
"2332","MCTP1","Mctp1"
"2333","TALD3","Talpid3"
"2334","E9PV95","Olfr619"
"2335","E9PV96","Olfr243"
"2336","E9PV98","Trim5"
"2337","E9PVA0","Olfr653"
"2338","GCN1","Gcn1"
"2339","CC175","Ccdc175"
"2340","TTC17","Ttc17"
"2341","E9PVC2","Zfp282"
"2342","CCD62","Ccdc62"
"2343","PCD16","Dchs1"
"2344","E9PVD9","Slco5a1"
"2345","E9PVG0","Gm9008"
"2346","E9PVG4","Crisp4"
"2347","E9PVG8","9530053A07Rik"
"2348","E9PVI0","Vmn2r34"
"2349","E9PVJ0","Gm2956"
"2350","E9PVJ7","Olfr247"
"2351","E9PVL6","Trim30b"
"2352","E9PVP9","Gm4884"
"2353","E9PVR6","Vmn1r1"
"2354","E9PVU2","4931429L15Rik"
"2355","E9PVW0","Mup8"
"2356","E9PVW1","Zkscan7"
"2357","E9PVW2","Olfr872"
"2358","E9PVX1","Olfr39"
"2359","KI67","Mki67"
"2360","E9PVZ2","Tmem273"
"2361","E9PVZ3","Ccdc144b"
"2362","E9PVZ7","Olfr918"
"2363","E9PVZ8","Golgb1"
"2364","ZFP54","Zfp54"
"2365","E9PW10","Triml2"
"2366","E9PW18","Vmn1r257"
"2367","E9PW21","Vmn2r74"
"2368","E9PW37","Rasal2"
"2369","E9PW43","Gm10320"
"2370","E9PW52","Gm3149"
"2371","E9PW59","Olfr914"
"2372","E9PW61","Vmn2r50"
"2373","E9PW72","Gm3002"
"2374","GIMD1","Gimd1"
"2375","E9PW80","Gm3298"
"2376","E9PW83","Fam184a"
"2377","E9PWA8","Olfr564"
"2378","E9PWD5","Vmn2r110"
"2379","E9PWF9","Olfr225"
"2380","E9PWG6","Ncapg"
"2381","E9PWH2","Card6"
"2382","E9PWH4","Abca15"
"2383","E9PWI3","Mcc"
"2384","E9PWI5","Olfr543"
"2385","E9PWI7","C87414"
"2386","E9PWJ7","Abca16"
"2387","E9PWJ8","Gm5926"
"2388","E9PWK2","Vmn1r224"
"2389","E9PWL0","Trim30d"
"2390","E9PWL6","Vmn1r149"
"2391","E9PWM3","Armcx4"
"2392","E9PWP1","Zfp599"
"2393","E9PWP7","Muc3"
"2394","E9PWP9","4931408C20Rik"
"2395","E9PWQ3","Col6a3"
"2396","E9PWR4","Dip2c"
"2397","E9PWS4","AU018091"
"2398","E9PWS6","A630073D07Rik"
"2399","E9PWT2","Zfp229"
"2400","E9PWU0","Olfr1511"
"2401","E9PWV0","Cyp2t4"
"2402","E9PWV2","Olfr218"
"2403","E9PWW0","Vmn2r103"
"2404","E9PWW6","Zc3h7a"
"2405","E9PWW9","Rsf1"
"2406","E9PWZ2","Scgb1b20"
"2407","E9PWZ3","Rpl3l"
"2408","E9PX14","Ccdc152"
"2409","E9PX25","Gm4302"
"2410","E9PX29","Sptbn4"
"2411","E9PX31","Gml"
"2412","E9PX37","Krtap27-1"
"2413","E9PX39","Adamts14"
"2414","E9PX47","Olfr544"
"2415","E9PX57","Kif6"
"2416","E9PX68","Slc4a1ap"
"2417","E9PX79","Marchf10"
"2418","E9PX82","Olfr873"
"2419","E9PX85","Gm10037"
"2420","E9PX92","Tmem139"
"2421","ABCAH","Abca17"
"2422","E9PX96","Sva"
"2423","SFTA2","Sfta2"
"2424","E9PXC0","Srp54c"
"2425","E9PXC3","Cyp2c69"
"2426","E9PXF0","Pcdh17"
"2427","E9PXF3","Gm5415"
"2428","MTMRD","Sbf2"
"2429","E9PXH6","Olfr747"
"2430","E9PXI5","Vmn2r23"
"2431","E9PXJ4","Zfp712"
"2432","E9PXJ8","Vmn2r90"
"2433","E9PXM2","1700003H04Rik"
"2434","E9PXM3","Vmn1r177"
"2435","E9PXM9","Fbxw24"
"2436","E9PXN0","Gm8180"
"2437","E9PXN1","Prpmp5"
"2438","E9PXN3","Olfr547"
"2439","E9PXQ7","Pcdh10"
"2440","F170B","Fam170b"
"2441","E9PXV9","Obox2"
"2442","E9PXW4","Olfr585"
"2443","E9PXX8","Macc1"
"2444","E9PXX9","Slc28a1"
"2445","E9PY03","Tstd1"
"2446","E9PY16","Adap1"
"2447","E9PY36","1700029H14Rik"
"2448","E9PY37","Tcte2"
"2449","E9PY43","Erich1"
"2450","IF140","Ift140"
"2451","E9PY60","Vmn1r77"
"2452","E9PY61","Gpr179"
"2453","E9PY62","Cntnap3"
"2454","E9PY92","Vmn2r106"
"2455","E9PYB4","Olfr613"
"2456","E9PYC2","Dcpp2"
"2457","E9PYD1","Fam98c"
"2458","E9PYD7","Kbtbd6"
"2459","E9PYF4","Lmo7"
"2460","E9PYF5","Vmn2r17"
"2461","E9PYF7","Ap1ar"
"2462","E9PYG6","Rasa1"
"2463","SET1A","Setd1a"
"2464","ZN568","Znf568"
"2465","E9PYI4","Mroh8"
"2466","E9PYJ0","Tcp10b"
"2467","PARP4","Parp4"
"2468","E9PYK6","Olfr1410"
"2469","PRR12","Prr12"
"2470","E9PYL5","Vmn2r7"
"2471","E9PYL8","Ccdc192"
"2472","E9PYP1","Ces1a"
"2473","E9PYP2","Nbeal1"
"2474","E9PYP4","Olfr196"
"2475","RS10B","Rsph10b"
"2476","E9PYQ4","Prol1"
"2477","E9PYQ5","D830030K20Rik"
"2478","E9PYR1","Fbxl18"
"2479","E9PYS0","Vmn2r108"
"2480","E9PYW5","Vmn1r174"
"2481","E9PYY2","Olfr68"
"2482","WDR78","Wdr78"
"2483","E9PYY6","Mfsd4b5"
"2484","E9PZ11","Zfp651"
"2485","TUTLB","Igsf9b"
"2486","E9PZ36","Pkhd1"
"2487","E9PZ56","Vmn2r98"
"2488","E9PZ66","Olfr620"
"2489","E9PZ87","Pappa2"
"2490","E9PZA6","Vmn2r113"
"2491","E9PZG0","Apol11a"
"2492","E9PZI3","Gm8369"
"2493","E9PZI8","Gm7233"
"2494","E9PZJ7","Vmn2r107"
"2495","ASCC3","Ascc3"
"2496","E9PZK0","Gm10521"
"2497","E9PZK8","Vmn2r94"
"2498","E9PZM0","Gm3526"
"2499","CHD2","Chd2"
"2500","E9PZM7","Scaf11"
"2501","E9PZN8","Gm5795"
"2502","E9PZP6","Zfp97"
"2503","E9PZP8","Herc1"
"2504","RYR1","Ryr1"
"2505","E9PZQ1","Ddx60"
"2506","E9PZQ8","E430018J23Rik"
"2507","E9PZR7","Vmn1r91"
"2508","E9PZS2","Gm6205"
"2509","E9PZS7","Olfr287"
"2510","E9PZS9","Vmn2r101"
"2511","E9PZU2","Olfr723"
"2512","E9PZU5","Vmn2r96"
"2513","E9PZX4","Vmn2r87"
"2514","E9PZY4","Gm4307"
"2515","PRD13","Prdm13"
"2516","E9PZZ6","Olfr1510"
"2517","E9Q007","Gm4450"
"2518","E9Q043","Fndc1"
"2519","E9Q046","Tcp10c"
"2520","E9Q048","Ermard"
"2521","E9Q050","Olfr220"
"2522","E9Q058","Gm3095"
"2523","E9Q067","Vmn2r79"
"2524","E9Q069","Vmn1r157"
"2525","E9Q079","Gm7714"
"2526","E9Q0A2","Gm7951"
"2527","E9Q0A8","Krtap20-2"
"2528","CC080","MGI:1915975"
"2529","E9Q0B4","Cdr1"
"2530","E9Q0B5","Fcgbp"
"2531","E9Q0B6","Dnah6"
"2532","K1210","Kiaa1210"
"2533","E9Q0E7","Vmn2r115"
"2534","E9Q0F0","Krt78"
"2535","E9Q0G7","Vmn2r83"
"2536","E9Q0K5","Vmn2r63"
"2537","E9Q0M3","Vmn2r126"
"2538","E9Q0M4","Olfr231"
"2539","PTPRH","Ptprh"
"2540","E9Q0P0","Gm8127"
"2541","E9Q0Q2","Olfr424"
"2542","E9Q0Q3","2610021A01Rik"
"2543","E9Q0R1","Gm8159"
"2544","E9Q0S6","Tns1"
"2545","E9Q0T8","Dnah7a"
"2546","E9Q0V3","Vmn1r68"
"2547","E9Q0X2","Apold1"
"2548","E9Q0Y7","Olfr419"
"2549","E9Q0Z1","Olfr750"
"2550","E9Q101","Gm6034"
"2551","E9Q137","Tex264"
"2552","E9Q166","Atad2b"
"2553","BTBDG","Btbd16"
"2554","E9Q1A5","Zfp384"
"2555","E9Q1A6","Erich2"
"2556","E9Q1C1","Vmn2r118"
"2557","E9Q1C7","Gm10471"
"2558","E9Q1F5","Myo5c"
"2559","E9Q1I1","Gm3893"
"2560","E9Q1J0","Zfp558"
"2561","E9Q1L0","Vmn2r80"
"2562","E9Q1L6","Olfr248"
"2563","E9Q1L8","Zfp493"
"2564","E9Q1M1","Pdzd2"
"2565","E9Q1M3","Gm3250"
"2566","E9Q1N7","Gm8126"
"2567","E9Q1P0","Olfr739"
"2568","I2BP2","Irf2bp2"
"2569","E9Q1T6","Lrp3"
"2570","CC171","Ccdc171"
"2571","E9Q1X6","6430550D23Rik"
"2572","E9Q1Y9","Krt83"
"2573","E9Q1Z0","Krt90"
"2574","E9Q1Z2","Enthd1"
"2575","E9Q1Z6","Gm14548"
"2576","E9Q206","Gm17490"
"2577","E9Q207","Gm8267"
"2578","E9Q235","Vmn1r88"
"2579","E9Q236","Abcc4"
"2580","E9Q238","Kank1"
"2581","E9Q252","Olfr655"
"2582","E9Q257","Gm8237"
"2583","E9Q264","Myh15"
"2584","E9Q271","Wdr17"
"2585","E9Q281","Vmn2r114"
"2586","ICE1","Ice1"
"2587","E9Q287","Adamts3"
"2588","E9Q289","Acbd4"
"2589","E9Q295","Gm973"
"2590","E9Q2A7","Gm3594"
"2591","E9Q2B9","Olfr466"
"2592","E9Q2C0","Cfap46"
"2593","E9Q2E4","Hectd4"
"2594","E9Q2E9","Krtap11-1"
"2595","E9Q2H5","Gm3233"
"2596","E9Q2I4","Mideas"
"2597","E9Q2J1","Aym1"
"2598","E9Q2J5","Vmn2r104"
"2599","E9Q2M1","Gm5799"
"2600","E9Q2M4","Zfp867"
"2601","WDFY4","Wdfy4"
"2602","E9Q2N0","Cpsf4l"
"2603","E9Q2N4","Vmn1r184"
"2604","E9Q2Q1","Gm21103"
"2605","E9Q2S6","Zfp780b"
"2606","E9Q2S7","Zfp266"
"2607","E9Q2T4","4930523C07Rik"
"2608","E9Q2U5","Vmn2r91"
"2609","E9Q2U8","Gm20721"
"2610","E9Q2Y0","Eid2b"
"2611","CECR2","Cecr2"
"2612","SIM35","SMIM35"
"2613","CE350","Cep350"
"2614","E9Q328","5430401F13Rik"
"2615","G137C","Gpr137c"
"2616","E9Q346","Vmn1r160"
"2617","WDR25","Wdr25"
"2618","CTSG1","Catsperg1"
"2619","E9Q357","Heatr4"
"2620","E9Q365","Vmn1r101"
"2621","E9Q366","Speer4f2"
"2622","E9Q368","Tarbp1"
"2623","E9Q373","Vmn1r238"
"2624","E9Q382","Olfr623"
"2625","AKP13","Akap13"
"2626","E9Q3A5","Vmn2r105"
"2627","E9Q3A7","Cdh19"
"2628","C2CD2","C2cd2"
"2629","E9Q3D4","Hsd17b14"
"2630","AL3B2","Aldh3b2"
"2631","E9Q3F5","Vmn2r76"
"2632","E9Q3G0","Zscan4b"
"2633","E9Q3G8","Nup153"
"2634","E9Q3H4","Susd1"
"2635","E9Q3H6","Coq10a"
"2636","E9Q3J7","Gm3020"
"2637","E9Q3K0","Gm6588"
"2638","E9Q3K2","Olfr31"
"2639","E9Q3K6","Gm10401"
"2640","PI4KA","Pi4ka"
"2641","E9Q3L4","Ifi207"
"2642","E9Q3M5","Slc4a5"
"2643","E9Q3M9","Cracdl"
"2644","E9Q3P4","Cenpf"
"2645","E9Q3R6","Zfp169"
"2646","M3K19","Map3k19"
"2647","PRD14","Prdm14"
"2648","E9Q3Z1","B230217C12Rik"
"2649","RYR2","Ryr2"
"2650","E9Q407","Olfr571"
"2651","E9Q409","Prss32"
"2652","E9Q411","Nbas"
"2653","E9Q413","Olfr920"
"2654","APOB","Apob"
"2655","E9Q422","A530032D15Rik"
"2656","E9Q438","Olfr749"
"2657","E9Q444","Zbtb21"
"2658","E9Q459","Zfp160"
"2659","E9Q468","Npffr1"
"2660","E9Q492","Pgbd1"
"2661","E9Q4D1","Adamts17"
"2662","E9Q4E0","5031410I06Rik"
"2663","KLH18","Klhl18"
"2664","ANR11","Ankrd11"
"2665","E9Q4G0","Olfr420"
"2666","E9Q4G9","Gm21293"
"2667","E9Q4H3","Vmn1r119"
"2668","E9Q4J3","Olfr373"
"2669","AGRF2","Adgrf2"
"2670","E9Q4M0","Tmem44"
"2671","E9Q4M1","Olfr376"
"2672","ARI1B","Arid1b"
"2673","WDFY1","Wdfy1"
"2674","E9Q4Q0","Zfp993"
"2675","E9Q4R4","Zfp882"
"2676","E9Q4R5","Zfp961"
"2677","PDE8B","Pde8b"
"2678","E9Q4T4","Ccdc71l"
"2679","E9Q4V7","Pate7"
"2680","E9Q4X2","Uggt2"
"2681","E9Q4X4","Vmn2r11"
"2682","E9Q4X7","Olfr609"
"2683","E9Q4Y4","Cep192"
"2684","E9Q4Y8","8030474K03Rik"
"2685","ACACB","Acacb"
"2686","E9Q501","Gm2237"
"2687","E9Q512","Trip11"
"2688","E9Q518","Olfr520"
"2689","E9Q519","Olfr521"
"2690","E9Q528","Gm17175"
"2691","E9Q542","Olfr549"
"2692","E9Q544","Olfr550"
"2693","E9Q545","Olfr552"
"2694","E9Q546","Olfr554"
"2695","E9Q547","Olfr555"
"2696","E9Q549","Olfr556"
"2697","E9Q550","Olfr557"
"2698","E9Q554","Olfr568"
"2699","RN213","Rnf213"
"2700","DESP","Dsp"
"2701","E9Q564","Olfr608"
"2702","E9Q573","Gm609"
"2703","E9Q593","Cyp2b23"
"2704","E9Q598","Olfr610"
"2705","E9Q5A2","BC107364"
"2706","E9Q5A6","Nr1h5"
"2707","E9Q5B4","Zscan29"
"2708","E9Q5C7","Vmn2r41"
"2709","NOLC1","Nolc1"
"2710","E9Q5D8","Vmn2r48"
"2711","E9Q5E2","Thoc2l"
"2712","E9Q5F1","Olfr430"
"2713","SETD2","Setd2"
"2714","E9Q5G2","Pcdhb9"
"2715","KIF23","Kif23"
"2716","OOG1","Oog1"
"2717","E9Q5G9","Olfr1354"
"2718","E9Q5I3","Muc5b"
"2719","E9Q5K2","Gm17728"
"2720","CP2CN","Cyp2c23"
"2721","YTDC1","Ythdc1"
"2722","GLYL3","Glyatl3"
"2723","E9Q5M4","Zfr2"
"2724","CFA44","Cfap44"
"2725","E9Q5M9","Zfp688"
"2726","E9Q5N9","Zfp395"
"2727","E9Q5P1","Gm3636"
"2728","E9Q5P8","Olfr414"
"2729","NAL12","Nlrp12"
"2730","E9Q5W2","Spata31d1d"
"2731","FANCF","Fancf"
"2732","E9Q5Z6","Adh6a"
"2733","E9Q5Z9","Gm11239"
"2734","PTPRO","Ptpro"
"2735","E9Q616","Ahnak"
"2736","E9Q623","BC051665"
"2737","MYO1E","Myo1e"
"2738","E9Q637","Gm15319"
"2739","GCNT4","Gcnt4"
"2740","E9Q658","Pate1"
"2741","E9Q695","Thap8"
"2742","E9Q6A2","Serpine3"
"2743","CC85C","Ccdc85c"
"2744","XKR6","Xkr6"
"2745","E9Q6D3","Ccdc121"
"2746","E9Q6D6","Zfp277"
"2747","E9Q6D7","1700024B05Rik"
"2748","E9Q6D8","C6"
"2749","E9Q6E5","Srsf11"
"2750","E9Q6E9","Simc1"
"2751","E9Q6H8","Plekha5"
"2752","V2116","Vmn2r116"
"2753","E9Q6J4","Ceacam3"
"2754","BD1L1","Bod1l"
"2755","E9Q6K3","Pibf1"
"2756","E9Q6L7","Gm10639"
"2757","E9Q6M3","Zfp995"
"2758","TTC7B","Ttc7b"
"2759","E9Q6R1","Itga10"
"2760","E9Q6R7","Utrn"
"2761","E9Q6S0","Zfp597"
"2762","E9Q6S4","Gm17067"
"2763","ZN296","Znf296"
"2764","RHG40","Arhgap40"
"2765","E9Q6Y4","Zfp94"
"2766","E9Q6Y8","Usp31"
"2767","AUNIP","Aunip"
"2768","E9Q6Z7","Olfr902"
"2769","E9Q716","Olfr913"
"2770","E9Q725","Olfr715b"
"2771","E9Q732","Zfp949"
"2772","UBE4A","Ube4a"
"2773","CF251","Cfap251"
"2774","E9Q745","Doxl1"
"2775","E9Q759","Vmn2r14"
"2776","E9Q774","Akap11"
"2777","ZC3HD","Zc3h13"
"2778","JHY","Jhy"
"2779","E9Q7C4","Prr14l"
"2780","E9Q7C5","Olfr69"
"2781","ARHG5","Arhgef5"
"2782","ARID2","Arid2"
"2783","E9Q7E4","Gm8882"
"2784","E9Q7E7","Olfr427"
"2785","RN169","Rnf169"
"2786","EDD13","Eddm13"
"2787","NUMA1","Numa1"
"2788","E9Q7L0","Ogdhl"
"2789","E9Q7L1","Urb2"
"2790","E9Q7L6","Foxn2"
"2791","E9Q7M2","Tsc22d2"
"2792","E9Q7M8","Gm5796"
"2793","E9Q7N4","Dgkk"
"2794","E9Q7N9","Dnah11"
"2795","E9Q7P1","Col22a1"
"2796","E9Q7P2","Cacna1i"
"2797","E9Q7P5","Olfr640"
"2798","CDHR2","Cdhr2"
"2799","CFA43","Cfap43"
"2800","E9Q7S8","Vmn2r22"
"2801","E9Q7T3","Gm10719"
"2802","CHADL","Chadl"
"2803","E9Q7U0","Kcnmb3"
"2804","E9Q7U8","Vmn2r35"
"2805","E9Q7W1","Olfr177"
"2806","E9Q7X3","Gm4181"
"2807","HEG1","Heg1"
"2808","NRX2A","Nrxn2"
"2809","CP2W1","Cyp2w1"
"2810","E9Q838","Olfr605"
"2811","E9Q840","Olfr746"
"2812","E9Q842","Nav2"
"2813","E9Q843","Olfr891"
"2814","E9Q848","Olfr370"
"2815","E9Q861","C2cd4a"
"2816","E9Q876","Abca12"
"2817","E9Q891","Olfr251"
"2818","E9Q8A4","Fbxw28"
"2819","E9Q8B5","Gm4788"
"2820","DJC21","Dnajc21"
"2821","E9Q8F6","Olfr172"
"2822","E9Q8F8","Abca14"
"2823","E9Q8G3","Tmem265"
"2824","E9Q8G5","A430033K04Rik"
"2825","E9Q8I5","Zfp108"
"2826","E9Q8I6","Vmn1r55"
"2827","E9Q8I7","Nfxl1"
"2828","FRY","Fry"
"2829","E9Q8J5","Gm597"
"2830","E9Q8L6","Vmn1r139"
"2831","E9Q8M0","Olfr204"
"2832","E9Q8M1","Zfp358"
"2833","E9Q8M2","Olfr432"
"2834","E9Q8M3","Olfr730"
"2835","E9Q8N6","Aknad1"
"2836","E9Q8Q6","Ccdc141"
"2837","SACA6","Spaca6"
"2838","E9Q8R3","Gm8257"
"2839","E9Q8T0","Vmn1r7"
"2840","PRD15","Prdm15"
"2841","DYH1","Dnah1"
"2842","E9Q8V1","Lce3d"
"2843","E9Q8V6","Dennd4a"
"2844","E9Q8V7","Vmn1r173"
"2845","E9Q8X1","Olfr1406"
"2846","E9Q8X3","Olfr726"
"2847","E9Q8X5","Zbtb10"
"2848","E9Q8Z1","Gm6583"
"2849","E9Q912","Rap1gds1"
"2850","E9Q913","G430095P16Rik"
"2851","SIM13","Smim13"
"2852","E9Q955","Gm17622"
"2853","MCMD2","Mcmdc2"
"2854","E9Q963","Armh1"
"2855","E9Q980","Zfp788"
"2856","E9Q981","Zfp976"
"2857","E9Q985","Olfr978"
"2858","E9Q9A6","Il20rb"
"2859","OAS2","Oas2"
"2860","E9Q9B3","Spryd3"
"2861","E9Q9B4","Psg20"
"2862","E9Q9B7","Kidins220"
"2863","RBL2A","Rabl2"
"2864","E9Q9D8","Ankrd35"
"2865","CTSRD","Catsperd"
"2866","E9Q9F7","Ccdc146"
"2867","E9Q9G1","Nudt16l2"
"2868","E9Q9G3","Zfp938"
"2869","E9Q9H8","Tm4sf19"
"2870","TRDN","Trdn"
"2871","E9Q9K8","Akap6"
"2872","E9Q9M8","Pwwp2b"
"2873","E9Q9N3","Vmn1r152"
"2874","E9Q9P5","Gm3127"
"2875","E9Q9Q2","R3hdm1"
"2876","E9Q9Q5","1700113H08Rik"
"2877","E9Q9Q6","Cdh18"
"2878","E9Q9R3","4930451I11Rik"
"2879","DLG5","Dlg5"
"2880","E9Q9S8","Glrp1"
"2881","E9Q9T0","Fbrsl1"
"2882","E9Q9T3","Olfr178"
"2883","U17PB","Usp17lb"
"2884","E9Q9U2","Speer2"
"2885","E9Q9U8","Ccdc74a"
"2886","E9Q9V5","Ms4a7"
"2887","E9Q9W0","Gm14288"
"2888","S27A6","Slc27a6"
"2889","PDZD7","Pdzd7"
"2890","E9Q9X9","Gm3033"
"2891","E9Q9Y3","Ccdc7b"
"2892","E9Q9Z0","Olfr748"
"2893","E9Q9Z6","Olfr235"
"2894","E9QA14","Gm15097"
"2895","E9QA15","Cald1"
"2896","E9QA22","Zfp644"
"2897","CEA16","Ceacam16"
"2898","E9QA35","Spata31d1a"
"2899","E9QA57","Spata31d1b"
"2900","LMOD3","Lmod3"
"2901","E9QA79","Mup7"
"2902","E9QA94","Vmn1r129"
"2903","E9QAA1","Zfp758"
"2904","E9QAA8","Gm4841"
"2905","E9QAA9","4930563M21Rik"
"2906","E9QAB5","Gm5134"
"2907","E9QAD7","Gm17604"
"2908","E9QAE1","Nckap5"
"2909","E9QAE3","Btaf1"
"2910","SPT31","Spata31"
"2911","E9QAF1","Spata31d1c"
"2912","E9QAF4","Phldb3"
"2913","E9QAF5","Zfp760"
"2914","E9QAG4","4930522L14Rik"
"2915","ZN431","Znf431"
"2916","E9QAH2","Zfp605"
"2917","E9QAI8","Gm3460"
"2918","E9QAJ8","Gm3468"
"2919","HELZ2","Helz2"
"2920","E9QAN3","Gm1979"
"2921","E9QAN8","Pik3c2b"
"2922","E9QAP1","Zfp764"
"2923","E9QAP7","Taf4"
"2924","E9QAQ8","Muc5ac"
"2925","E9QAS1","Gm7073"
"2926","E9QAS7","Inpp5a"
"2927","SC16A","Sec16a"
"2928","E9QAT7","Olfr173"
"2929","RN165","Rnf165"
"2930","E9QAW0","Zfp213"
"2931","E9QAZ9","Vmn2r100"
"2932","E9QLQ1","Defa35"
"2933","CP096","MGI:1926059"
"2934","E9QPZ2","Defa30"
"2935","PRS56","Prss56"
"2936","F2Z3U3","Raph1"
"2937","F2Z3W5","Gm11237"
"2938","F2Z3Y9","2610001J05Rik"
"2939","F2Z403","Defa27"
"2940","HERC6","Herc6"
"2941","SVS3A","Svs3a"
"2942","F2Z474","Gm12169"
"2943","F2Z478","Gm11238"
"2944","F2Z493","Magea4"
"2945","F6PYN5","Gm15130"
"2946","F6PZL4","Gm15448"
"2947","F6Q4M4","Gm10999"
"2948","F6QE68","Gm10198"
"2949","F6QEY5","Gm10197"
"2950","F6QI24","Gm7945"
"2951","F6QIW7","Gm17364"
"2952","F6QJ09","Gm10203"
"2953","F6QMA6","Gm11444"
"2954","F6QRE9","Erich3"
"2955","F6QVC4","1700049E17Rik1"
"2956","F6QVZ8","Olfr1471"
"2957","F6R3J9","Gm8879"
"2958","F6R3P9","Prl3d2"
"2959","F6R5N3","Gm11084"
"2960","F6R5P4","Ccl17"
"2961","F6R7E8","Gm2663"
"2962","F6RR30","Lipo4"
"2963","F6RWR5","Gstp3"
"2964","F6RXI4","BC067074"
"2965","F6RZ85","Gm10663"
"2966","F6S4H3","Gm11077"
"2967","F6S692","Gm3646"
"2968","F6S966","Gm10378"
"2969","SYGP1","Syngap1"
"2970","F6SK43","Gm17542"
"2971","F6SKY8","Gm3072"
"2972","F6SNQ2","Gm17374"
"2973","F6SP27","Gm17651"
"2974","F6T1I5","H2-T10"
"2975","F6T1P1","Gm10985"
"2976","F6T2D2","Gm21994"
"2977","F6T2U3","Gm9925"
"2978","F6T7Q8","Gm17571"
"2979","F6T8D7","Gm6401"
"2980","F6TEE5","Gm10135"
"2981","F6TMR5","Gm17617"
"2982","F6TNE3","Prr22"
"2983","RN212","Rnf212"
"2984","F6TQW2","Ighg2c"
"2985","F6TUL9","Vsig4"
"2986","F6U238","Maml2"
"2987","F6U3N7","Gm21977"
"2988","F6U5V1","Larp1b"
"2989","F6U8B9","Gm17555"
"2990","F6U8V3","H2-M11"
"2991","F6UK53","4933403O08Rik"
"2992","WFC6B","Wfdc6b"
"2993","F6URP1","Gm6619"
"2994","F6UWZ4","Gm3435"
"2995","F6V035","Ccdc149"
"2996","F6V5V4","Serpinb9h"
"2997","ATF6A","Atf6"
"2998","F6VB59","Olfr1348"
"2999","F6VBM2","Gm10490"
"3000","F6VC88","Gm10181"
"3001","F6VDB5","Gm17304"
"3002","F6VKC7","Zfp988"
"3003","F6VLK5","Gm10722"
"3004","F6VS78","Olfr773"
"3005","F6VWU8","Zfp946"
"3006","F6VZP0","Gm11042"
"3007","F6W043","Vmn2r40"
"3008","YJEN3","Yjefn3"
"3009","F6WAU7","Zfp945"
"3010","F6WIE4","Gm10563"
"3011","F6WLE9","Gm8020"
"3012","F6WLJ2","Gm10234"
"3013","F6WTR5","Gm11146"
"3014","F6WY25","Gm10271"
"3015","F6WYC8","Lipo1"
"3016","F6WYW0","Scgb1b19"
"3017","F6X687","Speer1"
"3018","F6X9U9","Gm11060"
"3019","F6XDR3","Gm10542"
"3020","F6XET4","Gm17428"
"3021","F6XGJ4","Gm17093"
"3022","F6XJP7","Pcsk6"
"3023","F6XK35","Gm21876"
"3024","F6XLV1","Crocc2"
"3025","F6XP16","Olfr1185-ps1"
"3026","F6XVH0","Gm12830"
"3027","F6XVS9","Gm8922"
"3028","SAM15","Samd15"
"3029","F6Y113","Gm1110"
"3030","F6Y3H4","Gm17387"
"3031","F6Y577","Gm10160"
"3032","F6Y7E7","Gm17581"
"3033","F6YAE0","Gm11037"
"3034","RHX13","Rhox13"
"3035","F6YG85","Gm11111"
"3036","F6YHC1","Gm6482"
"3037","F6YJZ8","Gm6460"
"3038","F6YK91","Ankrd65"
"3039","F6YKY3","Gm8005"
"3040","F6YL37","Gm10964"
"3041","F6YNI8","Gm21319"
"3042","F6YQT7","Lipi"
"3043","F6YU13","Gm3633"
"3044","F6YUL9","Gm21961"
"3045","F6YUX7","Ear14"
"3046","F6YVP7","Rps18-ps6"
"3047","F6Z0L5","Gm17402"
"3048","F6Z5I4","Gm10961"
"3049","F6Z6Z2","3110082J24Rik"
"3050","F6Z9B9","Ces2h"
"3051","F6ZAP6","Gm3015"
"3052","TPR","Tpr"
"3053","F6ZE64","Lonrf2"
"3054","F6ZE74","Gm11034"
"3055","F6ZF64","Gm17482"
"3056","F6ZF91","Gm11096"
"3057","F6ZGD5","Gm11020"
"3058","F6ZH14","Gm11172"
"3059","F6ZIG1","Gm17124"
"3060","F6ZIS7","Rarres1"
"3061","F6ZL36","Gm17606"
"3062","F6ZMY5","Gm8212"
"3063","F6ZNL5","Pcdh11x"
"3064","F6ZPB0","Prickle4"
"3065","F6ZR08","Gm15056"
"3066","F6ZRA6","Gm11115"
"3067","F6ZRP0","Gm11032"
"3068","F6ZS36","Gm14139"
"3069","F6ZUS0","Olfr199"
"3070","F6ZVF2","Gm2174"
"3071","F7A1G1","Gm11116"
"3072","F7A1V1","Gm11114"
"3073","F7A3L5","Gm17545"
"3074","OTOGL","Otogl"
"3075","F7A6P6","Kcng2"
"3076","F7A7Y6","Gm6465"
"3077","F7AEC7","Gm2832"
"3078","F7AG78","Gm10959"
"3079","F7AIG4","Gm10772"
"3080","F7AKR5","Gm17268"
"3081","F7AMQ8","Esp8"
"3082","F7ANP4","Gm16506"
"3083","F7AXR3","Gm17654"
"3084","F7BAB2","Tmem132b"
"3085","F7BAX1","Gm7954"
"3086","F7BGH6","Gm17349"
"3087","MORC3","Morc3"
"3088","F7BL62","Olfr1220"
"3089","F7BLD2","Gm10217"
"3090","F7BTS7","Gm5798"
"3091","F7BTU1","Gm17332"
"3092","TSN15","Tspan15"
"3093","F7BY56","Gm8138"
"3094","F7C7Q0","Gm10801"
"3095","F7C7U2","Gm10799"
"3096","F7C950","Gm9573"
"3097","F7C9A1","Gm3327"
"3098","F7C9P2","Fbxw25"
"3099","F7CD45","Gm8334"
"3100","F7CFJ3","Gm8232"
"3101","F7CNM6","1700056E22Rik"
"3102","F7CV60","Gm11099"
"3103","F7CVU0","Gm17631"
"3104","F7CWA7","Gm11009"
"3105","F7CWV4","Olfr294"
"3106","F7CXU4","H2-M1"
"3107","F7CYK6","Gm10945"
"3108","F7CZ33","Gm10272"
"3109","F7D043","Gm10770"
"3110","F7D3Z4","Gm10944"
"3111","F7D8Y4","Gm17079"
"3112","F7DEP7","Gm10337"
"3113","F8VPJ6","Rfx7"
"3114","F8VPJ8","Olfr67"
"3115","F8VPJ9","Olfr631"
"3116","F8VPK0","Ttc37"
"3117","F8VPK8","Pcdh9"
"3118","TEX15","Tex15"
"3119","F8VPN4","Agl"
"3120","F8VPP0","Zfp708"
"3121","F8VPP8","Zc3h7b"
"3122","ARI4A","Arid4a"
"3123","F8VPQ6","Alpi"
"3124","F8VPT3","Lct"
"3125","FARP1","Farp1"
"3126","F8VPU6","Usp9y"
"3127","F8VPX2","Fbxw9"
"3128","F8VPX6","Speer4a"
"3129","F8VPY8","Colca2"
"3130","F8VPZ3","Usp32"
"3131","ERCC6","Ercc6"
"3132","F8VPZ8","Olfr64"
"3133","BICRA","Bicra"
"3134","F8VQ01","Olfr66"
"3135","ADAM3","Adam3"
"3136","F8VQ05","Fryl"
"3137","F8VQ07","Albfm1"
"3138","F8VQ18","Olfr574"
"3139","F8VQ26","Olfr596"
"3140","F8VQ29","Iqgap3"
"3141","F8VQ39","Ankdd1a"
"3142","F8VQ63","Vmn1r76"
"3143","F8VQ70","Scaper"
"3144","F8VQ84","Olfr292"
"3145","F8VQ94","Pira2"
"3146","F8VQB1","Olfr417"
"3147","MYO10","Myo10"
"3148","F8VQB9","Olfr731"
"3149","F8VQC1","Srp72"
"3150","F8VQD3","Vmn2r37"
"3151","F8VQG4","H2-T24"
"3152","F8VQG7","N4bp2"
"3153","F8VQH7","Dbx2"
"3154","F8VQI7","Olfr624"
"3155","F8VQJ0","Lce3e"
"3156","F8VQK3","Gucy1a2"
"3157","F8VQM2","Ccl26"
"3158","F8VQM5","Sis"
"3159","GPR31","Gpr31"
"3160","F8WGU9","Cyp4a31"
"3161","G3UVV3","Zfp407"
"3162","S38A6","Slc38a6"
"3163","G3UW31","Vmn1r176"
"3164","G3UW32","Prr23a1"
"3165","C97D2","Cfap97d2"
"3166","G3UW50","Zbtb25"
"3167","G3UW52","Cldn34a"
"3168","G3UW55","Lbhd2"
"3169","G3UW56","Vmn2r85"
"3170","G3UW59","Ubap1l"
"3171","G3UW60","Susd5"
"3172","G3UW63","Rad51ap2"
"3173","G3UW68","Gm9376"
"3174","G3UW71","Vmn1r167"
"3175","G3UW78","Cyp4f17"
"3176","G3UW81","Cyp4f40"
"3177","G3UW82","Myh2"
"3178","G3UW87","Gm17455"
"3179","G3UW88","Gm44"
"3180","TEX54","Tex54"
"3181","G3UWA2","Vmn2r82"
"3182","G3UWA7","Gm8439"
"3183","G3UWA8","Qrfprl"
"3184","G3UWB8","S100a7l2"
"3185","G3UWC3","Prlh"
"3186","AKAI1","Akain1"
"3187","G3UWD9","Slc17a3"
"3188","G3UWE2","F830016B08Rik"
"3189","G3UWE6","Vmn1r39"
"3190","G3UWF2","Iqcf6"
"3191","G3UWI8","Vmn1r113"
"3192","G3UXB3","Nkx1-1"
"3193","G3UXC7","Adamtsl3"
"3194","G3UXD1","Speer4c"
"3195","G3UXE9","Gm8909"
"3196","G3UXG0","Esp34"
"3197","G3UXK4","Gm20481"
"3198","G3UXL2","Prps1l3"
"3199","G3UXT0","Cyp2j12"
"3200","G3UY09","Zfp141"
"3201","G3UY31","Gm21671"
"3202","G3UY48","Vmn1r112"
"3203","G3UY53","Gm2381"
"3204","G3UY57","Trim15"
"3205","G3UY92","Vmn1r158"
"3206","G3UYA8","Vmn2r38"
"3207","G3UYB0","Gm20403"
"3208","G3UYD9","Gm19345"
"3209","G3UYI6","A930009A15Rik"
"3210","G3UYQ4","Ak9"
"3211","G3UYU0","Mex3a"
"3212","RGS22","Rgs22"
"3213","G3UYY4","Ttc6"
"3214","G3UZ38","Cyp2j8"
"3215","G3UZ45","Gm19684"
"3216","ADGB","Adgb"
"3217","G3UZD8","Esp36"
"3218","G3UZN6","Abhd12b"
"3219","G3UZV2","Ifi206"
"3220","G3X8Q1","Cabin1"
"3221","G3X8R7","Zfp212"
"3222","TMIG3","Tmigd3"
"3223","G3X8U2","1700067P10Rik"
"3224","G3X8U3","2210016F16Rik"
"3225","G3X8W1","Mroh4"
"3226","G3X8X0","Dhx16"
"3227","G3X8Y1","Trim55"
"3228","G3X8Y2","1810062G17Rik"
"3229","G3X8Z7","Chrna9"
"3230","G3X904","Zfp275"
"3231","SPRTN","Sprtn"
"3232","G3X931","Vmn2r65"
"3233","SL9A3","Slc9a3"
"3234","G3X941","9130019O22Rik"
"3235","G3X942","Galnt9"
"3236","G3X943","Slc39a2"
"3237","G3X946","Gm4847"
"3238","G3X952","Zkscan2"
"3239","G3X964","2610008E11Rik"
"3240","G3X972","Sec24c"
"3241","AOXC","Aox3"
"3242","GIMA9","Gimap9"
"3243","G3X992","Msl3l2"
"3244","G3X996","Zfp846"
"3245","G3X9A2","Krtap24-1"
"3246","G3X9B1","Heatr1"
"3247","G3X9B4","Brd8dc"
"3248","FBX50","Nccrp1"
"3249","G3X9D6","Apon"
"3250","G3X9F6","Sh3tc1"
"3251","ZN809","Zfp809"
"3252","G3X9G9","Mettl7a3"
"3253","G3X9H3","Zfp607b"
"3254","G3X9I0","Zfp105"
"3255","G3X9I7","Zc3h12b"
"3256","SI1L3","Sipa1l3"
"3257","BIG1","Arfgef1"
"3258","G3X9K7","Apol10b"
"3259","G3X9L8","Olfr152"
"3260","G3X9M9","Tmem116"
"3261","G3X9N3","Pnmal2"
"3262","G3X9N5","Nxph4"
"3263","G3X9P6","Obox5"
"3264","G3X9P9","AF366264"
"3265","G3X9Q9","Gm6526"
"3266","RN148","Rnf148"
"3267","G3X9T1","Zfp715"
"3268","G3X9T2","Zfp619"
"3269","G3X9U1","Obox6"
"3270","G3X9U3","Vmn1r58"
"3271","G3X9V8","Serpinb3a"
"3272","G3X9X1","Kbtbd2"
"3273","G3X9Y6","Akr1c19"
"3274","G3X9Z2","Ifitm7"
"3275","G3X9Z4","Pcf11"
"3276","G3XA03","Gm5152"
"3277","G3XA12","Mgat4f"
"3278","G3XA20","Grip2"
"3279","G3XA23","Tex45"
"3280","G3XA30","Nsmce4a"
"3281","G3XA45","Vmn2r69"
"3282","G3XA50","Lrrc10b"
"3283","G3XA52","Vmn1r34"
"3284","RFIP2","Rab11fip2"
"3285","LRC32","Lrrc32"
"3286","AT2B1","Atp2b1"
"3287","G5E845","Kcnk16"
"3288","G5E851","Ms4a20"
"3289","SCLT1","Sclt1"
"3290","ZN142","Znf142"
"3291","TRIPC","Trip12"
"3292","RNPL1","Rnpepl1"
"3293","G5E893","Ankrd12"
"3294","G5E895","Akr1b10"
"3295","PLGT3","Poglut3"
"3296","TEKT5","Tekt5"
"3297","ZBT11","Zbtb11"
"3298","G5E8C1","Vmn1r67"
"3299","G5E8C2","Kbtbd7"
"3300","OOSP3","Oosp3"
"3301","FPGT","Fpgt"
"3302","G5E8G1","Vmn1r12"
"3303","U17PD","Usp17ld"
"3304","G5E8G3","Opcml"
"3305","G5E8G4","Vmn2r19"
"3306","G5E8H5","Tpte"
"3307","G5E8H9","Rdh19"
"3308","G5E8I3","Vmn1r13"
"3309","U17LC","Usp17lc"
"3310","G5E8J1","Olfr171"
"3311","G5E8J6","Hrc"
"3312","G5E8K1","2610028H24Rik"
"3313","ANK3","Ank3"
"3314","MOT6","Slc16a5"
"3315","G5E8L3","Nat8f4"
"3316","G5E8L7","Gml2"
"3317","G5E8L9","Mroh9"
"3318","GCP6","Tubgcp6"
"3319","BRD1","Brd1"
"3320","AGRF5","Adgrf5"
"3321","G5E8S3","E230025N22Rik"
"3322","G5E8V9","Arfip1"
"3323","G5E8W5","Gm5916"
"3324","G5E8X0","Cldn20"
"3325","G5E8X2","Pabpc4l"
"3326","G5E8X6","A930033H14Rik"
"3327","G5E8X8","Omt2a"
"3328","G5E8Y4","Vmn2r86"
"3329","TAF4B","Taf4b"
"3330","G5E8Z3","2310050C09Rik"
"3331","G5E8Z7","Vmn2r75"
"3332","G5E904","Sult3a2"
"3333","G5E905","Zfp871"
"3334","G8JL69","Gm11027"
"3335","H3BJ46","Vmn1r14"
"3336","H3BJ88","Vmn2r3"
"3337","H3BJD6","Ppp1r9a"
"3338","LY6L","Ly6l"
"3339","H3BJZ2","Cdhr4"
"3340","H3BK29","Vmn2r6"
"3341","H3BK37","Vmn2r99"
"3342","H3BKP8","9930021J03Rik"
"3343","H3BKQ3","Evi5l"
"3344","CS084","ENSMUSG00000093639"
"3345","H3BKW5","Vmn1r31"
"3346","H3BLB0","Zfp989"
"3347","H3BLP0","Vmn1r25"
"3348","H7BX60","Pot1b"
"3349","H7BX78","Zfp408"
"3350","I3ITR1","AK157302"
"3351","I6L890","Casp16"
"3352","I6XKQ3","Spdye4c"
"3353","I7HIK1","Vmn1r204"
"3354","I7HJI3","Serpinb6e"
"3355","I7HJI5","Serpinb9c"
"3356","I7HJS2","Taz"
"3357","ZN683","Znf683"
"3358","I7HPW8","Myo15b"
"3359","J3JS27","Vmn1r194"
"3360","J3KMI0","Gm20815"
"3361","J3KMI7","Gm20822"
"3362","J3KMI9","Gm21719"
"3363","J3KMK8","Spint5"
"3364","J3KML0","Dcdc2b"
"3365","J3KML6","Gm20830"
"3366","GFY","Gfy"
"3367","J3KML9","Gm21913"
"3368","J3KMM7","A630095N17Rik"
"3369","J3KMP5","Gm21897"
"3370","J3KMP7","Gm10142"
"3371","J3KMP8","Gm21863"
"3372","J3KMP9","Scgb2a2"
"3373","J3KMR8","Gm17535"
"3374","J3KMS0","Gm21411"
"3375","J3KMS6","Gm21818"
"3376","J3KMT2","Gm8247"
"3377","J3KMT3","Gm6882"
"3378","J3KMU2","Gm21820"
"3379","J3KMU4","Gm21060"
"3380","J3KMV2","Olfr936"
"3381","J3QJU4","Gm21954"
"3382","J3QJU9","Gm21886"
"3383","J3QJV4","Gm19402"
"3384","J3QJV5","Gm21905"
"3385","J3QJX6","7530416G11Rik"
"3386","J3QJY3","Gm20594"
"3387","J3QJY4","Scgb1b3"
"3388","J3QJZ7","Gm3187"
"3389","J3QK00","Gm21761"
"3390","J3QK03","Ighv6-5"
"3391","J3QK24","Gm5624"
"3392","J3QK25","G530012D18Rik"
"3393","J3QK27","Gm21693"
"3394","J3QK38","Gm21244"
"3395","J3QK46","Tmem200c"
"3396","J3QK54","Fignl2"
"3397","J3QK55","2010315B03Rik"
"3398","J3QK56","4930544D05Rik"
"3399","J3QK59","Gm6176"
"3400","J3QK64","Gm10100"
"3401","J3QK78","Gm3139"
"3402","J3QM38","Zfp994"
"3403","J3QM54","Gm3727"
"3404","J3QM56","Gm7929"
"3405","J3QM67","Gm20825"
"3406","J3QM72","Gm20834"
"3407","J3QM75","Scgb2b19"
"3408","CC179","Ccdc179"
"3409","J3QM92","Plscr5"
"3410","J3QMB3","Fam240b"
"3411","J3QMC7","S100a2"
"3412","J3QMD1","Gm19668"
"3413","J3QME2","Gm20914"
"3414","J3QMG8","Trav13n-3"
"3415","J3QMH4","Gm21866"
"3416","CAHM3","Calhm3"
"3417","J3QMJ3","Gm21830"
"3418","J3QMJ4","Smlr1"
"3419","J3QMJ9","Gm21800"
"3420","J3QMK1","Sgo2b"
"3421","J3QMK2","Bbip1"
"3422","AL3B3","Aldh3b3"
"3423","J3QMK7","Gm21721"
"3424","J3QML3","Btbd35f29"
"3425","J3QML9","E030030I06Rik"
"3426","J3QMM8","Gm16429"
"3427","J3QMN2","3110021N24Rik"
"3428","J3QMN6","Fmo6"
"3429","J3QMQ1","Gm21903"
"3430","J3QMQ6","Gm3336"
"3431","J3QMQ9","Gm20873"
"3432","J3QMS2","1700014D04Rik"
"3433","J3QMS5","Btbd35f2"
"3434","J3QMS7","Gm11236"
"3435","J3QMS8","Gm3415"
"3436","J3QMS9","E030018B13Rik"
"3437","J3QMU9","Gm21028"
"3438","J3QMW1","Gm7137"
"3439","J3QMW5","Gm2075"
"3440","J3QMW9","Btbd35f6"
"3441","TO6BL","Top6bl"
"3442","J3QMZ0","Igkv4-54"
"3443","J3QN01","Ms4a18"
"3444","J3QN05","Gm21834"
"3445","J3QN10","Gm16434"
"3446","J3QN14","Zfp616"
"3447","J3QN17","Gm20918"
"3448","J3QN49","Esp3"
"3449","J3QN50","Gm11168"
"3450","J3QN52","Gm16427"
"3451","J3QN64","Btbd35f22"
"3452","J3QN84","Gm21812"
"3453","J3QN86","Gm21882"
"3454","J3QN89","Aamp"
"3455","J3QN98","Gm3371"
"3456","J3QNA6","Gm8906"
"3457","J3QNB2","9330182O14Rik"
"3458","J3QNB5","Gm21773"
"3459","J3QNB7","Fam181a"
"3460","J3QNE4","Ccdc180"
"3461","J3QNG1","Gm6408"
"3462","J3QNG9","Gm8897"
"3463","J3QNH8","Gm7694"
"3464","J3QNM7","Gm5426"
"3465","J3QNN2","Gm21976"
"3466","J3QNN4","Ankrd66"
"3467","J3QNN6","Ighv6-4"
"3468","J3QNP2","Smim18"
"3469","J3QNP9","Fam240a"
"3470","J3QNQ5","Btbd35f24"
"3471","J3QNR8","Trim34b"
"3472","J3QNS5","Mfsd4b4"
"3473","J3QNT6","Gm5039"
"3474","J3QNT8","Odaph"
"3475","J3QNU5","Gm21798"
"3476","J3QNV7","Gm10428"
"3477","J3QNW5","Gm21797"
"3478","SHSA8","Shisa8"
"3479","J3QNX6","Krtap22-2"
"3480","J3QNY8","Gm19965"
"3481","J3QNZ6","Gm21874"
"3482","J3QNZ9","Igkv4-62"
"3483","J3QP01","Gm5108"
"3484","J3QP08","H2al1k"
"3485","J3QP15","Lce1k"
"3486","J3QP37","Smim22"
"3487","J3QP49","Gm20795"
"3488","J3QP53","Gm5294"
"3489","J3QP60","A630023A22Rik"
"3490","J3QP72","Gm21738"
"3491","J3QP74","Gm10715"
"3492","J3QP87","Gm2035"
"3493","J3QPA5","Gm3099"
"3494","J3QPC1","Smbd1"
"3495","J3QPC3","BC024978"
"3496","J3QPC5","Zfp850"
"3497","J3QPD3","Gm8356"
"3498","J3QPD5","Gm9602"
"3499","J3QPE5","Gm5849"
"3500","J3QPF7","Cypt14"
"3501","J3QPG7","Gm21958"
"3502","J3QPH3","Gm3106"
"3503","J3QPI0","Aadacl2fm3"
"3504","J3QPI8","Gm6803"
"3505","J3QPJ2","Gm20821"
"3506","J3QPJ5","Gm21776"
"3507","J3QPJ9","Gm10721"
"3508","J3QPK1","Gm21833"
"3509","J3QPK8","Gm21118"
"3510","J3QPM5","Gm10251"
"3511","J3QPM6","D430019H16Rik"
"3512","J3QPM7","Gm21915"
"3513","J3QPP2","Gm3685"
"3514","ALKL1","Alkal1"
"3515","J3QPQ6","Gm49403"
"3516","J3QPR6","Rfpl4b"
"3517","J3QPU0","Spin2f"
"3518","J3QPU5","Ccer2"
"3519","J3QPV5","Gm21822"
"3520","J3QPW6","1700122O11Rik"
"3521","J3QPX0","5730507C01Rik"
"3522","J3QPY3","Faiml"
"3523","J3QPZ4","Gm20812"
"3524","CFA73","Cfap73"
"3525","J3QQ02","Gm2056"
"3526","J3QQ10","Gm7102"
"3527","J3QQ14","Gm4791"
"3528","J3QQ23","Gm21310"
"3529","J3QQ27","Ccdc191"
"3530","J3QQ32","A630076J17Rik"
"3531","J3QQ59","Gm3383"
"3532","TSEAR","Tspear"
"3533","J9JI72","Gm1141"
"3534","J9S314","Trpm3"
"3535","K7N5P2","Gm3402"
"3536","K7N5P3","Olfr906"
"3537","K7N5T5","Olfr190"
"3538","K7N5U4","Gm14496"
"3539","K7N5V5","Gm5862"
"3540","K7N5W1","Vmn2r30"
"3541","K7N5X7","Olfr724"
"3542","K7N608","Vmn1r78"
"3543","K7N609","Olfr611"
"3544","K7N621","Vmn2r10"
"3545","K7N641","Olfr694"
"3546","K7N645","Olfr519"
"3547","K7N659","Olfr1425"
"3548","K7N660","Gm10220"
"3549","K7N662","Olfr707"
"3550","K7N665","Gm7995"
"3551","K7N674","Vmn2r111"
"3552","K7N678","Olfr893"
"3553","K7N684","Olfr1331"
"3554","K7N686","Vmn2r32"
"3555","K7N688","Vmn1r27"
"3556","K7N692","Gm10338"
"3557","K7N693","Gm3043"
"3558","K7N6A0","Gm10354"
"3559","K7N6B1","Olfr635"
"3560","K7N6B2","Olfr628"
"3561","K7N6B3","Olfr618"
"3562","K7N6B6","Vmn1r168"
"3563","K7N6B7","Gm10665"
"3564","K7N6B8","Vmn1r93"
"3565","K7N6C2","Cyp2c68"
"3566","K7N6G6","Gm16440"
"3567","K7N6H3","Zfp934"
"3568","K7N6J2","Vmn1r244"
"3569","K7N6J4","Vmn1r121"
"3570","K7N6J5","Vmn1r127"
"3571","K7N6J6","Vmn1r120"
"3572","K7N6K7","Sirpb1c"
"3573","K7N6K9","Sult2a5"
"3574","K7N6P1","Rhox2h"
"3575","K7N6S8","Speer4e"
"3576","K7N6T2","Vmn2r67"
"3577","K7N6T7","Gm2897"
"3578","K7N6T8","Gm3182"
"3579","K7N6T9","Vmn1r175"
"3580","K7N6U0","Vmn1r142"
"3581","K7N6U2","Gm3542"
"3582","K7N6U5","Vmn2r78"
"3583","K7N6U8","Gm8094"
"3584","K7N6V0","Gm3476"
"3585","K7N6V1","Vmn2r117"
"3586","K7N6V2","Vmn2r58"
"3587","K7N6V4","Gm3642"
"3588","K7N6V7","Olfr1564"
"3589","K7N6W5","Gm17019"
"3590","K7N6W9","Vmn1r170"
"3591","K7N6X2","Lamtor3-ps"
"3592","K7N6X3","Vmn1r94"
"3593","K7N6X7","Vmn1r103"
"3594","K7N6X9","Gm6337"
"3595","K7N6Y2","Gm3629"
"3596","K7N6Y3","Vmn1r115"
"3597","K7N6Y5","Gm8011"
"3598","K7N6Y6","Gm8362"
"3599","K7N6Y7","Vmn2r21"
"3600","K7N6Y8","Gm8265"
"3601","K7N6Z0","Gm17026"
"3602","K7N6Z2","Vmn2r97"
"3603","K7N6Z8","Vmn2r9"
"3604","K7N701","Vmn1r159"
"3605","K7N702","Vmn2r70"
"3606","K7N705","Vmn2r33"
"3607","K7N708","Gm10340"
"3608","K7N709","Vmn2r47"
"3609","K7N712","Vmn2r62"
"3610","K7N721","Gm3248"
"3611","K7N724","Gm3453"
"3612","K7N726","Vmn1r122"
"3613","K7N727","Olfr819"
"3614","K7N731","Vmn1r57"
"3615","K7N734","Gm8108"
"3616","K7N741","Vmn2r36"
"3617","K7N743","Gm3755"
"3618","K7N744","Gm8104"
"3619","K7N746","Gm2888"
"3620","K7N747","Vmn2r109"
"3621","K7N749","Gm8229"
"3622","K7N751","Gm3696"
"3623","K7N754","Gm3138"
"3624","K7N757","Gm3667"
"3625","K7N760","Gm3159"
"3626","K7N769","2410141K09Rik"
"3627","K7N775","Vmn1r16"
"3628","K7N778","Vmn1r20"
"3629","K7N784","Vmn2r4"
"3630","K7N788","Vmn2r5"
"3631","K7N789","Vmn2r124"
"3632","K7N7D7","Gm8871"
"3633","K9J6X0","Olfr1360"
"3634","K9J724","Defa36"
"3635","K9J725","Olfr237"
"3636","K9J7B2","Ugt1a6b"
"3637","K9J7D1","Gm6351"
"3638","K9J7E2","Gm4301"
"3639","K9J7F4","Vmn1r260"
"3640","K9J7G0","Vmn1r163"
"3641","K9J7G2","Vmn1r241"
"3642","K9J7G4","Vmn1r242"
"3643","K9J7G6","Vmn1r243"
"3644","K9J7G9","Vmn1r245"
"3645","K9J7H2","Vmn1r256"
"3646","KIF14","Kif14"
"3647","L7MTS5","Gm12794"
"3648","L7MTT1","Olfr1121"
"3649","L7MTT3","Olfr1022"
"3650","L7MTU6","Ifnab"
"3651","L7MTV4","Olfr1329"
"3652","L7MTX3","1700020N15Rik"
"3653","L7MTY4","Olfr319"
"3654","L7MU04","H2al1o"
"3655","L7MU37","Rhox3h"
"3656","L7MU51","Olfr1249"
"3657","L7MU53","Olfr1221"
"3658","L7MU54","Olfr1218"
"3659","L7MU57","Olfr1154"
"3660","L7MU59","Olfr1053"
"3661","L7MU75","Olfr62"
"3662","L7MU81","Btbd35f17"
"3663","L7MU83","Btbd35f18"
"3664","L7MU96","Gm13128"
"3665","L7MUB4","Gm15023"
"3666","L7MUB9","Rhox2g"
"3667","L7MUF1","Gm6121"
"3668","L7N1W8","Vmn2r88"
"3669","L7N1X2","Vmn2r13"
"3670","L7N1X3","Olfr209"
"3671","L7N1X4","Zfp457"
"3672","L7N1X5","Olfr905"
"3673","FBW15","Fbxw15"
"3674","L7N1X7","Olfr738"
"3675","L7N1X9","Dcpp1"
"3676","L7N1Y0","Dnah7b"
"3677","L7N1Y2","Olfr743"
"3678","L7N1Y3","Gm10436"
"3679","L7N1Y4","Olfr603"
"3680","L7N1Y5","Olfr741"
"3681","L7N1Y6","Olfr889"
"3682","L7N1Y8","Olfr194"
"3683","L7N1Z1","Olfr117"
"3684","L7N1Z3","Vmn1r80"
"3685","L7N1Z4","Vmn2r31"
"3686","L7N1Z5","Olfr898"
"3687","L7N1Z8","Olfr191"
"3688","L7N1Z9","Vmn2r93"
"3689","L7N203","Vmn2r28"
"3690","L7N205","Olfr203"
"3691","L7N206","Gm3512"
"3692","L7N208","Gm10324"
"3693","L7N210","Olfr895"
"3694","L7N213","Vmn1r86"
"3695","L7N215","Vmn2r51"
"3696","L7N216","Speer4d"
"3697","L7N217","Vmn2r12"
"3698","L7N218","Gm8165"
"3699","L7N219","Gm5458"
"3700","L7N221","Vmn2r112"
"3701","L7N222","Mup13"
"3702","L7N224","Olfr597"
"3703","L7N226","Vmn1r114"
"3704","L7N227","Vmn1r125"
"3705","L7N228","Gm21750"
"3706","L7N229","Spopfm1"
"3707","L7N231","Defa40"
"3708","L7N232","Zfp955b"
"3709","L7N234","Gm9611"
"3710","L7N235","Gm8281"
"3711","L7N239","Igkv4-71"
"3712","L7N244","Gm20878"
"3713","L7N245","Sult2a4"
"3714","L7N248","Gm6871"
"3715","L7N253","4930555G01Rik"
"3716","L7N257","Cstdc6"
"3717","L7N259","Dcpp3"
"3718","L7N264","Gm5724"
"3719","L7N267","Zfp960"
"3720","L7N269","Vmn2r57"
"3721","L7N270","Vmn1r123"
"3722","L7N271","Gm7970"
"3723","L7N273","Vmn1r118"
"3724","L7N275","Vmn1r169"
"3725","L7N277","Gm7942"
"3726","L7N279","Vmn2r102"
"3727","L7N280","Gm21962"
"3728","L7N282","Vmn2r46"
"3729","L7N285","Gm3115"
"3730","L7N288","Vmn1r151"
"3731","L7N291","Gm8857"
"3732","L7N292","Gm3573"
"3733","L7N293","Vmn1r104"
"3734","L7N296","Gm3739"
"3735","L7N298","Gm3424"
"3736","L7N2A0","Vmn2r15"
"3737","L7N2A3","Gm2244"
"3738","L7N2A4","Vmn2r92"
"3739","L7N2A6","Vmn1r116"
"3740","L7N2A7","Gm6356"
"3741","L7N2A9","Gm8374"
"3742","L7N2B0","Gm8220"
"3743","L7N2B1","Vmn2r20"
"3744","L7N2B2","Vmn2r52"
"3745","L7N2B3","Vmn2r68"
"3746","L7N2B4","Vmn1r128"
"3747","L7N2B5","Vmn2r45"
"3748","L7N2B7","Vmn2r77"
"3749","L7N2B8","Vmn2r61"
"3750","L7N2B9","Gm3164"
"3751","L7N2C3","Gm7138"
"3752","L7N2C4","Gm4340"
"3753","L7N2C5","Gm3264"
"3754","L7N2C7","Gm8122"
"3755","L7N2C8","Vmn1r126"
"3756","L7N2C9","Vmn1r117"
"3757","L7N2D0","Gm3486"
"3758","L7N2D2","Gm3278"
"3759","L7N2D4","Vmn2r29"
"3760","L7N2D8","Vmn2r71"
"3761","L7N2D9","Gm3239"
"3762","L7N2E0","Gm8024"
"3763","L7N2E1","Vmn2r44"
"3764","L7N2E2","Gm8271"
"3765","L7N2E3","Gm8050"
"3766","L7N2E5","Vmn2r39"
"3767","L7N2E7","Zfp977"
"3768","L7N2E9","Vmn2r2"
"3769","L7N455","Olfr467"
"3770","L7N456","Gm6502"
"3771","L7N457","Olfr1513"
"3772","L7N462","Olfr612"
"3773","L7N463","Cyp2d34"
"3774","L7N466","Mthfsl"
"3775","L7N471","Gm7980"
"3776","L7N472","Vmn2r8"
"3777","L7N474","Gm5861"
"3778","L7N475","Olfr92"
"3779","L7N479","Trgc3"
"3780","L7N480","Fam71e2"
"3781","L7N481","Gm6309"
"3782","M0QW46","Ascl4"
"3783","M0QW51","Gm17078"
"3784","M0QW81","Gm3488"
"3785","M0QW83","Gm26741"
"3786","M0QWA4","Gm26602"
"3787","M0QWB7","Ascl5"
"3788","M0QWC7","Gm19426"
"3789","M0QWD8","Gm10267"
"3790","M0QWL4","Gm3532"
"3791","M0QWL6","Gsg1l2"
"3792","M0QWN7","Usp35"
"3793","M0QWQ9","Gm17174"
"3794","M0QWR8","Gm6614"
"3795","M0QWX3","Gm26897"
"3796","M0QWX9","Gm8246"
"3797","M9MMJ7","Olfr224"
"3798","M9MMK4","Olfr329"
"3799","TECTA","Tecta"
"3800","TECTB","Tectb"
"3801","HXK2","Hk2"
"3802","CAN2","Capn2"
"3803","S1PR1","S1pr1"
"3804","CA2D1","Cacna2d1"
"3805","ESR2","Esr2"
"3806","ANGP1","Angpt1"
"3807","BIN1","Bin1"
"3808","MSMB","Msmb"
"3809","EFNA4","Efna4"
"3810","EFNA5","Efna5"
"3811","EFNA3","Efna3"
"3812","SC22B","Sec22b"
"3813","KMT2B","Kmt2b"
"3814","DPYL2","Dpysl2"
"3815","LEG9","Lgals9"
"3816","MESP2","Mesp2"
"3817","EYA2","Eya2"
"3818","RUN3A","Rundc3a"
"3819","EMD","Emd"
"3820","ERR1","Esrra"
"3821","KCNK1","Kcnk1"
"3822","GTPB1","Gtpbp1"
"3823","THOC4","Alyref"
"3824","KLF6","Klf6"
"3825","CLCA","Clta"
"3826","PTEN","Pten"
"3827","STXB1","Stxbp1"
"3828","NUCG","Endog"
"3829","MTP","Mttp"
"3830","RAE1A","Raet1a"
"3831","RAE1B","Raet1b"
"3832","RAE1C","Raet1c"
"3833","MKNK1","Mknk1"
"3834","OAZ2","Oaz2"
"3835","MLX","Mlx"
"3836","O08631","Gm10229"
"3837","KR195","Krtap19-5"
"3838","KRA81","Krtap8-1"
"3839","MYH11","Myh11"
"3840","KRA14","Krtap14"
"3841","SH3Y1","Sh3yl1"
"3842","O08643","Gzmm"
"3843","EPHB6","Ephb6"
"3844","M3K4","Map3k4"
"3845","HYAS3","Has3"
"3846","MAP2","Metap2"
"3847","BCL7C","Bcl7c"
"3848","SEM3A","Sema3a"
"3849","KIFC2","Kifc2"
"3850","RBPJL","Rbpjl"
"3851","PAR3","F2rl2"
"3852","KNG1","Kng1"
"3853","BARX2","Barx2"
"3854","CAN5","Capn5"
"3855","GDF8","Mstn"
"3856","ARGI2","Arg2"
"3857","NGP","Ngp"
"3858","FOXM1","Foxm1"
"3859","NTCP","Slc10a1"
"3860","ACKR2","Ackr2"
"3861","PRDX6","Prdx6"
"3862","THYG","Tg"
"3863","TR11B","Tnfrsf11b"
"3864","AKAP1","Akap1"
"3865","FABP9","Fabp9"
"3866","INHBE","Inhbe"
"3867","BAK","Bak1"
"3868","CASPC","Casp12"
"3869","CASP6","Casp6"
"3870","AMPD3","Ampd3"
"3871","RPB11","Polr2j"
"3872","GPV","Gp5"
"3873","MATN2","Matn2"
"3874","UNC5C","Unc5c"
"3875","DLDH","Dld"
"3876","NFIL3","Nfil3"
"3877","HNF6","Onecut1"
"3878","HCD2","Hsd17b10"
"3879","UBE3A","Ube3a"
"3880","OGG1","Ogg1"
"3881","NETR","Prss12"
"3882","TCOF","Tcof1"
"3883","CLOCK","Clock"
"3884","CCKAR","Cckar"
"3885","DCTN1","Dctn1"
"3886","MNT","Mnt"
"3887","FPRS1","Fpr-s1"
"3888","COE3","Ebf3"
"3889","COE2","Ebf2"
"3890","GLU2B","Prkcsh"
"3891","EF2K","Eef2k"
"3892","O08797","Serpinb9"
"3893","SPB8","Serpinb8"
"3894","O08804","Serpinb6b"
"3895","O08806","Serpinb9e"
"3896","PRDX4","Prdx4"
"3897","DIAP1","Diaph1"
"3898","U5S1","Eftud2"
"3899","ERCC2","Ercc2"
"3900","GALT4","Galnt4"
"3901","GFRA2","Gfra2"
"3902","LST1","Lst1"
"3903","RO60","RO60"
"3904","RGS2","Rgs2"
"3905","RGS5","Rgs5"
"3906","PKD1","Pkd1"
"3907","ELL","Ell"
"3908","SSR5","Sstr5"
"3909","TSG6","Tnfaip6"
"3910","BIRC3","Birc3"
"3911","KRA62","Krtap6-2"
"3912","RGS4","Rgs4"
"3913","IKZF3","Ikzf3"
"3914","BUB1","Bub1"
"3915","P85B","Pik3r2"
"3916","MK12","Mapk12"
"3917","GALT1","Galnt1"
"3918","FAAH1","Faah"
"3919","AIP","Aip"
"3920","FLOT1","Flot1"
"3921","CCNG2","Ccng2"
"3922","NUMBL","Numbl"
"3923","UNC4","Uncx"
"3924","S22A1","Slc22a1"
"3925","CYH3","Cyth3"
"3926","PHLA2","Phlda2"
"3927","TUFT1","Tuft1"
"3928","PBAS","Pbsn"
"3929","HPS1","Hps1"
"3930","RASM","Mras"
"3931","SDCB1","Sdcbp"
"3932","ATOX1","Atox1"
"3933","LTBP2","Ltbp2"
"3934","NCOA3","Ncoa3"
"3935","DEGS1","Degs1"
"3936","MFNG","Mfng"
"3937","RFNG","Rfng"
"3938","LFNG","Lfng"
"3939","PEX5","Pex5"
"3940","I13R1","Il13ra1"
"3941","DBIL5","Dbil5"
"3942","REG3A","Reg3a"
"3943","SH2B3","Sh2b3"
"3944","NAPSA","Napsa"
"3945","SNP23","Snap23"
"3946","OXLA","Il4i1"
"3947","C3AR","C3ar1"
"3948","O09048","1110025L11Rik"
"3949","REG3G","Reg3g"
"3950","GUC2B","Guca2b"
"3951","WRN","Wrn"
"3952","PSB1","Psmb1"
"3953","GATA2","Gata2"
"3954","PIGF","Pigf"
"3955","GCM2","Gcm2"
"3956","NDF4","Neurod4"
"3957","HDAC1","Hdac1"
"3958","INSL3","Insl3"
"3959","LSHB","Lhb"
"3960","MP2K3","Map2k3"
"3961","NDUBB","Ndufb11"
"3962","DUS8","Dusp8"
"3963","OTP","Otp"
"3964","PTGDS","Ptgds"
"3965","SPRR3","Sprr3"
"3966","SYPL1","Sypl1"
"3967","NET1","Ntn1"
"3968","SEM4D","Sema4d"
"3969","EPHA8","Epha8"
"3970","NF2IP","Nfatc2ip"
"3971","GSTO1","Gsto1"
"3972","SMR2A","Smr2"
"3973","CP3AP","Cyp3a25"
"3974","MA2B1","Man2b1"
"3975","FUT1","Fut1"
"3976","CASQ2","Casq2"
"3977","SODE","Sod3"
"3978","CASQ1","Casq1"
"3979","RL21","Rpl21"
"3980","GSH0","Gclm"
"3981","HGD","Hgd"
"3982","AMACR","Amacr"
"3983","MAL","Mal"
"3984","O19441","H2-Q1"
"3985","O19442","H2-M9"
"3986","O19443","H2-M10.1"
"3987","HOP2","Psmc3ip"
"3988","CLD4","Cldn4"
"3989","KIF3C","Kif3c"
"3990","KIF1C","Kif1c"
"3991","PTGIS","Ptgis"
"3992","VP26C","Vps26c"
"3993","KLOT","Kl"
"3994","PLCA","Agpat1"
"3995","CP27B","Cyp27b1"
"3996","ARX","Arx"
"3997","CNIH2","Cnih2"
"3998","DPYL4","Dpysl4"
"3999","M3K5","Map3k5"
"4000","OMD","Omd"
"4001","KCNK3","Kcnk3"
"4002","SCRB2","Scarb2"
"4003","GFRA3","Gfra3"
"4004","LRC23","Lrrc23"
"4005","ATN1","Atn1"
"4006","C10","Grcc10"
"4007","PHB2","Phb2"
"4008","NEP1","Emg1"
"4009","RPA1","Polr1a"
"4010","NCAM2","Ncam2"
"4011","ALX4","Alx4"
"4012","ATIF1","ATP5IF1"
"4013","TERF2","Terf2"
"4014","ZNT4","Slc30a4"
"4015","BET1L","Bet1l"
"4016","PITX3","Pitx3"
"4017","CELR1","Celsr1"
"4018","MCPT9","Mcpt9"
"4019","GOSR2","Gosr2"
"4020","KCNS1","Kcns1"
"4021","KCNS2","Kcns2"
"4022","O35176","Scgb1b2"
"4023","CASL","Nedd9"
"4024","NRG3","Nrg3"
"4025","SMAD6","Smad6"
"4026","BHE40","Bhlhe40"
"4027","X3CL1","Cx3cl1"
"4028","O35192","Vmn2r42"
"4029","O35199","Vmn2r89"
"4030","GRAK","Gzmk"
"4031","COFA1","Col15a1"
"4032","CDKA1","Cdk2ap1"
"4033","OPSX","Rrh"
"4034","DOPD","Ddt"
"4035","CENPA","Cenpa"
"4036","CPSF2","Cpsf2"
"4037","KCNH2","Kcnh2"
"4038","PSMD4","Psmd4"
"4039","ADAM7","Adam7"
"4040","IL27B","Ebi3"
"4041","KIFC3","Kifc3"
"4042","TNF11","Tnfsf11"
"4043","PTN9","Ptpn9"
"4044","FAN","Nsmaf"
"4045","PKD2","Pkd2"
"4046","EXOC7","Exoc7"
"4047","SMAD7","Smad7"
"4048","PR4A1","Prl4a1"
"4049","PR6A1","Prl6a1"
"4050","E2F3","E2f3"
"4051","CHK1","Chek1"
"4052","BATF","Batf"
"4053","DHX15","Dhx15"
"4054","ECP3","Ear3"
"4055","RNAS2","Rnase2"
"4056","RNS2B","Rnase2b"
"4057","PURB","Purb"
"4058","AOAH","Aoah"
"4059","VACHT","Slc18a3"
"4060","TNR11","Tnfrsf11a"
"4061","MOT3","Slc16a8"
"4062","NMI","Nmi"
"4063","HS3S1","Hs3st1"
"4064","SC6A6","Slc6a6"
"4065","PBX3","Pbx3"
"4066","SH21B","Sh2d1b"
"4067","SRSF5","Srsf5"
"4068","IMA3","Kpna4"
"4069","IMA4","Kpna3"
"4070","IMA7","Kpna6"
"4071","DGCR6","Dgcr6"
"4072","COLQ","Colq"
"4073","CAN1","Capn1"
"4074","KERA","Kera"
"4075","IFI3","Ifi203"
"4076","CNIH1","Cnih1"
"4077","NRP2","Nrp2"
"4078","MRP1","Abcc1"
"4079","AN32A","Anp32a"
"4080","EXOC4","Exoc4"
"4081","PPE2","Ppef2"
"4082","PAHX","Phyh"
"4083","HAX1","Hax1"
"4084","FOXD2","Foxd2"
"4085","EFNB3","Efnb3"
"4086","ST2B1","Sult2b1"
"4087","ST3A1","Sult3a1"
"4088","PLD3","Pld3"
"4089","FOLH1","Folh1"
"4090","PDYN","Pdyn"
"4091","SPYA","Agxt"
"4092","BOK","Bok"
"4093","XBP1","Xbp1"
"4094","RPC9","Crcp"
"4095","PYRD","Dhodh"
"4096","TCF21","Tcf21"
"4097","RNF5","Rnf5"
"4098","PPT2","Ppt2"
"4099","PRRT1","Prrt1"
"4100","FKBPL","Fkbpl"
"4101","ATF6B","Atf6b"
"4102","HEPS","Hpn"
"4103","CLCN6","Clcn6"
"4104","CCRL2","Ccrl2"
"4105","ECH1","Ech1"
"4106","SEM6A","Sema6a"
"4107","FKBP8","Fkbp8"
"4108","WNT9B","Wnt9b"
"4109","3BHS6","Hsd3b6"
"4110","C1D","C1d"
"4111","EDIL3","Edil3"
"4112","AZIN1","Azin1"
"4113","CRYGS","Crygs"
"4114","S27A2","Slc27a2"
"4115","BHMT1","Bhmt"
"4116","CLK2","Clk2"
"4117","CLK3","Clk3"
"4118","CLK4","Clk4"
"4119","CDK14","Cdk14"
"4120","NOTC2","Notch2"
"4121","STX1A","Stx1a"
"4122","TFPI2","Tfpi2"
"4123","EAA4","Slc1a6"
"4124","RABE1","Rabep1"
"4125","FGF10","Fgf10"
"4126","CD151","Cd151"
"4127","PSDE","Psmd14"
"4128","IFT81","Ift81"
"4129","PTC2","Ptch2"
"4130","ADA10","Adam10"
"4131","OPSG","Opn1mw"
"4132","ABCA4","Abca4"
"4133","FYB1","Fyb1"
"4134","RX","Rax"
"4135","NPC1","Npc1"
"4136","BMPR2","Bmpr2"
"4137","ANGP2","Angpt2"
"4138","SCAM3","Scamp3"
"4139","DAXX","Daxx"
"4140","FOG1","Zfpm1"
"4141","MDM4","Mdm4"
"4142","PMM1","Pmm1"
"4143","FGF15","Fgf15"
"4144","BET1","Bet1"
"4145","AXIN1","Axin1"
"4146","RASD1","Rasd1"
"4147","NR1I3","Nr1i3"
"4148","HYAL2","Hyal2"
"4149","VIAAT","Slc32a1"
"4150","STAG2","Stag2"
"4151","ANXA3","Anxa3"
"4152","ANXA8","Anxa8"
"4153","AP1B1","Ap1b1"
"4154","CAN6","Capn6"
"4155","CETN3","Cetn3"
"4156","LHX8","Lhx8"
"4157","DPOD2","Pold2"
"4158","PPE1","Ppef1"
"4159","NEUR1","Neu1"
"4160","C1QBP","C1qbp"
"4161","GLP1R","Glp1r"
"4162","GSTM6","Gstm6"
"4163","INAR2","Ifnar2"
"4164","HAP1","Hap1"
"4165","ITBP1","Itgb1bp1"
"4166","ADA19","Adam19"
"4167","MGLL","Mgll"
"4168","ISK4","Spink4"
"4169","RT12","Mrps12"
"4170","SYT3","Syt3"
"4171","MYADM","Myadm"
"4172","NDUA1","Ndufa1"
"4173","NEUS","Serpini1"
"4174","NUDC","Nudc"
"4175","PHX2B","Phox2b"
"4176","PININ","Pnn"
"4177","SIA8B","St8sia2"
"4178","RBY1A","Rbmy1a1"
"4179","MATN3","Matn3"
"4180","SPTC1","Sptlc1"
"4181","ENC1","Enc1"
"4182","NOCT","Noct"
"4183","LIPB2","Ppfibp2"
"4184","TNR18","Tnfrsf18"
"4185","SOCS1","Socs1"
"4186","SOCS2","Socs2"
"4187","SOCS3","Socs3"
"4188","RA51B","Rad51b"
"4189","DNJB3","Dnajb3"
"4190","CP4AE","Cyp4a14"
"4191","RING1","Ring1"
"4192","CFLAR","Cflar"
"4193","HNRH1","Hnrnph1"
"4194","KLF12","Klf12"
"4195","KLF9","Klf9"
"4196","CITE2","Cited2"
"4197","CHIL3","Chil3"
"4198","API5","Api5"
"4199","BCAT2","Bcat2"
"4200","TIM44","Timm44"
"4201","CSN5","Cops5"
"4202","SATT","Slc1a4"
"4203","ASCL2","Ascl2"
"4204","CALU","Calu"
"4205","SP100","Sp100"
"4206","LSM2","Lsm2"
"4207","DSG3","Dsg3"
"4208","CCL25","Ccl25"
"4209","PK3CD","Pik3cd"
"4210","SPIB","Spib"
"4211","EMP3","Emp3"
"4212","BNC1","Bnc1"
"4213","CD5R2","Cdk5r2"
"4214","CTND2","Ctnnd2"
"4215","REM1","Rem1"
"4216","GP1BA","Gp1ba"
"4217","ALOX8","Alox8"
"4218","NEK2","Nek2"
"4219","FRDA","Fxn"
"4220","AL1A7","Aldh1a7"
"4221","ELOV3","Elovl3"
"4222","PITM1","Pitpnm1"
"4223","PSB10","Psmb10"
"4224","RB33B","Rab33b"
"4225","GAMT","Gamt"
"4226","RM23","Mrpl23"
"4227","PER1","Per1"
"4228","NAR2B","Art2b"
"4229","NTH","Nthl1"
"4230","PBX2","Pbx2"
"4231","SDC4","Sdc4"
"4232","CCR6","Ccr6"
"4233","ZW10","Zw10"
"4234","EDA","Eda"
"4235","KLRD1","Klrd1"
"4236","NKG2D","Klrk1"
"4237","PIAS3","Pias3"
"4238","O54718","Irs3"
"4239","CAVN1","Cavin1"
"4240","MMP15","Mmp15"
"4241","OST48","Ddost"
"4242","FOXF2","Foxf2"
"4243","CP2J5","Cyp2j5"
"4244","CP2J6","Cyp2j6"
"4245","CRX","Crx"
"4246","AOXA","Aox1"
"4247","AP3D1","Ap3d1"
"4248","CCN4","Ccn4"
"4249","SRPK2","Srpk2"
"4250","MA2B2","Man2b2"
"4251","DAPK3","Dapk3"
"4252","LIMK2","Limk2"
"4253","DFFA","Dffa"
"4254","DFFB","Dffb"
"4255","MAFG","Mafg"
"4256","MAFF","Maff"
"4257","HES2","Hes2"
"4258","AQP7","Aqp7"
"4259","BRS3","Brs3"
"4260","NMBR","Nmbr"
"4261","P2RX6","P2rx6"
"4262","CHKA","Chka"
"4263","TPD53","Tpd52l1"
"4264","TFPI1","Tfpi"
"4265","IL16","Il16"
"4266","BYST","Bysl"
"4267","AF10","Mllt10"
"4268","AT10A","Atp10a"
"4269","RGS9","Rgs9"
"4270","RGS7","Rgs7"
"4271","PR7A1","Prl7a1"
"4272","PR7A2","Prl7a2"
"4273","O54832","Prl8a2"
"4274","CSK22","Csnk2a2"
"4275","RHG06","Arhgap6"
"4276","ZMAT3","Zmat3"
"4277","EOMES","Eomes"
"4278","CXD2","Gjd2"
"4279","TSSK2","Tssk2"
"4280","SUV91","Suv39h1"
"4281","GCYB1","Gucy1b1"
"4282","HMGB3","Hmgb3"
"4283","TYOBP","Tyrobp"
"4284","TSKS","Tsks"
"4285","ITB3","Itgb3"
"4286","LEG6","Lgals6"
"4287","GPR27","Gpr27"
"4288","OX2G","Cd200"
"4289","B3GT1","B3galt1"
"4290","B3GT2","B3galt2"
"4291","TNF12","Tnfsf12"
"4292","DKK1","Dkk1"
"4293","RDH16","Rdh16"
"4294","IKBE","Nfkbie"
"4295","NR1I2","Nr1i2"
"4296","REPS1","Reps1"
"4297","E2F6","E2f6"
"4298","B2L11","Bcl2l11"
"4299","SIVA","Siva1"
"4300","WSB1","Wsb1"
"4301","SOCS5","Socs5"
"4302","WSB2","Wsb2"
"4303","AKAP2","Akap2"
"4304","BNIP2","Bnip2"
"4305","SMCE1","Smarce1"
"4306","CLD5","Cldn5"
"4307","PER2","Per2"
"4308","DNJB6","Dnajb6"
"4309","NLK","Nlk"
"4310","AAKG1","Prkag1"
"4311","SEM6B","Sema6b"
"4312","DPOE2","Pole2"
"4313","LAT","Lat"
"4314","BAF","Banf1"
"4315","RNF13","Rnf13"
"4316","ACK1","Tnk2"
"4317","MTG16","Cbfa2t3"
"4318","LEG7","Lgals7"
"4319","KCNU1","Kcnu1"
"4320","CRYM","Crym"
"4321","GET3","Get3"
"4322","SLK","Slk"
"4323","PROM1","Prom1"
"4324","CNTP1","Cntnap1"
"4325","MAPK5","Mapkapk5"
"4326","FKBP7","Fkbp7"
"4327","BNIP3","Bnip3"
"4328","TPPC3","Trappc3"
"4329","CAC1B","Cacna1b"
"4330","PGRC1","Pgrmc1"
"4331","IMPA1","Impa1"
"4332","ENTP2","Entpd2"
"4333","BCKD","Bckdk"
"4334","COPB2","Copb2"
"4335","NCK2","Nck2"
"4336","CXL13","Cxcl13"
"4337","NMUR1","Nmur1"
"4338","SYUA","Snca"
"4339","TLK2","Tlk2"
"4340","TRDMT","Trdmt1"
"4341","PDE6D","Pde6d"
"4342","TPMT","Tpmt"
"4343","DNSL3","Dnase1l3"
"4344","CP2BJ","Cyp2b19"
"4345","PTN20","Ptpn20"
"4346","MEF2B","Mef2b"
"4347","IMPCT","Impact"
"4348","STK10","Stk10"
"4349","SNG1","Syngr1"
"4350","SNG2","Syngr2"
"4351","BL1S1","Bloc1s1"
"4352","PRAX","Prx"
"4353","STRN","Strn"
"4354","DSG2","Dsg2"
"4355","AFF2","Aff2"
"4356","MMP10","Mmp10"
"4357","NIPS1","Nipsnap1"
"4358","NIPS2","Nipsnap2"
"4359","CP26A","Cyp26a1"
"4360","SAP18","Sap18"
"4361","SEPT7","Septin7"
"4362","PCD12","Pcdh12"
"4363","IF6","Eif6"
"4364","ACOT1","Acot1"
"4365","RL35A","Rpl35a"
"4366","AT2A2","Atp2a2"
"4367","TLX3","Tlx3"
"4368","PJA1","Pja1"
"4369","O55179","Bcl2a1d"
"4370","STC1","Stc1"
"4371","CD59A","Cd59a"
"4372","CBX4","Cbx4"
"4373","DMP1","Dmp1"
"4374","AMBN","Ambn"
"4375","SC6A2","Slc6a2"
"4376","ENAM","Enam"
"4377","SPT5H","Supt5h"
"4378","LDB2","Ldb2"
"4379","FIGLA","Figla"
"4380","ILK","Ilk"
"4381","OTOG","Otog"
"4382","CHAD","Chad"
"4383","CHKB","Chkb"
"4384","RA51D","Rad51d"
"4385","CER1","Cer1"
"4386","PSB5","Psmb5"
"4387","MCE1","Rngtt"
"4388","CD70","Cd70"
"4389","NNMT","Nnmt"
"4390","RDH5","Rdh5"
"4391","OREX","Hcrt"
"4392","SGMR1","Sigmar1"
"4393","AURKB","Aurkb"
"4394","NINJ1","Ninj1"
"4395","DHX9","Dhx9"
"4396","ALX3","Alx3"
"4397","MMP8","Mmp8"
"4398","IPKG","Pkig"
"4399","NCF2","Ncf2"
"4400","TESK1","Tesk1"
"4401","DPM1","Dpm1"
"4402","TOP3A","Top3a"
"4403","PI51C","Pip5k1c"
"4404","FCN1","Fcn1"
"4405","STMN3","Stmn3"
"4406","P3C2G","Pik3c2g"
"4407","PRS39","Prss39"
"4408","PI42A","Pip4k2a"
"4409","ACHA4","Chrna4"
"4410","PACA","Adcyap1"
"4411","ATF5","Atf5"
"4412","EIF3D","Eif3d"
"4413","AIF1","Aif1"
"4414","BIRC5","Birc5"
"4415","PDLI3","Pdlim3"
"4416","HMX1","Hmx1"
"4417","FOXQ1","Foxq1"
"4418","ATP9A","Atp9a"
"4419","ZN143","Znf143"
"4420","GFI1B","Gfi1b"
"4421","O70238","Rhox6"
"4422","PGAM2","Pgam2"
"4423","EF1B","Eef1b"
"4424","HMOX2","Hmox2"
"4425","MPZL2","Mpzl2"
"4426","SGCE","Sgce"
"4427","LNX1","Lnx1"
"4428","EHF","Ehf"
"4429","TP4A2","Ptp4a2"
"4430","ESS2","Ess2"
"4431","TPST1","Tpst1"
"4432","WNT2B","Wnt2b"
"4433","GRK4","Grk4"
"4434","GRK6","Grk6"
"4435","MB211","Mab21l1"
"4436","PSPN","Pspn"
"4437","CIDEA","Cidea"
"4438","CIDEB","Cideb"
"4439","ATX2","Atxn2"
"4440","TBX15","Tbx15"
"4441","ITB5","Itgb5"
"4442","NMT1","Nmt1"
"4443","NMT2","Nmt2"
"4444","E41L2","Epb41l2"
"4445","MOT8","Slc16a2"
"4446","GPX4","Gpx4"
"4447","GREM1","Grem1"
"4448","CRIPT","Cript"
"4449","BIK","Bik"
"4450","RNH1","Rnaseh1"
"4451","NPTX2","Nptx2"
"4452","NPY5R","Npy5r"
"4453","PRGC1","Ppargc1a"
"4454","DXO","Dxo"
"4455","CAH11","Ca11"
"4456","BTNL2","Btnl2"
"4457","PER3","Per3"
"4458","PHLD","Gpld1"
"4459","CATS","Ctss"
"4460","TERT","Tert"
"4461","XIRP1","Xirp1"
"4462","MTG8R","Cbfa2t2"
"4463","EMC8","Emc8"
"4464","I27RA","Il27ra"
"4465","PDLI1","Pdlim1"
"4466","TSN6","Tspan6"
"4467","VAMP8","Vamp8"
"4468","ULK1","Ulk1"
"4469","V2R1","Vmn2r1"
"4470","FZD1","Fzd1"
"4471","TF2H4","Gtf2h4"
"4472","AOC3","Aoc3"
"4473","FHL2","Fhl2"
"4474","PSA3","Psma3"
"4475","STX7","Stx7"
"4476","GNAZ","Gnaz"
"4477","BARD1","Bard1"
"4478","MOT2","Slc16a7"
"4479","1433S","Sfn"
"4480","OSMR","Osmr"
"4481","CCL19","Ccl19"
"4482","MYPC3","Mybpc3"
"4483","DOK2","Dok2"
"4484","TM131","Tmem131"
"4485","UGDH","Ugdh"
"4486","PKNX1","Pknox1"
"4487","BACD2","Tnfaip1"
"4488","VAMP4","Vamp4"
"4489","UBR1","Ubr1"
"4490","STRA6","Stra6"
"4491","SNX3","Snx3"
"4492","SNX12","Snx12"
"4493","SP3","Sp3"
"4494","CLCN7","Clcn7"
"4495","FCN2","Fcn2"
"4496","DHB12","Hsd17b12"
"4497","HCN4","Hcn4"
"4498","FGFP1","Fgfbp1"
"4499","O70517","Gm20767"
"4500","O70518","Tcstv3"
"4501","KDM6A","Kdm6a"
"4502","TELT","Tcap"
"4503","SRPK1","Srpk1"
"4504","BTG4","Btg4"
"4505","SPR2B","Sprr2b"
"4506","SPR2D","Sprr2d"
"4507","SPR2E","Sprr2e"
"4508","SPR2F","Sprr2f"
"4509","SPR2G","Sprr2g"
"4510","SPR2H","Sprr2h"
"4511","SPR2I","Sprr2i"
"4512","SPR2J","Sprr2j"
"4513","SPR2K","Sprr2k"
"4514","DIAP2","Diaph2"
"4515","PIGR","Pigr"
"4516","PDK4","Pdk4"
"4517","NSMA","Smpd2"
"4518","STAG3","Stag3"
"4519","S22A2","Slc22a2"
"4520","CCG1","Cacng1"
"4521","PM34","Slc25a17"
"4522","LX12B","Alox12b"
"4523","TRI18","Mid1"
"4524","NKX28","Nkx2-8"
"4525","DTNB","Dtnb"
"4526","CSKP","Cask"
"4527","PFD2","Pfdn2"
"4528","O70616","AF067061"
"4529","O70619","Tcstv1"
"4530","RTN2","Rtn2"
"4531","MYOC","Myoc"
"4532","PDE9A","Pde9a"
"4533","MCP","Cd46"
"4534","GPIX","Gp9"
"4535","LY86","Ly86"
"4536","TTC3","Ttc3"
"4537","CHST3","Chst3"
"4538","CLC11","Clec11a"
"4539","CO5A1","Col5a1"
"4540","O88222","Gm6020"
"4541","O88229","Gm21836"
"4542","O88245","Gm10139"
"4543","O88253","Gm10226"
"4544","CFDP1","Cfdp1"
"4545","GREM2","Grem2"
"4546","BCL6B","Bcl6b"
"4547","WIZ","Wiz"
"4548","ZN326","Znf326"
"4549","SORL","Sorl1"
"4550","ITL1A","Itln1"
"4551","AGR2","Agr2"
"4552","NTR1","Ntsr1"
"4553","NID2","Nid2"
"4554","CD83","Cd83"
"4555","O88325","Naglu"
"4556","CTNL1","Ctnnal1"
"4557","MYO1A","Myo1a"
"4558","KCNJ1","Kcnj1"
"4559","CAD16","Cdh16"
"4560","WDR1","Wdr1"
"4561","S4A4","Slc4a4"
"4562","TNNT1","Tnnt1"
"4563","IKKB","Ikbkb"
"4564","O88375","Krtap13"
"4565","BAZ1A","Baz1a"
"4566","VTI1B","Vti1b"
"4567","TGBR3","Tgfbr3"
"4568","GRPE2","Grpel2"
"4569","AVIL","Avil"
"4570","CXCR3","Cxcr3"
"4571","TULP3","Tulp3"
"4572","GPR33","Gpr33"
"4573","NDK6","Nme6"
"4574","CAC1H","Cacna1h"
"4575","PAPS2","Papss2"
"4576","CCL22","Ccl22"
"4577","MTX2","Mtx2"
"4578","ADCY1","Adcy1"
"4579","AURKC","Aurkc"
"4580","KLC1","Klc1"
"4581","KLC2","Klc2"
"4582","RDH7","Rdh7"
"4583","STC2","Stc2"
"4584","KCNK4","Kcnk4"
"4585","DHCR7","Dhcr7"
"4586","CPNS1","Capns1"
"4587","ZN106","Znf106"
"4588","FOXL2","Foxl2"
"4589","TNR17","Tnfrsf17"
"4590","IF2B1","Igf2bp1"
"4591","DC1I1","Dync1i1"
"4592","DC1I2","Dync1i2"
"4593","NSD1","Nsd1"
"4594","PLIN4","Plin4"
"4595","MTR1L","Gpr50"
"4596","PDE8A","Pde8a"
"4597","CNTFR","Cntfr"
"4598","DNM3A","Dnmt3a"
"4599","DNM3B","Dnmt3b"
"4600","AP1G2","Ap1g2"
"4601","GEMI","Gmnn"
"4602","DLL3","Dll3"
"4603","SHOC2","Shoc2"
"4604","NEMO","Ikbkg"
"4605","PPT1","Ppt1"
"4606","ZFR","Zfr"
"4607","DDC","Ddc"
"4608","FPR2","Fpr2"
"4609","FPRS3","Fpr-rs3"
"4610","CSN3","Cops3"
"4611","CSN4","Cops4"
"4612","CSN6","Cops6"
"4613","CLD1","Cldn1"
"4614","CLD2","Cldn2"
"4615","PARP2","Parp2"
"4616","MEN1","Men1"
"4617","S27A3","Slc27a3"
"4618","AXIN2","Axin2"
"4619","ROA2","Hnrnpa2b1"
"4620","LRP6","Lrp6"
"4621","AFF1","Aff1"
"4622","SAP30","Sap30"
"4623","S620B","Slc6a20b"
"4624","S6A18","Slc6a18"
"4625","COMT","Comt"
"4626","PGRP1","Pglyrp1"
"4627","BECN1","Becn1"
"4628","CCG2","Cacng2"
"4629","LMX1B","Lmx1b"
"4630","FOXH1","Foxh1"
"4631","PARG","Parg"
"4632","UBP2","Usp2"
"4633","S28A2","Slc28a2"
"4634","GOSR1","Gosr1"
"4635","SEM3F","Sema3f"
"4636","PAR4","F2rl3"
"4637","PAK1","Pak1"
"4638","LTOR3","Lamtor3"
"4639","EMP2","Emp2"
"4640","BRD7","Brd7"
"4641","RAD","Rrad"
"4642","CREG1","Creg1"
"4643","DGKA","Dgka"
"4644","MMP23","Mmp23"
"4645","PRS6A","Psmc3"
"4646","PCDA4","Pcdha4"
"4647","CEGT","Ugcg"
"4648","CLPP","Clpp"
"4649","STK16","Stk16"
"4650","BLM","Blm"
"4651","HCN2","Hcn2"
"4652","HCN1","Hcn1"
"4653","HCN3","Hcn3"
"4654","ORC4","Orc4"
"4655","CTBP1","Ctbp1"
"4656","KLRG1","Klrg1"
"4657","V2R","Avpr2"
"4658","IFM5","Ifitm5"
"4659","MAP7","Map7"
"4660","DHB7","Hsd17b7"
"4661","BSN","Bsn"
"4662","BIRC6","Birc6"
"4663","GDAP1","Gdap1"
"4664","SCRG1","Scrg1"
"4665","TOM1","Tom1"
"4666","FA5","F5"
"4667","I13R2","Il13ra2"
"4668","JAM1","F11r"
"4669","RPP30","Rpp30"
"4670","ZAN","Zan"
"4671","LECT2","Lect2"
"4672","DCX","Dcx"
"4673","STAM2","Stam2"
"4674","SNAT","Aanat"
"4675","FUT9","Fut9"
"4676","SC5D","Sc5d"
"4677","JTB","Jtb"
"4678","SIAT9","St3gal5"
"4679","CP4AA","Cyp4a10"
"4680","SHD","Shd"
"4681","SPSB2","Spsb2"
"4682","ADA15","Adam15"
"4683","FGD3","Fgd3"
"4684","CRADD","Cradd"
"4685","IDHC","Idh1"
"4686","AKA10","Akap10"
"4687","ARL6","Arl6"
"4688","RBBP9","Rbbp9"
"4689","TSYL1","Tspyl1"
"4690","GALR3","Galr3"
"4691","GALR2","Galr2"
"4692","LT4R1","Ltb4r"
"4693","TPST2","Tpst2"
"4694","HUNK","Hunk"
"4695","BEST1","Best1"
"4696","CCNK","Ccnk"
"4697","BY55","Cd160"
"4698","DHRS3","Dhrs3"
"4699","ZFAN5","Zfand5"
"4700","APAF","Apaf1"
"4701","APBA3","Apba3"
"4702","SH21A","Sh2d1a"
"4703","SERF1","Serf1"
"4704","HDAC3","Hdac3"
"4705","P63","Tp63"
"4706","HIPK1","Hipk1"
"4707","PIAS1","Pias1"
"4708","SOAT2","Soat2"
"4709","S22A8","Slc22a8"
"4710","MPP3","Mpp3"
"4711","KCJ15","Kcnj15"
"4712","O88933","Esx1"
"4713","SYN1","Syn1"
"4714","ZBT7A","Zbtb7a"
"4715","MUSC","Msc"
"4716","NFAC1","Nfatc1"
"4717","FA10","F10"
"4718","LIN7B","Lin7b"
"4719","LIN7C","Lin7c"
"4720","GNPI1","Gnpda1"
"4721","CP8B1","Cyp8b1"
"4722","YMEL1","Yme1l1"
"4723","TCO2","Tcn2"
"4724","SETB1","Setdb1"
"4725","TILB","Lrrc6"
"4726","STX8","Stx8"
"4727","KBL","Gcat"
"4728","AKAP3","Akap3"
"4729","ACTN3","Actn3"
"4730","C1QRF","C1ql1"
"4731","IKBL1","Nfkbil1"
"4732","NOE1","Olfm1"
"4733","CBPD","Cpd"
"4734","O89006","Magea1"
"4735","O89009","Magea5"
"4736","O89010","Magea6"
"4737","O89012","Magea8"
"4738","OBRG","Leprot"
"4739","ABCD4","Abcd4"
"4740","LGMN","Lgmn"
"4741","INVS","Invs"
"4742","AFAM","Afm"
"4743","TPP1","Tpp1"
"4744","ROBO1","Robo1"
"4745","MATN4","Matn4"
"4746","SPD2A","Sh3pxd2a"
"4747","CDC6","Cdc6"
"4748","MKLN1","Mkln1"
"4749","ITM2B","Itm2b"
"4750","COR1A","Coro1a"
"4751","COPE","Cope"
"4752","PDE4A","Pde4a"
"4753","RBM3","Rbm3"
"4754","SP1","Sp1"
"4755","KLF10","Klf10"
"4756","CCL20","Ccl20"
"4757","CASPE","Casp14"
"4758","CYTF","Cst7"
"4759","GRAP2","Grap2"
"4760","FGF18","Fgf18"
"4761","C1QR1","Cd93"
"4762","SYPL2","Sypl2"
"4763","FHIT","Fhit"
"4764","KCNN4","Kcnn4"
"4765","CASP8","Casp8"
"4766","LANC1","Lancl1"
"4767","IER5","Ier5"
"4768","DNJB5","Dnajb5"
"4769","VTI1A","Vti1a"
"4770","CYC2","Cyct"
"4771","CYB","Mt-Cyb"
"4772","CP1A1","Cyp1a1"
"4773","CP1A2","Cyp1a2"
"4774","ADH1","Adh1"
"4775","LDHC","Ldhc"
"4776","DYR","Dhfr"
"4777","COX1","Mtco1"
"4778","COX2","Mtco2"
"4779","COX3","mt-Co3"
"4780","HPRT","Hprt1"
"4781","ABL1","Abl1"
"4782","MOS","Mos"
"4783","RNAS1","Rnase1"
"4784","AMY1","Amy1"
"4785","AMYP","Amy2"
"4786","K1KB1","Klk1b1"
"4787","K1KB3","Klk1b3"
"4788","K1KB4","Klk1b4"
"4789","RENI2","Ren2"
"4790","ATP6","Mtatp6"
"4791","DCOR","Odc1"
"4792","CAH2","Ca2"
"4793","CO3","C3"
"4794","CO4B","C4b"
"4795","FOS","Fos"
"4796","MYC","Myc"
"4797","EGF","Egf"
"4798","NGF","Ngf"
"4799","WAP","Wap"
"4800","COLI","Pomc"
"4801","GLHA","Cga"
"4802","INS1","Ins1"
"4803","INS2","Ins2"
"4804","IFNA1","Ifna1"
"4805","IFNA2","Ifna2"
"4806","IFNB","Ifnb1"
"4807","IFNG","Ifng"
"4808","IL1A","Il1a"
"4809","IL3","Il3"
"4810","CSF2","Csf2"
"4811","IL2RA","Il2ra"
"4812","IGJ","Jchain"
"4813","KV2A2","Gm5153"
"4814","KV2A4","-"
"4815","KV2A6","-"
"4816","KV2A7","-"
"4817","KV1A1","Igkv7-33"
"4818","KV5A1","Igk-V19-17"
"4819","KV5A2","-"
"4820","KV5A3","ENSMUSG00000095007"
"4821","KV5A4","-"
"4822","KV5A5","-"
"4823","KV5A6","-"
"4824","KV5A7","Gm5571"
"4825","KV5A8","ENSMUSG00000093906"
"4826","KV5A9","Gm10881"
"4827","KV5AA","-"
"4828","KV5AB","-"
"4829","KV5AC","-"
"4830","KV5AD","-"
"4831","KV5AE","-"
"4832","KV5AF","-"
"4833","KV5AG","-"
"4834","KV5AH","MGI:3642338"
"4835","KV5AK","-"
"4836","KV5AL","-"
"4837","KV3A1","-"
"4838","KV3A2","-"
"4839","KV3A3","-"
"4840","KV3A5","-"
"4841","KV3A6","-"
"4842","KV3A7","-"
"4843","KV3A8","-"
"4844","KV3A9","-"
"4845","KV3AA","-"
"4846","KV3AB","-"
"4847","KV3AC","-"
"4848","KV3AD","-"
"4849","KV3AE","-"
"4850","KV3AF","-"
"4851","KV3AG","-"
"4852","KV3AH","-"
"4853","KV3AI","-"
"4854","KV3AJ","-"
"4855","KV3AK","-"
"4856","KV3AL","-"
"4857","KV3AM","-"
"4858","KV6A1","-"
"4859","KV6A2","-"
"4860","KV6A3","-"
"4861","KV6A4","-"
"4862","KV6A5","-"
"4863","KV4A1","-"
"4864","LV1A","-"
"4865","LV1B","-"
"4866","LV1C","-"
"4867","LV1D","-"
"4868","LV1E","-"
"4869","LV2A","ENSMUSG00000076940"
"4870","LV2B","-"
"4871","CD8A","Cd8a"
"4872","TVB1","-"
"4873","TVB86","-"
"4874","TVB3","-"
"4875","TVA1","-"
"4876","TVA2","-"
"4877","TVC1","-"
"4878","HVM00","-"
"4879","HVM01","-"
"4880","HVM02","-"
"4881","HVM03","-"
"4882","HVM04","-"
"4883","HVM05","Ighv1-61"
"4884","HVM06","-"
"4885","HVM09","-"
"4886","HVM10","Ighv1-62-3"
"4887","HVM12","-"
"4888","HVM13","-"
"4889","HVM14","Igh-VJ558"
"4890","HVM15","-"
"4891","HVM17","-"
"4892","HVM18","-"
"4893","HVM19","-"
"4894","HVM20","-"
"4895","HVM21","-"
"4896","HVM22","-"
"4897","HVM23","-"
"4898","HVM24","-"
"4899","HVM25","-"
"4900","HVM26","-"
"4901","HVM27","-"
"4902","HVM28","-"
"4903","HVM29","-"
"4904","HVM30","-"
"4905","HVM31","-"
"4906","HVM32","-"
"4907","HVM33","-"
"4908","HVM34","-"
"4909","HVM35","-"
"4910","HVM36","MGI:96492"
"4911","HVM37","-"
"4912","HVM38","MGI:96461"
"4913","HVM39","-"
"4914","HVM40","-"
"4915","HVM41","-"
"4916","HVM42","-"
"4917","HVM43","-"
"4918","HVM44","-"
"4919","HVM45","MGI:3643263"
"4920","HVM46","-"
"4921","HVM47","-"
"4922","THY1","Thy1"
"4923","IGKC","Igkc"
"4924","LAC1","-"
"4925","LAC2","Iglc2"
"4926","LAC3","Iglc3"
"4927","TCA","Tcra"
"4928","TCB2","-"
"4929","TCB1","-"
"4930","TCC1","-"
"4931","GCAA","Ighg"
"4932","GCAB","-"
"4933","GCAM","Igh-1a"
"4934","IGG2B","Igh-3"
"4935","IGH1M","Ighg1"
"4936","IGHM","Ighm"
"4937","IGHA","-"
"4938","IGHD","-"
"4939","IGHDM","-"
"4940","B2MG","B2m"
"4941","HA1Z","-"
"4942","HA1L","H2-L"
"4943","HA10","H2-Q10"
"4944","HA1B","H2-K1"
"4945","HA21","H2-Ea"
"4946","HA2K","H2-Aa"
"4947","HB22","-"
"4948","HB2D","H2-Ab1"
"4949","HBA","Hba"
"4950","HBB1","Hbb-b1"
"4951","HBB2","Hbb-b2"
"4952","HBE","Hbb-y"
"4953","H3C","H3-5"
"4954","HSP1","Prm1"
"4955","P53","Tp53"
"4956","CO4A1","Col4a1"
"4957","LAMC1","Lamc1"
"4958","LAMB1","Lamb1"
"4959","CRBA1","Cryba1"
"4960","K1C10","Krt10"
"4961","CS2LB","Csn1s2b"
"4962","ACHD","Chrnd"
"4963","MUP6","Mup6"
"4964","FETA","Afp"
"4965","MT2","Mt2"
"4966","MT1","Mt1"
"4967","MUCL2","Mucl2"
"4968","PIP","Pip"
"4969","HXA7","Hoxa7"
"4970","HXA3","Hoxa3"
"4971","NU1M","Mtnd1"
"4972","NU2M","Mtnd2"
"4973","NU3M","Mtnd3"
"4974","NU4LM","Mtnd4l"
"4975","NU4M","Mtnd4"
"4976","NU5M","Mtnd5"
"4977","NU6M","Mtnd6"
"4978","ATP8","Mtatp8"
"4979","CP21A","Cyp21"
"4980","CFAD","Cfd"
"4981","ADA","Ada"
"4982","MYCN","Mycn"
"4983","IGEB","Iap"
"4984","KV2A5","-"
"4985","KV3A4","-"
"4986","HVM48","-"
"4987","TCC2","-"
"4988","IGHG3","-"
"4989","GFAP","Gfap"
"4990","K1B16","Klk1b16"
"4991","PR2C2","Prl2c2"
"4992","K2C1","Krt1"
"4993","FABP4","Fabp4"
"4994","KITH","Tk1"
"4995","CFAB","Cfb"
"4996","GRAB","Gzmb"
"4997","TGFB1","Tgfb1"
"4998","TVB4","-"
"4999","TVB5","-"
"5000","TVB6","-"
"5001","HYIG","-"
"5002","HA22","-"
"5003","HB21","H2-Eb1"
"5004","CD3D","Cd3d"
"5005","MYG","Mb"
"5006","CRGD","Crygd"
"5007","CRGB","Crygb"
"5008","CRGA","Cryga"
"5009","IL2","Il2"
"5010","MBP","Mbp"
"5011","IL5","Il5"
"5012","WNT1","Wnt1"
"5013","HG2A","Cd74"
"5014","HBB0","Hbb-bh0"
"5015","HBBZ","Hbb-bh1"
"5016","ARAF","Araf"
"5017","ACHA","Chrna1"
"5018","ACHG","Chrng"
"5019","PR2C3","Prl2c3"
"5020","PR7D1","Prl7d1"
"5021","SAA3","Saa3"
"5022","B3AT","Slc4a1"
"5023","PRIO","Prnp"
"5024","MUP11","Mup11"
"5025","MUP3","Mup3"
"5026","KV6A6","-"
"5027","KV6A7","-"
"5028","KV6A9","-"
"5029","KV6AA","-"
"5030","KV6AB","MGI:2686370"
"5031","KV5AM","-"
"5032","IGF1","Igf1"
"5033","ALDOC","Aldoc"
"5034","ALDOA","Aldoa"
"5035","ANF","Nppa"
"5036","KAPCA","Prkaca"
"5037","PRH1","Prh1"
"5038","PRP2","Prp2"
"5039","AATC","Got1"
"5040","AATM","Got2"
"5041","CEL2A","Cela2a"
"5042","TBA1B","Tuba1b"
"5043","TBA3","Tuba3a"
"5044","SAA1","Saa1"
"5045","SAA2","Saa2"
"5046","SRC","Src"
"5047","FGF3","Fgf3"
"5048","XLR","Xlr"
"5049","KIT","Kit"
"5050","LY6A","Ly6a"
"5051","ITAM","Itgam"
"5052","PGFRB","Pdgfrb"
"5053","JUN","Jun"
"5054","K1C18","Krt18"
"5055","MYL1","Myl1"
"5056","LDHA","Ldha"
"5057","LCK","Lck"
"5058","RENI1","Ren1"
"5059","TVB7","-"
"5060","TVB8","-"
"5061","TVA3","-"
"5062","TVC3","-"
"5063","TVC4","Tcrg-V1"
"5064","HVM52","Gm5629"
"5065","HVM49","Ighv1-72"
"5066","HVM50","-"
"5067","HVM51","-"
"5068","CD4","Cd4"
"5069","TCC3","-"
"5070","TCC4","-"
"5071","IGHE","MGI:2685746"
"5072","HA15","H2-T23"
"5073","HB2U","-"
"5074","HBAZ","Hbz"
"5075","GCR","Nr3c1"
"5076","CO9","C9"
"5077","CO5","C5"
"5078","APOA4","Apoa4"
"5079","G6PI","Gpi"
"5080","MDR1B","Abcb1b"
"5081","CASK","Csn3"
"5082","CATL1","Ctsl"
"5083","HXA4","Hoxa4"
"5084","IFNA7","Ifna7"
"5085","PTPRC","Ptprc"
"5086","MAOX","Me1"
"5087","ENPP1","Enpp1"
"5088","PIM1","Pim1"
"5089","TNFA","Tnf"
"5090","NEUM","Gap43"
"5091","UROK","Plau"
"5092","MYB","Myb"
"5093","PRL","Prl"
"5094","SOMA","Gh1"
"5095","CFAH","Cfh"
"5096","S10A4","S100a4"
"5097","CSF1","Csf1"
"5098","TRY2","Prss2"
"5099","TYRP1","Tyrp1"
"5100","SPRC","Sparc"
"5101","TTHY","Ttr"
"5102","KCRM","Ckm"
"5103","EPO","Epo"
"5104","IFNA5","Ifna5"
"5105","IFNA6","Ifna6"
"5106","IFNA4","Ifna4"
"5107","ANXA2","Anxa2"
"5108","A1AG2","Orm2"
"5109","TYSY","Tyms"
"5110","K1KB8","Klk1b8"
"5111","ALBU","Alb"
"5112","RIR1","Rrm1"
"5113","BPIA2","Bpifa2"
"5114","K2C4","Krt4"
"5115","IL4","Il4"
"5116","A1AT1","Serpina1a"
"5117","SPA3K","Serpina3k"
"5118","HS90A","Hsp90aa1"
"5119","ERCC1","Ercc1"
"5120","PHKG1","Phkg1"
"5121","PRM2","Prm2"
"5122","PDIA4","Pdia4"
"5123","APT","Aprt"
"5124","SPTA1","Spta1"
"5125","ZFP1","Zfp1"
"5126","ZFP2","Zfp2"
"5127","EGR1","Egr1"
"5128","TRFL","Ltf"
"5129","CBR2","Cbr2"
"5130","FCGR2","Fcgr2"
"5131","HCK","Hck"
"5132","ENPL","Hsp90b1"
"5133","CO3A1","Col3a1"
"5134","CO4A2","Col4a2"
"5135","EGR2","Egr2"
"5136","S10AA","S100a10"
"5137","APOE","Apoe"
"5138","SODC","Sod1"
"5139","MDHM","Mdh2"
"5140","PHXR5","Phxr5"
"5141","KCC4","Camk4"
"5142","IL6","Il6"
"5143","FCGR3","Fcgr3"
"5144","NFL","Nefl"
"5145","NFM","Nefm"
"5146","RASN","Nras"
"5147","C4BPA","C4bpa"
"5148","HEM0","Alas2"
"5149","K1C13","Krt13"
"5150","GNAI2","Gnai2"
"5151","RPB1","Polr2a"
"5152","GRAC","Gzmc"
"5153","GRAF","Gzmf"
"5154","GRAE","Gzme"
"5155","LYZ2","Lyz2"
"5156","CD2","Cd2"
"5157","LTK","Ltk"
"5158","HXA5","Hoxa5"
"5159","HXA1","Hoxa1"
"5160","HXB6","Hoxb6"
"5161","HXB7","Hoxb7"
"5162","HXC8","Hoxc8"
"5163","HXB3","Hoxb3"
"5164","HXD3","Hoxd3"
"5165","ISK1","Spink1"
"5166","PGK2","Pgk2"
"5167","ITB1","Itgb1"
"5168","LIF","Lif"
"5169","HME1","En1"
"5170","HME2","En2"
"5171","HXB5","Hoxb5"
"5172","PAX1","Pax1"
"5173","HXA6","Hoxa6"
"5174","PDIA1","P4hb"
"5175","CNRG","Pde6g"
"5176","TNFB","Lta"
"5177","IFNA9","Ifna9"
"5178","CCKN","Cck"
"5179","PPBT","Alpl"
"5180","NUCL","Ncl"
"5181","PGK1","Pgk1"
"5182","JUNB","Junb"
"5183","ACE","Ace"
"5184","FRIH","Fth1"
"5185","IGF2","Igf2"
"5186","MYL4","Myl4"
"5187","MYL3","Myl3"
"5188","CSF1R","Csf1r"
"5189","PR3B1","Prl3b1"
"5190","HMGN2","Hmgn2"
"5191","HXA9","Hoxa9"
"5192","HXB8","Hoxb8"
"5193","HXC9","Hoxc9"
"5194","SODM","Sod2"
"5195","ACHB","Chrnb1"
"5196","CTLA4","Ctla4"
"5197","CADH1","Cdh1"
"5198","APOA2","Apoa2"
"5199","TDT","Dntt"
"5200","CSF3","Csf3"
"5201","MX1","Mx1"
"5202","SURF1","Surf1"
"5203","SURF2","Surf2"
"5204","NUD10","Nudt10"
"5205","NUD11","Nudt11"
"5206","RC3H2","Rc3h2"
"5207","CHMP6","Chmp6"
"5208","NPS","Nps"
"5209","H2AZ","H2az1"
"5210","GPVI","Gp6"
"5211","LRC4B","Lrrc4b"
"5212","PIGY","Pigy"
"5213","PDE11","Pde11a"
"5214","HXB2","Hoxb2"
"5215","TMCO2","Tmco2"
"5216","U730","MGI:1921534"
"5217","CCNO","Ccno"
"5218","PTPRQ","Ptprq"
"5219","GPR25","Gpr25"
"5220","GPR52","Gpr52"
"5221","SBK3","Sbk3"
"5222","SBK2","Sbk2"
"5223","KGP1","Prkg1"
"5224","IGS11","Igsf11"
"5225","GTR7","Slc2a7"
"5226","MAMD1","Mamld1"
"5227","PTCRA","Ptcra"
"5228","IGSF6","Igsf6"
"5229","DYH2","Dnah2"
"5230","KHD1B","Khdc1b"
"5231","MBOA4","Mboat4"
"5232","WIPF3","Wipf3"
"5233","CLC2L","Clec2l"
"5234","PSMG4","Psmg4"
"5235","CC153","Ccdc153"
"5236","ATX1L","Atxn1l"
"5237","PA24B","Pla2g4b"
"5238","JMJD7","Jmjd7"
"5239","GON7","Gon7"
"5240","SMIM1","Smim1"
"5241","OCC1","MGI:1917034"
"5242","TGAP1","Tagap1"
"5243","ALKB1","Alkbh1"
"5244","ST6B1","Sult6b1"
"5245","C2C4D","C2cd4d"
"5246","DERPC","Derpc"
"5247","CTF8","Chtf8"
"5248","UBB","Ubb"
"5249","UBC","Ubc"
"5250","ZN703","Znf703"
"5251","LY6C1","Ly6c1"
"5252","LY6C2","Ly6c2"
"5253","D19L2","Dpy19l2"
"5254","PT100","Pet100"
"5255","PT117","Pet117"
"5256","TMM95","Tmem95"
"5257","FCOR","Fcor"
"5258","FR1L5","Fer1l5"
"5259","BECN2","Becn2"
"5260","ELA","Apela"
"5261","DCAM1","Amd1"
"5262","TDPZ1","Tdpoz1"
"5263","TDP1L","Gm9125"
"5264","NDUB1","Ndufb1"
"5265","DWORF","Strit1"
"5266","T254A","Tmem254a"
"5267","T254B","Tmem254b"
"5268","T254C","Tmem254c"
"5269","IFI5B","Mnda"
"5270","IFI4","Ifi204"
"5271","DNM3C","Dnmt3c"
"5272","CALM1","Calm1"
"5273","CALM2","Calm2"
"5274","CALM3","Calm3"
"5275","CTSRE","Catspere"
"5276","SLUR2","Slurp2"
"5277","LYNX1","Lynx1"
"5278","STMP1","Stmp1"
"5279","SCHI1","Schip1"
"5280","EFCE2","Eef1akmt4-Ece2"
"5281","EFMT4","Eef1akmt4"
"5282","ZFP26","Zfp26"
"5283","ZFP27","Zfp27"
"5284","ZFP28","Zfp28"
"5285","MYOD1","Myod1"
"5286","ANXA1","Anxa1"
"5287","EF1A1","Eef1a1"
"5288","CCL1","Ccl1"
"5289","CCL2","Ccl2"
"5290","MYCL","Mycl"
"5291","IL7","Il7"
"5292","HXB4","Hoxb4"
"5293","CADH3","Cdh3"
"5294","CD8B","Cd8b"
"5295","POL1","Pol"
"5296","ENV1","-"
"5297","BCL2","Bcl2"
"5298","NID1","Nid1"
"5299","HEM2","Alad"
"5300","CASB","Csn2"
"5301","PAHO","Ppy"
"5302","CATB","Ctsb"
"5303","HXD4","Hoxd4"
"5304","HXC6","Hoxc6"
"5305","IF4A2","Eif4a2"
"5306","TAU","Mapt"
"5307","THIO","Txn"
"5308","GSTA2","Gsta2"
"5309","GSTM1","Gstm1"
"5310","TCEA1","Tcea1"
"5311","IL1B","Il1b"
"5312","ZFP11","Zfp11"
"5313","ZFP13","Zfp13"
"5314","ZFP14","Zfp14"
"5315","ZP3","Zp3"
"5316","CD14","Cd14"
"5317","PERF","Prf1"
"5318","RRAS","Rras"
"5319","4F2","Slc3a2"
"5320","H2B1F","H2bc11"
"5321","H2B1M","H2bc14"
"5322","CCL3","Ccl3"
"5323","STP1","Tnp1"
"5324","CXCL2","Cxcl2"
"5325","H10","H1-0"
"5326","OSTP","Spp1"
"5327","ZFY1","Zfy1"
"5328","TCP4","Sub1"
"5329","GRAA","Gzma"
"5330","GRAD","Gzmd"
"5331","MCPT1","Mcpt1"
"5332","CO1A1","Col1a1"
"5333","FILA","Flg"
"5334","PARP1","Parp1"
"5335","LIPL","Lpl"
"5336","RIR2","Rrm2"
"5337","TPA","Plat"
"5338","PERM","Mpo"
"5339","LORF1","Lire1"
"5340","FINC","Fn1"
"5341","TYRO","Tyr"
"5342","GPX1","Gpx1"
"5343","LORF2","Pol"
"5344","ENV2","Fv4"
"5345","STP2","Tnp2"
"5346","FGF4","Fgf4"
"5347","FABPH","Fabp3"
"5348","RARA","Rara"
"5349","LAMP1","Lamp1"
"5350","CDK1","Cdk1"
"5351","DEFA1","Defa1"
"5352","HS90B","Hsp90ab1"
"5353","DMD","Dmd"
"5354","MUP1","Mup1"
"5355","MUP2","Mup2"
"5356","MUP4","Mup4"
"5357","MUP5","Mup5"
"5358","CD1D1","Cd1d1"
"5359","CD1D2","Cd1d2"
"5360","L1CAM","L1cam"
"5361","NGAL","Lcn2"
"5362","K2C8","Krt8"
"5363","PROP","Cfp"
"5364","ITA5","Itga5"
"5365","CP2D9","Cyp2d9"
"5366","OTC","Otc"
"5367","KCC2A","Camk2a"
"5368","ITB2","Itgb2"
"5369","ANGT","Agt"
"5370","GAS2","Gas2"
"5371","ITPR1","Itpr1"
"5372","CD79A","Cd79a"
"5373","OAS1A","Oas1a"
"5374","NUD19","Nudt19"
"5375","CD3G","Cd3g"
"5376","TCPA","Tcp1"
"5377","TC1D3","Tcte3"
"5378","A4","App"
"5379","MK","Mdk"
"5380","TIMP1","Timp1"
"5381","UCP1","Ucp1"
"5382","SAMP","Apcs"
"5383","BGLR","Gusb"
"5384","KAP2","Prkar2a"
"5385","PFKAL","Pfkl"
"5386","PAI2","Serpinb2"
"5387","CTL2A","Ctla2a"
"5388","CTL2B","Ctla2b"
"5389","TSHB","Tshb"
"5390","ACM1","Chrm1"
"5391","CALB1","Calb1"
"5392","PCP2","Pcp2"
"5393","RAPSN","Rapsn"
"5394","FABPL","Fabp1"
"5395","COX5A","Cox5a"
"5396","CP2B9","Cyp2b9"
"5397","CP2BA","Cyp2b10"
"5398","FGL2","Fgl2"
"5399","NR4A1","Nr4a1"
"5400","PDCD6","Pdcd6"
"5401","KAP1","Prkar1b"
"5402","GROA","Cxcl1"
"5403","CNTN1","Cntn1"
"5404","7B2","Scg5"
"5405","IAPP","Iapp"
"5406","RL7A","Rpl7a"
"5407","MYOG","Myog"
"5408","SCD2","Scd2"
"5409","GELS","Gsn"
"5410","MSX1","Msx1"
"5411","FOSB","Fosb"
"5412","GRAG","Gzmg"
"5413","VPRE1","Vpreb1"
"5414","VPRE2","Vpreb2"
"5415","CD5","Cd5"
"5416","RB","Rb1"
"5417","TNNI2","Tnni2"
"5418","TSP","Tpbpa"
"5419","UMPS","Umps"
"5420","IL1R1","Il1r1"
"5421","ACOD1","Scd1"
"5422","MYH3","Myh3"
"5423","MYH8","Myh8"
"5424","GON1","Gnrh1"
"5425","NCAM1","Ncam1"
"5426","ICAM1","Icam1"
"5427","SRGN","Srgn"
"5428","CAH1","Ca1"
"5429","SSTY1","Ssty1"
"5430","MSH3","Msh3"
"5431","GPDA","Gpd1"
"5432","GSTA1","Gsta1"
"5433","B3A2","Slc4a2"
"5434","DNMT1","Dnmt1"
"5435","S10A6","S100a6"
"5436","AT1B1","Atp1b1"
"5437","CCL4","Ccl4"
"5438","C1QB","C1qb"
"5439","RL27A","Rpl27a"
"5440","RS16","Rps16"
"5441","GLUT4","Slc2a4"
"5442","RL7","Rpl7"
"5443","MDHC","Mdh1"
"5444","RSSA","Rpsa"
"5445","CALR","Calr"
"5446","GLPA","Gypa"
"5447","AT1B2","Atp1b2"
"5448","FGR","Fgr"
"5449","GTR2","Slc2a2"
"5450","MECOM","Mecom"
"5451","HA14","H2-D1"
"5452","HA17","H2-Q7"
"5453","HA18","H2-Q8"
"5454","HA19","H2-Q9"
"5455","HA1T","H2-T3"
"5456","SRP54","Srp54"
"5457","HSPB1","Hspb1"
"5458","PSMD3","Psmd3"
"5459","ILRL1","Il1rl1"
"5460","LMNB1","Lmnb1"
"5461","EPOR","Epor"
"5462","ANXA6","Anxa6"
"5463","CRP","Crp"
"5464","RLA0","Rplp0"
"5465","MAP1B","Map1b"
"5466","HMOX1","Hmox1"
"5467","ETS2","Ets2"
"5468","JUND","Jund"
"5469","CBPA3","Cpa3"
"5470","GLNA","Glul"
"5471","CADH2","Cdh2"
"5472","MCPT2","Mcpt2"
"5473","INSR","Insr"
"5474","NTRK2","Ntrk2"
"5475","IL9","Il9"
"5476","INGR1","Ifngr1"
"5477","MCSP","Smcp"
"5478","TRBM","Thbd"
"5479","REL","Rel"
"5480","IRF1","Irf1"
"5481","PMGE","Bpgm"
"5482","PERI","Prph"
"5483","MYF6","Myf6"
"5484","CD44","Cd44"
"5485","KCNC1","Kcnc1"
"5486","CP2A4","Cyp2a4"
"5487","OPSD","Rho"
"5488","PRPH2","Prph2"
"5489","SPBP","Sbp"
"5490","SPTB1","Sptb"
"5491","CD79B","Cd79b"
"5492","NDKA","Nme1"
"5493","TR30A","Trim30a"
"5494","B4GT1","B4galt1"
"5495","C11B2","Cyp11b2"
"5496","ZN271","Znf271"
"5497","GSTM2","Gstm2"
"5498","FGF2","Fgf2"
"5499","FGF5","Fgf5"
"5500","LEUK","Spn"
"5501","TFE2","Tcf3"
"5502","H12","H1-2"
"5503","RAG1","Rag1"
"5504","VPP2","Atp6v0a2"
"5505","K1KB5","Klk1b5"
"5506","K1B11","Klk1b11"
"5507","KLK1","Klk1"
"5508","K1B22","Klk1b22"
"5509","K1KB9","Klk1b9"
"5510","PHXR2","Phxr2"
"5511","PHXR1","Phxr1"
"5512","PHXR4","Phxr4"
"5513","UBP53","Usp53"
"5514","SCG1","Chgb"
"5515","CAH3","Ca3"
"5516","SLIB","Ghrh"
"5517","LEG1","Lgals1"
"5518","KPCE","Prkce"
"5519","MET","Met"
"5520","FGFR1","Fgfr1"
"5521","LEG3","Lgals3"
"5522","LDHB","Ldhb"
"5523","SRP14","Srp14"
"5524","BLK","Blk"
"5525","B3A3","Slc4a3"
"5526","FA9","F9"
"5527","IL2RB","Il2rb"
"5528","LCAT","Lcat"
"5529","GBRA6","Gabra6"
"5530","CN37","Cnp"
"5531","PH4H","Pah"
"5532","MUTA","Mmut"
"5533","ZFP58","Zfp58"
"5534","ZFP59","Zfp59"
"5535","ZFP60","Zfp60"
"5536","DDX3L","D1Pas1"
"5537","IL4RA","Il4r"
"5538","KCNA1","Kcna1"
"5539","KCNA3","Kcna3"
"5540","AMPE","Enpep"
"5541","ASSY","Ass1"
"5542","SPTN1","Sptan1"
"5543","CRIS2","Crisp2"
"5544","HS71L","Hspa1l"
"5545","PMP22","Pmp22"
"5546","PPGB","Ctsa"
"5547","G3P","Gapdh"
"5548","IL7RA","Il7r"
"5549","FES","Fes"
"5550","GHR","Ghr"
"5551","ATF2","Atf2"
"5552","ZFX","Zfx"
"5553","LAMP2","Lamp2"
"5554","HMGA1","Hmga1"
"5555","TGFB3","Tgfb3"
"5556","ZFP37","Zfp37"
"5557","HSP72","Hspa2"
"5558","ENOA","Eno1"
"5559","ENOG","Eno2"
"5560","PO4F1","Pou4f1"
"5561","PTBP1","Ptbp1"
"5562","F167B","Fam167b"
"5563","AP2A1","Ap2a1"
"5564","AP2A2","Ap2a2"
"5565","SPI1","Spi1"
"5566","GLCM","Gba"
"5567","CXL10","Cxcl10"
"5568","TPH1","Tph1"
"5569","DFAR1","Defa-rs1"
"5570","DFAR2","Defa-rs2"
"5571","WNT3","Wnt3"
"5572","SBP1","Selenbp1"
"5573","PR15A","Ppp1r15a"
"5574","COX7C","Cox7c"
"5575","GATA1","Gata1"
"5576","HXK1","Hk1"
"5577","UDB17","Ugt2b17"
"5578","PPIA","Ppia"
"5579","TPIS","Tpi1"
"5580","GTR1","Slc2a1"
"5581","HS71B","Hspa1b"
"5582","LIPR2","Pnliprp2"
"5583","LYZ1","Lyz1"
"5584","PCNA","Pcna"
"5585","HXB1","Hoxb1"
"5586","RL32P","Rpl32-ps"
"5587","IER2","Ier2"
"5588","NAR2A","Art2a"
"5589","PTPRA","Ptpra"
"5590","CDX1","Cdx1"
"5591","PR3D1","Prl3d1"
"5592","MTDC","Mthfd2"
"5593","LORI","Loricrin"
"5594","CD48","Cd48"
"5595","CATD","Ctsd"
"5596","ANPRA","Npr1"
"5597","LYAM1","Sell"
"5598","CXCL9","Cxcl9"
"5599","CCN1","Ccn1"
"5600","SVS4","Svs4"
"5601","HVM53","-"
"5602","HVM54","-"
"5603","HVM55","-"
"5604","HVM56","-"
"5605","HVM57","-"
"5606","HVM58","-"
"5607","HVM59","-"
"5608","HVM60","Ighv3-6"
"5609","HVM61","-"
"5610","HVM62","MGI:3648045"
"5611","BASI","Bsg"
"5612","CTR2","Slc7a2"
"5613","HMGN1","Hmgn1"
"5614","KS6A1","Rps6ka1"
"5615","KS6A3","Rps6ka3"
"5616","COF1","Cfl1"
"5617","CAH6","Ca6"
"5618","ADRB2","Adrb2"
"5619","KPB1","Phka1"
"5620","SDC1","Sdc1"
"5621","GNAO","Gnao1"
"5622","IL10","Il10"
"5623","OXDA","Dao"
"5624","RARG","Rarg"
"5625","K1C19","Krt19"
"5626","CR2","Cr2"
"5627","ANDR","Ar"
"5628","FAS","Fasn"
"5629","TNNC1","Tnnc1"
"5630","LAMA1","Lama1"
"5631","GSTP1","Gstp1"
"5632","IFRD1","Ifrd1"
"5633","THRB","F2"
"5634","CASA1","Csn1s1"
"5635","NFH","Nefh"
"5636","RL13A","Rpl13a"
"5637","MPV17","Mpv17"
"5638","SERPH","Serpinh1"
"5639","NELFE","Nelfe"
"5640","CD20","Ms4a1"
"5641","MUC13","Muc13"
"5642","TUR8","Trap1a"
"5643","COX5B","Cox5b"
"5644","GSTM3","Gstm3"
"5645","COX41","Cox4i1"
"5646","ESR1","Esr1"
"5647","MGP","Mgp"
"5648","LSP1","Lsp1"
"5649","BIP","Hspa5"
"5650","PDGFA","Pdgfa"
"5651","HB24","-"
"5652","HEXB","Hexb"
"5653","TYB4","Tmsb4x"
"5654","ID1","Id1"
"5655","PRDX3","Prdx3"
"5656","IL13","Il13"
"5657","VIME","Vim"
"5658","NTF3","Ntf3"
"5659","ZP2","Zp2"
"5660","PO5F1","Pou5f1"
"5661","TBXT","Tbxt"
"5662","TNR9","Tnfrsf9"
"5663","TF","F3"
"5664","MTAP2","Map2"
"5665","ARRS","Sag"
"5666","KPCA","Prkca"
"5667","FCERA","Fcer1a"
"5668","FCERB","Ms4a2"
"5669","FCERG","Fcer1g"
"5670","GNAT1","Gnat1"
"5671","HXB9","Hoxb9"
"5672","ZFY2","Zfy2"
"5673","PRI1","Prim1"
"5674","FCER2","Fcer2"
"5675","BMP6","Bmp6"
"5676","IGLL1","Igll1"
"5677","ACHE","Chrne"
"5678","TNNC2","Tnnc2"
"5679","SCF","Kitlg"
"5680","CP2A5","Cyp2a5"
"5681","GDF1","Gdf1"
"5682","MAG","Mag"
"5683","PLMN","Plg"
"5684","EVI2A","Evi2a"
"5685","KLRA1","Klra1"
"5686","TPM3","Tpm3"
"5687","UBL4A","Ubl4a"
"5688","P3","Slc10a3"
"5689","CO2","C2"
"5690","IL5RA","Il5ra"
"5691","BDNF","Bdnf"
"5692","MYO5B","Myo5b"
"5693","BMP2","Bmp2"
"5694","BMP4","Bmp4"
"5695","GNA11","Gna11"
"5696","GNAQ","Gnaq"
"5697","ALD1","Akr1b7"
"5698","MDR3","Abcb4"
"5699","MDR1A","Abcb1a"
"5700","CYTC","Cst3"
"5701","ENOB","Eno3"
"5702","WNT2","Wnt2"
"5703","ANGI","Ang"
"5704","VTDB","Gc"
"5705","LMNB2","Lmnb2"
"5706","FGF6","Fgf6"
"5707","NEC2","Pcsk2"
"5708","GRPR","Grpr"
"5709","TRFR","Trhr"
"5710","GPX5","Gpx5"
"5711","RAG2","Rag2"
"5712","FGFR2","Fgfr2"
"5713","MCPT4","Mcpt4"
"5714","ACES","Ache"
"5715","PSPC","Sftpc"
"5716","MCPT3","Mcpt3"
"5717","CMA1","Cma1"
"5718","TRYB2","Tpsb2"
"5719","CD72","Cd72"
"5720","PO3F1","Pou3f1"
"5721","MFGM","Mfge8"
"5722","TAP1","Tap1"
"5723","TGM2","Tgm2"
"5724","EMB","Emb"
"5725","PENK","Penk"
"5726","TAL1","Tal1"
"5727","ZFP42","Zfp42"
"5728","IL6RA","Il6ra"
"5729","HEMH","Fech"
"5730","GA45B","Gadd45b"
"5731","HNF1A","Hnf1a"
"5732","MYD88","Myd88"
"5733","EDN1","Edn1"
"5734","EDN2","Edn2"
"5735","PGH1","Ptgs1"
"5736","CLK1","Clk1"
"5737","WT1","Wt1"
"5738","A1AT2","Serpina1b"
"5739","RARB","Rarb"
"5740","CD3E","Cd3e"
"5741","CBL","Cbl"
"5742","GBRG2","Gabrg2"
"5743","WNT4","Wnt4"
"5744","WNT5A","Wnt5a"
"5745","WNT5B","Wnt5b"
"5746","WNT6","Wnt6"
"5747","PAI1","Serpine1"
"5748","PTHR","Pthlh"
"5749","AP1G1","Ap1g1"
"5750","TTP","Zfp36"
"5751","HEM3","Hmbs"
"5752","GBRD","Gabrd"
"5753","RABP2","Crabp2"
"5754","EIF3A","Eif3a"
"5755","FURIN","Furin"
"5756","CBX3","Cbx3"
"5757","PPARA","Ppara"
"5758","CXA1","Gja1"
"5759","MOV10","Mov10"
"5760","OLF15","Olfr15"
"5761","KPCL","Prkch"
"5762","KCNE1","Kcne1"
"5763","GGTA1","Ggta1"
"5764","BMP7","Bmp7"
"5765","PDE6B","Pde6b"
"5766","HXD8","Hoxd8"
"5767","XRCC6","Xrcc6"
"5768","PNPH","Pnp"
"5769","PIMT","Pcmt1"
"5770","ACRO","Acr"
"5771","CAH5A","Ca5a"
"5772","FCL","Tsta3"
"5773","ZFA","Zfa"
"5774","IRF8","Irf8"
"5775","EVX1","Evx1"
"5776","NFYA","Nfya"
"5777","DCHS","Hdc"
"5778","GATA3","Gata3"
"5779","BGAL","Glb1"
"5780","PCGF2","Pcgf2"
"5781","MDM2","Mdm2"
"5782","HXD12","Hoxd12"
"5783","HXD11","Hoxd11"
"5784","GRIA1","Gria1"
"5785","GRIA2","Gria2"
"5786","TCEA3","Tcea3"
"5787","IRF2","Irf2"
"5788","CRYAB","Cryab"
"5789","TISD","Zfp36l2"
"5790","TISB","Zfp36l1"
"5791","EST1C","Ces1c"
"5792","5HT3A","Htr3a"
"5793","ITAL","Itgal"
"5794","CD3Z","Cd247"
"5795","CATA","Cat"
"5796","BCAT1","Bcat1"
"5797","PPIB","Ppib"
"5798","WNT7A","Wnt7a"
"5799","ZN239","Znf239"
"5800","CAPG","Capg"
"5801","CP2DA","Cyp2d10"
"5802","CP2DB","Cyp2d11"
"5803","GSTA4","Gsta4"
"5804","MYP2","Pmp2"
"5805","LKHA4","Lta4h"
"5806","TY3H","Th"
"5807","IMDH2","Impdh2"
"5808","AL1A1","Aldh1a1"
"5809","TEC","Tec"
"5810","PAX3","Pax3"
"5811","CRYAA","Cryaa"
"5812","PPAL","Acp2"
"5813","MPRD","M6pr"
"5814","MYF5","Myf5"
"5815","ASGR2","Asgr2"
"5816","CD11B","Cdk11b"
"5817","CD24","Cd24"
"5818","3BHS1","Hsd3b1"
"5819","PPBI","Iap"
"5820","PPBN","Alpg"
"5821","CCNB1","Ccnb1"
"5822","IL1RA","Il1rn"
"5823","TNR1A","Tnfrsf1a"
"5824","TNR1B","Tnfrsf1b"
"5825","MCM3","Mcm3"
"5826","NECD","Ndn"
"5827","CO8A2","Col8a2"
"5828","CCND1","Ccnd1"
"5829","PO2F1","Pou2f1"
"5830","RS2","Rps2"
"5831","TNR6","Fas"
"5832","URIC","Uox"
"5833","TIMP2","Timp2"
"5834","NFKB1","Nfkb1"
"5835","RBTN2","Lmo2"
"5836","LYN","Lyn"
"5837","BMI1","Bmi1"
"5838","CD19","Cd19"
"5839","ADRB3","Adrb3"
"5840","UBF1","Ubtf"
"5841","ITB7","Itgb7"
"5842","TLN1","Tln1"
"5843","EZRI","Ezr"
"5844","MOES","Msn"
"5845","RADI","Rdx"
"5846","GBRA2","Gabra2"
"5847","GBRA3","Gabra3"
"5848","3BHS2","Hsd3b2"
"5849","3BHS3","Hsd3b3"
"5850","FCGR1","Fcgr1"
"5851","MGMT","Mgmt"
"5852","CTNA1","Ctnna1"
"5853","KLKB1","Klkb1"
"5854","FLI1","Fli1"
"5855","CMGA","Chga"
"5856","PTMA","Ptma"
"5857","CFTR","Cftr"
"5858","U2AF2","U2af2"
"5859","DHE3","Glud1"
"5860","P85A","Pik3r1"
"5861","PSMD7","Psmd7"
"5862","PGFRA","Pdgfra"
"5863","SYSC","Sars1"
"5864","MARCS","Marcks"
"5865","TWST1","Twist1"
"5866","FKB1A","Fkbp1a"
"5867","HGFL","Mst1"
"5868","IL3RA","Il3ra"
"5869","IL3B2","Csf2rb2"
"5870","IL3RB","Csf2rb"
"5871","S10A8","S100a8"
"5872","AVR2A","Acvr2a"
"5873","AVR2B","Acvr2b"
"5874","MA2A1","Man2a1"
"5875","RSMB","Snrpb"
"5876","TGFB2","Tgfb2"
"5877","MIS","Amh"
"5878","WNT3A","Wnt3a"
"5879","TNR5","Cd40"
"5880","CERS1","Cers1"
"5881","MAP4","Map4"
"5882","CD40L","Cd40lg"
"5883","MYP0","Mpz"
"5884","ETS1","Ets1"
"5885","GNA12","Gna12"
"5886","GNA13","Gna13"
"5887","PLAP","Plaa"
"5888","XRCC5","Xrcc5"
"5889","LIPC","Lipc"
"5890","RL3","Rpl3"
"5891","H2AX","H2ax"
"5892","PDE6A","Pde6a"
"5893","RGRF1","Rasgrf1"
"5894","GBRG3","Gabrg3"
"5895","CREM","Crem"
"5896","PDIA3","Pdia3"
"5897","LEF1","Lef1"
"5898","CCL6","Ccl6"
"5899","CP17A","Cyp17a1"
"5900","CENPB","Cenpb"
"5901","LYL1","Lyl1"
"5902","MGAT1","Mgat1"
"5903","KLRBA","Klrb1a"
"5904","KRBBA","Klrb1b"
"5905","KLRBC","Klrb1c"
"5906","VAV","Vav1"
"5907","HNF1B","Hnf1b"
"5908","IL1R2","Il1r2"
"5909","BRAF","Braf"
"5910","CEBPB","Cebpb"
"5911","WNT7B","Wnt7b"
"5912","PSB8","Psmb8"
"5913","PSB9","Psmb9"
"5914","DMA","H2-DMa"
"5915","MT3","Mt3"
"5916","CXG1","Gjc1"
"5917","CXB1","Gjb1"
"5918","CXB3","Gjb3"
"5919","CXA4","Gja4"
"5920","CXA8","Gja8"
"5921","ACOC","Aco1"
"5922","CATG","Ctsg"
"5923","LYOX","Lox"
"5924","DEFA2","Defa2"
"5925","DEFA3","Defa3"
"5926","DEFA4","Defa4"
"5927","DEFA5","Defa5"
"5928","ETV4","Etv4"
"5929","5HT1B","Htr1b"
"5930","APEX1","Apex1"
"5931","HXD9","Hoxd9"
"5932","HXD10","Hoxd10"
"5933","ADHX","Adh5"
"5934","CO2A1","Col2a1"
"5935","DUS1","Dusp1"
"5936","SC6A9","Slc6a9"
"5937","MAX","Max"
"5938","IPP","Ipp"
"5939","CP19A","Cyp19a1"
"5940","PURA1","Adss1"
"5941","CAH8","Ca8"
"5942","KCC2B","Camk2b"
"5943","PGS1","Bgn"
"5944","PGS2","Dcn"
"5945","NP1L1","Nap1l1"
"5946","ATX10","Atxn10"
"5947","CELF1","Celf1"
"5948","NCKP1","Nckap1"
"5949","SEPT4","Septin4"
"5950","BRI3","Bri3"
"5951","SNAB","Napb"
"5952","MUG1","Mug1"
"5953","MUG2","Mug2"
"5954","MRP","Marcksl1"
"5955","RXRA","Rxra"
"5956","RXRB","Rxrb"
"5957","RXRG","Rxrg"
"5958","KIF5C","Kif5c"
"5959","KIF2A","Kif2a"
"5960","KIF3A","Kif3a"
"5961","I23O1","Ido1"
"5962","GRN","Grn"
"5963","MEP1A","Mep1a"
"5964","PTPRM","Ptprm"
"5965","DPP4","Dpp4"
"5966","MMP3","Mmp3"
"5967","KPCD","Prkcd"
"5968","TBP","Tbp"
"5969","PCSK4","Pcsk4"
"5970","CCN2","Ccn2"
"5971","EPHA3","Epha3"
"5972","PABP1","Pabpc1"
"5973","PTN6","Ptpn6"
"5974","PTN22","Ptpn22"
"5975","GBB4","Gnb4"
"5976","FRIL1","Ftl1"
"5977","HEXA","Hexa"
"5978","CASP1","Casp1"
"5979","NOS2","Nos2"
"5980","VCAM1","Vcam1"
"5981","CASP2","Casp2"
"5982","NEDD8","Nedd8"
"5983","SPA3C","Serpina3c"
"5984","FETUA","Ahsg"
"5985","LALBA","Lalba"
"5986","AGTRA","Agtr1a"
"5987","AGTRB","Agtr1b"
"5988","OAT","Oat"
"5989","VTNC","Vtn"
"5990","TYRP2","Dct"
"5991","CNGA1","Cnga1"
"5992","TEAD1","Tead1"
"5993","GSTA3","Gsta3"
"5994","MSRE","Msr1"
"5995","KCRU","Ckmt1"
"5996","CCNB2","Ccnb2"
"5997","CCND2","Ccnd2"
"5998","CCND3","Ccnd3"
"5999","CDK4","Cdk4"
"6000","MPIP2","Cdc25b"
"6001","AL5AP","Alox5ap"
"6002","PPIC","Ppic"
"6003","NKTR","Nktr"
"6004","FKBP4","Fkbp4"
"6005","ADA2B","Adra2b"
"6006","NK1R","Tacr1"
"6007","NK2R","Tacr2"
"6008","MAS","Mas1"
"6009","PE2R3","Ptger3"
"6010","PAR1","F2r"
"6011","AHR","Ahr"
"6012","CBX2","Cbx2"
"6013","GNA14","Gna14"
"6014","GNA15","Gna15"
"6015","HMGB2","Hmgb2"
"6016","DRD3","Drd3"
"6017","LSHR","Lhcgr"
"6018","GPR83","Gpr83"
"6019","SSR1","Sstr1"
"6020","SSR2","Sstr2"
"6021","CCL5","Ccl5"
"6022","SVS5","Svs5"
"6023","SSR3","Sstr3"
"6024","5HT5A","Htr5a"
"6025","TA2R","Tbxa2r"
"6026","C5AR1","C5ar1"
"6027","CTND1","Ctnnd1"
"6028","DESM","Des"
"6029","CD28","Cd28"
"6030","AIMP1","Aimp1"
"6031","PDGFB","Pdgfb"
"6032","HXA2","Hoxa2"
"6033","UBA1Y","Uba1y"
"6034","HXC10","Hoxc10"
"6035","SUH","Rbpj"
"6036","HXA10","Hoxa10"
"6037","HXA11","Hoxa11"
"6038","HXC11","Hoxc11"
"6039","GSX1","Gsx1"
"6040","GSX2","Gsx2"
"6041","KAP3","Prkar2b"
"6042","PO3F2","Pou3f2"
"6043","PO3F3","Pou3f3"
"6044","PO2F3","Pou2f3"
"6045","5HT5B","Htr5b"
"6046","DPEP1","Dpep1"
"6047","PA2GA","Pla2g2a"
"6048","SAA4","Saa4"
"6049","SC6A1","Slc6a1"
"6050","S6A13","Slc6a13"
"6051","S6A11","Slc6a11"
"6052","S6A12","Slc6a12"
"6053","NOTC4","Notch4"
"6054","S10A9","S100a9"
"6055","AKT1","Akt1"
"6056","ACBP","Dbi"
"6057","CEAM1","Ceacam1"
"6058","MP2K1","Map2k1"
"6059","AREG","Areg"
"6060","CD68","Cd68"
"6061","NLTP","Scp2"
"6062","GTR3","Slc2a3"
"6063","HXC5","Hoxc5"
"6064","LA","Ssb"
"6065","GHRHR","Ghrhr"
"6066","PAX2","Pax2"
"6067","PAX4","Pax4"
"6068","ACM4","Chrm4"
"6069","DRG1","Drg1"
"6070","PE2R4","Ptger4"
"6071","ANT3","Serpinc1"
"6072","BKRB2","Bdkrb2"
"6073","OPRD","Oprd1"
"6074","5HT7R","Htr7"
"6075","MEOX1","Meox1"
"6076","MEOX2","Meox2"
"6077","NECT2","Nectin2"
"6078","VIP","Vip"
"6079","CST8","Cst8"
"6080","PRVA","Pvalb"
"6081","RASK","Kras"
"6082","SYWC","Wars1"
"6083","ROM1","Rom1"
"6084","TNFL8","Tnfsf8"
"6085","MC3R","Mc3r"
"6086","CAD15","Cdh15"
"6087","KIF1A","Kif1a"
"6088","KIF4","Kif4"
"6089","KIF5A","Kif5a"
"6090","NEDD1","Nedd1"
"6091","STF1","Nr5a1"
"6092","CP2F2","Cyp2f2"
"6093","MMP2","Mmp2"
"6094","MMP13","Mmp13"
"6095","OPRK","Oprk1"
"6096","PROC","Proc"
"6097","DPOLA","Pola1"
"6098","PRI2","Prim2"
"6099","DPOA2","Pola2"
"6100","APOC3","Apoc3"
"6101","GUC2A","Guca2a"
"6102","FPR1","Fpr1"
"6103","INAR1","Ifnar1"
"6104","RANG","Ranbp1"
"6105","AP2A","Tfap2a"
"6106","RECO","Rcvrn"
"6107","FAK1","Ptk2"
"6108","BMP8A","Bmp8a"
"6109","MIF","Mif"
"6110","IL2RG","Il2rg"
"6111","HYES","Ephx2"
"6112","ASGR1","Asgr1"
"6113","APOC1","Apoc1"
"6114","MMP12","Mmp12"
"6115","5HT2C","Htr2c"
"6116","ADRB1","Adrb1"
"6117","O1537","Olfr1537"
"6118","OLF13","Olfr13"
"6119","OL143","Olfr143"
"6120","OLF6","Olfr6"
"6121","UBP4","Usp4"
"6122","CYT3","Stfa3"
"6123","CYT2","Stfa2"
"6124","CYT1","Stfa1"
"6125","REG3B","Reg3b"
"6126","PTN11","Ptpn11"
"6127","SFTPA","Sftpa1"
"6128","RAB3D","Rab3d"
"6129","RAB5C","Rab5c"
"6130","RAB6A","Rab6a"
"6131","RAB21","Rab21"
"6132","RAB12","Rab12"
"6133","RB22A","Rab22a"
"6134","RAB23","Rab23"
"6135","RAB24","Rab24"
"6136","RAB17","Rab17"
"6137","RAB18","Rab18"
"6138","RAB19","Rab19"
"6139","RAB20","Rab20"
"6140","CD22","Cd22"
"6141","ICAM2","Icam2"
"6142","CXCR2","Cxcr2"
"6143","CRFR1","Crhr1"
"6144","5HT2A","Htr2a"
"6145","AGTR2","Agtr2"
"6146","PE2R1","Ptger1"
"6147","OPRX","Oprl1"
"6148","FSHR","Fshr"
"6149","P2RY2","P2ry2"
"6150","HSPB7","Hspb7"
"6151","PPARD","Ppard"
"6152","GPR12","Gpr12"
"6153","GPR3","Gpr3"
"6154","PERT","Tpo"
"6155","HES1","Hes1"
"6156","NMDE1","Grin2a"
"6157","NMDZ1","Grin1"
"6158","TSP1","Thbs1"
"6159","NEU1","Oxt"
"6160","NEU2","Avp"
"6161","UPAR","Plaur"
"6162","LY6D","Ly6d"
"6163","LY6F","Ly6f"
"6164","LY6G","Ly6g"
"6165","ODPA","Pdha1"
"6166","ODPAT","Pdha2"
"6167","HUTH","Hal"
"6168","FAAA","Fah"
"6169","UBIM","Fau"
"6170","RET","Ret"
"6171","FBRL","Fbl"
"6172","KCNJ2","Kcnj2"
"6173","CALX","Canx"
"6174","IRS1","Irs1"
"6175","G6PC","G6pc"
"6176","FOXA1","Foxa1"
"6177","FOXA2","Foxa2"
"6178","FOXA3","Foxa3"
"6179","AP1M1","Ap1m1"
"6180","RFC1","Rfc1"
"6181","DDIT3","Ddit3"
"6182","ERCC5","Ercc5"
"6183","PRDX1","Prdx1"
"6184","SOX5","Sox5"
"6185","DMB","H2-DMb1"
"6186","TTK","Ttk"
"6187","CD81","Cd81"
"6188","GPM6A","Gpm6a"
"6189","GPM6B","Gpm6b"
"6190","PTN1","Ptpn1"
"6191","PTPRK","Ptprk"
"6192","PTN12","Ptpn12"
"6193","FOLR1","Folr1"
"6194","VGFR3","Flt4"
"6195","VGFR2","Kdr"
"6196","FMR1","Fmr1"
"6197","LDLR","Ldlr"
"6198","VGFR1","Flt1"
"6199","RL12","Rpl12"
"6200","RL18","Rpl18"
"6201","BTK","Btk"
"6202","FGF7","Fgf7"
"6203","EGFB2","Egfbp2"
"6204","K1B26","Klk1b26"
"6205","TAP2","Tap2"
"6206","THAS","Tbxas1"
"6207","SAR1A","Sar1a"
"6208","HEM6","Cpox"
"6209","BMR1A","Bmpr1a"
"6210","BMR1B","Bmpr1b"
"6211","GNL1","Gnl1"
"6212","PPM1B","Ppm1b"
"6213","NCPR","Por"
"6214","ACVR1","Acvr1"
"6215","CD69","Cd69"
"6216","FGF8","Fgf8"
"6217","PPARG","Pparg"
"6218","THB","Thrb"
"6219","TAGL","Tagln"
"6220","FBLN2","Fbln2"
"6221","DNLI1","Lig1"
"6222","HMGCL","Hmgcl"
"6223","HSF1","Hsf1"
"6224","HSF2","Hsf2"
"6225","UPK2","Upk2"
"6226","TTL","Ttl"
"6227","UF01","-"
"6228","UF02","-"
"6229","UF03","-"
"6230","UF04","-"
"6231","UF05","-"
"6232","UF06","-"
"6233","GRP75","Hspa9"
"6234","BGAT","Abo"
"6235","CADH4","Cdh4"
"6236","MBL1","Mbl1"
"6237","DYN1","Dnm1"
"6238","DYN2","Dnm2"
"6239","COIA1","Col18a1"
"6240","GRIK2","Grik2"
"6241","MA1A2","Man1a2"
"6242","TRAF1","Traf1"
"6243","TRAF2","Traf2"
"6244","ZO1","Tjp1"
"6245","LOX15","Alox15"
"6246","LOX12","Alox12"
"6247","FYN","Fyn"
"6248","CDN1A","Cdkn1a"
"6249","FEN1","Fen1"
"6250","TIMP3","Timp3"
"6251","CAP1","Cap1"
"6252","TKT","Tkt"
"6253","CHD1","Chd1"
"6254","CSF3R","Csf3r"
"6255","SDF1","Cxcl12"
"6256","TPO","Thpo"
"6257","CD82","Cd82"
"6258","CD9","Cd9"
"6259","VP26A","Vps26a"
"6260","VHL","Vhl"
"6261","TFAM","Tfam"
"6262","SOX6","Sox6"
"6263","SOX7","Sox7"
"6264","SMBP2","Ighmbp2"
"6265","SYT4","Syt4"
"6266","ANFB","Nppb"
"6267","DLX2","Dlx2"
"6268","PNMT","Pnmt"
"6269","INMT","Inmt"
"6270","TNFL6","Faslg"
"6271","RL28","Rpl28"
"6272","ID3","Id3"
"6273","ID2","Id2"
"6274","ID4","Id4"
"6275","MC5R","Mc5r"
"6276","TNFC","Ltb"
"6277","ELK4","Elk4"
"6278","LEP","Lep"
"6279","ETV2","Etv2"
"6280","ETV1","Etv1"
"6281","BCL6","Bcl6"
"6282","CETN1","Cetn1"
"6283","ACSL1","Acsl1"
"6284","KDM5C","Kdm5c"
"6285","ABCA1","Abca1"
"6286","ABCA2","Abca2"
"6287","CSK","Csk"
"6288","MATK","Matk"
"6289","MMP9","Mmp9"
"6290","NRAM1","Slc11a1"
"6291","CD27","Cd27"
"6292","TNFL9","Tnfsf9"
"6293","MBL2","Mbl2"
"6294","S19A1","Slc19a1"
"6295","TKN1","Tac1"
"6296","VIPR2","Vipr2"
"6297","PTH1R","Pth1r"
"6298","CD63","Cd63"
"6299","PBX1","Pbx1"
"6300","ELK1","Elk1"
"6301","ELK3","Elk3"
"6302","CD86","Cd86"
"6303","ECI1","Eci1"
"6304","FOXK1","Foxk1"
"6305","SEPT2","Septin2"
"6306","SEPT1","Septin1"
"6307","STAT1","Stat1"
"6308","STAT3","Stat3"
"6309","STAT4","Stat4"
"6310","STA5A","Stat5a"
"6311","STA5B","Stat5b"
"6312","PK3CA","Pik3ca"
"6313","EPS15","Eps15"
"6314","NKX12","Nkx1-2"
"6315","HMX3","Hmx3"
"6316","NKX25","Nkx2-5"
"6317","NKX22","Nkx2-2"
"6318","PURA","Pura"
"6319","TXK","Txk"
"6320","LIFR","Lifr"
"6321","HD","Htt"
"6322","OPRM","Oprm1"
"6323","GPT","Dpagt1"
"6324","PXMP2","Pxmp2"
"6325","TCPQ","Cct8"
"6326","EAA2","Slc1a2"
"6327","NODAL","Nodal"
"6328","CX6A2","Cox6a2"
"6329","CX6A1","Cox6a1"
"6330","TETN","Clec3b"
"6331","GDF5","Gdf5"
"6332","GDF6","Gdf6"
"6333","GDF7","Gdf7"
"6334","GUC1A","Guca1a"
"6335","PF2R","Ptgfr"
"6336","HHEX","Hhex"
"6337","COT2","Nr2f2"
"6338","NR2F6","Nr2f6"
"6339","LIT1","Reg1"
"6340","GP182","Gpr182"
"6341","CDX2","Cdx2"
"6342","MSH2","Msh2"
"6343","PI2R","Ptgir"
"6344","SOX15","Sox15"
"6345","H14","H1-4"
"6346","H11","H1-1"
"6347","H15","H1-5"
"6348","H13","H1-3"
"6349","EGR3","Egr3"
"6350","TLX1","Tlx1"
"6351","DCK","Dck"
"6352","RAD52","Rad52"
"6353","ZAP70","Zap70"
"6354","ITAV","Itgav"
"6355","SDC2","Sdc2"
"6356","MCPT8","Mcpt8"
"6357","IL12A","Il12a"
"6358","IL12B","Il12b"
"6359","TNFL4","Tnfsf4"
"6360","SOX18","Sox18"
"6361","HMX2","Hmx2"
"6362","NKX26","Nkx2-6"
"6363","PLIN2","Plin2"
"6364","ALDR","Akr1b1"
"6365","ALD2","Akr1b8"
"6366","NR5A2","Nr5a2"
"6367","CBP","Crebbp"
"6368","COF2","Cfl2"
"6369","MA1A1","Man1a1"
"6370","FKBP2","Fkbp2"
"6371","ACADM","Acadm"
"6372","RAGP1","Rangap1"
"6373","SIPA1","Sipa1"
"6374","SYT1","Syt1"
"6375","SYT2","Syt2"
"6376","KLF1","Klf1"
"6377","GPX3","Gpx3"
"6378","CDN1B","Cdkn1b"
"6379","GSTP2","Gstp2"
"6380","NSF","Nsf"
"6381","VPS4B","Vps4b"
"6382","PRS7","Psmc2"
"6383","RB11B","Rab11b"
"6384","ADX","Fdx1"
"6385","AINX","Ina"
"6386","MERL","Nf2"
"6387","PURA2","Adss2"
"6388","ZIC1","Zic1"
"6389","TULP2","Tulp2"
"6390","IEX1","Ier3"
"6391","PDCD2","Pdcd2"
"6392","MYO1B","Myo1b"
"6393","BRCC3","Brcc3"
"6394","NEDD4","Nedd4"
"6395","YAP1","Yap1"
"6396","STT3A","Stt3a"
"6397","QOR","Cryz"
"6398","GALA","Gal"
"6399","TES","Tes"
"6400","PAX7","Pax7"
"6401","PAX9","Pax9"
"6402","RP3A","Rph3a"
"6403","PA24A","Pla2g4a"
"6404","ALDH2","Aldh2"
"6405","AL3A1","Aldh3a1"
"6406","AL3A2","Aldh3a2"
"6407","TNR4","Tnfrsf4"
"6408","GRM8","Grm8"
"6409","CNR1","Cnr1"
"6410","TSHR","Tshr"
"6411","CAZA1","Capza1"
"6412","CAZA2","Capza2"
"6413","CAPZB","Capzb"
"6414","SRPRB","Srprb"
"6415","NSG2","Nsg2"
"6416","CCR7","Ccr7"
"6417","GSHR","Gsr"
"6418","EMP1","Emp1"
"6419","MTX1","Mtx1"
"6420","GLI1","Gli1"
"6421","MP2K4","Map2k4"
"6422","WEE1","Wee1"
"6423","MK14","Mapk14"
"6424","GFPT1","Gfpt1"
"6425","PFKAM","Pfkm"
"6426","SCG3","Scg3"
"6427","IL11","Il11"
"6428","IBP1","Igfbp1"
"6429","IBP2","Igfbp2"
"6430","IBP3","Igfbp3"
"6431","IBP4","Igfbp4"
"6432","IBP6","Igfbp6"
"6433","RL6","Rpl6"
"6434","RL29","Rpl29"
"6435","FOSL2","Fosl2"
"6436","FST","Fst"
"6437","REL1","Rln1"
"6438","CACP","Crat"
"6439","CNR2","Cnr2"
"6440","NK3R","Tacr3"
"6441","RES18","Resp18"
"6442","CRKL","Crkl"
"6443","MT4","Mt4"
"6444","RLA1","Rplp1"
"6445","RL5","Rpl5"
"6446","RL13","Rpl13"
"6447","RL36","Rpl36"
"6448","RPIA","Rpia"
"6449","XCL1","Xcl1"
"6450","EIF1","Eif1"
"6451","KSYK","Syk"
"6452","SAT1","Sat1"
"6453","TGFA","Tgfa"
"6454","GBX2","Gbx2"
"6455","ANXA5","Anxa5"
"6456","PA2GC","Pla2g2c"
"6457","GLRB","Glrb"
"6458","41","Epb41"
"6459","VDR","Vdr"
"6460","CCL11","Ccl11"
"6461","EDN3","Edn3"
"6462","TEAD2","Tead2"
"6463","EDNRB","Ednrb"
"6464","GA45A","Gadd45a"
"6465","DCE1","Gad1"
"6466","DCE2","Gad2"
"6467","IL15","Il15"
"6468","LEPR","Lepr"
"6469","RFX1","Rfx1"
"6470","RFX2","Rfx2"
"6471","RFX3","Rfx3"
"6472","ABCD1","Abcd1"
"6473","TBCA","Tbca"
"6474","SOX2","Sox2"
"6475","PROX1","Prox1"
"6476","IDUA","Idua"
"6477","PP2BB","Ppp3cb"
"6478","PP2BC","Ppp3cc"
"6479","GDNF","Gdnf"
"6480","KCNJ6","Kcnj6"
"6481","KCNJ9","Kcnj9"
"6482","KCNJ5","Kcnj5"
"6483","WN10B","Wnt10b"
"6484","WNT11","Wnt11"
"6485","LMNA","Lmna"
"6486","HS74L","Hspa4l"
"6487","PCNT","Pcnt"
"6488","NDP","Ndp"
"6489","BRCA1","Brca1"
"6490","FOSL1","Fosl1"
"6491","GIP","Gip"
"6492","GAST","Gast"
"6493","CBR1","Cbr1"
"6494","PTX3","Ptx3"
"6495","FOLC","Fpgs"
"6496","CX7A2","Cox7a2"
"6497","COX8B","Cox8b"
"6498","GSTM5","Gstm5"
"6499","T23O","Tdo2"
"6500","TNNI3","Tnni3"
"6501","HYALP","Spam1"
"6502","ADT1","Slc25a4"
"6503","MPIP1","Cdc25a"
"6504","MPIP3","Cdc25c"
"6505","MYBB","Mybl2"
"6506","ATOH1","Atoh1"
"6507","NDF6","Neurod6"
"6508","INVO","Ivl"
"6509","LOX5","Alox5"
"6510","BMP5","Bmp5"
"6511","CTRO","Cit"
"6512","CAMLG","Camlg"
"6513","NR2C2","Nr2c2"
"6514","ERCC3","Ercc3"
"6515","MAPK2","Mapkapk2"
"6516","HEP2","Serpind1"
"6517","DNAS1","Dnase1"
"6518","RET3","Rbp3"
"6519","EPB42","Epb42"
"6520","NRAM2","Slc11a2"
"6521","PERE","Epx"
"6522","CLC10","Clec10a"
"6523","ROA1","Hnrnpa1"
"6524","HPPD","Hpd"
"6525","INPP","Inpp1"
"6526","PPM1A","Ppm1a"
"6527","PTPRE","Ptpre"
"6528","CENPC","Cenpc"
"6529","ACHA7","Chrna7"
"6530","PCY1A","Pcyt1a"
"6531","CDK5","Cdk5"
"6532","P2RY1","P2ry1"
"6533","SSR4","Sstr4"
"6534","NPBW1","Npbwr1"
"6535","HNF4A","Hnf4a"
"6536","HCLS1","Hcls1"
"6537","MCM4","Mcm4"
"6538","MCM5","Mcm5"
"6539","PSA2","Psma2"
"6540","EVX2","Evx2"
"6541","PLGF","Pgf"
"6542","VEGFB","Vegfb"
"6543","PSN1","Psen1"
"6544","FLT3L","Flt3lg"
"6545","TMOD1","Tmod1"
"6546","CAV1","Cav1"
"6547","ST1E1","Sult1e1"
"6548","CDN1C","Cdkn1c"
"6549","CATH","Ctsh"
"6550","FRIL2","Ftl2"
"6551","SRP09","Srp9"
"6552","IMDH1","Impdh1"
"6553","S100B","S100b"
"6554","ODBA","Bckdha"
"6555","GNAT2","Gnat2"
"6556","GBG4","Gng4"
"6557","DHB8","Hsd17b8"
"6558","DHI1","Hsd11b1"
"6559","HXC13","Hoxc13"
"6560","NKX21","Nkx2-1"
"6561","CXCL5","Cxcl5"
"6562","ST2A2","Sult2a2"
"6563","SAHH","Ahcy"
"6564","CD7","Cd7"
"6565","TNR3","Ltbr"
"6566","FMO1","Fmo1"
"6567","ASPX","Acrv1"
"6568","ARY1","Nat1"
"6569","ARY2","Nat2"
"6570","ARY3","Nat3"
"6571","GDIA","Gdi1"
"6572","SFTPD","Sftpd"
"6573","PSPB","Sftpb"
"6574","STS","Sts"
"6575","ARSA","Arsa"
"6576","ARSB","Arsb"
"6577","GLYC","Shmt1"
"6578","K2C6A","Krt6a"
"6579","CSRP3","Csrp3"
"6580","LHX3","Lhx3"
"6581","VATA","Atp6v1a"
"6582","VATE1","Atp6v1e1"
"6583","MAD1","Mxd1"
"6584","MXI1","Mxi1"
"6585","S10AB","S100a11"
"6586","ACADV","Acadvl"
"6587","GBRB1","Gabrb1"
"6588","PA2G4","Pa2g4"
"6589","TUB","Tub"
"6590","TNF10","Tnfsf10"
"6591","FMOD","Fmod"
"6592","BTG3","Btg3"
"6593","RN19A","Rnf19a"
"6594","TSPO","Tspo"
"6595","FANCC","Fancc"
"6596","DEFA6","Defa6"
"6597","DEFA7","Defa7"
"6598","DEFA8","Defa8"
"6599","DEFA9","Defa9"
"6600","DFA10","Defa10"
"6601","DFA11","Defa11"
"6602","DFA13","Defa13"
"6603","DFA14","Defa14"
"6604","DFA15","Defa15"
"6605","DFA16","Defa16"
"6606","DFAR7","Defa-rs7"
"6607","DAR12","Defa-rs12"
"6608","TNNT2","Tnnt2"
"6609","ATP4B","Atp4b"
"6610","ICAL","Cast"
"6611","DVL1","Dvl1"
"6612","RAB7A","Rab7a"
"6613","FABP6","Fabp6"
"6614","HEM4","Uros"
"6615","ACADL","Acadl"
"6616","PPOX","Ppox"
"6617","MIP","Mip"
"6618","RL9","Rpl9"
"6619","PLCB3","Plcb3"
"6620","DRD4","Drd4"
"6621","CAMP","Camp"
"6622","RORA","Rora"
"6623","RORG","Rorc"
"6624","OPSB","Opn1sw"
"6625","STAR","Star"
"6626","AGAL","Gla"
"6627","P2RX1","P2rx1"
"6628","XPC","Xpc"
"6629","CAV3","Cav3"
"6630","CNTF","Cntf"
"6631","GPC4","Gpc4"
"6632","DHB1","Hsd17b1"
"6633","DHB2","Hsd17b2"
"6634","DHB4","Hsd17b4"
"6635","DHI2","Hsd11b2"
"6636","MLRV","Myl2"
"6637","CCL9","Ccl9"
"6638","CCR1","Ccr1"
"6639","CC1L1","Ccr1l1"
"6640","CCR3","Ccr3"
"6641","CCR4","Ccr4"
"6642","CCR5","Ccr5"
"6643","CCR2","Ccr2"
"6644","CLCN3","Clcn3"
"6645","DYLT1","Dynlt1"
"6646","AFF3","Aff3"
"6647","ADCY7","Adcy7"
"6648","ADCY9","Adcy9"
"6649","GSHB","Gss"
"6650","HDGF","Hdgf"
"6651","NP1L2","Nap1l2"
"6652","VA0D1","Atp6v0d1"
"6653","TDGF1","Tdgf1"
"6654","ONCO","Ocm"
"6655","FABP7","Fabp7"
"6656","ADT2","Slc25a5"
"6657","LUM","Lum"
"6658","EAA3","Slc1a1"
"6659","ABEC1","Apobec1"
"6660","APOD","Apod"
"6661","AAAT","Slc1a5"
"6662","MATN1","Matn1"
"6663","CCNA2","Ccna2"
"6664","CCNF","Ccnf"
"6665","CCNG1","Ccng1"
"6666","MAT1","Mnat1"
"6667","NEK1","Nek1"
"6668","MYBA","Mybl1"
"6669","ERG1","Sqle"
"6670","KCJ12","Kcnj12"
"6671","KCNJ4","Kcnj4"
"6672","CLGN","Clgn"
"6673","THTR","Tst"
"6674","IMA1","Kpna2"
"6675","JAK1","Jak1"
"6676","PON1","Pon1"
"6677","DPOD1","Pold1"
"6678","RPAC1","Polr1c"
"6679","UBP10","Usp10"
"6680","KPYM","Pkm"
"6681","UB2E1","Ube2e1"
"6682","UB2E3","Ube2e3"
"6683","NDUS6","Ndufs6"
"6684","S1PR2","S1pr2"
"6685","UCK1","Uck1"
"6686","UPP1","Upp1"
"6687","STAT6","Stat6"
"6688","RHOX5","Rhox5"
"6689","FGD1","Fgd1"
"6690","RIDA","Rida"
"6691","GUC2E","Gucy2e"
"6692","IF","Cblif"
"6693","HXK4","Gck"
"6694","EFNA1","Efna1"
"6695","EFNB1","Efnb1"
"6696","EFNB2","Efnb2"
"6697","EFNA2","Efna2"
"6698","CPT2","Cpt2"
"6699","ST1A1","Sult1a1"
"6700","ST2A1","Sult2a1"
"6701","NDST2","Ndst2"
"6702","TM165","Tmem165"
"6703","TIA1","Tia1"
"6704","HMGA2","Hmga2"
"6705","PDX1","Pdx1"
"6706","DBX1","Dbx1"
"6707","LBX1","Lbx1"
"6708","E41LA","Epb41l4a"
"6709","RL10A","Rpl10a"
"6710","ONCM","Osm"
"6711","M3K1","Map3k1"
"6712","PLK2","Plk2"
"6713","8ODP","Nudt1"
"6714","ODB2","Dbt"
"6715","CUX1","Cux1"
"6716","CEBPA","Cebpa"
"6717","CEBPG","Cebpg"
"6718","CEBPZ","Cebpz"
"6719","PGTB2","Rabggtb"
"6720","KPYR","Pklr"
"6721","LIMK1","Limk1"
"6722","MMP14","Mmp14"
"6723","CCHL","Hccs"
"6724","ARNT","Arnt"
"6725","LHX4","Lhx4"
"6726","SOX1","Sox1"
"6727","SOX3","Sox3"
"6728","FDFT","Fdft1"
"6729","PPCT","Pctp"
"6730","PIPNA","Pitpna"
"6731","PIPNB","Pitpnb"
"6732","MOT1","Slc16a1"
"6733","RAB2A","Rab2a"
"6734","APC1","Anapc1"
"6735","CNBP","Cnbp"
"6736","IDHP","Idh2"
"6737","DPOG1","Polg"
"6738","DNJC2","Dnajc2"
"6739","STOM","Stom"
"6740","FGF9","Fgf9"
"6741","STMN1","Stmn1"
"6742","ATX1","Atxn1"
"6743","DMPK","Dmpk"
"6744","MSH6","Msh6"
"6745","PMS2","Pms2"
"6746","CACB3","Cacnb3"
"6747","LIPS","Lipe"
"6748","ELN","Eln"
"6749","OAZ1","Oaz1"
"6750","OSTR","Bglap3"
"6751","RD23A","Rad23a"
"6752","RD23B","Rad23b"
"6753","NUB1","Nub1"
"6754","FAF1","Faf1"
"6755","SIA4A","St3gal1"
"6756","EPHB3","Ephb3"
"6757","EPHB4","Ephb4"
"6758","EPHB2","Ephb2"
"6759","PRS6B","Psmc4"
"6760","TNG2","Tango2"
"6761","GALC","Galc"
"6762","PUR8","Adsl"
"6763","DDX6","Ddx6"
"6764","PTN5","Ptpn5"
"6765","MAFB","Mafb"
"6766","MAF","Maf"
"6767","NRL","Nrl"
"6768","HMCS2","Hmgcs2"
"6769","ADPRH","Adprh"
"6770","IRG1","Acod1"
"6771","MFAP2","Mfap2"
"6772","S12A2","Slc12a2"
"6773","S12A1","Slc12a1"
"6774","GEM","Gem"
"6775","FABPI","Fabp2"
"6776","PLTP","Pltp"
"6777","NCAN","Ncan"
"6778","PAR2","F2rl1"
"6779","AQP4","Aqp4"
"6780","GLUC","Gcg"
"6781","ABCD3","Abcd3"
"6782","CATK","Ctsk"
"6783","PEX2","Pex2"
"6784","TKNK","Tac3"
"6785","INHBC","Inhbc"
"6786","BMP8B","Bmp8b"
"6787","TYRO3","Tyro3"
"6788","3BP1","Sh3bp1"
"6789","KMT2A","Kmt2a"
"6790","LX12E","Alox12e"
"6791","RAB8A","Rab8a"
"6792","ADK","Adk"
"6793","CDN2B","Cdkn2b"
"6794","CADH5","Cdh5"
"6795","CAD11","Cdh11"
"6796","DSC2","Dsc2"
"6797","AMRP","Lrpap1"
"6798","ENTP1","Entpd1"
"6799","STMN2","Stmn2"
"6800","DSC1","Dsc1"
"6801","DSC3","Dsc3"
"6802","GOGA3","Golga3"
"6803","ATPK","Atp5mf"
"6804","RRP1","Rrp1"
"6805","CIDEC","Cidec"
"6806","CATW","Ctsw"
"6807","ARP19","Arpp19"
"6808","ALR","Gfer"
"6809","TCL1A","Tcl1a"
"6810","RAB4A","Rab4a"
"6811","ACYP2","Acyp2"
"6812","ACYP1","Acyp1"
"6813","ATP68","Atp5mpl"
"6814","AP4A","Nudt2"
"6815","ATP5E","Atp5f1e"
"6816","AT5G2","Atp5mc2"
"6817","AT5G3","Atp5mc3"
"6818","DEFB1","Defb1"
"6819","DYLT3","Dynlt3"
"6820","CART","Cartpt"
"6821","CDD","Cda"
"6822","CKS2","Cks2"
"6823","CX6B1","Cox6b1"
"6824","CX7A1","Cox7a1"
"6825","COX7B","Cox7b"
"6826","COX17","Cox17"
"6827","CYB5","Cyb5a"
"6828","UBP5","Usp5"
"6829","GP1BB","Gp1bb"
"6830","AQP2","Aqp2"
"6831","AQP8","Aqp8"
"6832","MC4R","Mc4r"
"6833","CORT","Cort"
"6834","AGRP","Agrp"
"6835","GBRR1","Gabrr1"
"6836","GBRR2","Gabrr2"
"6837","IRF5","Irf5"
"6838","GALR1","Galr1"
"6839","ATPB","Atp5f1b"
"6840","GASR","Cckbr"
"6841","CCR8","Ccr8"
"6842","ACKR3","Ackr3"
"6843","UCP3","Ucp3"
"6844","CD38","Cd38"
"6845","DNS2A","Dnase2"
"6846","CTBP2","Ctbp2"
"6847","LMIP","Lim2"
"6848","EAA1","Slc1a3"
"6849","S10A1","S100a1"
"6850","CYTA","Csta"
"6851","TDG","Tdg"
"6852","CP2AC","Cyp2a12"
"6853","CP237","Cyp2c37"
"6854","CP238","Cyp2c38"
"6855","CP239","Cyp2c39"
"6856","CP240","Cyp2c40"
"6857","MAZ","Maz"
"6858","ST14","St14"
"6859","WFS1","Wfs1"
"6860","RP1","Rp1"
"6861","SMO","Smo"
"6862","PDCD5","Pdcd5"
"6863","BACE1","Bace1"
"6864","TCLB1","Tcl1b1"
"6865","TCLB2","Tcl1b2"
"6866","TCLB3","Tcl1b3"
"6867","TCLB4","Tcl1b4"
"6868","TCLB5","Tcl1b5"
"6869","CLD18","Cldn18"
"6870","ZNRD2","Znrd2"
"6871","GSC2","Gsc2"
"6872","E2F2","E2f2"
"6873","MCH","Pmch"
"6874","FUS","Fus"
"6875","EXOSX","Exosc10"
"6876","NRG2","Nrg2"
"6877","TM14A","Tmem14a"
"6878","LAD1","Lad1"
"6879","UBP25","Usp25"
"6880","PSCA","Psca"
"6881","ATS8","Adamts8"
"6882","EVC","Evc"
"6883","NICA","Ncstn"
"6884","PCBP3","Pcbp3"
"6885","PCBP4","Pcbp4"
"6886","SAMN1","Samsn1"
"6887","VATD","Atp6v1d"
"6888","MMP20","Mmp20"
"6889","CTNS","Ctns"
"6890","ERP29","Erp29"
"6891","NPY","Npy"
"6892","EF1D","Eef1d"
"6893","ACTN4","Actn4"
"6894","RU2A","Snrpa1"
"6895","LFTY2","Lefty2"
"6896","MOT4","Slc16a3"
"6897","FACE2","Rce1"
"6898","SESN1","Sesn1"
"6899","CD59B","Cd59b"
"6900","TM9S2","Tm9sf2"
"6901","LOXL2","Loxl2"
"6902","SESN2","Sesn2"
"6903","IDI1","Idi1"
"6904","NADK","Nadk"
"6905","RT21","Mrps21"
"6906","RT06","Mrps6"
"6907","RASA2","Rasa2"
"6908","ACOT8","Acot8"
"6909","B3GA3","B3gat3"
"6910","PLS4","Plscr4"
"6911","ASM3B","Smpdl3b"
"6912","EF2","Eef2"
"6913","DPF3","Dpf3"
"6914","OPA1","Opa1"
"6915","RN216","Rnf216"
"6916","OX1R","Hcrtr1"
"6917","OX2R","Hcrtr2"
"6918","UCHL4","Uchl4"
"6919","KLF16","Klf16"
"6920","S45A2","Slc45a2"
"6921","PTPA","Ptpa"
"6922","KCNN2","Kcnn2"
"6923","KCNN3","Kcnn3"
"6924","STRN4","Strn4"
"6925","HRH3","Hrh3"
"6926","ATS10","Adamts10"
"6927","FOXP1","Foxp1"
"6928","FOXP2","Foxp2"
"6929","CTDSL","Ctdspl"
"6930","CTDS1","Ctdsp1"
"6931","SETD4","Setd4"
"6932","F207A","Fam207a"
"6933","M3KCL","Map3k7cl"
"6934","PAXB1","Paxbp1"
"6935","BTBD1","Btbd1"
"6936","BTBD3","Btbd3"
"6937","EVA1C","Eva1c"
"6938","CAR10","Card10"
"6939","TLR7","Tlr7"
"6940","TLR8","Tlr8"
"6941","CI016","MGI:1920987"
"6942","GGLO","Gulo"
"6943","S26A1","Slc26a1"
"6944","AAAS","Aaas"
"6945","TM6S1","Tm6sf1"
"6946","PIM3","Pim3"
"6947","TPM1","Tpm1"
"6948","TPM2","Tpm2"
"6949","RIPK2","Ripk2"
"6950","TB10A","Tbc1d10a"
"6951","GCP3","Tubgcp3"
"6952","TB182","Tnks1bp1"
"6953","RHBL3","Rhbdl3"
"6954","GMEB2","Gmeb2"
"6955","VP33B","Vps33b"
"6956","B2L13","Bcl2l13"
"6957","FKB14","Fkbp14"
"6958","LRRC3","Lrrc3"
"6959","DJC30","Dnajc30"
"6960","PDRG1","Pdrg1"
"6961","KCNG3","Kcng3"
"6962","CSRN1","Csrnp1"
"6963","CSRN3","Csrnp3"
"6964","STAR6","Stard6"
"6965","CPNE2","Cpne2"
"6966","SENP1","Senp1"
"6967","KCNH8","Kcnh8"
"6968","FERM1","Fermt1"
"6969","CAPAM","Pcif1"
"6970","S12A3","Slc12a3"
"6971","LMBL2","L3mbtl2"
"6972","SREC2","Scarf2"
"6973","NUP43","Nup43"
"6974","NPHP4","Nphp4"
"6975","CING","Cgn"
"6976","FITM2","Fitm2"
"6977","ZDHC2","Zdhhc2"
"6978","ZDHC9","Zdhhc9"
"6979","B3GA2","B3gat2"
"6980","RAB2B","Rab2b"
"6981","KLHL8","Klhl8"
"6982","RHG39","Arhgap39"
"6983","IF5","Eif5"
"6984","YTHD1","Ythdf1"
"6985","WDHD1","Wdhd1"
"6986","LRRN4","Lrrn4"
"6987","ATS15","Adamts15"
"6988","HPS5","Hps5"
"6989","RPC2","Polr3b"
"6990","LMA2L","Lman2l"
"6991","ATS19","Adamts19"
"6992","ATS20","Adamts20"
"6993","TR123","Tas2r123"
"6994","T2R16","Tas2r16"
"6995","TA2R7","Tas2r7"
"6996","T2R41","Tas2r41"
"6997","ASXL1","Asxl1"
"6998","PI5PA","Inpp5j"
"6999","FXYD7","Fxyd7"
"7000","ANS1A","Anks1a"
"7001","SF3B6","Sf3b6"
"7002","RIN3","Rin3"
"7003","MRTFB","Mrtfb"
"7004","DOCK4","Dock4"
"7005","SASH1","Sash1"
"7006","IRPL1","Il1rapl1"
"7007","CAD26","Cdh26"
"7008","EMIL3","Emilin3"
"7009","PCMD1","Pcmtd1"
"7010","SIR6","Sirt6"
"7011","KDM2A","Kdm2a"
"7012","ARPC4","Arpc4"
"7013","ELOF1","Elof1"
"7014","APC15","Anapc15"
"7015","SMS","Sst"
"7016","SC61G","Sec61g"
"7017","RUVB1","Ruvbl1"
"7018","RNAS9","Rnase9"
"7019","RIMS4","Rims4"
"7020","MYPR","Plp1"
"7021","EIF3E","Eif3e"
"7022","NANO2","Nanos2"
"7023","NANO3","Nanos3"
"7024","ESPL1","Espl1"
"7025","CDO1","Cdo1"
"7026","PCBP1","Pcbp1"
"7027","LIPA3","Ppfia3"
"7028","PLPP","Pdxp"
"7029","GBRL2","Gabarapl2"
"7030","ROMO1","Romo1"
"7031","UB2G2","Ube2g2"
"7032","NPL4","Nploc4"
"7033","ACTB","Actb"
"7034","MDGA2","Mdga2"
"7035","NEUG","Nrgn"
"7036","MO4L1","Morf4l1"
"7037","RAC3","Rac3"
"7038","CDC42","Cdc42"
"7039","CIRBP","Cirbp"
"7040","ENSA","Ensa"
"7041","IF4A1","Eif4a1"
"7042","LZTS1","Lzts1"
"7043","RS20","Rps20"
"7044","SNP25","Snap25"
"7045","MEGF8","Megf8"
"7046","GPR85","Gpr85"
"7047","SEM1","Sem1"
"7048","RPB9","Polr2i"
"7049","DNJC5","Dnajc5"
"7050","NOL4","Nol4"
"7051","PPLA","Pln"
"7052","RAB5B","Rab5b"
"7053","CHP1","Chp1"
"7054","CKS1","Cks1b"
"7055","RAB10","Rab10"
"7056","RAB8B","Rab8b"
"7057","UB2D3","Ube2d3"
"7058","UB2D1","Ube2d1"
"7059","UBC12","Ube2m"
"7060","UBE2K","Ube2k"
"7061","UBE2N","Ube2n"
"7062","SIA1A","Siah1a"
"7063","ANRE","Kap"
"7064","FGF1","Fgf1"
"7065","ARP2","Actr2"
"7066","ACTZ","Actr1a"
"7067","TM258","Tmem258"
"7068","DRD2","Drd2"
"7069","CSN2","Cops2"
"7070","ARF3","Arf3"
"7071","ARL4C","Arl4c"
"7072","ARL1","Arl1"
"7073","ARL4A","Arl4a"
"7074","CAH10","Ca10"
"7075","TAF13","Taf13"
"7076","RPAB2","Polr2f"
"7077","ABCE1","Abce1"
"7078","RAP2B","Rap2b"
"7079","YPEL3","Ypel3"
"7080","CNCG","Pde6h"
"7081","RL26","Rpl26"
"7082","STX1B","Stx1b"
"7083","PSME3","Psme3"
"7084","RAB6B","Rab6b"
"7085","G3ST3","Gal3st3"
"7086","MGN","Magoh"
"7087","FGF12","Fgf12"
"7088","RL27","Rpl27"
"7089","OSTN","Ostn"
"7090","ISL1","Isl1"
"7091","LHX5","Lhx5"
"7092","EST1A","Smg6"
"7093","TDRD6","Tdrd6"
"7094","PHS","Pcbd1"
"7095","DEPD5","Depdc5"
"7096","RL37A","Rpl37a"
"7097","RND3","Rnd3"
"7098","NAA20","Naa20"
"7099","S61A1","Sec61a1"
"7100","ITA11","Itga11"
"7101","ARF4","Arf4"
"7102","PFD3","Vbp1"
"7103","LPAR1","Lpar1"
"7104","DAD1","Dad1"
"7105","SNN","Snn"
"7106","CD5R1","Cdk5r1"
"7107","GABT","Abat"
"7108","COPZ1","Copz1"
"7109","THBG","Serpina7"
"7110","GBG11","Gng11"
"7111","SUMO2","Sumo2"
"7112","UFM1","Ufm1"
"7113","DCAF7","Dcaf7"
"7114","WDR5","Wdr5"
"7115","AP1S1","Ap1s1"
"7116","LMO4","Lmo4"
"7117","NTF2","Nutf2"
"7118","HNRPK","Hnrnpk"
"7119","1433G","Ywhag"
"7120","LRCH1","Lrch1"
"7121","UBP46","Usp46"
"7122","RRAS2","Rras2"
"7123","TIM10","Timm10"
"7124","TIM13","Timm13"
"7125","TIM8B","Timm8b"
"7126","TSN5","Tspan5"
"7127","RS7","Rps7"
"7128","PP1A","Ppp1ca"
"7129","PP1B","Ppp1cb"
"7130","PRS4","Psmc1"
"7131","PRS8","Psmc5"
"7132","RS8","Rps8"
"7133","RS15A","Rps15a"
"7134","UB2G1","Ube2g1"
"7135","UBE2H","Ube2h"
"7136","1433E","Ywhae"
"7137","RS14","Rps14"
"7138","RS23","Rps23"
"7139","RS18","Rps18"
"7140","RS29","Rps29"
"7141","RS11","Rps11"
"7142","RS13","Rps13"
"7143","RUXE","Snrpe"
"7144","RUXF","Snrpf"
"7145","RUXG","Snrpg"
"7146","LSM3","Lsm3"
"7147","LSM6","Lsm6"
"7148","SMD1","Snrpd1"
"7149","SMD2","Snrpd2"
"7150","SMD3","Snrpd3"
"7151","LSM5","Lsm5"
"7152","BTG1","Btg1"
"7153","ARF6","Arf6"
"7154","PRS10","Psmc6"
"7155","TBPL1","Tbpl1"
"7156","SELT","Selenot"
"7157","KCAB2","Kcnab2"
"7158","ABI2","Abi2"
"7159","RPB7","Polr2g"
"7160","RB11A","Rab11a"
"7161","T22D1","Tsc22d1"
"7162","ERR3","Esrrg"
"7163","PO3F4","Pou3f4"
"7164","DLRB1","Dynlrb1"
"7165","EF1A2","Eef1a2"
"7166","CRBB2","Crybb2"
"7167","YPEL5","Ypel5"
"7168","RS4X","Rps4x"
"7169","PP2AB","Ppp2cb"
"7170","RL18A","Rpl18a"
"7171","ACTA","Acta2"
"7172","AP2S1","Ap2s1"
"7173","RHOB","Rhob"
"7174","HPCL1","Hpcal1"
"7175","RL23A","Rpl23a"
"7176","RS6","Rps6"
"7177","VISL1","Vsnl1"
"7178","MTPN","Mtpn"
"7179","H4","H4c2"
"7180","WFD18","Wfdc18"
"7181","GBRA1","Gabra1"
"7182","VATB2","Atp6v1b2"
"7183","HRK","Hrk"
"7184","S10A3","S100a3"
"7185","RAB1A","Rab1A"
"7186","RAB3C","Rab3c"
"7187","RAN","Ran"
"7188","RL23","Rpl23"
"7189","RAP1A","Rap1a"
"7190","UB2D2","Ube2d2"
"7191","RS15","Rps15"
"7192","RS24","Rps24"
"7193","RS25","Rps25"
"7194","RS26","Rps26"
"7195","RS28","Rps28"
"7196","ELOB","Elob"
"7197","GBB1","Gnb1"
"7198","RPAB5","Polr2l"
"7199","RBX1","Rbx1"
"7200","GBB2","Gnb2"
"7201","GNB5","Gnb5"
"7202","RL30","Rpl30"
"7203","RL39","Rpl39"
"7204","CYC","Cycs"
"7205","RL31","Rpl31"
"7206","RS3","Rps3"
"7207","RL32","Rpl32"
"7208","TF2B","Gtf2b"
"7209","RL8","Rpl8"
"7210","FBX40","Fbxo40"
"7211","RL41","Rpl41"
"7212","BLCAP","Blcap"
"7213","CCG7","Cacng7"
"7214","YBOX1","Ybx1"
"7215","PROF1","Pfn1"
"7216","RABP1","Crabp1"
"7217","RS27A","Rps27a"
"7218","RL40","Uba52"
"7219","TRA2B","Tra2b"
"7220","RAC1","Rac1"
"7221","TLE5","Tle5"
"7222","LIS1","Pafah1b1"
"7223","LHX1","Lhx1"
"7224","RAB3A","Rab3a"
"7225","PRRX1","Prrx1"
"7226","PAX6","Pax6"
"7227","HSP7C","Hspa8"
"7228","VAMP3","Vamp3"
"7229","TCTP","Tpt1"
"7230","MPC1","Mpc1"
"7231","RHES","Rasd2"
"7232","CYH2","Cyth2"
"7233","DNJA1","Dnaja1"
"7234","CH60","Hspd1"
"7235","CPLX1","Cplx1"
"7236","STMN4","Stmn4"
"7237","VAMP2","Vamp2"
"7238","ST4A1","Sult4a1"
"7239","PCP4","Pcp4"
"7240","NOE3","Olfm3"
"7241","THA","Thra"
"7242","UBD","Ubd"
"7243","IF4E","Eif4e"
"7244","FGF17","Fgf17"
"7245","GBG8","Gng8"
"7246","GBRB3","Gabrb3"
"7247","VATL","Atp6v0c"
"7248","S10A5","S100a5"
"7249","MK01","Mapk1"
"7250","PP1G","Ppp1cc"
"7251","PTN","Ptn"
"7252","1433Z","Ywhaz"
"7253","AAA1","Slc7a10"
"7254","GBRB2","Gabrb2"
"7255","NFYB","Nfyb"
"7256","KCNA2","Kcna2"
"7257","KCAB1","Kcnab1"
"7258","UBE2B","Ube2b"
"7259","CRNL1","Crnkl1"
"7260","BARH1","Barhl1"
"7261","HMGB1","Hmgb1"
"7262","RSMN","Snrpn"
"7263","SUMO1","Sumo1"
"7264","DYL1","Dynll1"
"7265","GBG2","Gng2"
"7266","GBG3","Gng3"
"7267","NEC1","Pcsk1"
"7268","IF5A1","Eif5a"
"7269","IPKA","Pkia"
"7270","KCNJ3","Kcnj3"
"7271","CRIP1","Crip1"
"7272","ACTG","Actg1"
"7273","ACTH","Actg2"
"7274","SPT4A","Supt4h1a"
"7275","RS17","Rps17"
"7276","AMELX","Amelx"
"7277","UBC9","Ube2i"
"7278","SELW","Selenow"
"7279","KPCG","Prkcg"
"7280","RALA","Rala"
"7281","RS12","Rps12"
"7282","RS10","Rps10"
"7283","PP2BA","Ppp3ca"
"7284","PP2AA","Ppp2ca"
"7285","PHB","Phb"
"7286","CSK2B","Csnk2b"
"7287","RL22","Rpl22"
"7288","ACTC","Actc1"
"7289","UB2L3","Ube2l3"
"7290","RACK1","Rack1"
"7291","ACTS","Acta1"
"7292","KAPCB","Prkacb"
"7293","1433T","Ywhaq"
"7294","TBA4A","Tuba4a"
"7295","TBA1A","Tuba1a"
"7296","TBB4B","Tubb4b"
"7297","TBA1C","Tuba1c"
"7298","KPCB","Prkcb"
"7299","H31","H3c11"
"7300","CNTN5","Cntn5"
"7301","1433F","Ywhah"
"7302","TMPS9","Tmprss9"
"7303","RANB9","Ranbp9"
"7304","TRPV5","Trpv5"
"7305","HES5","Hes5"
"7306","ZHX1","Zhx1"
"7307","SBDS","Sbds"
"7308","SPB5","Serpinb5"
"7309","SIA8E","St8sia5"
"7310","ASM3A","Smpdl3a"
"7311","CALC","Calca"
"7312","CPEB1","Cpeb1"
"7313","IMB1","Kpnb1"
"7314","DOC2B","Doc2b"
"7315","ABCC9","Abcc9"
"7316","NTCP2","Slc10a2"
"7317","HRH1","Hrh1"
"7318","DLG3","Dlg3"
"7319","SIX5","Six5"
"7320","ANPRC","Npr3"
"7321","PI51B","Pip5k1b"
"7322","PI51A","Pip5k1a"
"7323","EPYC","Epyc"
"7324","MF14A","Mfsd14a"
"7325","KIFA3","Kifap3"
"7326","CAZA3","Capza3"
"7327","TRAF5","Traf5"
"7328","LRIG1","Lrig1"
"7329","CLC4F","Clec4f"
"7330","PSB7","Psmb7"
"7331","TRAF6","Traf6"
"7332","LXN","Lxn"
"7333","PACR","Adcyap1r1"
"7334","PLXA1","Plxna1"
"7335","PLXA2","Plxna2"
"7336","PLXA3","Plxna3"
"7337","TEAD3","Tead3"
"7338","DCC","Dcc"
"7339","FV1","Fv1"
"7340","HXD13","Hoxd13"
"7341","M4K1","Map4k1"
"7342","GIMA1","Gimap1"
"7343","I11RB","Il11ra2"
"7344","ITPR3","Itpr3"
"7345","NCHL1","Chl1"
"7346","MP2K6","Map2k6"
"7347","EBP","Ebp"
"7348","MYO1F","Myo1f"
"7349","NFIC","Nfic"
"7350","NFIX","Nfix"
"7351","GP143","Gpr143"
"7352","PALD","Pald1"
"7353","PD2R","Ptgdr"
"7354","F262","Pfkfb2"
"7355","F261","Pfkfb1"
"7356","PKN1","Pkn1"
"7357","CATE","Ctse"
"7358","RAD54","Rad54l"
"7359","PDLI4","Pdlim4"
"7360","SEPP1","Selenop"
"7361","SEM3E","Sema3e"
"7362","SIA7B","St6galnac2"
"7363","STRA8","Stra8"
"7364","SURF6","Surf6"
"7365","VAMP7","Vamp7"
"7366","SYCP3","Sycp3"
"7367","TGIF1","Tgif1"
"7368","HDAC2","Hdac2"
"7369","PTPRV","Ptprv"
"7370","EM55","Mpp1"
"7371","AUP1","Aup1"
"7372","PEBP1","Pebp1"
"7373","STAM1","Stam"
"7374","CUX2","Cux2"
"7375","STIM1","Stim1"
"7376","PYRG2","Ctps2"
"7377","NTR2","Ntsr2"
"7378","HYAS2","Has2"
"7379","NOS3","Nos3"
"7380","PITX1","Pitx1"
"7381","WASP","Was"
"7382","TIAR","Tial1"
"7383","HXB13","Hoxb13"
"7384","TBX1","Tbx1"
"7385","TBX3","Tbx3"
"7386","TBX4","Tbx4"
"7387","TBX5","Tbx5"
"7388","TBX6","Tbx6"
"7389","MDFI","Mdfi"
"7390","HNRH2","Hnrnph2"
"7391","ROCK1","Rock1"
"7392","ROCK2","Rock2"
"7393","GFI1","Gfi1"
"7394","FRAT1","Frat1"
"7395","SMAD1","Smad1"
"7396","CASP4","Casp4"
"7397","B2CL2","Bcl2l2"
"7398","TANK","Tank"
"7399","GCM1","Gcm1"
"7400","HINT1","Hint1"
"7401","EZH1","Ezh1"
"7402","NAR5","Art5"
"7403","NFYC","Nfyc"
"7404","MSX3","Msx3"
"7405","UFD1","Ufd1"
"7406","NCOA1","Ncoa1"
"7407","SEBOX","Sebox"
"7408","TERF1","Terf1"
"7409","ELAV1","Elavl1"
"7410","FA7","F7"
"7411","FGF13","Fgf13"
"7412","FGF11","Fgf11"
"7413","FGF14","Fgf14"
"7414","IL18","Il18"
"7415","DHB3","Hsd17b3"
"7416","HFE","Hfe"
"7417","RAD50","Rad50"
"7418","ALS","Igfals"
"7419","SHOX2","Shox2"
"7420","RGRF2","Rasgrf2"
"7421","DLX5","Dlx5"
"7422","DLX6","Dlx6"
"7423","USP9X","Usp9x"
"7424","TP53B","Tp53bp1"
"7425","MYBPH","Mybph"
"7426","IDHG1","Idh3g"
"7427","UCP2","Ucp2"
"7428","CADH9","Cdh9"
"7429","CAD10","Cdh10"
"7430","CUZD1","Cuzd1"
"7431","NAC1","Slc8a1"
"7432","GALT3","Galnt3"
"7433","CTR3","Slc7a3"
"7434","ERBB2","Erbb2"
"7435","RIT2","Rit2"
"7436","RIT1","Rit1"
"7437","EXT2","Ext2"
"7438","EVL","Evl"
"7439","IRF7","Irf7"
"7440","DLX4","Dlx4"
"7441","NHRF1","Slc9a3r1"
"7442","BID","Bid"
"7443","4EBP2","Eif4ebp2"
"7444","NGN2","Neurog2"
"7445","FER","Fer"
"7446","STX4","Stx4"
"7447","PDE7A","Pde7a"
"7448","IPSP","Serpina5"
"7449","ERF","Erf"
"7450","VASP","Vasp"
"7451","CXCR4","Cxcr4"
"7452","NGN1","Neurog1"
"7453","NGN3","Neurog3"
"7454","LDB1","Ldb1"
"7455","SPRL1","Sparcl1"
"7456","SIAE","Siae"
"7457","PHEX","Phex"
"7458","NACAM","Naca"
"7459","IRF3","Irf3"
"7460","TSX","Tsx"
"7461","CASP3","Casp3"
"7462","CXB6","Gjb6"
"7463","UD12","Ugt1a2"
"7464","DHB5","Akr1c6"
"7465","F16P2","Fbp2"
"7466","H2B1A","H2bc1"
"7467","DCUP","Urod"
"7468","PYRG1","Ctps1"
"7469","LYAG","Gaa"
"7470","RPA2","Polr1b"
"7471","WN10A","Wnt10a"
"7472","AT8A1","Atp8a1"
"7473","UTY","Uty"
"7474","P79568","H2-Q6"
"7475","C2TA","Ciita"
"7476","OTX1","Otx1"
"7477","OTX2","Otx2"
"7478","TCPH","Cct7"
"7479","TCPB","Cct2"
"7480","TCPD","Cct4"
"7481","TCPE","Cct5"
"7482","TCPZ","Cct6a"
"7483","TCPG","Cct3"
"7484","PTPR2","Ptprn2"
"7485","IRX2","Irx2"
"7486","IRX3","Irx3"
"7487","IRX1","Irx1"
"7488","GABP2","Gabpb2"
"7489","NUCB2","Nucb2"
"7490","IRS2","Irs2"
"7491","IKZF2","Ikzf2"
"7492","ATF1","Atf1"
"7493","ERG","Erg"
"7494","UCN1","Ucn"
"7495","DEFB4","Defb4"
"7496","DEFB2","Defb2"
"7497","BGH3","Tgfbi"
"7498","RENBP","Renbp"
"7499","SGCD","Sgcd"
"7500","SGCG","Sgcg"
"7501","SGCB","Sgcb"
"7502","SGCA","Sgca"
"7503","GBX1","Gbx1"
"7504","STIM2","Stim2"
"7505","NYX","Nyx"
"7506","TNIK","Tnik"
"7507","KI3L1","Kir3dl1"
"7508","TNR26","Tnfrsf26"
"7509","CTF2","Ctf2"
"7510","WNK1","Wnk1"
"7511","VAM6L","-"
"7512","GPCR","-"
"7513","ACLP","-"
"7514","QRFPR","Qrfpr"
"7515","PHF5A","Phf5a"
"7516","TXN4A","Txnl4a"
"7517","RL36A","Rpl36a"
"7518","TBG1","Tubg1"
"7519","IMPL","-"
"7520","CBX1","Cbx1"
"7521","ELOC","Eloc"
"7522","HPCA","Hpca"
"7523","ARF1","Arf1"
"7524","ARF5","Arf5"
"7525","CPLX2","Cplx2"
"7526","ERH","Erh"
"7527","AP2M1","Ap2m1"
"7528","RHOG","Rhog"
"7529","RL19","Rpl19"
"7530","SERF2","Serf2"
"7531","SRSF3","Srsf3"
"7532","H32","H3c13"
"7533","H33","H3-3a"
"7534","ADCY5","Adcy5"
"7535","CC21A","Ccl21a"
"7536","KVM5","-"
"7537","HVM63","-"
"7538","ISC2A","Isoc2a"
"7539","VGLL3","Vgll3"
"7540","DPA5B","Dppa5b"
"7541","ANO9","Ano9"
"7542","TM207","Tmem207"
"7543","KCJ13","Kcnj13"
"7544","RL10L","Rpl10l"
"7545","RBM46","Rbm46"
"7546","T170B","Tmem170b"
"7547","BEND4","Bend4"
"7548","TIGIT","Tigit"
"7549","TR43B","Trim43b"
"7550","TR43C","Trim43c"
"7551","OSTCN","Bglap"
"7552","OSTC2","Bglap2"
"7553","CC21B","Ccl21b"
"7554","CC21C","Ccl21c"
"7555","MCL1","Mcl1"
"7556","5HT4R","Htr4"
"7557","IC1","Serping1"
"7558","CADH8","Cdh8"
"7559","HRH2","Hrh2"
"7560","NPY2R","Npy2r"
"7561","ADML","Adm"
"7562","PEDF","Serpinf1"
"7563","SFRP2","Sfrp2"
"7564","NPTN","Nptn"
"7565","BACH1","Bach1"
"7566","BACH2","Bach2"
"7567","RPAC2","Polr1d"
"7568","NFAC3","Nfatc3"
"7569","STAC","Stac"
"7570","MESP1","Mesp1"
"7571","MCM2","Mcm2"
"7572","MCM6","Mcm6"
"7573","PRKDC","Prkdc"
"7574","CSRP2","Csrp2"
"7575","CSRP1","Csrp1"
"7576","DAB1","Dab1"
"7577","SEPR","Fap"
"7578","G6PD2","G6pd2"
"7579","SIAT6","St3gal3"
"7580","CADH6","Cdh6"
"7581","KHK","Khk"
"7582","KI20A","Kif20a"
"7583","NRP1","Nrp1"
"7584","NKX23","Nkx2-3"
"7585","UHMK1","Uhmk1"
"7586","NXN","Nxn"
"7587","RPTN","Rptn"
"7588","RHOD","Rhod"
"7589","PKP1","Pkp1"
"7590","RS3A","Rps3a"
"7591","S10AD","S100a13"
"7592","SEC1","Sec1"
"7593","SPSY","Sms"
"7594","TAF1A","Taf1a"
"7595","TAF1B","Taf1b"
"7596","ETV6","Etv6"
"7597","BPIA1","Bpifa1"
"7598","SPTC2","Sptlc2"
"7599","SPS2","Sephs2"
"7600","EVI5","Evi5"
"7601","MEIS2","Meis2"
"7602","MEIS3","Meis3"
"7603","NCF4","Ncf4"
"7604","AT1B3","Atp1b3"
"7605","PSME1","Psme1"
"7606","PSME2","Psme2"
"7607","FRG1","Frg1"
"7608","CDK2","Cdk2"
"7609","I12R2","Il12rb2"
"7610","G3BP2","G3bp2"
"7611","KCAB3","Kcnab3"
"7612","ANX11","Anxa11"
"7613","DNLI3","Lig3"
"7614","VPS45","Vps45"
"7615","PA2G5","Pla2g5"
"7616","RHG05","Arhgap5"
"7617","DSPP","Dspp"
"7618","LEG10","Clc"
"7619","SFRP3","Frzb"
"7620","GCNT2","Gcnt2"
"7621","ICA69","Ica1"
"7622","LYST","Lyst"
"7623","KCNQ1","Kcnq1"
"7624","ECP2","Ear2"
"7625","ECP1","Ear1"
"7626","DPYL1","Crmp1"
"7627","RGS16","Rgs16"
"7628","ANXA4","Anxa4"
"7629","SLPI","Slpi"
"7630","IRF6","Irf6"
"7631","NBR1","Nbr1"
"7632","ARG28","Arhgef28"
"7633","MPRIP","Mprip"
"7634","ENTK","Tmprss15"
"7635","NKX31","Nkx3-1"
"7636","KCNK2","Kcnk2"
"7637","SLBP","Slbp"
"7638","ZNT3","Slc30a3"
"7639","SMYD1","Smyd1"
"7640","CAC1A","Cacna1a"
"7641","FHL1","Fhl1"
"7642","AMPN","Anpep"
"7643","ATP5J","Atp5pf"
"7644","BOP1","Bop1"
"7645","SMAD5","Smad5"
"7646","MLRS","Mylpf"
"7647","PROP1","Prop1"
"7648","NPAS1","Npas1"
"7649","NPAS2","Npas2"
"7650","RS5","Rps5"
"7651","NRTN","Nrtn"
"7652","EXT1","Ext1"
"7653","DOK1","Dok1"
"7654","NOGG","Nog"
"7655","AMD","Pam"
"7656","CML1","Cmklr1"
"7657","SNAI2","Snai2"
"7658","PP4C","Ppp4c"
"7659","SMAD4","Smad4"
"7660","TRBP2","Tarbp2"
"7661","PITX2","Pitx2"
"7662","AURKA","Aurka"
"7663","COQ7","Coq7"
"7664","MYO7A","Myo7a"
"7665","EYA3","Eya3"
"7666","EPAS1","Epas1"
"7667","LIRB3","Lilrb3"
"7668","GATA5","Gata5"
"7669","ADCY8","Adcy8"
"7670","RGS14","Rgs14"
"7671","THIOM","Txn2"
"7672","GSH1","Gclc"
"7673","SMRC1","Smarcc1"
"7674","SHBG","Shbg"
"7675","TEP1","Tep1"
"7676","MYT1L","Myt1l"
"7677","FMO3","Fmo3"
"7678","NKX32","Nkx3-2"
"7679","BMX","Bmx"
"7680","ADA1D","Adra1d"
"7681","ADA1B","Adra1b"
"7682","ADA1A","Adra1a"
"7683","GDF10","Gdf10"
"7684","CPT1A","Cpt1a"
"7685","VIPR1","Vipr1"
"7686","RPB3","Polr2c"
"7687","RP9","rp9"
"7688","WBP1","Wbp1"
"7689","WBP2","Wbp2"
"7690","CFC1","Cfc1"
"7691","EYA1","Eya1"
"7692","CITE1","Cited1"
"7693","THUM3","Thumpd3"
"7694","GRM1","Grm1"
"7695","AF1Q","Mllt11"
"7696","CRY1","Cry1"
"7697","GFRA1","Gfra1"
"7698","XRN1","Xrn1"
"7699","CXAR","Cxadr"
"7700","ALK","Alk"
"7701","KCNJ8","Kcnj8"
"7702","SHPS1","Sirpa"
"7703","NEO1","Neo1"
"7704","NRSN1","Nrsn1"
"7705","SMN","Smn1"
"7706","ANG3","Ang3"
"7707","FAM3D","Fam3d"
"7708","FUMH","Fh"
"7709","FXYD5","Fxyd5"
"7710","IHH","Ihh"
"7711","PLD2","Pld2"
"7712","PPIP1","Pstpip1"
"7713","S100G","S100g"
"7714","CDR2","Cdr2"
"7715","PLPL9","Pla2g6"
"7716","M4K4","Map4k4"
"7717","CATC","Ctsc"
"7718","AN32E","Anp32e"
"7719","LYPA1","Lypla1"
"7720","JUPI1","Jpt1"
"7721","G3BP1","G3bp1"
"7722","ATS1","Adamts1"
"7723","S35B1","Slc35b1"
"7724","KRT86","Krt86"
"7725","NFIB","Nfib"
"7726","CASP7","Casp7"
"7727","PEX7","Pex7"
"7728","RBBP6","Rbbp6"
"7729","FMO5","Fmo5"
"7730","LOXL1","Loxl1"
"7731","JDP2","Jdp2"
"7732","OXYR","Oxtr"
"7733","LAMA4","Lama4"
"7734","BRCA2","Brca2"
"7735","KTHY","Dtymk"
"7736","UNG","Ung"
"7737","VEGFD","Vegfd"
"7738","RB33A","Rab33a"
"7739","SCN1B","Scn1b"
"7740","VEGFC","Vegfc"
"7741","BMP1","Bmp1"
"7742","MASP1","Masp1"
"7743","DAB2","Dab2"
"7744","SHC1","Shc1"
"7745","APBA2","Apba2"
"7746","C1QA","C1qa"
"7747","IDD","Dgcr2"
"7748","VLDLR","Vldlr"
"7749","CDS1","Cds1"
"7750","GNPAT","Gnpat"
"7751","ATP9B","Atp9b"
"7752","AT11A","Atp11a"
"7753","AT8B2","Atp8b2"
"7754","AT8A2","Atp8a2"
"7755","ARVC","Arvcf"
"7756","TBB5","Tubb5"
"7757","GFRP","Gchfr"
"7758","PSB4","Psmb4"
"7759","RLA2","Rplp2"
"7760","QCR6","Uqcrh"
"7761","PRDX5","Prdx5"
"7762","ULAK","-"
"7763","ULAL","-"
"7764","Q000W5","Gbp10"
"7765","PRGR","Pgr"
"7766","PO2F2","Pou2f2"
"7767","STX2","Stx2"
"7768","PIT1","Pou1f1"
"7769","PAX8","Pax8"
"7770","CEBPD","Cebpd"
"7771","FLT3","Flt3"
"7772","MCPTX","Mcptl"
"7773","TCF7","Tcf7"
"7774","GABP1","Gabpb1"
"7775","GABPA","Gabpa"
"7776","CBPE","Cpe"
"7777","XDH","Xdh"
"7778","HMMR","Hmmr"
"7779","HAP40","F8a1"
"7780","IL6RB","Il6st"
"7781","CD80","Cd80"
"7782","G6PD1","G6pdx"
"7783","APOA1","Apoa1"
"7784","ITA4","Itga4"
"7785","LYAM2","Sele"
"7786","RET4","Rbp4"
"7787","VEGFA","Vegfa"
"7788","CO8A1","Col8a1"
"7789","A1AT3","Serpina1c"
"7790","A1AT4","Serpina1d"
"7791","A1AT5","Serpina1e"
"7792","TYY1","Yy1"
"7793","RET1","Rbp1"
"7794","CSF2R","Csf2ra"
"7795","CXB2","Gjb2"
"7796","UFO","Axl"
"7797","PRCD","Prcd"
"7798","HNRL2","Hnrnpul2"
"7799","PDE4D","Pde4d"
"7800","PDE1B","Pde1b"
"7801","NMDE2","Grin2b"
"7802","NMDE3","Grin2c"
"7803","LYAM3","Selp"
"7804","IL9R","Il9r"
"7805","CREB1","Creb1"
"7806","CO1A2","Col1a2"
"7807","CXA5","Gja5"
"7808","HMDH","Hmgcr"
"7809","EGFR","Egfr"
"7810","TOP2A","Top2a"
"7811","ADA2C","Adra2c"
"7812","ADA2A","Adra2a"
"7813","APOH","Apoh"
"7814","ADCY6","Adcy6"
"7815","SC23A","Sec23a"
"7816","GBP1","Gbp1"
"7817","NOTC1","Notch1"
"7818","GAS1","Gas1"
"7819","MSHR","Mc1r"
"7820","RSU1","Rsu1"
"7821","TCP11","Tcp11"
"7822","NDKB","Nme2"
"7823","GNRHR","Gnrhr"
"7824","CAC1C","Cacna1c"
"7825","HXD1","Hoxd1"
"7826","TERA","Vcp"
"7827","RYK","Ryk"
"7828","LY9","Ly9"
"7829","AQP1","Aqp1"
"7830","UBA1","Uba1"
"7831","ASCL1","Ascl1"
"7832","SNAI1","Snai1"
"7833","C1QC","C1qc"
"7834","KPCT","Prkcq"
"7835","5HT2B","Htr2b"
"7836","PDCD1","Pdcd1"
"7837","CTNB1","Ctnnb1"
"7838","PLAK","Jup"
"7839","5HT1F","Htr1f"
"7840","ANK1","Ank1"
"7841","SOS2","Sos2"
"7842","MTF2","Mtf2"
"7843","MUC1","Muc1"
"7844","ZFP39","Zfp39"
"7845","ZFP41","Zfp41"
"7846","MYH6","Myh6"
"7847","HEN1","Nhlh1"
"7848","GSC","Gsc"
"7849","GLCM1","Glycam1"
"7850","S30BP","Sap30bp"
"7851","PAX5","Pax5"
"7852","CXB4","Gjb4"
"7853","CXB5","Gjb5"
"7854","NFIA","Nfia"
"7855","CO6A2","Col6a2"
"7856","CAC1S","Cacna1s"
"7857","NUCB1","Nucb1"
"7858","TRYB1","Tpsab1"
"7859","MMP11","Mmp11"
"7860","TIE2","Tek"
"7861","CS2LA","Csn1s2a"
"7862","KPCZ","Prkcz"
"7863","CLAT","Chat"
"7864","EPHA4","Epha4"
"7865","MARK3","Mark3"
"7866","FGFR4","Fgfr4"
"7867","EPHA2","Epha2"
"7868","DDR1","Ddr1"
"7869","CDK7","Cdk7"
"7870","APLP1","Aplp1"
"7871","GRB7","Grb7"
"7872","ZEP1","Hivep1"
"7873","ENAH","Enah"
"7874","GALT","Galt"
"7875","ATPA","Atp5f1a"
"7876","IKZF1","Ikzf1"
"7877","ASIP","Asip"
"7878","CHLE","Bche"
"7879","RUNX1","Runx1"
"7880","TSP2","Thbs2"
"7881","MSX2","Msx2"
"7882","CCL7","Ccl7"
"7883","GNDS","Ralgds"
"7884","NMDE4","Grin2d"
"7885","CRIS1","Crisp1"
"7886","CRIS3","Crisp3"
"7887","TFF2","Tff2"
"7888","SCG2","Scg2"
"7889","ITK","Itk"
"7890","KCNB1","Kcnb1"
"7891","KCND1","Kcnd1"
"7892","SPA3M","Serpina3m"
"7893","CRGE","Cryge"
"7894","PFD6","Pfdn6"
"7895","E2AK2","Eif2ak2"
"7896","TF65","Rela"
"7897","BTG2","Btg2"
"7898","KCRB","Ckb"
"7899","ASM","Smpd1"
"7900","NPY1R","Npy1r"
"7901","PCSK5","Pcsk5"
"7902","ATNG","Fxyd2"
"7903","CXCR5","Cxcr5"
"7904","NF1","Nf1"
"7905","SMRCD","Smarcad1"
"7906","CDK16","Cdk16"
"7907","YES","Yes1"
"7908","EMX1","Emx1"
"7909","EMX2","Emx2"
"7910","TOP1","Top1"
"7911","IPKB","Pkib"
"7912","3MG","Mpg"
"7913","CO6A1","Col6a1"
"7914","MAK","Mak"
"7915","RELB","Relb"
"7916","SOX8","Sox8"
"7917","SOX9","Sox9"
"7918","SOX10","Sox10"
"7919","SOX12","Sox12"
"7920","SOX13","Sox13"
"7921","SOX14","Sox14"
"7922","CDK18","Cdk18"
"7923","INHA","Inha"
"7924","INHBA","Inhba"
"7925","INHBB","Inhbb"
"7926","APOC2","Apoc2"
"7927","PPA5","Acp5"
"7928","RAC2","Rac2"
"7929","RCN1","Rcn1"
"7930","COAA1","Col10a1"
"7931","CP2E1","Cyp2e1"
"7932","MARK2","Mark2"
"7933","FOLR2","Folr2"
"7934","CO9A1","Col9a1"
"7935","SRY","Sry"
"7936","PGH2","Ptgs2"
"7937","PGBM","Hspg2"
"7938","FABP5","Fabp5"
"7939","FMN1","Fmn1"
"7940","TSP3","Thbs3"
"7941","PTPRG","Ptprg"
"7942","ADAM8","Adam8"
"7943","GCH1","Gch1"
"7944","PYC","Pc"
"7945","RN5A","Rnasel"
"7946","DUS2","Dusp2"
"7947","BTC","Btc"
"7948","INTU","Intu"
"7949","DCST1","Dcst1"
"7950","Q05A06","Vmn1r236"
"7951","S16C6","Sdr16c6"
"7952","MEX3C","Mex3c"
"7953","Q05A45","Olfr725"
"7954","HYAL4","Hyal4"
"7955","DNAL1","Dnal1"
"7956","CAPR2","Caprin2"
"7957","DRP2","Drp2"
"7958","Q05AC5","A26c3"
"7959","SPNDC","Spindoc"
"7960","EMAL1","Eml1"
"7961","TUTLA","Igsf9"
"7962","LARP7","Larp7"
"7963","IF2P","Eif5b"
"7964","CAB39","Cab39"
"7965","PTN2","Ptpn2"
"7966","ATP5I","Atp5me"
"7967","HBEGF","Hbegf"
"7968","FA8","F8"
"7969","NR4A2","Nr4a2"
"7970","UTER","Scgb1a1"
"7971","APLP2","Aplp2"
"7972","PRRX2","Prrx2"
"7973","ATF4","Atf4"
"7974","3BP2","Sh3bp2"
"7975","T2","Srst"
"7976","CBG","Serpina6"
"7977","TIE1","Tie1"
"7978","SOX4","Sox4"
"7979","CLUS","Clu"
"7980","SIA1B","Siah1b"
"7981","SIAH2","Siah2"
"7982","ANXA7","Anxa7"
"7983","IBP5","Igfbp5"
"7984","GDF3","Gdf3"
"7985","GDF9","Gdf9"
"7986","MPRI","Igf2r"
"7987","H1T","H1-6"
"7988","ECT2","Ect2"
"7989","M3K8","Map3k8"
"7990","ZSCA2","Zscan2"
"7991","ZSC21","Zscan21"
"7992","GDN","Serpine2"
"7993","MTF1","Mtf1"
"7994","NFE2","Nfe2"
"7995","CNTN3","Cntn3"
"7996","ACADS","Acads"
"7997","CDX4","Cdx4"
"7998","B2LA1","Bcl2a1"
"7999","AMBP","Ambp"
"8000","NREP","Nrep"
"8001","COHA1","Col17a1"
"8002","CO9A2","Col9a2"
"8003","MEST","Mest"
"8004","CD244","Cd244"
"8005","LG3BP","Lgals3bp"
"8006","COE1","Ebf1"
"8007","BAX","Bax"
"8008","PLK1","Plk1"
"8009","PO6F1","Pou6f1"
"8010","F13B","F13b"
"8011","PEBB","Cbfb"
"8012","HGF","Hgf"
"8013","CNN1","Cnn1"
"8014","CNN2","Cnn2"
"8015","TLE3","Tle3"
"8016","TGM3","Tgm3"
"8017","DMWD","Dmwd"
"8018","LYAR","Lyar"
"8019","RAD51","Rad51"
"8020","CALB2","Calb2"
"8021","TPOR","Mpl"
"8022","GATA4","Gata4"
"8023","ZBT14","Zbtb14"
"8024","TFF1","Tff1"
"8025","KCMA1","Kcnma1"
"8026","PECA1","Pecam1"
"8027","PRLR","Prlr"
"8028","EPS8","Eps8"
"8029","SECR","Sct"
"8030","HXC4","Hoxc4"
"8031","TFDP1","Tfdp1"
"8032","PADI2","Padi2"
"8033","RET2","Rbp2"
"8034","LIT2","Reg2"
"8035","PROS","Pros1"
"8036","RUNX2","Runx2"
"8037","CD36","Cd36"
"8038","MITF","Mitf"
"8039","FBLN1","Fbln1"
"8040","IDS","Ids"
"8041","SSRP1","Ssrp1"
"8042","RASLC","Rasl12"
"8043","MADL2","Myadml2"
"8044","CQ058","MGI:1916316"
"8045","Q08BU3","Zfp970"
"8046","TM213","Tmem213"
"8047","CASS4","Cass4"
"8048","B2L15","Bcl2l15"
"8049","Q08ED5","Ces2f"
"8050","Q08EE8","Acsbg3"
"8051","Q08EG8","Krtap10-4"
"8052","PL8L1","Plac8l1"
"8053","ZCPW2","Zcwpw2"
"8054","NCF1","Ncf1"
"8055","PATE4","Pate4"
"8056","SL7A1","Slc7a1"
"8057","DLK1","Dlk1"
"8058","B4GN2","B4galnt2"
"8059","B4GN1","B4galnt1"
"8060","GCNT1","Gcnt1"
"8061","CBPC6","Agbl4"
"8062","CBPC5","Agbl5"
"8063","CBPC4","Agbl1"
"8064","APRV1","Asprv1"
"8065","ISK11","Spink11"
"8066","ISK8","Spink8"
"8067","CHD8","Chd8"
"8068","PTHD3","Ptchd3"
"8069","CNNM1","Cnnm1"
"8070","ZN541","Znf541"
"8071","INF2","Inf2"
"8072","TT21B","Ttc21b"
"8073","NEBL","Nebl"
"8074","KNDC1","Kndc1"
"8075","F184B","Fam184b"
"8076","UNC79","Unc79"
"8077","UBX2B","Ubxn2b"
"8078","TRIO","Trio"
"8079","NEU1B","Neurl1b"
"8080","CIB3","Cib3"
"8081","Q0P538","Bcl2a1c"
"8082","GIPR","Gipr"
"8083","Q0P547","Vmn1r181"
"8084","MIEAP","Spata18"
"8085","Q0P5U5","Gm3055"
"8086","SOBP","Sobp"
"8087","S45A4","Slc45a4"
"8088","VPS8","Vps8"
"8089","LRIQ1","Lrriq1"
"8090","ZBBX","Zbbx"
"8091","TPPP2","Tppp2"
"8092","ZCH18","Zc3h18"
"8093","RAB42","Rab42"
"8094","DACT3","Dact3"
"8095","MDGA1","Mdga1"
"8096","BSPH2","Bsph2"
"8097","GRD2I","Grid2ip"
"8098","CTP5C","Cntnap5c"
"8099","CTP5B","Cntnap5b"
"8100","CTP5A","Cntnap5a"
"8101","EXPH5","Exph5"
"8102","ZN112","Znf112"
"8103","FS2P1","Fads2b"
"8104","OLF18","Olfr18"
"8105","F187B","Fam187b"
"8106","PGRP4","Pglyrp4"
"8107","TEX26","Tex26"
"8108","Q0VB29","Olfr1180"
"8109","PRLD2","Prelid2"
"8110","ITB8","Itgb8"
"8111","MCM10","Mcm10"
"8112","TM52B","Tmem52b"
"8113","STUM","Stum"
"8114","Q0VBH3","Olfr629"
"8115","Q0VBI4","Olfr1136"
"8116","K2C80","Krt80"
"8117","TIGD2","Tigd2"
"8118","RBM15","Rbm15"
"8119","HIF3A","Hif3a"
"8120","FA83B","Fam83b"
"8121","DSEL","Dsel"
"8122","SHSL1","Shisal1"
"8123","PLPP4","Plpp4"
"8124","CE126","Cep126"
"8125","RUND1","Rundc1"
"8126","FEZF1","Fezf1"
"8127","ZN367","Znf367"
"8128","GPR15","Gpr15"
"8129","Q0VDY1","Olfr1428"
"8130","SAM12","Samd12"
"8131","CPNE7","Cpne7"
"8132","ZN800","Znf800"
"8133","CEP76","Cep76"
"8134","Q0VEL5","Olfr90"
"8135","Q0VEP0","Olfr1507"
"8136","LMTD2","Lmntd2"
"8137","Q0VEV7","Olfr1442"
"8138","CC138","Ccdc138"
"8139","Q0VF55","Atp2b3"
"8140","COJA1","Col19a1"
"8141","Q0VF76","Ttc39d"
"8142","NKPD1","Nkpd1"
"8143","CF157","Cfap157"
"8144","Q0VFY0","Zfp72"
"8145","SIM24","Smim24"
"8146","Q0VG34","4930480E11Rik"
"8147","CO061","MGI:1916728"
"8148","RBIS","Rbis"
"8149","CC162","Ccdc162"
"8150","PP4R2","Ppp4r2"
"8151","RTEL1","Rtel1"
"8152","GLI2","Gli2"
"8153","ZGRF1","Zgrf1"
"8154","VGF","Vgf"
"8155","Q0VGU8","Bpifa6"
"8156","TANC1","Tanc1"
"8157","Q0WXH6","Gm7030"
"8158","MASTR","Mamstr"
"8159","PJVK","Pjvk"
"8160","Q0ZNK3","Gm6760"
"8161","KLRB1","Klrb1"
"8162","MGAT3","Mgat3"
"8163","MMP7","Mmp7"
"8164","PSA","Npepps"
"8165","FUT4","Fut4"
"8166","FUT7","Fut7"
"8167","PEPD","Pepd"
"8168","SIA4B","St3gal2"
"8169","PPR32","Ppp1r32"
"8170","Q148B1","Cyp2c65"
"8171","SPERI","Spatc1"
"8172","Q148R4","Spink5"
"8173","R9BP","Rgs9bp"
"8174","RELCH","Relch"
"8175","FA83H","Fam83h"
"8176","AT8B1","Atp8b1"
"8177","DUS27","Dusp27"
"8178","PERM1","Perm1"
"8179","MIPT3","Traf3ip1"
"8180","LIGO4","Lingo4"
"8181","RUSD2","Rpusd2"
"8182","ERF3B","Gspt2"
"8183","TMM71","Tmem71"
"8184","CB068","MGI:1915614"
"8185","Q149I8","Iqcm"
"8186","Q149L0","Dhrs2"
"8187","DJB14","Dnajb14"
"8188","CRTAM","Crtam"
"8189","CL12B","Clec12b"
"8190","LPAR5","Lpar5"
"8191","TEKT4","Tekt4"
"8192","PPM1J","Ppm1j"
"8193","Q149W4","Ssty2"
"8194","PROK1","Prok1"
"8195","Q14AA6","1700009N14Rik"
"8196","WFDC3","Wfdc3"
"8197","Q14AF1","Tmem217"
"8198","DCC1","DSCC1"
"8199","RUSD3","Rpusd3"
"8200","Q14AJ9","Olfr125"
"8201","ZDH11","Zdhhc11"
"8202","Q14AK5","Olfr733"
"8203","CP072","MGI:1916303"
"8204","Q14AN0","Mageb5"
"8205","TEX11","Tex11"
"8206","ANO7","Ano7"
"8207","NSUN7","Nsun7"
"8208","CDK12","Cdk12"
"8209","Q14AZ4","Oas1f"
"8210","Q14B01","Rnf113a2"
"8211","RN133","Rnf133"
"8212","PRS57","Prss57"
"8213","PRS48","Prss48"
"8214","RTKN2","Rtkn2"
"8215","ITPI1","Itprid1"
"8216","PTHD1","ptchd1"
"8217","HDX","Hdx"
"8218","CDCA2","Cdca2"
"8219","KCNC2","Kcnc2"
"8220","SESQ2","Pheta2"
"8221","MEDAG","Medag"
"8222","MA6D1","Map6d1"
"8223","Q14BE7","Fam47c"
"8224","Q14BI1","Slc24a2"
"8225","GRM2","Grm2"
"8226","Q14BI5","Myom2"
"8227","TDRD9","Tdrd9"
"8228","FA89A","Fam89a"
"8229","TEX35","Tex35"
"8230","LR74B","Lrrc74b"
"8231","Q14BQ3","Ct55"
"8232","A4GCT","A4gnt"
"8233","UCMA","Ucma"
"8234","YDJC","Ydjc"
"8235","PRS55","Prss55"
"8236","Q14BX6","Ppp1r14bl"
"8237","Q14C10","Vmn1r15"
"8238","LEMD1","Lemd1"
"8239","PTCD3","Ptcd3"
"8240","TM11B","Tmprss11b"
"8241","F171B","Fam171b"
"8242","MOCOS","Mocos"
"8243","SYAM","Aars2"
"8244","ACSS3","Acss3"
"8245","Q14DI0","Gm49359"
"8246","GPAT2","Gpat2"
"8247","HIPL1","Hhipl1"
"8248","UBQLN","Ubqlnl"
"8249","LRIQ3","Lrriq3"
"8250","AKD1B","Ankdd1b"
"8251","F219B","Fam219b"
"8252","KCNA7","Kcna7"
"8253","DOK7","Dok7"
"8254","SLAF5","Cd84"
"8255","KLF14","Klf14"
"8256","A1BG","A1bg"
"8257","CERS3","Cers3"
"8258","Q1AN91","Gm9733"
"8259","Q1AN92","Gm5150"
"8260","MYO3B","Myo3b"
"8261","SAP25","Sap25"
"8262","CLM9","Cd300lg"
"8263","TZAP","Zbtb48"
"8264","FGFP3","Fgfbp3"
"8265","Q1HDU4","Arhgap9"
"8266","NSUN2","Nsun2"
"8267","M3K13","Map3k13"
"8268","Q1HL35","Dusp5"
"8269","TM11C","Tmprss11c"
"8270","S35F3","Slc35f3"
"8271","Q1LZI5","Btbd35f14"
"8272","LIN41","Trim71"
"8273","B3GN4","B3gnt4"
"8274","CPNE9","Cpne9"
"8275","Q1RME4","Gm1123"
"8276","SAM11","Samd11"
"8277","SHRM4","Shroom4"
"8278","ZGLP1","Zglp1"
"8279","Q1WWJ5","Zfp386"
"8280","TRI72","Trim72"
"8281","Q208S0","Teddm2"
"8282","F178B","Fam178b"
"8283","CE047","MGI:1914842"
"8284","URAD","Urad"
"8285","PK1L3","Pkd1l3"
"8286","PAR14","Parp14"
"8287","PRTG","Prtg"
"8288","ZNT2","Slc30a2"
"8289","EDEM3","Edem3"
"8290","MCM9","Mcm9"
"8291","AMPQ","Lvrn"
"8292","GSDC2","Gsdmc2"
"8293","CYTSA","Specc1l"
"8294","TRML2","Treml2"
"8295","NLR1A","Nlrp1a"
"8296","SPOPL","Spopl"
"8297","PHAR1","Phactr1"
"8298","Q2M4I6","Scand1"
"8299","Q2MDF7","Rhox4g"
"8300","Q2MDF8","Rhox4f"
"8301","Q2MDG0","Rhox4d"
"8302","Q2MDG1","Rhox4c"
"8303","SMRP1","Smrp1"
"8304","DOK6","Dok6"
"8305","ZFHX2","Zfhx2"
"8306","ACHA5","Chrna5"
"8307","TECT2","Tctn2"
"8308","GL6D1","Glt6d1"
"8309","VAX1","Vax1"
"8310","GSK3A","Gsk3a"
"8311","PSD3","Psd3"
"8312","Q2PMX6","Dmrtc1b"
"8313","FAT4","Fat4"
"8314","MYMX","Mymx"
"8315","USH2A","Ush2A"
"8316","Q2TA50","Mlana"
"8317","KRA55","Krtap5-5"
"8318","ASPH1","Asphd1"
"8319","IKBD","Nfkbid"
"8320","FCAMR","Fcamr"
"8321","MALT1","Malt1"
"8322","P4K2A","Pi4k2a"
"8323","RSPO3","Rspo3"
"8324","Q2TJJ8","Klra9"
"8325","ZN667","Znf667"
"8326","HSDL2","Hsdl2"
"8327","KCNRG","Kcnrg"
"8328","TRPM1","Trpm1"
"8329","COSA1","Col28a1"
"8330","Q2V6D6","Gbp8"
"8331","FILA2","Flg2"
"8332","C163A","Cd163"
"8333","HELQ","Helq"
"8334","BMAL2","Arntl2"
"8335","EAF6","Meaf6"
"8336","Q2VPR5","Hdgfl1"
"8337","MLXIP","Mlxip"
"8338","NELL1","Nell1"
"8339","LRFN1","Lrfn1"
"8340","RIPP2","Ripply2"
"8341","RIPP1","Ripply1"
"8342","ACBG2","Acsbg2"
"8343","MSTO1","Msto1"
"8344","KMT5A","Kmt5a"
"8345","PILB2","Pilrb2"
"8346","PILRB","Pilrb"
"8347","PILRA","Pilra"
"8348","KNCN","Kncn"
"8349","COOA1","Col24a1"
"8350","DFB43","Defb43"
"8351","Q30KN1","Defb47"
"8352","DFB33","Defb33"
"8353","DFB30","Defb30"
"8354","Q30KN7","Defb26"
"8355","DFB25","Defb25"
"8356","Q30KP0","Defb23"
"8357","DFB20","Defb20"
"8358","DFB18","Defb18"
"8359","DFB41","Defb41"
"8360","Q31093","H2-M3"
"8361","Q31099","H2-DMb2"
"8362","S39A7","Slc39a7"
"8363","Q31615","H2-T22"
"8364","RTL9","Rtl9"
"8365","ARSI","Arsi"
"8366","PLPL5","Pnpla5"
"8367","CRBL2","Crebl2"
"8368","FSCN2","Fscn2"
"8369","KAD8","Ak8"
"8370","DUS4L","Dus4l"
"8371","GSDA2","Gsdma2"
"8372","CK087","MGI:2143099"
"8373","Q32M27","Klk9"
"8374","CDON","Cdon"
"8375","Q32ME0","Kcnh6"
"8376","CBY2","Cby2"
"8377","ACO10","Acot10"
"8378","CNNM3","Cnnm3"
"8379","Q32NY8","Tcfl5"
"8380","TMC5","Tmc5"
"8381","HROB","Hrob"
"8382","Q32P14","Zfp987"
"8383","ACOT6","Acot6"
"8384","DPS1","Pdss1"
"8385","DLP1","Pdss2"
"8386","TRI63","Trim63"
"8387","OSBP1","Osbp"
"8388","TCRGL","Tcerg1l"
"8389","INSC","Insc"
"8390","FOXI2","Foxi2"
"8391","MRGB2","Mrgprb2"
"8392","DAAF6","Dnaaf6"
"8393","NHEJ1","Nhej1"
"8394","NB5R2","Cyb5r2"
"8395","CJ053","MGI:1914335"
"8396","MARH5","Marchf5"
"8397","Q3KNP5","V1rd18"
"8398","IGFN1","Igfn1"
"8399","RIAD1","Riiad1"
"8400","Q3KPB0","Olfr616"
"8401","Q3KPC7","Olfr1340"
"8402","TMM69","Tmem69"
"8403","CA146","MGI:1923671"
"8404","DFA26","Defa26"
"8405","PREX2","Prex2"
"8406","ESP1","Esp1"
"8407","Q3LR78","Zbtb38"
"8408","TRML4","Treml4"
"8409","KCNK9","Kcnk9"
"8410","JSPR1","Jsrp1"
"8411","CCBE1","Ccbe1"
"8412","Q3SXA2","Vmn1r11"
"8413","COL11","Colec11"
"8414","ARL14","Arl14"
"8415","Q3SXD1","Fthl17d"
"8416","Q3SXD2","Fthl17f"
"8417","HDDC2","Hddc2"
"8418","FPRS6","Fpr-rs6"
"8419","Q3SXH8","Olfr681"
"8420","Q3SXJ3","Olfr1209"
"8421","Q3SYJ2","Prr27"
"8422","VRTN","Vrtn"
"8423","CTRC","Ctrc"
"8424","TGTP2","Tgtp2"
"8425","MFS2B","Mfsd2b"
"8426","Q3T9V6","Gm36079"
"8427","GTR9","Slc2a9"
"8428","ZUP1","Zup1"
"8429","T120B","Tmem120b"
"8430","JMJD8","Jmjd8"
"8431","S11IP","Stk11ip"
"8432","ALG6","Alg6"
"8433","AP5B1","Ap5b1"
"8434","Q3TAQ9","Wdr36"
"8435","EMC10","Emc10"
"8436","TM104","Tmem104"
"8437","PKHF1","Plekhf1"
"8438","MILR1","Milr1"
"8439","HMHA1","Arhgap45"
"8440","TP8L3","Tnfaip8l3"
"8441","TM248","Tmem248"
"8442","STING","Sting1"
"8443","Q3TBV4","Kcnk6"
"8444","RM10","Mrpl10"
"8445","CC127","Ccdc127"
"8446","PATL1","Patl1"
"8447","FAHD2","Fahd2"
"8448","H1BP3","Hs1bp3"
"8449","CUL4A","Cul4a"
"8450","ABRX2","Abraxas2"
"8451","CCD69","Ccdc69"
"8452","PLBL2","Plbd2"
"8453","ENTP7","Entpd7"
"8454","GSAP","Gsap"
"8455","KHDC4","Khdc4"
"8456","PACER","Rubcnl"
"8457","SPP2B","Sppl2b"
"8458","PPR21","Ppp1r21"
"8459","ZN691","Znf691"
"8460","ROGDI","Rogdi"
"8461","DISP1","Disp1"
"8462","FAF2","Faf2"
"8463","STT3B","Stt3b"
"8464","Q3TDV8","Zfp444"
"8465","NB5R4","Cyb5r4"
"8466","Q3TE80","2410002F23Rik"
"8467","HP1B3","Hp1bp3"
"8468","Q3TEE9","Osgin2"
"8469","CO039","MGI:1921461"
"8470","RN157","Rnf157"
"8471","IQEC3","Iqsec3"
"8472","MPZL1","Mpzl1"
"8473","PCAT1","Lpcat1"
"8474","GPTC4","Gpatch4"
"8475","SPRY7","Spryd7"
"8476","Q3TFZ4","Zfp7"
"8477","Q3TG86","Cyp11b1"
"8478","F107B","Fam107b"
"8479","EEPD1","Eepd1"
"8480","TTYH2","Ttyh2"
"8481","ML12B","Myl12b"
"8482","CQ10B","Coq10b"
"8483","AASD1","Aarsd1"
"8484","EIF1A","Eif1ad"
"8485","T2FA","Gtf2f1"
"8486","GUAA","Gmps"
"8487","METK2","Mat2a"
"8488","H2AV","H2az2"
"8489","TPC13","Trappc13"
"8490","RIC8A","Ric8a"
"8491","SPX3","Slc37a3"
"8492","PDE12","Pde12"
"8493","ZC3HF","Zc3h15"
"8494","ENPP7","Enpp7"
"8495","Q3TIX6","Fubp3"
"8496","SNUT2","Usp39"
"8497","L2GL2","Llgl2"
"8498","Q3TJB1","Zmym1"
"8499","PDLI7","Pdlim7"
"8500","CENPT","Cenpt"
"8501","FA98A","Fam98a"
"8502","Q3TKR2","Xlr4c"
"8503","NAL4C","Nlrp4c"
"8504","SMCA4","Smarca4"
"8505","CWC27","Cwc27"
"8506","TFB2M","Tfb2m"
"8507","NLRX1","Nlrx1"
"8508","TR43A","Trim43a"
"8509","RMP","Uri1"
"8510","PRC2C","Prrc2c"
"8511","TPC10","Trappc10"
"8512","ECHD2","Echdc2"
"8513","DTL","Dtl"
"8514","GDPP1","Gdpgp1"
"8515","SCRN3","Scrn3"
"8516","Q3TML4","Gm773"
"8517","Q3TMP1","Gtf3c3"
"8518","TM38A","Tmem38a"
"8519","ANG4","Ang4"
"8520","PYRD1","Pyroxd1"
"8521","C102A","Ccdc102a"
"8522","QSOX2","Qsox2"
"8523","MILK2","Micall2"
"8524","XYLB","Xylb"
"8525","F172A","Fam172a"
"8526","IPRI","Itprip"
"8527","YD021","Gm3414"
"8528","MUCL3","Mucl3"
"8529","CNEP1","Ctdnep1"
"8530","ANKY2","Ankmy2"
"8531","MIDN","Midn"
"8532","Q3TPQ7","AW146154"
"8533","T184C","Tmem184c"
"8534","EXOC5","Exoc5"
"8535","CIART","Ciart"
"8536","Q3TQ88","Ceacam19"
"8537","FXRD1","Foxred1"
"8538","FBX31","Fbxo31"
"8539","Q3TQG9","Zfp607a"
"8540","TLS1","MGI:2385132"
"8541","Q3TQP0","Gm10767"
"8542","CA112","MGI:3590554"
"8543","PGAP2","Pgap2"
"8544","Q3TQS0","Calr4"
"8545","Q3TQZ4","Gm2016"
"8546","FNDC4","Fndc4"
"8547","GSDC4","Gsdmc4"
"8548","Q3TRG0","Gm1604b"
"8549","K1C26","Krt26"
"8550","PLPL6","Pnpla6"
"8551","HXK3","Hk3"
"8552","MAP9","Map9"
"8553","SIM33","SMIM33"
"8554","Q3TS87","9130409I23Rik"
"8555","Q3TSA9","Fbxw18"
"8556","ALKB5","Alkbh5"
"8557","ILRUN","Ilrun"
"8558","GDPD4","Gdpd4"
"8559","CBLB","Cblb"
"8560","TYY2","Yy2"
"8561","Q3TTD8","Gm20737"
"8562","ADAM5","Adam5"
"8563","TEX52","Tex52"
"8564","CH048","MGI:2142538"
"8565","CC038","MGI:1914859"
"8566","SHP1L","Shcbp1l"
"8567","PLB1","Plb1"
"8568","K22E","Krt2"
"8569","SG196","Pomk"
"8570","TMM18","Tmem18"
"8571","YETS2","Yeats2"
"8572","TAM41","Tamm41"
"8573","DCA17","Dcaf17"
"8574","TEX30","Tex30"
"8575","Q3TUY3","Sbpl"
"8576","MPND","Mpnd"
"8577","NR2CA","Nr2c2ap"
"8578","CC136","Ccdc136"
"8579","CCDB1","Ccndbp1"
"8580","HEXI2","Hexim2"
"8581","PBIP1","Pbxip1"
"8582","OTULL","Otulinl"
"8583","TCHP","Tchp"
"8584","UAP1L","Uap1l1"
"8585","WDR70","Wdr70"
"8586","Q3TWH3","Pnrc1"
"8587","CSCL2","Tmem63b"
"8588","PP4P1","Pip4p1"
"8589","CNNM2","Cnnm2"
"8590","SRSF6","Srsf6"
"8591","TRM1","Trmt1"
"8592","LRC28","Lrrc28"
"8593","PSMD1","Psmd1"
"8594","SOSSC","Inip"
"8595","DHYS","Dhps"
"8596","ZFY27","Zfyve27"
"8597","VGLU1","Slc17a7"
"8598","ZN575","Znf575"
"8599","F131B","Fam131b"
"8600","ICA1L","Ica1l"
"8601","AIFM3","Aifm3"
"8602","MBD6","Mbd6"
"8603","MPP8","Mphosph8"
"8604","ARSG","Arsg"
"8605","LMTK2","Lmtk2"
"8606","TLCD5","Tlcd5"
"8607","TGRM2","Togaram2"
"8608","YH010","MGI:3588184"
"8609","TM88B","Tmem88b"
"8610","AOXD","Aox4"
"8611","GRCR2","Grxcr2"
"8612","CYBC1","Cybc1"
"8613","AT135","Atp13a5"
"8614","HHLA1","Hhla1"
"8615","LRN4L","Lrrn4cl"
"8616","SMYD5","Smyd5"
"8617","RUFY4","Rufy4"
"8618","OD3L2","Odf3l2"
"8619","MARH9","Marchf9"
"8620","SC31B","Sec31b"
"8621","CDKL4","Cdkl4"
"8622","CCNJ","Ccnj"
"8623","Q3TZL0","Gm14226"
"8624","ALG11","Alg11"
"8625","ECSCR","Ecscr"
"8626","BEX6","Bex6"
"8627","S2533","Slc25a33"
"8628","NOL9","Nol9"
"8629","ESYT2","Esyt2"
"8630","METL4","Mettl4"
"8631","NXPE2","Nxpe2"
"8632","Q3U0A6","Hbq1b"
"8633","DHR11","Dhrs11"
"8634","HACE1","Hace1"
"8635","Q3U0I6","Smim6"
"8636","TBD2B","Tbc1d2b"
"8637","OGFD1","Ogfod1"
"8638","AN33B","Ankrd33b"
"8639","TPPC9","Trappc9"
"8640","PALB2","Palb2"
"8641","Q3U0P5","Entpd6"
"8642","RAIN","Rasip1"
"8643","FUBP2","Khsrp"
"8644","TRADD","Tradd"
"8645","Q3U0X6","Zfp217"
"8646","TACT","Cd96"
"8647","TM35B","Tmem35b"
"8648","ARI5A","Arid5a"
"8649","APCD1","Apcdd1"
"8650","B3GNL","B3gntl1"
"8651","TESP1","Tespa1"
"8652","ZN746","Znf746"
"8653","TMM64","Tmem64"
"8654","CC174","Ccdc174"
"8655","CRTC2","Crtc2"
"8656","SYRM","Rars2"
"8657","Q3U1C4","Secisbp2"
"8658","TATD3","Tatdn3"
"8659","LINES","Lins1"
"8660","CD047","MGI:1916729"
"8661","PHAG1","Pag1"
"8662","I20L2","Isg20l2"
"8663","S38A5","Slc38a5"
"8664","TFPT","Tfpt"
"8665","DDB1","Ddb1"
"8666","SRBP2","Srebf2"
"8667","BRM1L","Brms1l"
"8668","DEN1B","Dennd1b"
"8669","AHRR","Ahrr"
"8670","UEVLD","Uevld"
"8671","M3K9","Map3k9"
"8672","DEN4B","Dennd4b"
"8673","GPSM3","Gpsm3"
"8674","SRAC1","Serac1"
"8675","MAST3","Mast3"
"8676","TSTD2","Tstd2"
"8677","SDHF1","Sdhaf1"
"8678","TM231","Tmem231"
"8679","LCORL","Lcorl"
"8680","ZN710","Znf710"
"8681","SYVM","Vars2"
"8682","RN149","Rnf149"
"8683","ZMYM5","Zmym5"
"8684","F16A2","Fam160a2"
"8685","CMKMT","Camkmt"
"8686","F193B","Fam193b"
"8687","KDM4D","Kdm4d"
"8688","SC24A","Sec24a"
"8689","OTUD5","Otud5"
"8690","HVCN1","Hvcn1"
"8691","MET17","Mettl17"
"8692","NUD18","Nudt18"
"8693","CTU2","Ctu2"
"8694","BRE1B","Rnf40"
"8695","ZN692","Znf692"
"8696","GSE1","Gse1"
"8697","T131L","Tmem131l"
"8698","F117B","Fam117b"
"8699","GP160","Gpr160"
"8700","ZN865","Znf865"
"8701","MIER2","Mier2"
"8702","AP4AT","Tepsin"
"8703","ULK3","Ulk3"
"8704","LMF1","Lmf1"
"8705","CENPL","Cenpl"
"8706","WDR62","Wdr62"
"8707","XRRA1","Xrra1"
"8708","ANM9","Prmt9"
"8709","KLH21","Klhl21"
"8710","MMP25","Mmp25"
"8711","Q3U466","Cln6"
"8712","MFS12","Mfsd12"
"8713","HECD3","Hectd3"
"8714","KCP","Kcp"
"8715","CLM7","Cd300lb"
"8716","Q3U4B1","Ssbp4"
"8717","LIPN","Lipn"
"8718","CO041","MGI:3026886"
"8719","XXLT1","Xxylt1"
"8720","HEXD","Hexd"
"8721","PYRD2","Pyroxd2"
"8722","Q3U4L8","Zfp51"
"8723","IGFR1","Igflr1"
"8724","Q3U4S0","Pank2"
"8725","GP174","Gpr174"
"8726","VWCE","Vwce"
"8727","Q3U552","A930003A15Rik"
"8728","DCP1B","Dcp1b"
"8729","CV039","MGI:1919557"
"8730","Q3U5A2","Muc3a"
"8731","PRIC1","Prickle1"
"8732","ARHGG","Arhgef16"
"8733","YRDC","Yrdc"
"8734","CMPK2","Cmpk2"
"8735","Q3U687","Ifit1bl2"
"8736","GP183","Gpr183"
"8737","SPAT6","Spata6"
"8738","CH033","MGI:2152337"
"8739","PI3R6","Pik3r6"
"8740","GTPB6","Gtpbp6"
"8741","ESYT1","Esyt1"
"8742","FBX7","Fbxo7"
"8743","CA162","MGI:3588284"
"8744","WDR75","Wdr75"
"8745","RN180","Rnf180"
"8746","AP5Z1","Ap5z1"
"8747","CSN9","Cops9"
"8748","KMT5B","Kmt5b"
"8749","CO5A2","Col5a2"
"8750","RN166","Rnf166"
"8751","LBR","Lbr"
"8752","MOT10","Slc16a10"
"8753","PCH2","Trip13"
"8754","SPC25","Spc25"
"8755","QRIC1","Qrich1"
"8756","BRF2","Brf2"
"8757","TBRG1","Tbrg1"
"8758","PCLI1","Pid1"
"8759","TM109","Tmem109"
"8760","MI4GD","Mif4gd"
"8761","RSRP1","Rsrp1"
"8762","FOXK2","Foxk2"
"8763","OTUL","Otulin"
"8764","A7L3B","Atxn7l3b"
"8765","PARP8","Parp8"
"8766","TTL12","Ttll12"
"8767","GTR6","Slc2a6"
"8768","TRAD1","Trafd1"
"8769","Q3UDN3","Gm45902"
"8770","WDR41","Wdr41"
"8771","YIPF3","Yipf3"
"8772","HGNAT","Hgsnat"
"8773","MEX3D","Mex3d"
"8774","K0930","MGI:2444899"
"8775","UBE2Z","Ube2z"
"8776","Q3UE70","Gm21748"
"8777","PUF60","Puf60"
"8778","Q3UED7","Gm4951"
"8779","AGT2","Agxt2"
"8780","PDE4C","Pde4c"
"8781","SHLD2","Shld2"
"8782","Q3UEP4","Ugt2b36"
"8783","TNKS2","Tnks2"
"8784","NTCP4","Slc10a4"
"8785","STIMA","Stimate"
"8786","RNFT2","Rnft2"
"8787","BCD1","Znhit6"
"8788","NTRK1","Ntrk1"
"8789","FFAR3","Ffar3"
"8790","LYPL1","Lyplal1"
"8791","T184A","Tmem184a"
"8792","FRMD8","Frmd8"
"8793","NOM1","Nom1"
"8794","CARL3","Carmil3"
"8795","ZY11B","Zyg11b"
"8796","GPT11","Gpatch11"
"8797","GARE1","Garem1"
"8798","RRP36","Rrp36"
"8799","RSH3A","Rsph3a"
"8800","5NT3B","Nt5c3b"
"8801","TM10C","Trmt10c"
"8802","KMT2E","Kmt2e"
"8803","MRGX2","Mrgprx2"
"8804","MRGB1","Mrgprb1"
"8805","NAT9","Nat9"
"8806","EI3JA","Eif3j1"
"8807","WDR19","Wdr19"
"8808","NEK10","Nek10"
"8809","AG10B","Alg10b"
"8810","LRC58","Lrrc58"
"8811","HDHD2","Hdhd2"
"8812","MCRI1","Mcrip1"
"8813","NAT8L","Nat8l"
"8814","BIG3","Arfgef3"
"8815","RREB1","Rreb1"
"8816","Q3UH45","Tecpr2"
"8817","SDK1","Sdk1"
"8818","DIP2B","Dip2b"
"8819","WNK2","Wnk2"
"8820","LIMC1","Limch1"
"8821","PLXD1","Plxnd1"
"8822","SHSA6","Shisa6"
"8823","SPTCS","Spg11"
"8824","NT5D3","Nt5dc3"
"8825","CC177","Ccdc177"
"8826","TNR6C","Tnrc6c"
"8827","Q3UHC1","Rapgef1"
"8828","LRRK1","Lrrk1"
"8829","DAB2P","Dab2ip"
"8830","AGRB1","Adgrb1"
"8831","GFOD1","Gfod1"
"8832","MTUS2","Mtus2"
"8833","SNX27","Snx27"
"8834","AGAP2","Agap2"
"8835","PITM3","Pitpnm3"
"8836","MIER3","Mier3"
"8837","ZEP2","Hivep2"
"8838","DEN11","Dennd11"
"8839","ZSWM8","Zswim8"
"8840","S22AN","Slc22a23"
"8841","GXLT1","Gxylt1"
"8842","CCSE2","Ccser2"
"8843","TMED8","Tmed8"
"8844","AAK1","Aak1"
"8845","RNF44","Rnf44"
"8846","MYCT","Slc2a13"
"8847","GREB1","Greb1"
"8848","TEN4","Tenm4"
"8849","TNR6A","Tnrc6a"
"8850","CAMKV","Camkv"
"8851","NDST1","Ndst1"
"8852","DOP2","Dop1b"
"8853","BAHC1","Bahcc1"
"8854","MTCL1","Mtcl1"
"8855","TR5OS","Trpc5os"
"8856","NOL8","Nol8"
"8857","HAP28","Pdap1"
"8858","NKX63","Nkx6-3"
"8859","CI114","Spout1"
"8860","LMOD2","Lmod2"
"8861","BABA1","Babam1"
"8862","CCD34","Ccdc34"
"8863","RHG17","Arhgap17"
"8864","MYZAP","Myzap"
"8865","MET14","Mettl14"
"8866","PKHA7","Plekha7"
"8867","DTX3L","Dtx3l"
"8868","NDUB6","Ndufb6"
"8869","RNF10","Rnf10"
"8870","RN224","Rnf224"
"8871","MYLK3","Mylk3"
"8872","Q3UJ22","Gm648"
"8873","NEPR1","Cnep1r1"
"8874","Q3UJB0","Sf3b2"
"8875","LR14B","Lrrc14b"
"8876","EDC4","Edc4"
"8877","CE034","MGI:1914642"
"8878","UBP19","Usp19"
"8879","GPR55","Gpr55"
"8880","GTPB2","Gtpbp2"
"8881","CH037","MGI:1914407"
"8882","RMD3","Rmdn3"
"8883","CCD61","Ccdc61"
"8884","ARMC7","Armc7"
"8885","B9D2","B9d2"
"8886","TEDC1","Tedc1"
"8887","PCGF5","Pcgf5"
"8888","TAXB1","Tax1bp1"
"8889","SMU1","Smu1"
"8890","CEAM5","Ceacam5"
"8891","Q3UKP4","Ceacam12"
"8892","ELL2","Ell2"
"8893","FA83F","Fam83f"
"8894","Q3UKW5","Gm9"
"8895","PRS38","Prss38"
"8896","A14EL","Arl14epl"
"8897","Q3UL33","E330014E10Rik"
"8898","ARGL1","Arglu1"
"8899","Q3UL53","Crxos"
"8900","MCAF2","Atf7ip2"
"8901","FBW1A","Btrc"
"8902","Q3ULA8","Zfp936"
"8903","PAK6","Pak6"
"8904","MCCB","Mccc2"
"8905","SPG7","Spg7"
"8906","SRARP","Srarp"
"8907","GPD1L","Gpd1l"
"8908","Q3ULJ3","Upf3a"
"8909","Q3ULJ8","Gm4981"
"8910","Q3ULK5","Gal3st2c"
"8911","Q3ULL6","Upf3b"
"8912","CC106","Ccdc106"
"8913","USPL1","Uspl1"
"8914","Q3ULP7","Ctsll3"
"8915","Q3ULQ2","Pin1rt1"
"8916","CCD33","Ccdc33"
"8917","PARP3","Parp3"
"8918","FHDC1","Fhdc1"
"8919","LSG1","Lsg1"
"8920","COG7","Cog7"
"8921","PP1R7","Ppp1r7"
"8922","KLRG2","Klrg2"
"8923","FOXR2","Foxr2"
"8924","SMCR8","Smcr8"
"8925","WASC4","Washc4"
"8926","AFG2H","Spata5"
"8927","TM241","Tmem241"
"8928","COBL1","Cobll1"
"8929","FAXC","Faxc"
"8930","LRCH2","Lrch2"
"8931","CDK10","Cdk10"
"8932","NAF1","Naf1"
"8933","ANR27","Ankrd27"
"8934","MCU","Mcu"
"8935","PP12C","Ppp1r12c"
"8936","HDGR2","Hdgfl2"
"8937","MAPK3","Mapkapk3"
"8938","CLN5","Cln5"
"8939","EMAL4","Eml4"
"8940","PLPP5","Plpp5"
"8941","LCLT1","Lclat1"
"8942","UBP30","Usp30"
"8943","GP162","Gpr162"
"8944","Q3UN52","Smim41"
"8945","SSLP1","Sslp1"
"8946","FAP20","Faap20"
"8947","MRFL","Myrfl"
"8948","LYRM9","Lyrm9"
"8949","NXT2","Nxt2"
"8950","TM253","Tmem253"
"8951","Q3UNC9","Cks1brt"
"8952","SKAP2","Skap2"
"8953","GRIN1","Gprin1"
"8954","PLD5","Pld5"
"8955","ERIC4","Erich4"
"8956","Q3UNV2","Cyp2j11"
"8957","Q3UNV4","Cyp2j13"
"8958","TF2L1","Tfcp2l1"
"8959","ACSM3","Acsm3"
"8960","Q3UNZ2","Ldc1"
"8961","QORL2","Cryzl2"
"8962","TMM26","Tmem26"
"8963","NLRC4","Nlrc4"
"8964","EFC4B","Cracr2a"
"8965","NHLC4","Nhlrc4"
"8966","UD3A1","Ugt3a1"
"8967","ELNE","Elane"
"8968","K0825","MGI:1919621"
"8969","RMI2","Rmi2"
"8970","ZCCHV","Zc3hav1"
"8971","PRRC1","Prrc1"
"8972","ARH40","Arhgef40"
"8973","GAK1B","GaskbB"
"8974","SC31A","Sec31a"
"8975","CK096","Ag2"
"8976","M4A15","Ms4a15"
"8977","CEP63","Cep63"
"8978","SHSA3","Shisa3"
"8979","TM102","Tmem102"
"8980","Q3UPR8","D13Ertd608e"
"8981","SBSPO","Sbspon"
"8982","Q3UPV3","E130208F15Rik"
"8983","ELF3","Elf3"
"8984","GLBL2","Glb1l2"
"8985","Q3UQ05","Bpifb5"
"8986","Q3UQ17","Zbtb16"
"8987","NET5","Ntn5"
"8988","Q3UQ24","Gm8773"
"8989","PXDN","Pxdn"
"8990","TM11A","Tmprss11a"
"8991","IQGA2","Iqgap2"
"8992","Q3UQ74","Gm826"
"8993","SYTM","Tars2"
"8994","Q3UQ97","Gm5460"
"8995","SELH","Selenoh"
"8996","Q3UQH6","Gm5127"
"8997","MINY4","Mindy4"
"8998","Q3UQL6","Zfp772"
"8999","FCHO2","Fcho2"
"9000","LSME1","Lsmem1"
"9001","RBM20","Rbm20"
"9002","BRD9","Brd9"
"9003","KBTB8","Kbtbd8"
"9004","P2RX3","P2rx3"
"9005","VW5B2","Vwa5b2"
"9006","TGFA1","Tgfbrap1"
"9007","CD048","Gm1673"
"9008","MYRF","Myrf"
"9009","SNX21","Snx21"
"9010","RPRML","Rprml"
"9011","SLMAP","Slmap"
"9012","ACSF3","Acsf3"
"9013","CTXN2","Ctxn2"
"9014","LIGO2","Lingo2"
"9015","KCD21","Kctd21"
"9016","Q3URG9","Gm10643"
"9017","Q3URI6","Zfp560"
"9018","NKAI3","Nkain3"
"9019","CC190","Ccdc190"
"9020","TET1","Tet1"
"9021","Q3URN6","Psg29"
"9022","TEX10","Tex10"
"9023","Q3URQ4","Fam8a1"
"9024","MTHSD","Mthfsd"
"9025","CENPW","Cenpw"
"9026","ZSC10","Zscan10"
"9027","ZSC4F","Zscan4f"
"9028","LRCL1","Lrcol1"
"9029","MITOK","Ccdc51"
"9030","PEG3","Peg3"
"9031","BROMI","Tbc1d32"
"9032","RTL4","Rtl4"
"9033","GEMC1","Gmnc"
"9034","Q3URY5","Zfp941"
"9035","ARMC2","Armc2"
"9036","Q3URZ6","Ahnak2"
"9037","TEANC","Tceanc"
"9038","ZNF48","Znf48"
"9039","ESRP1","Esrp1"
"9040","Q3US60","BC025920"
"9041","PLCL1","Plcl1"
"9042","B3GN6","B3gnt6"
"9043","INSY2","Insyn2a"
"9044","SFSWA","Sfswap"
"9045","FCSD2","Fchsd2"
"9046","KLDC9","Klhdc9"
"9047","SYN1L","Syndig1l"
"9048","DRC1","Drc1"
"9049","CP089","MGI:2146559"
"9050","FXRD2","Foxred2"
"9051","S38AB","Slc38a11"
"9052","UBFL1","Ubtfl1"
"9053","DIK2A","Dipk2a"
"9054","Q3UT11","B020031M17Rik"
"9055","Q3UT34","Gm7489"
"9056","Q3UT41","Lipo3"
"9057","Q3UT53","BB287469"
"9058","Q3UT54","Obox3"
"9059","Q3UT76","Zfp957"
"9060","Q3UT86","Gm5891"
"9061","Q3UTA4","Gm8332"
"9062","Q3UTA8","Gm4567"
"9063","I4E1B","Eif4e1b"
"9064","Q3UTB2","A630001G21Rik"
"9065","FOXR1","Foxr1"
"9066","Q3UTC0","B020004J07Rik"
"9067","Q3UTC4","Spopfm2"
"9068","SIM15","Smim15"
"9069","Q3UTE2","Gm428"
"9070","ARHG9","Arhgef9"
"9071","SRBS2","Sorbs2"
"9072","Q3UTQ6","Zfp868"
"9073","PRD10","Prdm10"
"9074","CDKL5","Cdkl5"
"9075","ISK13","Spink13"
"9076","Q3UTW2","A530084C06Rik"
"9077","THSD4","Thsd4"
"9078","MA11","MAP11"
"9079","Q3UU21","Zpld2"
"9080","OVOS","Ovos"
"9081","SCIMP","Scimp"
"9082","Q3UU43","Chpf2"
"9083","TRAT1","Trat1"
"9084","MANS4","Mansc4"
"9085","MRCKA","Cdc42bpa"
"9086","TM211","Tmem211"
"9087","ANKUB","Ankub1"
"9088","AN34B","Ankrd34b"
"9089","TBC24","Tbc1d24"
"9090","THEM4","Them4"
"9091","STRAA","Strada"
"9092","Q3UUJ8","A230072I06Rik"
"9093","PGAP1","Pgap1"
"9094","SKAP1","Skap1"
"9095","Q3UUV9","H2-Eb2"
"9096","CD046","MGI:1923189"
"9097","Q3UUY3","Krtap4-1"
"9098","PROM2","Prom2"
"9099","IPIL2","Itpripl2"
"9100","K22O","Krt76"
"9101","RN223","Rnf223"
"9102","LRC30","Lrrc30"
"9103","NR1D1","Nr1d1"
"9104","Q3UV66","Slfn4"
"9105","PDP1","Pdp1"
"9106","TMTC1","Tmtc1"
"9107","ITB2L","Itgb2l"
"9108","KSR2","Ksr2"
"9109","LGR6","Lgr6"
"9110","Q3UVF6","Zfp974"
"9111","F91A1","Fam91a1"
"9112","ERMP1","Ermp1"
"9113","Q3UVL3","Zfp872"
"9114","VPS51","Vps51"
"9115","TTBK2","Ttbk2"
"9116","ZNT10","Slc30a10"
"9117","VWA3A","Vwa3a"
"9118","GRM5","Grm5"
"9119","GP149","Gpr149"
"9120","PCX4","Pcnx4"
"9121","Q3UW02","Pate9"
"9122","Q3UW09","Spint3"
"9123","CNGA4","Cnga4"
"9124","COLL2","Clpsl2"
"9125","Q3UW22","Defb48"
"9126","BSPH1","Bsph1"
"9127","PATE2","Pate2"
"9128","WFDC9","Wfdc9"
"9129","NIBA1","Niban1"
"9130","WFC6A","Wfdc6a"
"9131","CAN13","Capn13"
"9132","Q3UW77","Gm12888"
"9133","Q3UW98","Clca4b"
"9134","TRI40","Trim40"
"9135","GUC2C","Gucy2c"
"9136","Q3UWE6","Wdr20"
"9137","Q3UWK8","Serpinb6d"
"9138","Q3UWK9","Ftdc1"
"9139","Q3UWL8","Pfdn4"
"9140","KDM7A","Kdm7a"
"9141","UB2FB","Ube2fb"
"9142","KHD1A","Khdc1a"
"9143","Q3UWS2","Gm815"
"9144","MYCOS","Myocos"
"9145","GA2L3","Gas2l3"
"9146","Q3UWX6","E330034G19Rik"
"9147","OOG3","Oog3"
"9148","TRI75","Trim75"
"9149","TBAL3","Tubal3"
"9150","AN13C","Ankrd13c"
"9151","Q3UX49","C87499"
"9152","NAA11","Naa11"
"9153","CC114","Ccdc114"
"9154","Q3UX66","7420426K07Rik"
"9155","1A1L2","Accsl"
"9156","Q3UXB0","Mbd3l2"
"9157","Q3UXL1","Akr1cl"
"9158","KIZ","Kiz"
"9159","FA81A","Fam81a"
"9160","KDM5A","Kdm5a"
"9161","FDXA1","Fdxacb1"
"9162","CSTOS","Custos"
"9163","LRC55","Lrrc55"
"9164","GAK1A","Gask1a"
"9165","CFA74","Cfap74"
"9166","PPM1H","Ppm1h"
"9167","CC160","Ccdc160"
"9168","MACD2","Macrod2"
"9169","ARBK2","Adrbk2"
"9170","Q3UYI1","P2rx5"
"9171","RGL3","Rgl3"
"9172","FUZZY","Fuz"
"9173","TBCD9","Tbc1d9"
"9174","Q3UYP3","Tspyl3"
"9175","ESPNL","Espnl"
"9176","DAAF3","Dnaaf3"
"9177","NCBP1","Ncbp1"
"9178","RNPC3","Rnpc3"
"9179","C1RL","C1rl"
"9180","ICE2","Ice2"
"9181","Q3UZ24","Apol7e"
"9182","LRRF1","Lrrfip1"
"9183","MCIN","Mcidas"
"9184","AXDN1","Axdnd1"
"9185","CPZIP","Rcsd1"
"9186","ARMX5","Armcx5"
"9187","PRDM6","Prdm6"
"9188","F71F1","Fam71f1"
"9189","MALD2","Marveld2"
"9190","SVIP","Svip"
"9191","ELAP2","Elapor2"
"9192","EF2KT","Eef2kmt"
"9193","SFI1","Sfi1"
"9194","Q3UZY6","Zfp956"
"9195","OLFM4","Olfm4"
"9196","ST1D1","Sult1d1"
"9197","TMED1","Tmed1"
"9198","HIPK4","Hipk4"
"9199","CCD27","Ccdc27"
"9200","CF163","Gm136"
"9201","TTC9A","Ttc9"
"9202","S47A2","Slc47a2"
"9203","Q3V061","Trim80"
"9204","Q3V063","Taf7l2"
"9205","BBOF1","Bbof1"
"9206","ZN583","Znf583"
"9207","RBM44","Rbm44"
"9208","ANR42","Ankrd42"
"9209","CB078","Gm5592"
"9210","CFA65","Cfap65"
"9211","ZMAT1","Zmat1"
"9212","NUTM2","Nutm2"
"9213","UBP48","Usp48"
"9214","CI131","MGI:1914567"
"9215","RIMB3","Rimbp3"
"9216","GARL3","Garnl3"
"9217","Q3V0H9","4930596D02Rik"
"9218","PRR7","Prr7"
"9219","Q3V0I7","Akap14"
"9220","TM237","Tmem237"
"9221","ANR53","Ankrd53"
"9222","PLSI","Pls1"
"9223","LRC43","Lrrc43"
"9224","Q3V0M1","Gm906"
"9225","LRC36","Lrrc36"
"9226","CPXCR","Cpxcr1"
"9227","Q3V0P3","Gm1527"
"9228","Q3V0P9","Gm732"
"9229","DYH12","Dnah12"
"9230","SPAG8","Spag8"
"9231","TMPSC","Tmprss12"
"9232","Q3V0S2","Btg1b"
"9233","Q3V0S8","1700012B07Rik"
"9234","ITAD","Itgad"
"9235","Q3V0U0","1700057G04Rik"
"9236","Q3V0U9","Spag6"
"9237","Q3V0W9","4930432M17Rik"
"9238","Q3V0X0","Btg1c"
"9239","SMIM9","Smim9"
"9240","Q3V0X2","Cldn34b4"
"9241","P4R3C","Ppp4r3c"
"9242","Q3V118","Ccdc185"
"9243","EID3","Eid3"
"9244","CC110","Ccdc110"
"9245","ULK4","Ulk4"
"9246","ADT4","Slc25a31"
"9247","ACRBP","Acrbp"
"9248","SE1L2","Sel1l2"
"9249","Q3V185","BC147527"
"9250","ENDOU","Endou"
"9251","Q3V1B8","Gal3st4"
"9252","AMPD1","Ampd1"
"9253","PLPL1","Pnpla1"
"9254","Q3V1F1","Cyp4f37"
"9255","EPHX3","Ephx3"
"9256","OLM2B","Olfml2b"
"9257","CKAP2","Ckap2"
"9258","HPHL1","Hephl1"
"9259","SAMD5","Samd5"
"9260","LYG2","Lyg2"
"9261","5NTC","Nt5c2"
"9262","MTMRB","Mtmr11"
"9263","IGS10","Igsf10"
"9264","MFHA1","Mfhas1"
"9265","Q3V1N5","Heca"
"9266","A3LT2","A3galt2"
"9267","P3H1","P3h1"
"9268","ELMD1","Elmod1"
"9269","ESF1","Esf1"
"9270","TMUB2","Tmub2"
"9271","Q3V290","Gm10775"
"9272","QRIC2","Qrich2"
"9273","KRA93","Krtap9-3"
"9274","CE046","Gm94"
"9275","Q3V2D6","Krtap1-4"
"9276","SIM31","SMIM31"
"9277","Q3V2G9","1810049J17Rik"
"9278","CBAR2","Cibar2"
"9279","Q3V2J1","Spef1l"
"9280","Q3V2J9","Wfdc10"
"9281","CX065","Gm614"
"9282","Q3V2K7","1700123L14Rik"
"9283","Q3V2L0","Defb28"
"9284","Q3V2L5","Gm904"
"9285","N42L1","N4bp2l1"
"9286","KTDAP","Krtdap"
"9287","KIF22","Kif22"
"9288","AFG1L","Afg1l"
"9289","CDK15","Cdk15"
"9290","Q3V3A3","Gpr165"
"9291","RN207","Rnf207"
"9292","UBS3A","Ubash3a"
"9293","MPZL3","Mpzl3"
"9294","GRM2A","Gramd2a"
"9295","GNAT3","Gnat3"
"9296","CQ067","Gm525"
"9297","GCNT7","Gcnt7"
"9298","BBS1","Bbs1"
"9299","PYDC3","Pydc3"
"9300","PACS2","Pacs2"
"9301","C1TM","Mthfd1l"
"9302","ITA1","Itga1"
"9303","CARL2","Carmil2"
"9304","Q3V3W4","Zbtb2"
"9305","AGRG5","Adgrg5"
"9306","Q3V432","Gm10188"
"9307","Q3V460","Smim26"
"9308","Q3V490","Defb45"
"9309","COMD6","Commd6"
"9310","Q3V4B6","1110057P08Rik"
"9311","Q3V4B7","Krtap4-6"
"9312","Q3ZAS0","Slc9a2"
"9313","VEZA","Vezt"
"9314","F220A","Fam220a"
"9315","CLUL1","Clul1"
"9316","SNX25","Snx25"
"9317","AMZ2","Amz2"
"9318","WDR93","Wdr93"
"9319","PRS44","Prss44"
"9320","SH21C","Sh2d1b2"
"9321","LN28B","Lin28b"
"9322","DYHC2","Dync2h1"
"9323","DFA20","Defa20"
"9324","ZFAN3","Zfand3"
"9325","KRT35","Krt35"
"9326","Q497I5","Lce3a"
"9327","Q497J0","Cstdc5"
"9328","TM86B","Tmem86b"
"9329","ARRD5","Arrdc5"
"9330","TM247","Tmem247"
"9331","Q497L1","H2al1n"
"9332","Q497L3","Gm5800"
"9333","S22AG","Slc22a16"
"9334","Q497L9","Slc22a14"
"9335","Q497M0","Samt2"
"9336","ABEC4","Apobec4"
"9337","Q497M6","Bcl2a1b"
"9338","C295L","Cep295nl"
"9339","CF201","MGI:1914011"
"9340","NUPR2","Nupr2"
"9341","Q497P9","Gm5941"
"9342","F228B","Fam228b"
"9343","Q497R7","Gm21394"
"9344","Q497S0","Gm5935"
"9345","SRBD1","Srbd1"
"9346","BAHD1","Bahd1"
"9347","Q497V9","Zfp791"
"9348","Q497W1","Psg25"
"9349","Q497W2","Psg27"
"9350","Q497Y9","C130050O18Rik"
"9351","Q497Z0","Fbxw16"
"9352","FOXN3","Foxn3"
"9353","Q499D5","Zfp235"
"9354","BRNP3","Brinp3"
"9355","DZI1L","Dzip1l"
"9356","STOX2","Stox2"
"9357","CA109","C1orf109"
"9358","Q499F0","D5Ertd577e"
"9359","TIGD5","Tigd5"
"9360","SYMM","Mars2"
"9361","SC5AC","Slc5a12"
"9362","SHAN3","Shank3"
"9363","TMM40","Tmem40"
"9364","PR38A","Prpf38a"
"9365","SYNE3","Syne3"
"9366","PLK5","Plk5"
"9367","Q4FZE8","Mup22"
"9368","SPT46","Spata46"
"9369","DDX49","Ddx49"
"9370","TI8AB","Timm8a2"
"9371","OOSP2","Oosp2"
"9372","NUA4L","Ndufa4l2"
"9373","F1892","Fam189a2"
"9374","Q4G0C7","Oog4"
"9375","UBN1","Ubn1"
"9376","Q4G0K9","Snhg11"
"9377","KLDC2","Klhdc2"
"9378","ABL2","Abl2"
"9379","TET2","Tet2"
"9380","CA158","MGI:1916614"
"9381","Q4KL04","Gm5168"
"9382","Q4KL05","Gm10488"
"9383","CN028","Gm527"
"9384","TPC3L","Trappc3l"
"9385","TM171","Tmem171"
"9386","Q4KL20","Obox7"
"9387","LHPL5","Lhfpl5"
"9388","Q4KL31","Psg19"
"9389","MAGIX","Magix"
"9390","Q4KL65","Psg26"
"9391","Q4KL66","Psg28"
"9392","SP2A3","Sprr2a3"
"9393","KHD1C","Khdc1c"
"9394","ABRAL","Abracl"
"9395","OXR1","Oxr1"
"9396","Q4KN81","H2-Q2"
"9397","WFDC8","Wfdc8"
"9398","UN13A","Unc13a"
"9399","PLCH1","Plch1"
"9400","Q4KXB6","Wfdc5"
"9401","ARAP1","Arap1"
"9402","S27A5","Slc27a5"
"9403","SEM3G","Sema3g"
"9404","ODR4","Odr4"
"9405","Q4PLS0","Nlrp2"
"9406","NKAI2","Nkain2"
"9407","ECE1","Ece1"
"9408","P5I11","Trp53i11"
"9409","MIGA1","Miga1"
"9410","Q4QQP3","Zfp729a"
"9411","CC88B","Ccdc88b"
"9412","Q4QY32","Gm6040"
"9413","Q4QY34","Defb46"
"9414","ATAD5","Atad5"
"9415","Q4TU81","Rhox12"
"9416","Q4TU83","Rhox10"
"9417","Q4TU90","Rhox3a"
"9418","HERC2","Herc2"
"9419","XIRP2","Xirp2"
"9420","SR1IP","Srek1ip1"
"9421","SE6L2","Sez6l2"
"9422","CCD84","Ccdc84"
"9423","ZN664","Znf664"
"9424","CK095","MGI:1919667"
"9425","PDS5B","Pds5b"
"9426","PWP3B","Pwwp3b"
"9427","DSCL1","Dscaml1"
"9428","CDV3","Cdv3"
"9429","SNX33","Snx33"
"9430","CNPY1","Cnpy1"
"9431","PKHG3","Plekhg3"
"9432","Q4VAD2","Gm13103"
"9433","TMM65","Tmem65"
"9434","HECA2","Hepacam2"
"9435","TAPT1","Tapt1"
"9436","GZF1","Gzf1"
"9437","EGFLA","Egflam"
"9438","WDR18","Wdr18"
"9439","R3HD4","R3hdm4"
"9440","ATS18","Adamts18"
"9441","MAEA","Maea"
"9442","RC3H1","Rc3h1"
"9443","IFNL2","Ifnl2"
"9444","Q4ZGD8","Nxf2"
"9445","Q4ZGD9","Nxf3"
"9446","OTOL1","Otol1"
"9447","C1QL4","C1ql4"
"9448","C1QT9","C1qtnf9"
"9449","ANKMT","Antkmt"
"9450","DDX17","Ddx17"
"9451","PHAR4","Phactr4"
"9452","FBLN7","Fbln7"
"9453","Q504M2","Pdp2"
"9454","RAB26","Rab26"
"9455","CBPA2","Cpa2"
"9456","S22AF","Slc22a15"
"9457","IFIXL","MGI:3584522"
"9458","CL12A","Clec12a"
"9459","Q504P9","Rhox4e"
"9460","ARCH","Zbtb8os"
"9461","SYCE2","Syce2"
"9462","ANR28","Ankrd28"
"9463","OPA3","Opa3"
"9464","TRI67","Trim67"
"9465","NR2C1","Nr2c1"
"9466","Q505F4","Zfp280b"
"9467","LRC47","Lrrc47"
"9468","RTL6","Rtl6"
"9469","ZN827","Znf827"
"9470","VWC2L","Vwc2l"
"9471","F16A1","Fam160a1"
"9472","Q50E62","Slc7a15"
"9473","GRCR1","Grxcr1"
"9474","KCTD8","Kctd8"
"9475","PA24F","Pla2g4f"
"9476","PA24E","Pla2g4e"
"9477","PA24D","Pla2g4d"
"9478","C2CD3","C2cd3"
"9479","CCNL1","Ccnl1"
"9480","SPIR1","Spire1"
"9481","Q52KG3","Magee2"
"9482","ZBT45","Zbtb45"
"9483","KI26A","Kif26a"
"9484","Q52KH6","Gm14685"
"9485","SRRM1","Srrm1"
"9486","NXPE4","Nxpe4"
"9487","LRIG2","Lrig2"
"9488","PRUN2","Prune2"
"9489","TRMO","Trmo"
"9490","KCD19","Kctd19"
"9491","COQ8B","Coq8b"
"9492","MENT","Ment"
"9493","ZN697","Znf697"
"9494","CENPJ","Cenpj"
"9495","ANR37","Ankrd37"
"9496","Q569Q2","Gm4792"
"9497","Q569X9","Cyp2c67"
"9498","DDX46","Ddx46"
"9499","TR150","Thrap3"
"9500","EME2","Eme2"
"9501","TMTC2","Tmtc2"
"9502","SCN2B","Scn2b"
"9503","GPKOW","Gpkow"
"9504","ZN608","Znf608"
"9505","DPTOR","Deptor"
"9506","WHAMM","Whamm"
"9507","BDP1","Bdp1"
"9508","GALNS","Galns"
"9509","PRS53","Prss53"
"9510","SPSB3","Spsb3"
"9511","GLSL","Gls2"
"9512","LIN54","Lin54"
"9513","NPA1P","Urb1"
"9514","PRAG1","Prag1"
"9515","A16A1","Aldh16a1"
"9516","Z354C","Znf354c"
"9517","TAB3","Tab3"
"9518","LITD1","L1td1"
"9519","Q58A37","Klrh1"
"9520","JIP4","Spag9"
"9521","E2F8","E2f8"
"9522","DHRS9","Dhrs9"
"9523","TRCG1","Trcg1"
"9524","AGRF3","ADGRF3"
"9525","NDUF2","Ndufaf2"
"9526","FBXL7","Fbxl7"
"9527","UBP13","Usp13"
"9528","LIPR1","Pnliprp1"
"9529","SL9B2","Slc9b2"
"9530","ERI2","Eri2"
"9531","PEX1","Pex1"
"9532","TUT7","Tut7"
"9533","CI116","MGI:1916577"
"9534","EAPP","Eapp"
"9535","Q5CZY0","Olfr121"
"9536","ZC12A","Zc3h12a"
"9537","SYC1L","Syce1l"
"9538","UROL1","Umodl1"
"9539","TEX24","Tex24"
"9540","WFD13","Wfdc13"
"9541","STB5L","Stxbp5l"
"9542","FCRLB","Fcrlb"
"9543","KLRI2","Klri2"
"9544","TSH1","Tshz1"
"9545","KAL1L","Kansl1l"
"9546","ESYT3","Esyt3"
"9547","MYPN","Mypn"
"9548","CHSS3","Chsy3"
"9549","S4A10","Slc4a10"
"9550","BRE1A","Rnf20"
"9551","JKIP3","Jakmip3"
"9552","NEXMI","Nexmif"
"9553","PSD1","Psd"
"9554","TASO2","Tasor2"
"9555","RTL5","Rtl5"
"9556","PNMA5","Pnma5"
"9557","AF1L2","Afap1l2"
"9558","ZC12C","Zc3h12c"
"9559","SMBT2","Sfmbt2"
"9560","RESF1","Resf1"
"9561","JCAD","Jcad"
"9562","KCD16","Kctd16"
"9563","NYNRI","Nynrin"
"9564","RN150","Rnf150"
"9565","DCDC2","Dcdc2"
"9566","UBP22","Usp22"
"9567","CE164","Cep164"
"9568","ZN652","Znf652"
"9569","MYO16","Myo16"
"9570","IQEC2","Iqsec2"
"9571","PCX2","Pcnx2"
"9572","ICEF1","Ipcef1"
"9573","ZFY26","Zfyve26"
"9574","LRC8B","Lrrc8b"
"9575","NLRC3","Nlrc3"
"9576","SPT13","Spata13"
"9577","EHMT1","Ehmt1"
"9578","HSPB6","Hspb6"
"9579","CA050","MGI:2140466"
"9580","RASF5","Rassf5"
"9581","S2610","Slc26a10"
"9582","Q5EBJ2","Gm10375"
"9583","ERMIN","Ermn"
"9584","ARMC5","Armc5"
"9585","ACD","Acd"
"9586","AAPK1","Prkaa1"
"9587","Q5ERI8","AY761185"
"9588","Q5ERJ0","Defa38"
"9589","CFA52","Cfap52"
"9590","MDH1B","Mdh1b"
"9591","FAT2","Fat2"
"9592","AN13B","Ankrd13b"
"9593","P5I13","Tp53i13"
"9594","TM256","Tmem256"
"9595","SPEM1","Spem1"
"9596","ZBTB4","Zbtb4"
"9597","S35G3","Slc35g3"
"9598","MEIKN","Meikin"
"9599","NUFP2","Nufip2"
"9600","TAOK1","Taok1"
"9601","ABH15","Abhd15"
"9602","FUT10","Fut10"
"9603","MLIP","Mlip"
"9604","MBPHL","Mybphl"
"9605","T255B","Tmem255b"
"9606","GLYAL","Gm4952"
"9607","MUP20","Mup20"
"9608","ECM2","Ecm2"
"9609","Q5FWA1","Btbd35f27"
"9610","Q5FWB5","Gm20909"
"9611","M4A13","Ms4a13"
"9612","Q5FWC9","Gm3558"
"9613","Q5FWD4","Gm20816"
"9614","Q5FWD5","Gm21330"
"9615","UNKL","Unkl"
"9616","GRHL3","Grhl3"
"9617","ARHGF","Arhgef15"
"9618","S39AC","Slc39a12"
"9619","SCTR","Sctr"
"9620","CEIP2","Cemip2"
"9621","RHG01","Arhgap1"
"9622","SYNA","Syna"
"9623","DFA25","Defa25"
"9624","DFA24","Defa24"
"9625","DFA23","Defa23"
"9626","RNS13","Rnase13"
"9627","RNS12","Rnase12"
"9628","RNS11","Rnase11"
"9629","Q5GAN0","Ang6"
"9630","Q5GAN1","Ang5"
"9631","HS3S6","Hs3st6"
"9632","XKR9","Xkr9"
"9633","XKR7","Xkr7"
"9634","XKR5","Xkr5"
"9635","XKR4","Xkr4"
"9636","XKR2","Xkrx"
"9637","TNI3K","Tnni3k"
"9638","Q5GLZ0","Cyp2c66"
"9639","NMS","Nms"
"9640","FREM3","Frem3"
"9641","VP13A","Vps13a"
"9642","TAF3","Taf3"
"9643","ZN488","Znf488"
"9644","TSR3","Tsr3"
"9645","S38A8","Slc38a8"
"9646","MTUS1","Mtus1"
"9647","C2C4C","C2cd4c"
"9648","S2551","Slc25a51"
"9649","RNC","Drosha"
"9650","F189B","Fam189b"
"9651","CEP44","Cep44"
"9652","NRSN2","Nrsn2"
"9653","S38AA","Slc38a10"
"9654","UBP28","Usp28"
"9655","Q5I0V9","2900092C05Rik"
"9656","Q5I0W6","Mettl7a2"
"9657","IASPP","Ppp1r13l"
"9658","SPA3G","Serpina3g"
"9659","SPE4A","Spdye4a"
"9660","SPDYA","Spdya"
"9661","CAGE1","Cage1"
"9662","ZNT9","Slc30a9"
"9663","Z36L3","Zfp36l3"
"9664","GLP2R","Glp2r"
"9665","B3GN3","B3gnt3"
"9666","GCNT3","Gcnt3"
"9667","POLS2","Prss36"
"9668","TM232","Tmem232"
"9669","VPS41","Vps41"
"9670","CLHC1","Clhc1"
"9671","ODF3B","Odf3b"
"9672","LRC52","Lrrc52"
"9673","CNRP1","Cnrip1"
"9674","D39U1","Sdr39u1"
"9675","Q5M8P2","Gm5169"
"9676","H2AL1","H2al1d"
"9677","Q5M8R5","Gm20852"
"9678","PRS46","Prss46"
"9679","KCTD1","Kctd1"
"9680","PIGH","Pigh"
"9681","FA20C","Fam20c"
"9682","FA2H","Fa2h"
"9683","FBX39","Fbxo39"
"9684","XAF1","Xaf1"
"9685","COBL","Cobl"
"9686","Q5NBY9","Patz1"
"9687","TTF2","Ttf2"
"9688","MOT11","Slc16a11"
"9689","Q5NC41","1810065E05Rik"
"9690","Q5NC44","Olfr331"
"9691","Q5NC45","Olfr332"
"9692","Q5NC48","Gm12253"
"9693","Q5NC55","Olfr313"
"9694","F183B","Fam183b"
"9695","Q5NC59","Olfr311"
"9696","Q5NC63","Gm12258"
"9697","SPT48","Spata48"
"9698","Q5NC97","Vmn1r209"
"9699","Q5NCB2","Gm12185"
"9700","Q5NCB3","Gm5431"
"9701","TRI41","Trim41"
"9702","Q5NCC7","Olfr324"
"9703","Q5NCC8","Olfr322"
"9704","TRI58","Trim58"
"9705","Q5NCD0","Olfr323"
"9706","Q5NCD2","Olfr325"
"9707","Q5NCD3","Olfr328"
"9708","Q5NCD6","Olfr317"
"9709","Q5NCD7","Olfr318"
"9710","MRS2","Mrs2"
"9711","TPPC1","Trappc1"
"9712","GRM6","Grm6"
"9713","URGCP","Urgcp"
"9714","Q5NCJ1","Rapgef6"
"9715","S17A4","Slc17a4"
"9716","RNF43","Rnf43"
"9717","DPH1","Dph1"
"9718","NSRP1","Nsrp1"
"9719","MID49","Mief2"
"9720","NEUL4","Neurl4"
"9721","KDM6B","Kdm6b"
"9722","CB5D1","Cyb5d1"
"9723","HSF5","Hsf5"
"9724","CQ047","Gm11492"
"9725","SREC","Scarf1"
"9726","RILP","Rilp"
"9727","WDR81","Wdr81"
"9728","MRM3","Mrm3"
"9729","TLC3A","Tlcd3a"
"9730","Q5PPQ4","Zfp658"
"9731","CE112","Cep112"
"9732","CRACD","Crad"
"9733","DIRA2","Diras2"
"9734","PRSR1","Proser1"
"9735","HTR5A","Heatr5a"
"9736","MDC1","Mdc1"
"9737","NTCP7","Slc10a7"
"9738","NTCP5","Slc10a5"
"9739","TAAR9","Taar9"
"9740","TAA8C","Taar8c"
"9741","TAA8B","Taar8b"
"9742","TAA8A","Taar8a"
"9743","TAA7F","Taar7f"
"9744","TAA7E","Taar7e"
"9745","TAA7D","Taar7d"
"9746","TAA7B","Taar7b"
"9747","TAA7A","Taar7a"
"9748","TAAR6","Taar6"
"9749","TAAR5","Taar5"
"9750","TAAR4","Taar4"
"9751","TAAR3","Taar3"
"9752","TAAR2","Taar2"
"9753","RTP3","Rtp3"
"9754","OSBP2","Osbp2"
"9755","CORA1","Col27a1"
"9756","HAVR1","Havcr1"
"9757","HEAT9","Heatr9"
"9758","CQ078","Gm11437"
"9759","Q5R1A3","Trdv4"
"9760","Q5R1A4","Trdv2-2"
"9761","Q5R1B6","Trav8d-2"
"9762","Q5R1C3","Trav3-3"
"9763","Q5R1D2","Trav15-1-dv6-1"
"9764","Q5R1E6","Trav6-3"
"9765","Q5R1F6","Trav5d-4"
"9766","Q5R1H8","Trav8d-1"
"9767","Q5R1H9","Trav7d-4"
"9768","Q5R1I0","Trav6d-4"
"9769","Q5R1I1","Trav7-3"
"9770","Q5R1I3","Trav7-2"
"9771","Q5R1I4","Trav6-2"
"9772","Q5R1I8","Trav3-1"
"9773","Q5R1I9","Trav2"
"9774","RASEF","Rasef"
"9775","Q5RIS0","Gm11487"
"9776","ZSC26","Zscan26"
"9777","BHA09","Bhlha9"
"9778","CA2D4","Cacna2d4"
"9779","NOL10","Nol10"
"9780","ISPD","Crppa"
"9781","MCTP2","Mctp2"
"9782","CAD12","Cdh12"
"9783","SMG7","Smg7"
"9784","CTL5","Slc44a5"
"9785","PKDCC","Pkdcc"
"9786","BRSK1","Brsk1"
"9787","G2E3","G2e3"
"9788","ISLR2","Islr2"
"9789","SMIM7","Smim7"
"9790","Q5RKV8","Pfpl"
"9791","MOCS1","Mocs1"
"9792","GSTCD","Gstcd"
"9793","KTAP2","Krtcap2"
"9794","SPG17","Spag17"
"9795","LRRK2","Lrrk2"
"9796","TM11E","Tmprss11e"
"9797","GUC2F","Gucy2f"
"9798","IF2B2","Igf2bp2"
"9799","RBM27","Rbm27"
"9800","AOXB","Aox2"
"9801","GRDN","Ccdc88a"
"9802","Q5SP45","5730522E02Rik"
"9803","CC85A","Ccdc85a"
"9804","Q5SPH3","4930438A08Rik"
"9805","Q5SPI8","Gm11232"
"9806","PHF12","Phf12"
"9807","CB073","MGI:1922337"
"9808","VPS54","Vps54"
"9809","CC157","Ccdc157"
"9810","RN215","Rnf215"
"9811","Q5SQ27","Sec14l3"
"9812","SP30L","Sap30l"
"9813","Q5SQK8","4930512M02Rik"
"9814","EMAL6","Eml6"
"9815","HORM2","Hormad2"
"9816","CYFP2","Cyfip2"
"9817","BOD1","Bod1"
"9818","CCNJL","Ccnjl"
"9819","TM1L2","Tom1l2"
"9820","FBW1B","Fbxw11"
"9821","ZDBF2","Zdbf2"
"9822","DHR13","Dhrs13"
"9823","CG057","Gm11992"
"9824","SUN3","Sun3"
"9825","Q5SSA0","Vmn1r223"
"9826","ABCAD","Abca13"
"9827","TET5C","Tent5c"
"9828","GA2L2","Gas2l2"
"9829","RSLAB","Rasl10b"
"9830","ZZEF1","Zzef1"
"9831","NEUFC","Cyb5d2"
"9832","UTP18","Utp18"
"9833","Q5SSJ1","Wfdc17"
"9834","TEFM","Tefm"
"9835","ABR","Abr"
"9836","RHG44","Arhgap44"
"9837","SFT2A","Sft2d1"
"9838","Q5SSP0","Olfr381"
"9839","PSME4","Psme4"
"9840","TENS3","Tns3"
"9841","ZNRF3","Znrf3"
"9842","FSTL4","Fstl4"
"9843","FA71B","Fam71b"
"9844","COIL","Coil"
"9845","MYO1G","Myo1g"
"9846","SCO1","Sco1"
"9847","BBS12","Bbs12"
"9848","Q5SUE3","Ccdc92b"
"9849","ADAD1","Adad1"
"9850","ANR40","Ankrd40"
"9851","LC7L3","Luc7l3"
"9852","Q5SUF7","Cacna1g"
"9853","CTC1","Ctc1"
"9854","PUR4","Pfas"
"9855","FBW10","Fbxw10"
"9856","RSAD1","Rsad1"
"9857","MYBPP","Mycbpap"
"9858","MYLK4","Mylk4"
"9859","SPT22","Spata22"
"9860","ILEUC","Serpinb1c"
"9861","CCD42","Ccdc42"
"9862","GGNB2","Ggnbp2"
"9863","MYO19","Myo19"
"9864","SYNRG","Synrg"
"9865","RFLB","Rflnb"
"9866","Q5SVD5","Vmn1r196"
"9867","Q5SVD6","Vmn1r195"
"9868","RPGP2","Rap1gap2"
"9869","Q5SVL9","Prl2c1"
"9870","Q5SVP0","9930111J21Rik1"
"9871","KAT7","Kat7"
"9872","TBC9B","Tbc1d9b"
"9873","ETAA1","Etaa1"
"9874","CLU","Cluh"
"9875","P12L2","Pom121l2"
"9876","PI3R5","Pik3r5"
"9877","MKS1","Mks1"
"9878","Q5SW46","Lpo"
"9879","Q5SW48","Olfr464"
"9880","Q5SW49","Olfr463"
"9881","Q5SW50","Olfr462"
"9882","SSH2","Ssh2"
"9883","TSR1","Tsr1"
"9884","RN145","Rnf145"
"9885","NACAD","Nacad"
"9886","S2535","Slc25a35"
"9887","ACACA","Acaca"
"9888","MED13","Med13"
"9889","FA83G","Fam83g"
"9890","SC5AA","Slc5a10"
"9891","PLD6","Pld6"
"9892","PIGL","Pigl"
"9893","MYH4","Myh4"
"9894","MYH1","Myh1"
"9895","SHRM1","Shroom1"
"9896","KIBRA","Wwc1"
"9897","Q5SXC4","Vezf1"
"9898","VMO1","Vmo1"
"9899","ZN496","Znf496"
"9900","FANCJ","Brip1"
"9901","CYTSB","Specc1"
"9902","MYO1D","Myo1d"
"9903","TM199","Tmem199"
"9904","KS6R","Rskr"
"9905","K0100","Kiaa0100"
"9906","Q5SZ99","Trim38"
"9907","NPT3","Slc17a2"
"9908","Q5SZS9","Olfr1364"
"9909","Q5SZT6","Zkscan4"
"9910","NKAPL","Nkapl"
"9911","K0319","Kiaa0319"
"9912","Q5SZZ8","Olfr1362"
"9913","NOTO","Noto"
"9914","RABL6","Rabl6"
"9915","TMPSD","Tmprss13"
"9916","Q5U406","Zfp78"
"9917","MFSD3","Mfsd3"
"9918","UBR3","Ubr3"
"9919","GPR39","Gpr39"
"9920","Q5U452","Trp53rka"
"9921","DJC11","Dnajc11"
"9922","CDCP1","Cdcp1"
"9923","ASAP3","Asap3"
"9924","CC125","Ccdc125"
"9925","Q5U467","Fbxw20"
"9926","GASP1","Gprasp1"
"9927","SFR19","Scaf1"
"9928","DYRK2","Dyrk2"
"9929","SC5A6","Slc5a6"
"9930","THOC6","Thoc6"
"9931","LHPL4","Lhfpl4"
"9932","REPI1","Repin1"
"9933","WDR34","Wdr34"
"9934","Q5U4H9","Ncoa4"
"9935","BL1S3","Bloc1s3"
"9936","UIMC1","Uimc1"
"9937","HYKK","Hykk"
"9938","SAMC","Slc25a26"
"9939","CBPA6","Cpa6"
"9940","MIER1","Mier1"
"9941","TNF15","Tnfsf15"
"9942","MO2R3","Cd200r3"
"9943","CXL17","Cxcl17"
"9944","TDRD5","Tdrd5"
"9945","AT133","Atp13a3"
"9946","AT134","Atp13a4"
"9947","EPAB2","Pabpn1l"
"9948","CR021","MGI:1915296"
"9949","Q5XG67","Fbxw22"
"9950","F169A","Fam169a"
"9951","UTP20","Utp20"
"9952","ACBD5","Acbd5"
"9953","LEO1","Leo1"
"9954","LMTK3","Lmtk3"
"9955","SETD5","Setd5"
"9956","PARL","Parl"
"9957","COPD","Arcn1"
"9958","FANCB","Fancb"
"9959","SERC4","Serinc4"
"9960","MYPC2","Mybpc2"
"9961","JAGN1","Jagn1"
"9962","RN123","Rnf123"
"9963","LARG2","Large2"
"9964","GSDA3","Gsdma3"
"9965","ZDH20","Zdhhc20"
"9966","ZDH18","Zdhhc18"
"9967","ZDH23","Zdhhc23"
"9968","ZDHC8","Zdhhc8"
"9969","A1CF","A1cf"
"9970","Q5YIR8","Clec4a4"
"9971","SEM5B","Sema5b"
"9972","SIN3A","Sin3a"
"9973","CRHBP","Crhbp"
"9974","KIF1B","Kif1b"
"9975","FBXW2","Fbxw2"
"9976","ZFP30","Zfp30"
"9977","A1AG1","Orm1"
"9978","NFAC2","Nfatc2"
"9979","MAST2","Mast2"
"9980","XL3A","Xlr3a"
"9981","XRCC1","Xrcc1"
"9982","ODO1","Ogdh"
"9983","SRC8","Cttn"
"9984","KCNH1","Kcnh1"
"9985","ADSV","Scin"
"9986","MYL6","Myl6"
"9987","TIAM1","Tiam1"
"9988","SATB1","Satb1"
"9989","AA1R","Adora1"
"9990","AA2AR","Adora2a"
"9991","AA2BR","Adora2b"
"9992","ICAM5","Icam5"
"9993","EPHA5","Epha5"
"9994","GRB2","Grb2"
"9995","COT1","Nr2f1"
"9996","FLOT2","Flot2"
"9997","PRDM1","Prdm1"
"9998","NR1H4","Nr1h4"
"9999","NR1H2","Nr1h2"
"10000","SAP3","Gm2a"
"10001","CLPB","Clpb"
"10002","KLRA4","Klra4"
"10003","KLRA5","Klra5"
"10004","KLRA6","Klra6"
"10005","KLRA7","Klra7"
"10006","KLRA2","Klra2"
"10007","AKAP4","Akap4"
"10008","IRAG2","Irag2"
"10009","SKIL","Skil"
"10010","HNRPD","Hnrnpd"
"10011","SIK1","Sik1"
"10012","PTPRN","Ptprn"
"10013","NR1D2","Nr1d2"
"10014","LAMA2","Lama2"
"10015","PPP5","Ppp5c"
"10016","ITAE","Itgae"
"10017","IKKA","Chuk"
"10018","KLRA8","Klra8"
"10019","FSHB","Fshb"
"10020","FOXD4","Foxd4"
"10021","PSB6","Psmb6"
"10022","RGL1","Rgl1"
"10023","PMEL","Pmel"
"10024","SKI","Ski"
"10025","M3K12","Map3k12"
"10026","TBX2","Tbx2"
"10027","SAMH1","Samhd1"
"10028","S27A1","Slc27a1"
"10029","P4HA1","P4ha1"
"10030","P4HA2","P4ha2"
"10031","ADAM2","Adam2"
"10032","CY561","Cyb561"
"10033","ITF2","Tcf4"
"10034","ZP3R","Zp3r"
"10035","CSK21","Csnk2a1"
"10036","ZNT1","Slc30a1"
"10037","BAG1","Bag1"
"10038","CRFR2","Crhr2"
"10039","KHDR1","Khdrbs1"
"10040","EPHA1","Epha1"
"10041","IGF1R","Igf1r"
"10042","CTF1","Ctf1"
"10043","MARCO","Marco"
"10044","CALCR","Calcr"
"10045","TCF15","Tcf15"
"10046","GCDH","Gcdh"
"10047","GRB10","Grb10"
"10048","MKRN3","Mkrn3"
"10049","ATF3","Atf3"
"10050","IRGM1","Irgm1"
"10051","LY75","Ly75"
"10052","TNAP3","Tnfaip3"
"10053","STXB3","Stxbp3"
"10054","CLD11","Cldn11"
"10055","CDN2C","Cdkn2c"
"10056","CDN2D","Cdkn2d"
"10057","TM45A","Tmem45a"
"10058","ELF1","Elf1"
"10059","IKBB","Nfkbib"
"10060","DRC4","Gas8"
"10061","GAS7","Gas7"
"10062","LCP2","Lcp2"
"10063","RASA3","Rasa3"
"10064","KLF4","Klf4"
"10065","NF2L2","Nfe2l2"
"10066","TRAF3","Traf3"
"10067","MERTK","Mertk"
"10068","PLK3","Plk3"
"10069","CNOT7","Cnot7"
"10070","ADM1A","Adam1a"
"10071","I15RA","Il15ra"
"10072","ZBT17","Zbtb17"
"10073","AKT2","Akt2"
"10074","NPT2A","Slc34a1"
"10075","PPR1B","Ppp1r1b"
"10076","I12R1","Il12rb1"
"10077","DVL2","Dvl2"
"10078","RELN","Reln"
"10079","KLF2","Klf2"
"10080","TNR8","Tnfrsf8"
"10081","COCA1","Col12a1"
"10082","HELLS","Hells"
"10083","S23A3","Slc23a3"
"10084","SPB6","Serpinb6"
"10085","RIPK1","Ripk1"
"10086","OAS1B","Oas1b"
"10087","SC6A4","Slc6a4"
"10088","LTC4S","Ltc4s"
"10089","ORC2","Orc2"
"10090","STIP1","Stip1"
"10091","CAPR1","Caprin1"
"10092","PTER","Pter"
"10093","NDF1","Neurod1"
"10094","REEP5","Reep5"
"10095","IF1A","Eif1a"
"10096","ARHG2","Arhgef2"
"10097","4EBP1","Eif4ebp1"
"10098","OL140","Olfr140"
"10099","OLF3","Olfr3"
"10100","OL141","Olfr141"
"10101","OL142","Olfr142"
"10102","OL145","Olfr145"
"10103","OLF10","Olfr10"
"10104","OL146","Olfr146"
"10105","OLF9","Olfr9"
"10106","OL147","Olfr147"
"10107","OL148","Olfr148"
"10108","OL149","Olfr149"
"10109","OLF5","Olfr5"
"10110","OLF11","Olfr11"
"10111","OL139","Olfr139"
"10112","OLF8","Olfr8"
"10113","OL151","Olfr151"
"10114","OLF12","Olfr12"
"10115","OL150","Olfr150"
"10116","SLAP1","Sla"
"10117","ELAV2","Elavl2"
"10118","ELAV3","Elavl3"
"10119","EP15R","Eps15l1"
"10120","DBP","Dbp"
"10121","GGT1","Ggt1"
"10122","MEF2A","Mef2a"
"10123","VDAC2","Vdac2"
"10124","VDAC3","Vdac3"
"10125","VDAC1","Vdac1"
"10126","GRIK1","Grik1"
"10127","NAR1","Art1"
"10128","COQ8A","Coq8a"
"10129","I17RA","Il17ra"
"10130","MTCP1","Mtcp1"
"10131","MAD4","Mxd4"
"10132","TBCD1","Tbc1d1"
"10133","CP250","Cep250"
"10134","PML","Pml"
"10135","MEIS1","Meis1"
"10136","IMA5","Kpna1"
"10137","LAP4A","Laptm4a"
"10138","PAFA","Pla2g7"
"10139","PAPS1","Papss1"
"10140","STYX","Styx"
"10141","RBBP4","Rbbp4"
"10142","RBBP7","Rbbp7"
"10143","NCOR1","Ncor1"
"10144","JERKY","Jrk"
"10145","KLF3","Klf3"
"10146","FOXG1","Foxg1"
"10147","STIL","Stil"
"10148","XIAP","Xiap"
"10149","RBY1B","Rbmy1b"
"10150","CP7B1","Cyp7b1"
"10151","VAV2","Vav2"
"10152","ADIPO","Adipoq"
"10153","2A5G","Ppp2r5c"
"10154","DMBT1","Dmbt1"
"10155","AL2CL","Als2cl"
"10156","LAMA5","Lama5"
"10157","CD6","Cd6"
"10158","MUSK","Musk"
"10159","SCRB1","Scarb1"
"10160","DTX1","Dtx1"
"10161","GBB3","Gnb3"
"10162","GBG1","Gngt1"
"10163","GBG7","Gng7"
"10164","GBGT2","Gngt2"
"10165","ASNS","Asns"
"10166","IFT20","Ift20"
"10167","NCOA2","Ncoa2"
"10168","LAP2A","Tmpo"
"10169","HARS1","Hars1"
"10170","PAK3","Pak3"
"10171","TSC2","Tsc2"
"10172","PSYR","Gpr65"
"10173","HAND2","Hand2"
"10174","NPY4R","Npy4r"
"10175","NIN","Nin"
"10176","SIM1","Sim1"
"10177","WBP4","Wbp4"
"10178","TRPC1","Trpc1"
"10179","FOXD3","Foxd3"
"10180","DVL3","Dvl3"
"10181","NR0B1","Nr0b1"
"10182","U17PA","Usp17la"
"10183","USF1","Usf1"
"10184","EI24","Ei24"
"10185","ADAM9","Adam9"
"10186","PPM1G","Ppm1g"
"10187","SIM2","Sim2"
"10188","FOXF1","Foxf1"
"10189","CDC37","Cdc37"
"10190","M3K2","Map3k2"
"10191","M3K3","Map3k3"
"10192","RHPN1","Rhpn1"
"10193","FZD3","Fzd3"
"10194","LAMB3","Lamb3"
"10195","FZD4","Fzd4"
"10196","FZD6","Fzd6"
"10197","FZD7","Fzd7"
"10198","FZD8","Fzd8"
"10199","LAMC2","Lamc2"
"10200","CY24B","Cybb"
"10201","PRTN3","Prtn3"
"10202","KSR1","Ksr1"
"10203","IL18R","Il18r1"
"10204","ABCB7","Abcb7"
"10205","REQU","Dpf2"
"10206","GBP4","Gbp4"
"10207","CAB45","Sdf4"
"10208","BPIB1","Bpifb1"
"10209","PTC1","Ptch1"
"10210","ZN235","Znf235"
"10211","SHC3","Shc3"
"10212","GPR19","Gpr19"
"10213","NAB1","Nab1"
"10214","CLN3","Cln3"
"10215","BKRB1","Bdkrb1"
"10216","NAB2","Nab2"
"10217","CFAI","Cfi"
"10218","GSTT2","Gstt2"
"10219","PRP4B","Prpf4b"
"10220","ASTN1","Astn1"
"10221","PCSK7","Pcsk7"
"10222","BCAR1","Bcar1"
"10223","SPIN1","Spin1"
"10224","TRPC6","Trpc6"
"10225","PSN2","Psen2"
"10226","OCLN","Ocln"
"10227","CERU","Cp"
"10228","2A5E","Ppp2r5e"
"10229","PTN18","Ptpn18"
"10230","IOD1","Dio1"
"10231","FADD","Fadd"
"10232","M4K2","Map4k2"
"10233","CTCF","Ctcf"
"10234","SL9A1","Slc9a1"
"10235","MARE1","Mapre1"
"10236","LAPM5","Laptm5"
"10237","GATA6","Gata6"
"10238","PRDX2","Prdx2"
"10239","ARGI1","Arg1"
"10240","IRF9","Irf9"
"10241","SCNNA","Scnn1a"
"10242","PAPOA","Papola"
"10243","MTR1A","Mtnr1a"
"10244","TS101","Tsg101"
"10245","EZH2","Ezh2"
"10246","ICLN","Clns1a"
"10247","I10R2","Il10rb"
"10248","HCFC1","Hcfc1"
"10249","RGL2","Rgl2"
"10250","P3C2A","Pik3c2a"
"10251","NXPH2","Nxph2"
"10252","NXPH1","Nxph1"
"10253","PA1B3","Pafah1b3"
"10254","PA1B2","Pafah1b2"
"10255","SAP","Psap"
"10256","ARHG1","Arhgef1"
"10257","EIF2D","Eif2d"
"10258","NPY6R","Npy6r"
"10259","DYR1A","Dyrk1a"
"10260","MRE11","Mre11"
"10261","NELL2","Nell2"
"10262","HIF1A","Hif1a"
"10263","5HT1D","Htr1d"
"10264","PLSL","Lcp1"
"10265","SNTA1","Snta1"
"10266","SNTB2","Sntb2"
"10267","FNTA","Fnta"
"10268","TSSK1","Tssk1b"
"10269","COBA1","Col11a1"
"10270","A2AP","Serpinf2"
"10271","IGBP1","Igbp1"
"10272","SOAT1","Soat1"
"10273","APOC4","Apoc4"
"10274","ACV1B","Acvr1b"
"10275","PGCA","Acan"
"10276","ABCD2","Abcd2"
"10277","HTF4","Tcf12"
"10278","ACVL1","Acvrl1"
"10279","CAC1E","Cacna1e"
"10280","LAMB2","Lamb2"
"10281","CTNA2","Ctnna2"
"10282","AP2C","Tfap2c"
"10283","AP2B","Tfap2b"
"10284","APC","Apc"
"10285","HSP74","Hspa4"
"10286","SIX4","Six4"
"10287","ARNT2","Arnt2"
"10288","SC6A3","Slc6a3"
"10289","ZFHX3","Zfhx3"
"10290","CNTN2","Cntn2"
"10291","TNAP2","Tnfaip2"
"10292","BAP29","Bcap29"
"10293","BAP31","Bcap31"
"10294","BAD","Bad"
"10295","FOXD1","Foxd1"
"10296","PGCB","Bcan"
"10297","CH3L1","Chi3l1"
"10298","IFT88","Ift88"
"10299","TRAF4","Traf4"
"10300","COX7R","Cox7a2l"
"10301","TCPW","Cct6b"
"10302","NEP","Mme"
"10303","PCOC1","Pcolce"
"10304","CEAMA","Ceacam10"
"10305","Q61406","Cfhr1"
"10306","PDE3B","Pde3b"
"10307","KGP2","Prkg2"
"10308","RASH","Hras"
"10309","VSX2","Vsx2"
"10310","K1C15","Krt15"
"10311","CLCN4","Clcn4"
"10312","CMAH","Cmah"
"10313","S35A1","Slc35a1"
"10314","KCNA4","Kcna4"
"10315","HCDH","Hadh"
"10316","GP49A","Gp49a"
"10317","CD53","Cd53"
"10318","CCNA1","Ccna1"
"10319","CCNE1","Ccne1"
"10320","CCNH","Ccnh"
"10321","CY24A","Cyba"
"10322","ZN638","Znf638"
"10323","SMRD1","Smarcd1"
"10324","ZIC4","Zic4"
"10325","MSLN","Msln"
"10326","PLPP1","Plpp1"
"10327","CD37","Cd37"
"10328","TOB1","Tob1"
"10329","SOX17","Sox17"
"10330","MSI1H","Msi1"
"10331","DAF1","Cd55"
"10332","DAF2","Cd55b"
"10333","NBL1","Nbl1"
"10334","PDE1A","Pde1a"
"10335","DLL1","Dll1"
"10336","DHH","Dhh"
"10337","CD166","Alcam"
"10338","REV3L","Rev3l"
"10339","DSG1A","Dsg1a"
"10340","DDX4","Ddx4"
"10341","ITM2A","Itm2a"
"10342","E2F1","E2f1"
"10343","E2F5","E2f5"
"10344","5NTD","Nt5e"
"10345","ECM1","Ecm1"
"10346","TRI25","Trim25"
"10347","EREG","Ereg"
"10348","ERBB3","Erbb3"
"10349","ERBB4","Erbb4"
"10350","MK06","Mapk6"
"10351","ERR2","Esrrb"
"10352","STAR3","Stard3"
"10353","GSLG1","Glg1"
"10354","EWS","Ewsr1"
"10355","AP180","Snap91"
"10356","AGRE1","Adgre1"
"10357","RAD21","Rad21"
"10358","FSCN1","Fscn1"
"10359","FBN1","Fbn1"
"10360","FBN2","Fbn2"
"10361","FCGRN","Fcgrt"
"10362","FOXC1","Foxc1"
"10363","FOXS1","Foxs1"
"10364","FOXN1","Foxn1"
"10365","FKB10","Fkbp10"
"10366","ADRO","Fdxr"
"10367","IBP7","Igfbp7"
"10368","FXR1","Fxr1"
"10369","G0S2","G0s2"
"10370","GPAT1","Gpam"
"10371","GAS6","Gas6"
"10372","KTN1","Ktn1"
"10373","CRGC","Crygc"
"10374","GDIB","Gdi2"
"10375","GDIR2","Arhgdib"
"10376","GLI3","Gli3"
"10377","GLRA4","Glra4"
"10378","GLR","Gcgr"
"10379","S20A1","Slc20a1"
"10380","EDNRA","Ednra"
"10381","DRD1","Drd1"
"10382","AA3R","Adora3"
"10383","ZN148","Znf148"
"10384","GRID2","Grid2"
"10385","GRIK5","Grik5"
"10386","GRID1","Grid1"
"10387","Q61635","Ifi47"
"10388","PACN1","Pacsin1"
"10389","HAIR","Hr"
"10390","HPT","Hp"
"10391","HYAS1","Has1"
"10392","DD19A","Ddx19a"
"10393","DDX5","Ddx5"
"10394","HES3","Hes3"
"10395","HESX1","Hesx1"
"10396","FOXJ1","Foxj1"
"10397","TLX2","Tlx2"
"10398","HIRA","Hira"
"10399","HLX","Hlx"
"10400","S29A2","Slc29a2"
"10401","CBX5","Cbx5"
"10402","ATRX","Atrx"
"10403","3BHS5","Hsd3b5"
"10404","HS71A","Hspa1a"
"10405","HS105","Hsph1"
"10406","ELAV4","Elavl4"
"10407","ITIH1","Itih1"
"10408","ITIH2","Itih2"
"10409","ITIH3","Itih3"
"10410","SIAL","Ibsp"
"10411","DNJC1","Dnajc1"
"10412","IFNAB","Ifna11"
"10413","Q61718","Ifna15"
"10414","I10R1","Il10ra"
"10415","IL1AP","Il1rap"
"10416","RT31","Mrps31"
"10417","CD47","Cd47"
"10418","ITA7","Itga7"
"10419","ITA6","Itga6"
"10420","KCJ11","Kcnj11"
"10421","EI2BD","Eif2b4"
"10422","Z354A","Znf354a"
"10423","SERA","Phgdh"
"10424","K1B24","Klk1b24"
"10425","K1B21","Klk1b21"
"10426","KCNA5","Kcna5"
"10427","K1H1","Krt31"
"10428","3BHS4","Hsd3b4"
"10429","KINH","Kif5b"
"10430","KIF3B","Kif3b"
"10431","EPHA7","Epha7"
"10432","K1C14","Krt14"
"10433","LAMA3","Lama3"
"10434","LAG3","Lag3"
"10435","LASP1","Lasp1"
"10436","LBP","Lbp"
"10437","XL3C","Xlr3c"
"10438","LRRN1","Lrrn1"
"10439","LTBP3","Ltbp3"
"10440","CREB3","Creb3"
"10441","RAI1","Rai1"
"10442","RANT","Rasl2-9"
"10443","PDCD4","Pdcd4"
"10444","ADA12","Adam12"
"10445","MADCA","Madcam1"
"10446","MAFK","Mafk"
"10447","MRC1","Mrc1"
"10448","MK10","Mapk10"
"10449","FXYD3","Fxyd3"
"10450","PZP","Pzp"
"10451","ANFC","Nppc"
"10452","MEIG1","Meig1"
"10453","MELK","Melk"
"10454","MEP1B","Mep1b"
"10455","FOXC2","Foxc2"
"10456","FGFR3","Fgfr3"
"10457","GPAN1","Gpank1"
"10458","MIA","Mia"
"10459","PRG2","Prg2"
"10460","MYH10","Myh10"
"10461","DMC1","Dmc1"
"10462","MCM7","Mcm7"
"10463","MNS1","Mns1"
"10464","MOG","Mog"
"10465","KT33B","Krt33b"
"10466","SMR3A","Smr3a"
"10467","PEMT","Pemt"
"10468","CMC4","Cmc4"
"10469","MTG8","Runx1t1"
"10470","KCNA6","Kcna6"
"10471","NPM","Npm1"
"10472","NNTM","Nnt"
"10473","KLK8","Klk8"
"10474","ZFP90","Zfp90"
"10475","NNAT","Nnat"
"10476","NOTC3","Notch3"
"10477","NPT1","Slc17a1"
"10478","NF2L1","Nfe2l1"
"10479","PCBP2","Pcbp2"
"10480","ODFP1","Odf1"
"10481","MIME","Ogn"
"10482","ZP1","Zp1"
"10483","Q62007","Olfr16"
"10484","POSTN","Postn"
"10485","OVGP1","Ovgp1"
"10486","PDPN","Pdpn"
"10487","Q62012","Gm15085"
"10488","CTR9","Ctr9"
"10489","PLA2R","Pla2r1"
"10490","Q62029","Pabpc2"
"10491","PTAFR","Ptafr"
"10492","CP131","Cep131"
"10493","PEA15","Pea15"
"10494","P","Oca2"
"10495","PE2R2","Ptger2"
"10496","Q62056","Psg17"
"10497","CSPG2","Vcan"
"10498","PHX2A","Phox2a"
"10499","PIM2","Pim2"
"10500","M3K7","Map3k7"
"10501","KPCI","Prkci"
"10502","PLCG1","Plcg1"
"10503","MYL10","Myl10"
"10504","PICK1","Pick1"
"10505","PP14B","Ppp1r14b"
"10506","PON2","Pon2"
"10507","PON3","Pon3"
"10508","NSG1","Nsg1"
"10509","SRSF2","Srsf2"
"10510","DDX3Y","Ddx3y"
"10511","PRM3","Prm3"
"10512","KPCD1","Prkd1"
"10513","DLG4","Dlg4"
"10514","JAK2","Jak2"
"10515","PTN14","Ptpn14"
"10516","PTPRR","Ptprr"
"10517","PTN21","Ptpn21"
"10518","JAK3","Jak3"
"10519","SIN3B","Sin3b"
"10520","SSPN","Sspn"
"10521","AL1A2","Aldh1a2"
"10522","RAGE","Ager"
"10523","TRI27","Trim27"
"10524","RHOC","Rhoc"
"10525","GDIR3","Arhgdig"
"10526","DAG1","Dag1"
"10527","DDX3X","Ddx3x"
"10528","K1H2","Krt32"
"10529","SELPL","Selplg"
"10530","RBP1","Ralbp1"
"10531","RBM38","Rbm38"
"10532","SEM3B","Sema3b"
"10533","SEM4A","Sema4a"
"10534","SEM4B","Sema4b"
"10535","SEM3C","Sema3c"
"10536","SSRD","Ssr4"
"10537","TTF1","Ttf1"
"10538","DPYL3","Dpysl3"
"10539","SNRPA","Snrpa"
"10540","RON","Mst1r"
"10541","RO52","Trim21"
"10542","CD180","Cd180"
"10543","RFA2","Rpa2"
"10544","SF3A2","Sf3a2"
"10545","SCN9A","Scn9a"
"10546","SYCP1","Sycp1"
"10547","BIRC2","Birc2"
"10548","SEM5A","Sema5a"
"10549","TGFI1","Tgfb1i1"
"10550","KRA54","Krtap5-4"
"10551","CISH","Cish"
"10552","SHH","Shh"
"10553","NR0B2","Nr0b2"
"10554","SN","Siglec1"
"10555","SIX1","Six1"
"10556","SIX2","Six2"
"10557","SIX3","Six3"
"10558","MYOM1","Myom1"
"10559","KDM5D","Kdm5d"
"10560","RU1C","Snrpc"
"10561","SOS1","Sos1"
"10562","SOX16","Sox16"
"10563","SOX19","Sox19"
"10564","SP17","Spa17"
"10565","SALL3","Sall3"
"10566","SPTB2","Sptbn1"
"10567","THRSP","Thrsp"
"10568","SPR1A","Sprr1a"
"10569","SPR1B","Sprr1b"
"10570","SRMS","Srms"
"10571","S26A2","Slc26a2"
"10572","MED22","Med22"
"10573","SYPH","Syp"
"10574","SSXT","Ss18"
"10575","TAL2","Tal2"
"10576","TSN7","Tspan7"
"10577","TICN1","Spock1"
"10578","TGTP1","Tgtp1"
"10579","TEAD4","Tead4"
"10580","TX261","Tex261"
"10581","TAF6","Taf6"
"10582","TGFR2","Tgfbr2"
"10583","TGON1","Tgoln1"
"10584","TGON2","Tgoln2"
"10585","JARD2","Jarid2"
"10586","TIF1B","Trim28"
"10587","TSN","Tsn"
"10588","TFR1","Tfrc"
"10589","FSTL1","Fstl1"
"10590","TRH","Trh"
"10591","DDR2","Ddr2"
"10592","RU17","Snrnp70"
"10593","U2AFM","Zrsr2"
"10594","TLL1","Tll1"
"10595","SPT6H","Supt6h"
"10596","ZPR1","Zpr1"
"10597","IL17","Il17a"
"10598","ATM","Atm"
"10599","PHLA1","Phlda1"
"10600","TPD52","Tpd52"
"10601","ZN185","Znf185"
"10602","TFF3","Tff3"
"10603","ZFP92","Zfp92"
"10604","CNGA2","Cnga2"
"10605","CCL12","Ccl12"
"10606","IRAK1","Irak1"
"10607","SPEG","Speg"
"10608","EPHA6","Epha6"
"10609","NDF2","Neurod2"
"10610","ASPP1","Ppp1r13b"
"10611","SRBS1","Sorbs1"
"10612","DBNL","Dbnl"
"10613","SH3G1","Sh3gl1"
"10614","SH3G2","Sh3gl2"
"10615","SH3G3","Sh3gl3"
"10616","OSTF1","Ostf1"
"10617","HXA13","Hoxa13"
"10618","NDUA4","Ndufa4"
"10619","CYTB","Cstb"
"10620","ARI3A","Arid3a"
"10621","SMAD2","Smad2"
"10622","NDRG1","Ndrg1"
"10623","TLE1","Tle1"
"10624","TLE4","Tle4"
"10625","VAMP1","Vamp1"
"10626","NPTX1","Nptx1"
"10627","SP4","Sp4"
"10628","FKBP3","Fkbp3"
"10629","CCNC","Ccnc"
"10630","IF4G2","Eif4g2"
"10631","UD19","Ugt1a9"
"10632","Q62457","Gm20917"
"10633","Q62458","Gm21344"
"10634","Q62460","Gm20865"
"10635","Q62461","Gm20854"
"10636","V1AR","Avpr1a"
"10637","VAT1","Vat1"
"10638","VILI","Vil1"
"10639","ITA2","Itga2"
"10640","ITA3","Itga3"
"10641","VNS1","Lcn3"
"10642","VNS2","Lcn4"
"10643","Q62478","Gm14632"
"10644","VPS72","Vps72"
"10645","MINT","Spen"
"10646","COCH","Coch"
"10647","ZFP91","Zfp91"
"10648","ZN260","Znf260"
"10649","ZIC2","Zic2"
"10650","ZIC3","Zic3"
"10651","ZPBP1","Zpbp"
"10652","ZYX","Zyx"
"10653","BT1A1","Btn1a1"
"10654","IFT52","Ift52"
"10655","TP4A1","Ptp4a1"
"10656","A1AG3","Orm3"
"10657","CANB1","Ppp3r1"
"10658","CANB2","Ppp3r2"
"10659","COMD3","Commd3"
"10660","SBP2","Selenbp2"
"10661","MK03","Mapk3"
"10662","NUP62","Nup62"
"10663","CO7A1","Col7a1"
"10664","RPAB4","Polr2k"
"10665","EST3A","Ces3a"
"10666","UD11","Ugt1a1"
"10667","OMGP","Omg"
"10668","CAVN2","Cavin2"
"10669","MP2K2","Map2k2"
"10670","PO4F2","Pou4f2"
"10671","MEF2D","Mef2d"
"10672","Q63953","Ifngr2"
"10673","PO4F3","Pou4f3"
"10674","KCNC3","Kcnc3"
"10675","EGLN","Eng"
"10676","CD33","Cd33"
"10677","INSM1","Insm1"
"10678","Q63ZW6","Col4a5"
"10679","INADL","Patj"
"10680","RAB34","Rab34"
"10681","CRK","Crk"
"10682","RALY","Raly"
"10683","DFA17","Defa17"
"10684","GLRA1","Glra1"
"10685","PHC1","Phc1"
"10686","TFE3","Tfe3"
"10687","MCF2L","Mcf2l"
"10688","CCPG1","Ccpg1"
"10689","CCD18","Ccdc18"
"10690","UT14A","Utp14a"
"10691","GDPD5","Gdpd5"
"10692","AEBP1","Aebp1"
"10693","AR13B","Arl13b"
"10694","RHG30","Arhgap30"
"10695","Q640N4","Zfp248"
"10696","ANGL1","Angptl1"
"10697","GL8D2","Glt8d2"
"10698","TBCC1","Tbccd1"
"10699","PAN3","Pan3"
"10700","HECAM","Hepacam"
"10701","NR2E1","Nr2e1"
"10702","SPRE","Spr"
"10703","IFIT2","Ifit2"
"10704","SCX","Scx"
"10705","TIF1A","Trim24"
"10706","RUNX3","Runx3"
"10707","AOFA","Maoa"
"10708","P55G","Pik3r3"
"10709","SEM4C","Sema4c"
"10710","BTF3","Btf3"
"10711","TFDP2","Tfdp2"
"10712","EST1E","Ces1e"
"10713","ASPG","Aga"
"10714","CBPC1","Agtpbp1"
"10715","NUAK1","Nuak1"
"10716","ARP3B","Actr3b"
"10717","DLX3","Dlx3"
"10718","SF01","Sf1"
"10719","HEN2","Nhlh2"
"10720","DOPO","Dbh"
"10721","NR6A1","Nr6a1"
"10722","LY6E","Ly6e"
"10723","CDK6","Cdk6"
"10724","DAR10","Defa-rs10"
"10725","5HT1A","Htr1a"
"10726","XPA","Xpa"
"10727","BST1","Bst1"
"10728","HAND1","Hand1"
"10729","LFTY1","Lefty1"
"10730","LIRB4","Lilrb4"
"10731","IFIT1","Ifit1"
"10732","CEL","Cel"
"10733","IRF4","Irf4"
"10734","OMP","Omp"
"10735","K1C12","Krt12"
"10736","CCN3","Ccn3"
"10737","T4S1","Tm4sf1"
"10738","SURF4","Surf4"
"10739","NTAN1","Ntan1"
"10740","CD34","Cd34"
"10741","DLX1","Dlx1"
"10742","ZEB1","Zeb1"
"10743","ZBT7B","Zbtb7b"
"10744","NPDC1","Npdc1"
"10745","PIGA","Piga"
"10746","STXB2","Stxbp2"
"10747","ACTHR","Mc2r"
"10748","MEA1","Mea1"
"10749","KLRA3","Klra3"
"10750","MYO6","Myo6"
"10751","SYN2","Syn2"
"10752","TBR1","Tbr1"
"10753","SQSTM","Sqstm1"
"10754","PDE1C","Pde1c"
"10755","ISG15","Isg15"
"10756","ABCG1","Abcg1"
"10757","IFIT3","Ifit3"
"10758","CLCN1","Clcn1"
"10759","EFS","Efs"
"10760","SVS6","Svs6"
"10761","AKTIP","Aktip"
"10762","ARF","Cdkn2a"
"10763","DAZL","Dazl"
"10764","B2CL1","Bcl2l1"
"10765","RGN","Rgn"
"10766","FKBP5","Fkbp5"
"10767","I11RA","Il11ra1"
"10768","PNOC","Pnoc"
"10769","CD52","Cd52"
"10770","CP1B1","Cyp1b1"
"10771","ATP7A","Atp7a"
"10772","CH10","Hspe1"
"10773","PTK6","Ptk6"
"10774","UD16","Ugt1a6"
"10775","ATP4A","Atp4a"
"10776","ADH7","Adh7"
"10777","ANG2","Ang2"
"10778","CP24A","Cyp24a1"
"10779","DHSO","Sord"
"10780","CAH4","Ca4"
"10781","COX8A","Cox8a"
"10782","ATP7B","Atp7b"
"10783","CXA3","Gja3"
"10784","MRC2","Mrc2"
"10785","PTPRJ","Ptprj"
"10786","CP2CT","Cyp2c29"
"10787","CP3AB","Cyp3a11"
"10788","CP4B1","Cyp4b1"
"10789","CP3AD","Cyp3a13"
"10790","G3PT","Gapdhs"
"10791","GSTT1","Gstt1"
"10792","H2B1B","H2bc3"
"10793","H2B1H","H2bc9"
"10794","CP3AG","Cyp3a16"
"10795","PTPRD","Ptprd"
"10796","CP7A1","Cyp7a1"
"10797","KRA51","Krtap5-1"
"10798","TOP2B","Top2b"
"10799","PTN13","Ptpn13"
"10800","TPP2","Tpp2"
"10801","GLPK","Gk"
"10802","AT2A3","Atp2a3"
"10803","SDC3","Sdc3"
"10804","KGUA","Guk1"
"10805","GPDM","Gpd2"
"10806","H2A2B","H2ac21"
"10807","H2A2C","H2ac20"
"10808","H2B2E","H2bc21"
"10809","H2B2B","Hist2h2bb"
"10810","Q64526","Krtap9-1"
"10811","WNT8A","Wnt8a"
"10812","NQO1","Nqo1"
"10813","SPEE","Srm"
"10814","CGT","Ugt8"
"10815","SIAT1","St6gal1"
"10816","SIA8A","St8sia1"
"10817","SIA8C","St8sia3"
"10818","CAN3","Capn3"
"10819","SIA8D","St8sia4"
"10820","OBF1","Pou2af1"
"10821","EPCR","Procr"
"10822","PTCA","Ptprcap"
"10823","RBL2","Rbl2"
"10824","RBL1","Rbl1"
"10825","PLK4","Plk4"
"10826","STX3","Stx3"
"10827","USF2","Usf2"
"10828","U2AFL","Zrsr1"
"10829","ZA2G","Azgp1"
"10830","VINC","Vcl"
"10831","TGFR1","Tgfbr1"
"10832","FOXL1","Foxl1"
"10833","FOXB1","Foxb1"
"10834","FOXB2","Foxb2"
"10835","CR1L","Cr1l"
"10836","PUR2","Gart"
"10837","COBA2","Col11a2"
"10838","RETST","Retsat"
"10839","AN32C","Anp32c"
"10840","PA24C","Pla2g4c"
"10841","SP9","Sp9"
"10842","CTNA3","Ctnna3"
"10843","WAPL","Wapl"
"10844","YPEL4","Ypel4"
"10845","YPEL2","Ypel2"
"10846","PTPM1","Ptpmt1"
"10847","KNL1","Knl1"
"10848","EI3JB","Eif3j2"
"10849","WEE2","Wee2"
"10850","LRC8E","Lrrc8e"
"10851","TPGS2","Tpgs2"
"10852","COQ2","Coq2"
"10853","R12BB","Rbm12b2"
"10854","CH058","MGI:2145726"
"10855","TOX","Tox"
"10856","CEP43","Cep43"
"10857","IN80D","Ino80d"
"10858","ARG39","Arhgef39"
"10859","Q66JY9","BC080695"
"10860","TCAIM","TCAIM"
"10861","CILP1","Cilp"
"10862","M3K10","Map3k10"
"10863","CBARP","Cbarp"
"10864","F170A","Fam170a"
"10865","SCUB3","Scube3"
"10866","PKHG5","Plekhg5"
"10867","Q66VB7","Gm1553"
"10868","NLR9C","Nlrp9c"
"10869","NLR9A","Nlrp9a"
"10870","NAL4F","Nlrp4f"
"10871","NAL4E","Nlrp4e"
"10872","NLR9B","Nlrp9b"
"10873","NOX3","Nox3"
"10874","TUSC1","Tusc1"
"10875","HS3S2","Hs3st2"
"10876","Q673W2","Kir3dl2"
"10877","A4GAT","A4galt"
"10878","S13A5","Slc13a5"
"10879","Q67DU8","Clec4b2"
"10880","BPI","Bpi"
"10881","BCL9L","Bcl9l"
"10882","FREM1","Frem1"
"10883","SBNO1","Sbno1"
"10884","GRM7","Grm7"
"10885","PAPD5","Tent4b"
"10886","CRTC1","Crtc1"
"10887","RAB3I","Rab3ip"
"10888","GRM4","Grm4"
"10889","BEGIN","Begain"
"10890","RPGFL","Rapgefl1"
"10891","CLH1","Cltc"
"10892","FNIP1","Fnip1"
"10893","K1549","Kiaa1549"
"10894","ATG9A","Atg9a"
"10895","RIPR1","Ripor1"
"10896","T151B","Tmem151b"
"10897","Z280D","Znf280d"
"10898","TSH2","Tshz2"
"10899","K1841","Kiaa1841"
"10900","GIT1","Git1"
"10901","SLAI1","Slain1"
"10902","S5A1","Srd5a1"
"10903","ZC4H2","Zc4h2"
"10904","Q68FG2","Sptbn2"
"10905","SPT2","Spty2d1"
"10906","PKP4","Pkp4"
"10907","GALK2","Galk2"
"10908","SAHH3","Ahcyl2"
"10909","SYMC","Mars1"
"10910","PPR29","Elfn2"
"10911","Q68FM7","Arhgef11"
"10912","APEX2","Apex2"
"10913","ATS7","Adamts7"
"10914","FCRL5","Fcrl5"
"10915","TTC41","Ttc41"
"10916","TXND8","Txndc8"
"10917","DYH17","Dnah17"
"10918","CNTN4","Cntn4"
"10919","ATS16","Adamts16"
"10920","MEX3B","Mex3b"
"10921","SAM9L","Samd9l"
"10922","PEAK1","Peak1"
"10923","PWP2A","Pwwp2a"
"10924","MYSM1","Mysm1"
"10925","ESCO1","Esco1"
"10926","RADIL","Radil"
"10927","BRSK2","Brsk2"
"10928","ZN512","Znf512"
"10929","CDK13","Cdk13"
"10930","LRCC1","Lrrcc1"
"10931","TSYL5","Tspyl5"
"10932","ZCHC2","Zcchc2"
"10933","GPAM1","Gpalpp1"
"10934","GBA2","Gba2"
"10935","CNNM4","Cnnm4"
"10936","MSL2","Msl2"
"10937","RHG23","Arhgap23"
"10938","SH3R1","Sh3rf1"
"10939","RIC1","Ric1"
"10940","PREX1","Prex1"
"10941","KLH14","Klhl14"
"10942","JHD2C","Jmjd1c"
"10943","F214A","Fam214a"
"10944","NLGN2","Nlgn2"
"10945","FGD6","Fgd6"
"10946","STK36","Stk36"
"10947","GNPTA","Gnptab"
"10948","MYOF","Myof"
"10949","PNKD","Pnkd"
"10950","MYORG","Myorg"
"10951","ISY1","Isy1"
"10952","HECD1","Hectd1"
"10953","TASOR","Tasor"
"10954","PZRN3","Pdzrn3"
"10955","SV2C","Sv2c"
"10956","HBS1L","Hbs1l"
"10957","KAZRN","Kazn"
"10958","FAN1","Fan1"
"10959","TBC30","Tbc1d30"
"10960","THS7A","Thsd7a"
"10961","ANKR6","Ankrd6"
"10962","EHBP1","Ehbp1"
"10963","MOR2A","Morc2a"
"10964","ABLM3","Ablim3"
"10965","TMCC1","Tmcc1"
"10966","K0754","Kiaa0754"
"10967","MOONR","Kiaa0753"
"10968","LTN1","Ltn1"
"10969","PPR26","Ppp1r26"
"10970","PDS5A","Pds5a"
"10971","SWP70","Swap70"
"10972","N4BP1","N4bp1"
"10973","TBC12","Tbc1d12"
"10974","F1891","Fam189a1"
"10975","ATRN1","Atrnl1"
"10976","ARMX2","Armcx2"
"10977","CE170","Cep170"
"10978","CDC5L","Cdc5l"
"10979","TGRM1","Togaram1"
"10980","CE290","Cep290"
"10981","ZN629","Znf629"
"10982","SBP2L","Secisbp2l"
"10983","LAR4B","Larp4b"
"10984","F120A","FAM120A"
"10985","RFTN1","Rftn1"
"10986","CP4X1","Cyp4x1"
"10987","UBP7","Usp7"
"10988","S22AD","Slc22a13"
"10989","EST5A","Ces5a"
"10990","CGNL1","Cgnl1"
"10991","DDX11","Ddx11"
"10992","SIDT1","Sidt1"
"10993","Q6AXF8","Hmgxb3"
"10994","BOC","Boc"
"10995","NAL14","Nlrp14"
"10996","IGFL","Igfl"
"10997","PRAM","Pram1"
"10998","Q6DD96","Pcdhga7"
"10999","Q6DFU8","Zfp948"
"11000","CNDG2","Ncapg2"
"11001","RHG21","Arhgap21"
"11002","HELZ","Helz"
"11003","FN3C1","Fndc3c1"
"11004","NCOA7","Ncoa7"
"11005","VWDE","Vwde"
"11006","CI072","MGI:1920455"
"11007","NOP58","Nop58"
"11008","Q6DFW5","Atp11b"
"11009","ANTR2","Antxr2"
"11010","BRNP2","Brinp2"
"11011","Q6DFZ1","Gbf1"
"11012","CHUR","Churc1"
"11013","FAKD1","Fastkd1"
"11014","ZSWM9","Zswim9"
"11015","EX3L4","Exoc3l4"
"11016","CS057","MGI:1921916"
"11017","FBX27","Fbxo27"
"11018","NOL4L","Nol4l"
"11019","MEG10","Megf10"
"11020","SMCA2","Smarca2"
"11021","Q6DIC6","Tro"
"11022","SCAF8","Scaf8"
"11023","PWP3A","Pwwp3a"
"11024","WLS","Wls"
"11025","F264","Pfkfb4"
"11026","LEMD2","Lemd2"
"11027","ENPP3","Enpp3"
"11028","AWAT2","Awat2"
"11029","IL31","Il31"
"11030","ATG9B","Atg9b"
"11031","CARL1","Carmil1"
"11032","UT14B","Utp14b"
"11033","AGRG6","Adgrg6"
"11034","TM158","Tmem158"
"11035","ZN329","Znf329"
"11036","SCMC3","Slc25a23"
"11037","CC14A","Cdc14a"
"11038","A2MG","A2m"
"11039","T151A","Tmem151a"
"11040","SCAP","Scap"
"11041","NOMO1","Nomo1"
"11042","CC070","MGI:1919440"
"11043","KLH23","Klhl23"
"11044","LIGO3","Lingo3"
"11045","TEDC2","Tedc2"
"11046","INY2B","Insyn2b"
"11047","EDRF1","Edrf1"
"11048","BTBDB","Btbd11"
"11049","NCK5L","Nckap5l"
"11050","ANKS6","Anks6"
"11051","H2A2A","Hist2h2aa1"
"11052","ISLR","Islr"
"11053","EGFL8","Egfl8"
"11054","KDSR","Kdsr"
"11055","RGPA1","Ralgapa1"
"11056","BEST3","Best3"
"11057","ASTL","Astl"
"11058","HECW2","Hecw2"
"11059","OTU6A","Otud6a"
"11060","EPHX4","Ephx4"
"11061","Q6IE28","Csta3"
"11062","ISK7","Spink7"
"11063","JADE3","Jade3"
"11064","T132E","Tmem132e"
"11065","RHG20","Arhgap20"
"11066","K1C42","Krt42"
"11067","K1C40","Krt40"
"11068","K1C39","Krt39"
"11069","K2C1B","Krt77"
"11070","Q6IFZ8","Gm5414"
"11071","K2C74","Krt74"
"11072","RSLBA","Rasl11a"
"11073","Q6IMB2","Arl9"
"11074","K2C72","Krt72"
"11075","KRT87","Krt87"
"11076","TEPP","Tepp"
"11077","Q6IMH6","Adam26b"
"11078","Q6IMH7","Adam6b"
"11079","Q6IMK7","Doxl2"
"11080","PANX2","Panx2"
"11081","CHSS2","Chpf"
"11082","ZN219","Znf219"
"11083","CEP70","Cep70"
"11084","GPSM1","Gpsm1"
"11085","ZDH24","Zdhhc24"
"11086","C1QT6","C1qtnf6"
"11087","ZCPW1","Zcwpw1"
"11088","PARI","Parpbp"
"11089","TPM4","Tpm4"
"11090","CLCB","Cltb"
"11091","CEP78","Cep78"
"11092","S2547","Slc25a47"
"11093","SOLH1","Sohlh1"
"11094","OXGR1","Oxgr1"
"11095","UTF1","Utf1"
"11096","CAN11","Capn11"
"11097","STYK1","Styk1"
"11098","SMGC","Muc19"
"11099","MD13L","Med13l"
"11100","LCN12","Lcn12"
"11101","GGNB1","Ggnbp1"
"11102","ZZZ3","Zzz3"
"11103","EXOC3","Exoc3"
"11104","ZN521","Znf521"
"11105","MB12B","Mvb12b"
"11106","PKHG2","Plekhg2"
"11107","A16L2","Atg16l2"
"11108","NIPBL","Nipbl"
"11109","B4GN3","B4galnt3"
"11110","CCD66","Ccdc66"
"11111","RRP5","Pdcd11"
"11112","DGKB","Dgkb"
"11113","MABP1","Mapkbp1"
"11114","F135A","Fam135a"
"11115","FBX41","Fbxo41"
"11116","GPR17","Gpr17"
"11117","AMER3","Amer3"
"11118","RETR2","Retreg2"
"11119","ZN366","Znf366"
"11120","Q6NSQ5","Sp140"
"11121","LTV1","Ltv1"
"11122","G6PC3","G6pc3"
"11123","ADCK2","Adck2"
"11124","PEPL1","Npepl1"
"11125","Q6NSU2","2810408A11Rik"
"11126","GL8D1","Glt8d1"
"11127","F149B","Fam149b1"
"11128","SPKAP","Sphkap"
"11129","DUS23","Dusp23"
"11130","RRAGB","Rragb"
"11131","ZN646","Zfp646"
"11132","WDCP","Wdcp"
"11133","SR140","U2surp"
"11134","Q6NV99","Haus6"
"11135","FREM2","Frem2"
"11136","Q6NVD6","Zfp975"
"11137","BFSP2","Bfsp2"
"11138","SPI2C","Spin2c"
"11139","WDR44","Wdr44"
"11140","PPTC7","Pptc7"
"11141","OCRL","Ocrl"
"11142","HELB","Helb"
"11143","CPSF6","Cpsf6"
"11144","LPCT4","Lpcat4"
"11145","MREG","Mreg"
"11146","GT252","Colgalt2"
"11147","Q6NVH0","Tvp23a"
"11148","IF122","Ift122"
"11149","KIF24","Kif24"
"11150","FND3B","Fndc3b"
"11151","MANEA","Manea"
"11152","GPBP1","Gpbp1"
"11153","MET25","Mettl25"
"11154","K2C73","Krt73"
"11155","RPRD2","Rprd2"
"11156","CXXC4","Cxxc4"
"11157","WWC2","Wwc2"
"11158","ZN532","Znf532"
"11159","DUS11","Dusp11"
"11160","DPP10","Dpp10"
"11161","ASIC1","Asic1"
"11162","Q6NXK9","Man1c1"
"11163","Q6NXL1","Sec24d"
"11164","Q6NXL5","Acap3"
"11165","SENP5","Senp5"
"11166","RCBT1","Rcbtb1"
"11167","TM130","Tmem130"
"11168","Q6NXM6","Zfp663"
"11169","SZRD1","Szrd1"
"11170","RAD17","Rad17"
"11171","TBC31","Tbc1d31"
"11172","RPC7","Polr3g"
"11173","KRBA1","Krba1"
"11174","TSG10","Tsga10"
"11175","TAF9B","Taf9b"
"11176","DNJC8","Dnajc8"
"11177","ANM6","Prmt6"
"11178","S23IP","Sec23ip"
"11179","F122B","Fam122b"
"11180","ZC11A","Zc3h11a"
"11181","DDIAS","Ddias"
"11182","Q6NZH9","Rasgrp3"
"11183","Q6NZI9","Zfp180"
"11184","Q6NZJ3","Zfp870"
"11185","IF4G1","Eif4g1"
"11186","K1328","Kiaa1328"
"11187","PTPC1","Ptpdc1"
"11188","SOGA3","Soga3"
"11189","Q6NZL1","Dhx37"
"11190","TONSL","Tonsl"
"11191","SCUB1","Scube1"
"11192","HDAC4","Hdac4"
"11193","RBM26","Rbm26"
"11194","PPRC1","Pprc1"
"11195","ZRAB3","Zranb3"
"11196","GPBL1","Gpbp1l1"
"11197","Q6NZP4","Zfp943"
"11198","CC189","Ccdc189"
"11199","DDX31","Ddx31"
"11200","PAXI1","Paxip1"
"11201","ZN740","Znf740"
"11202","MARH1","Marchf1"
"11203","MSD2","Msantd2"
"11204","Q6NZR5","Skiv2l"
"11205","ARL5C","Arl5c"
"11206","SORCN","Sri"
"11207","UB2J2","Ube2j2"
"11208","ZN511","Znf511"
"11209","XPP1","Xpnpep1"
"11210","PIANP","Pianp"
"11211","IPPK","Ippk"
"11212","LRIG3","Lrig3"
"11213","SE6L1","Sez6l"
"11214","SLX4","Slx4"
"11215","ZMIZ1","Zmiz1"
"11216","PRIPO","Primpol"
"11217","EFCB6","Efcab6"
"11218","2ABA","Ppp2r2a"
"11219","HEAT6","Heatr6"
"11220","KDM2B","Kdm2b"
"11221","F167A","Fam167a"
"11222","CYAC3","Cyb561a3"
"11223","ANKL2","Ankle2"
"11224","CL066","MGI:2670984"
"11225","PSD2","Psd2"
"11226","MANEL","Maneal"
"11227","RTL3","Rtl3"
"11228","INP4B","Inpp4b"
"11229","PED1A","Pced1a"
"11230","XL3B","Xlr3b"
"11231","DMKN","Dmkn"
"11232","TNPO3","Tnpo3"
"11233","CF20D","CFAP20DC"
"11234","P4R3A","Ppp4r3a"
"11235","NSD3","Nsd3"
"11236","GOLM2","Golm2"
"11237","STMD1","Stmnd1"
"11238","Q6P3A2","Frg2f1"
"11239","VSIG8","Vsig8"
"11240","ODBB","Bckdhb"
"11241","ARL11","Arl11"
"11242","UBAD1","Ubald1"
"11243","RBFA","Rbfa"
"11244","NUD16","Nudt16"
"11245","SPIC","Spic"
"11246","HDA10","Hdac10"
"11247","Z280C","Znf280c"
"11248","PONL1","Podnl1"
"11249","THAP4","Thap4"
"11250","SPA3A","Serpina3a"
"11251","SIK3","Sik3"
"11252","INT1","Ints1"
"11253","ATG2A","Atg2a"
"11254","SNX19","Snx19"
"11255","U520","Snrnp200"
"11256","THS7B","Thsd7b"
"11257","F222B","Fam222b"
"11258","ABCF1","Abcf1"
"11259","SHIP2","Inppl1"
"11260","ZN182","Znf182"
"11261","LIX1","Lix1"
"11262","RRP12","Rrp12"
"11263","SMUG1","Smug1"
"11264","ZN728","Znf728"
"11265","DHX57","Dhx57"
"11266","CP135","Cep135"
"11267","SMHD1","Smchd1"
"11268","UGGG1","Uggt1"
"11269","GGA2","Gga2"
"11270","DGKQ","Dgkq"
"11271","S39AA","Slc39a10"
"11272","TTYH3","Ttyh3"
"11273","XPO1","Xpo1"
"11274","MK04","Mapk4"
"11275","MBTD1","Mbtd1"
"11276","UBXN7","Ubxn7"
"11277","NEST","Nes"
"11278","FRMD5","Frmd5"
"11279","NWD2","Nwd2"
"11280","CC148","Ccdc148"
"11281","GRL1A","Polr2m"
"11282","ADAT2","Adat2"
"11283","ALKB2","Alkbh2"
"11284","TXD15","Txndc15"
"11285","FIL1L","Filip1l"
"11286","Q6P6L6","Gemin4"
"11287","PX11C","Pex11g"
"11288","SPCS","Sepsecs"
"11289","SPRE3","Spred3"
"11290","PARP6","Parp6"
"11291","MPP4","Mpp4"
"11292","SENP6","Senp6"
"11293","SHKB1","Shkbp1"
"11294","SEN2","Tsen2"
"11295","ORAI3","Orai3"
"11296","ALG8","Alg8"
"11297","Q6P8I2","BC061237"
"11298","PCNP","Pcnp"
"11299","COX11","Cox11"
"11300","SAT2","Sat2"
"11301","KCRS","Ckmt2"
"11302","Q6P8K3","BC061212"
"11303","CBPA4","Cpa4"
"11304","TATD1","Tatdn1"
"11305","Q6P8N9","Cyp2d40"
"11306","Q6P8Q0","Gm3776"
"11307","LIPP","Pnlip"
"11308","HMGB4","Hmgb4"
"11309","SNX6","Snx6"
"11310","UBP50","Usp50"
"11311","FLTOP","Cfap126"
"11312","CF161","Cfap161"
"11313","CAPSL","Capsl"
"11314","Q6P8Y2","Iqcf4"
"11315","SNX31","Snx31"
"11316","MYCB","Mycb"
"11317","TXND2","Txndc2"
"11318","Q6P924","Cypt2"
"11319","Q6P925","Cypt4"
"11320","SPA24","Spata24"
"11321","KANK4","Kank4"
"11322","ANO6","Ano6"
"11323","CSKI1","Caskin1"
"11324","NRX3A","Nrxn3"
"11325","UBP49","Usp49"
"11326","KIF15","Kif15"
"11327","HYCCI","Fam126a"
"11328","Q6P9N8","Trak2"
"11329","SLF2","Slf2"
"11330","KIF11","Kif11"
"11331","DEN2C","Dennd2c"
"11332","FHOD1","Fhod1"
"11333","FKB15","Fkbp15"
"11334","DDX51","Ddx51"
"11335","OXSR1","Oxsr1"
"11336","ARHGI","Arhgef18"
"11337","MTSS2","Mtss2"
"11338","ATMIN","Atmin"
"11339","GLT10","Galnt10"
"11340","ZFP82","Zfp82"
"11341","SMRD3","Smarcd3"
"11342","ATLA2","Atl2"
"11343","DCA13","Dcaf13"
"11344","PCARE","Pcare"
"11345","Q6PAI4","Lce3f"
"11346","Q6PAI5","Crct1"
"11347","BCR","Bcr"
"11348","GARE2","Garem2"
"11349","ANM8","Prmt8"
"11350","BEND3","Bend3"
"11351","DRAXI","Draxin"
"11352","AHDC1","Ahdc1"
"11353","DEN5A","Dennd5a"
"11354","AAKB2","Prkab2"
"11355","TXLNA","Txlna"
"11356","PRR18","Prr18"
"11357","REXO4","Rexo4"
"11358","TMG3","Prrg3"
"11359","KLD10","Klhdc10"
"11360","GAPD1","Gapvd1"
"11361","ADAT3","Adat3"
"11362","HERC4","Herc4"
"11363","PTN23","Ptpn23"
"11364","CC117","Ccdc117"
"11365","BHLH9","Bhlhb9"
"11366","LPPRC","Lrpprc"
"11367","ANO8","Ano8"
"11368","PAPD7","Tent4a"
"11369","PCDBE","Pcdhb14"
"11370","GALT2","Galnt2"
"11371","FXL19","Fbxl19"
"11372","PAPOG","Papolg"
"11373","KDM3A","Kdm3a"
"11374","INT6","Ints6"
"11375","Q6PCM4","Zfp157"
"11376","TTBK1","Ttbk1"
"11377","HLTF","Hltf"
"11378","Q6PCP3","Dusp16"
"11379","MFF","Mff"
"11380","GP156","Gpr156"
"11381","IQCE","Iqce"
"11382","Q6PCS8","Zbtb40"
"11383","CNFN","Cnfn"
"11384","RGMA","Rgma"
"11385","Q6PCX8","Zfp251"
"11386","TRI37","Trim37"
"11387","MAGE1","Magee1"
"11388","2A5A","Ppp2r5a"
"11389","ZN821","Znf821"
"11390","IP6K1","Ip6k1"
"11391","ARMD3","Armh3"
"11392","SHB","Shb"
"11393","AN13D","Ankrd13d"
"11394","PIGS","Pigs"
"11395","2A5B","Ppp2r5b"
"11396","ZN513","Znf513"
"11397","TRAK1","Trak1"
"11398","Q6PDB7","Ces2b"
"11399","RUN3B","Rundc3b"
"11400","MFD4A","Mfsd4a"
"11401","UD2A2","Ugt2a2"
"11402","GGT6","Ggt6"
"11403","MF13A","Mfsd13a"
"11404","SVOPL","Svopl"
"11405","SMRC2","Smarcc2"
"11406","MON1A","Mon1a"
"11407","PHLB1","Phldb1"
"11408","RNB3L","Ranbp3l"
"11409","ECM29","Ecpas"
"11410","MINY2","Mindy2"
"11411","CAHD1","Cachd1"
"11412","FBX42","Fbxo42"
"11413","Q6PDK0","Zbtb39"
"11414","KMT2D","Kmt2d"
"11415","DTX4","Dtx4"
"11416","DC1L2","Dync1li2"
"11417","MSL1","Msl1"
"11418","SRSF1","Srsf1"
"11419","IHO1","Iho1"
"11420","MYLK","Mylk"
"11421","CHD4","Chd4"
"11422","VTM2L","Vstm2l"
"11423","SARM1","Sarm1"
"11424","RN220","Rnf220"
"11425","CC85B","Ccdc85b"
"11426","AEDO","Ado"
"11427","TAF1C","Taf1c"
"11428","SNR40","Snrnp40"
"11429","PRRT3","Prrt3"
"11430","ABHDA","Abhd10"
"11431","DHX40","Dhx40"
"11432","PGFRL","Pdgfrl"
"11433","GPT2L","Gpatch2l"
"11434","STML3","Stoml3"
"11435","CF206","Cfap206"
"11436","OSGP2","Osgepl1"
"11437","PHOCN","Mob4"
"11438","CTIF","Ctif"
"11439","RIR2B","Rrm2b"
"11440","Q6PEE4","Zfp933"
"11441","GRM2B","Gramd2b"
"11442","PCFT","Slc46a1"
"11443","Q6PEP4","Zfp677"
"11444","MARE3","Mapre3"
"11445","WIPF2","Wipf2"
"11446","PK3C3","Pik3c3"
"11447","LRIT2","Lrit2"
"11448","DLGP3","Dlgap3"
"11449","KI18B","Kif18b"
"11450","NAIF1","Naif1"
"11451","NUP98","Nup98"
"11452","Q6PFE1","Klhl5"
"11453","RA54B","Rad54b"
"11454","TEFF1","Tmeff1"
"11455","OLIG3","Olig3"
"11456","DCA15","Dcaf15"
"11457","RASL2","Rasa4"
"11458","TRA2A","Tra2a"
"11459","BEND6","Bend6"
"11460","CAD24","Cdh24"
"11461","NYAP1","Nyap1"
"11462","RIMKA","Rimkla"
"11463","TNKS1","Tnks"
"11464","FCSD1","Fchsd1"
"11465","TRI45","Trim45"
"11466","CC14B","Cdc14b"
"11467","CCD82","Ccdc82"
"11468","HJURP","Hjurp"
"11469","CRML","Cramp1"
"11470","RCOR3","Rcor3"
"11471","NAA50","Naa50"
"11472","SMCA1","Smarca1"
"11473","DHX29","Dhx29"
"11474","S35E3","Slc35e3"
"11475","Q6PGC9","Zfp341"
"11476","ARAID","Atraid"
"11477","Q6PGD2","Zfp866"
"11478","ZF316","Znf316"
"11479","SC6A7","Slc6a7"
"11480","MORN4","Morn4"
"11481","MED16","Med16"
"11482","Q6PGF5","Bms1"
"11483","EXOC8","Exoc8"
"11484","GMIP","Gmip"
"11485","GNL3L","Gnl3l"
"11486","UBTD2","Ubtd2"
"11487","BUD31","Bud31"
"11488","JUPI2","Jpt2"
"11489","F222A","Fam222a"
"11490","Q6PGK3","2700097O09Rik"
"11491","CHSTA","Chst10"
"11492","WASC2","Washc2"
"11493","ERFE","Erfe"
"11494","DCLK2","Dclk2"
"11495","ERC2","Erc2"
"11496","I20RA","Il20ra"
"11497","CCD57","Ccdc57"
"11498","TM164","Tmem164"
"11499","RAB35","Rab35"
"11500","Q6PHP4","Zfp512b"
"11501","Q6PHP6","Lrrn2"
"11502","NAA35","Naa35"
"11503","Q6PHQ9","Pabpc4"
"11504","SNX13","Snx13"
"11505","CA2D2","Cacna2d2"
"11506","SORT","Sort1"
"11507","KCC2D","Camk2d"
"11508","RB15B","Rbm15b"
"11509","KCIP4","Kcnip4"
"11510","GP173","Gpr173"
"11511","AT1A3","Atp1a3"
"11512","AT1A2","Atp1a2"
"11513","NFRKB","Nfrkb"
"11514","NUDC1","Nudcd1"
"11515","YJ005","-"
"11516","RHDF1","Rhbdf1"
"11517","CQ080","D11Wsu47e"
"11518","DALD3","Dalrd3"
"11519","INCA1","Inca1"
"11520","DMXL1","Dmxl1"
"11521","RIF1","Rif1"
"11522","CEBPE","Cebpe"
"11523","MUC19","Muc19"
"11524","ACOT5","Acot5"
"11525","CLA4A","Clca4a"
"11526","AT2B4","Atp2b4"
"11527","CRIP3","Crip3"
"11528","KMT5C","Kmt5c"
"11529","DDX58","Ddx58"
"11530","SEC20","Bnip1"
"11531","RICTR","Rictor"
"11532","SCNAA","Scn10a"
"11533","CLC7A","Clec7a"
"11534","TLR12","Tlr12"
"11535","TCAF3","Tcaf3"
"11536","CK2N1","Camk2n1"
"11537","Q6QX36","B430306N03Rik"
"11538","GNAS1","Gnas"
"11539","NEIL2","Neil2"
"11540","POLI","Poli"
"11541","Q6R5C6","Gm10277"
"11542","TLR13","Tlr13"
"11543","TLR11","Tlr11"
"11544","UN5CL","Unc5cl"
"11545","RXFP1","Rxfp1"
"11546","NEB2","Ppp1r9b"
"11547","GCSAM","Gcsam"
"11548","MAGI1","Magi1"
"11549","K1C9","Krt9"
"11550","F120B","Fam120b"
"11551","FLRT1","Flrt1"
"11552","CENPE","Cenpe"
"11553","CSMT1","Ccsmst1"
"11554","CC154","Ccdc154"
"11555","PTX4","Ptx4"
"11556","GNPTG","Gnptg"
"11557","CXA6","Gja6"
"11558","S115A","S100a15a"
"11559","KRIT1","Krit1"
"11560","SHC4","Shc4"
"11561","E2F7","E2f7"
"11562","Q6S9I3","Kng2"
"11563","TBPL2","Tbpl2"
"11564","GFRAL","Gfral"
"11565","CLM8","Cd300a"
"11566","CLM3","Cd300ld3"
"11567","CLM1","Cd300lf"
"11568","N6MT1","N6amt1"
"11569","ENKUR","Enkur"
"11570","MAML1","Maml1"
"11571","Q6T340","Magea3"
"11572","NPCL1","Npc1l1"
"11573","SCD4","Scd4"
"11574","V2R26","Vmn2r26"
"11575","SERP2","Serp2"
"11576","PAQR9","Paqr9"
"11577","PAQR6","Paqr6"
"11578","PAQR3","Paqr3"
"11579","KLH17","Klhl17"
"11580","CASC1","Casc1"
"11581","VKORL","Vkorc1l1"
"11582","GUC2G","Gucy2g"
"11583","DFB50","Defb50"
"11584","DNMBP","Dnmbp"
"11585","FEZ2","Fez2"
"11586","PI5L1","Pip5kl1"
"11587","TIMD4","Timd4"
"11588","Q6UAH0","Olfr94"
"11589","Q6UAH1","Olfr93"
"11590","SG2B2","Scgb2b2"
"11591","TM270","Tmem270"
"11592","SL9C1","Slc9c1"
"11593","Q6UKZ0","Serpinb3d"
"11594","MORN2","Morn2"
"11595","AT8B3","Atp8b3"
"11596","MYH14","Myh14"
"11597","Q6UY52","Gm7247"
"11598","Q6UY53","AY358078"
"11599","DRC7","Drc7"
"11600","SDK2","Sdk2"
"11601","KLHL6","Klhl6"
"11602","ZN474","Znf474"
"11603","DAPLE","Ccdc88c"
"11604","IF172","Ift172"
"11605","PRLHR","Prlhr"
"11606","RBP10","Ranbp10"
"11607","WDFY3","Wdfy3"
"11608","NTRK3","Ntrk3"
"11609","Q6VSS7","Rhox8"
"11610","AP2E","Tfap2e"
"11611","KCNKI","Kcnk18"
"11612","ANPRB","Npr2"
"11613","CP2R1","Cyp2r1"
"11614","DND1","Dnd1"
"11615","HSH2D","Hsh2d"
"11616","OPN5","Opn5"
"11617","OL688","Olfr688"
"11618","Q6W3E0","Calm5"
"11619","P4HA3","P4ha3"
"11620","CXCL3","Cxcl3"
"11621","PC4L1","Pcp4l1"
"11622","Q6W9L1","H2-M2"
"11623","RAD9B","Rad9b"
"11624","Q6WIZ7","Svs1"
"11625","NOSTN","Nostrin"
"11626","UBR2","Ubr2"
"11627","DGLA","Dagla"
"11628","KCD12","Kctd12"
"11629","ASIC3","Asic3"
"11630","GPR75","Gpr75"
"11631","TEKT3","Tekt3"
"11632","ZPBP2","Zpbp2"
"11633","EID2","Eid2"
"11634","CTL1","Slc44a1"
"11635","Q6XAR7","Ssxb10"
"11636","Q6XAS2","Ssxb5"
"11637","Q6XAS3","Ssx9"
"11638","Q6XAS4","Ssxb3"
"11639","ONEC2","Onecut2"
"11640","MO2R4","Cd200r4"
"11641","MO2R2","Cd200r1l"
"11642","GLIS3","Glis3"
"11643","Q6XPS7","Tha1"
"11644","G3ST2","Gal3st2"
"11645","DUSTY","Dstyk"
"11646","CP254","Cyp2c54"
"11647","Q6XZL8","Dot1l"
"11648","KISS1","Kiss1"
"11649","RHG10","Arhgap10"
"11650","TACC1","Tacc1"
"11651","GGYF2","Gigyf2"
"11652","TDPZ5","Tdpoz5"
"11653","TDPZ4","Tdpoz4"
"11654","HPSE","Hpse"
"11655","Q6YI28","2210407C18Rik"
"11656","ZN653","Znf653"
"11657","GPR6","Gpr6"
"11658","MTMR5","Sbf1"
"11659","TIAM2","Tiam2"
"11660","FMNL3","Fmnl3"
"11661","WDR90","Wdr90"
"11662","JADE1","Jade1"
"11663","LCOR","Lcor"
"11664","TEX2","Tex2"
"11665","UBE2O","Ube2o"
"11666","PF21A","Phf21a"
"11667","LST2","Zfyve28"
"11668","DDX55","Ddx55"
"11669","PITM2","Pitpnm2"
"11670","CFA97","Cfap97"
"11671","KCNT1","Kcnt1"
"11672","NSMA3","Smpd4"
"11673","IBTK","Ibtk"
"11674","CRNS1","Carns1"
"11675","AKIB1","Ankib1"
"11676","KLHL9","Klhl9"
"11677","KBP","Kifbp"
"11678","INO80","Ino80"
"11679","SMG5","Smg5"
"11680","ZN507","Znf507"
"11681","KDM3B","Kdm3b"
"11682","ZC3H4","Zc3h4"
"11683","FNBP4","Fnbp4"
"11684","CE162","Cep162"
"11685","CNOT1","Cnot1"
"11686","CHSS1","Chsy1"
"11687","NINL","Ninl"
"11688","EFR3B","Efr3b"
"11689","TAOK2","Taok2"
"11690","CAND1","Cand1"
"11691","LARP1","Larp1"
"11692","CAND2","Cand2"
"11693","RHG26","Arhgap26"
"11694","KDM1A","Kdm1a"
"11695","MARH6","Marchf6"
"11696","UBP34","Usp34"
"11697","NBEL2","Nbeal2"
"11698","IGSF3","Igsf3"
"11699","VIP2","Ppip5k2"
"11700","NEMP1","Nemp1"
"11701","TOPB1","Topbp1"
"11702","JADE2","Jade2"
"11703","NU188","Nup188"
"11704","MLEC","Mlec"
"11705","DNA2","Dna2"
"11706","CNDD3","Ncapd3"
"11707","ACAP2","Acap2"
"11708","WDR43","Wdr43"
"11709","RFFL","Rffl"
"11710","UD17C","Ugt1a7c"
"11711","LSM8","Lsm8"
"11712","RS9","Rps9"
"11713","SYNE2","Syne2"
"11714","SPCS3","Spcs3"
"11715","2ABB","Ppp2r2b"
"11716","SYNE1","Syne1"
"11717","CNIH3","Cnih3"
"11718","SPOP","Spop"
"11719","RS27","Rps27"
"11720","RL10","Rpl10"
"11721","RL35","Rpl35"
"11722","ASTER","Wdr83os"
"11723","IF2A","Eif2s1"
"11724","RS27L","Rps27l"
"11725","U2D2B","Ube2d2b"
"11726","TYB10","Tmsb10"
"11727","H2B1C","H2bc4"
"11728","UB2R2","Ube2r2"
"11729","TRPV1","Trpv1"
"11730","SNED1","Sned1"
"11731","AKAP9","Akap9"
"11732","SYNEM","Synm"
"11733","CMYA5","Cmya5"
"11734","DFB40","Defb40"
"11735","DFB39","Defb39"
"11736","FOXO6","Foxo6"
"11737","VWA2","Vwa2"
"11738","UN93A","Unc93a"
"11739","NADE","Nadsyn1"
"11740","TXND3","Nme8"
"11741","TDPZ2","Tdpoz2"
"11742","TDPZ3","Tdpoz3"
"11743","D19L3","Dpy19l3"
"11744","ZNRF2","Znrf2"
"11745","FBLI1","Fblim1"
"11746","ERG24","Tm7sf2"
"11747","FGL1","Fgl1"
"11748","TLN2","Tln2"
"11749","CSPG5","Cspg5"
"11750","FPRS7","Fpr-rs7"
"11751","KAT3","Kyat3"
"11752","GIMA8","Gimap8"
"11753","S39AE","Slc39a14"
"11754","RECQ4","Recql4"
"11755","ANO5","Ano5"
"11756","HIDE1","Hide1"
"11757","SC6A5","Slc6a5"
"11758","S35D2","Slc35d2"
"11759","MGT5B","Mgat5b"
"11760","UTS2B","Uts2b"
"11761","B4GN4","B4galnt4"
"11762","RPH3L","Rph3al"
"11763","ATS13","Adamts13"
"11764","CHST9","Chst9"
"11765","PRS43","Prss43"
"11766","T132D","Tmem132d"
"11767","HIG1C","Higd1c"
"11768","SSH1","Ssh1"
"11769","Q76I99","Sval3"
"11770","FFAR1","Ffar1"
"11771","SIAT2","St6gal2"
"11772","SEM6D","Sema6d"
"11773","RPA34","Polr1g"
"11774","FHOD3","Fhod3"
"11775","MINY1","Mindy1"
"11776","DAND5","Dand5"
"11777","S22AR","Slc22a27"
"11778","Q76M80","Kcnk12"
"11779","2AAA","Ppp2r1a"
"11780","STALP","Stambpl1"
"11781","ROS1","Ros1"
"11782","Q78EE2","Gm21292"
"11783","Q78F42","Zfp324"
"11784","MB12A","Mvb12a"
"11785","GLPC","Gypc"
"11786","ATPMD","Atp5md"
"11787","MIC27","Apool"
"11788","S39A4","Slc39a4"
"11789","TMED3","Tmed3"
"11790","MSRB2","Msrb2"
"11791","FBX22","Fbxo22"
"11792","ECI3","Eci3"
"11793","3HAO","Haao"
"11794","UBFD1","Ubfd1"
"11795","S22AI","Slc22a18"
"11796","CCD25","Ccdc25"
"11797","SND1","Snd1"
"11798","SIM12","Smim12"
"11799","SYS1","Sys1"
"11800","Q78T27","Ceacam9"
"11801","VMA21","Vma21"
"11802","F102A","Fam102a"
"11803","F107A","Fam107a"
"11804","CK2N2","Camk2n2"
"11805","RPA43","Polr1f"
"11806","OSTC","Ostc"
"11807","TPC6A","Trappc6a"
"11808","PDCL2","Pdcl2"
"11809","Q78Y72","Ceacam14"
"11810","Q78Y73","Prl3a1"
"11811","DJC15","Dnajc15"
"11812","SCOC","Scoc"
"11813","NP1L4","Nap1l4"
"11814","RPA12","Polr1h"
"11815","MTCH1","Mtch1"
"11816","MTCH2","Mtch2"
"11817","Q792Y8","Gm10334"
"11818","Q792Y9","Gm5771"
"11819","Q792Z0","Prss3"
"11820","Q792Z1","Try10"
"11821","TIFA","Tifa"
"11822","NP1L3","Nap1l3"
"11823","BRD2","Brd2"
"11824","TEX14","Tex14"
"11825","Q7M6W8","Zfp273"
"11826","Q7M6X2","Zfp874b"
"11827","Q7M6X3","Zfp759"
"11828","Q7M6X5","Rslcan18"
"11829","Q7M6X9","Zfp455"
"11830","Q7M6Y0","Zfp429"
"11831","Q7M6Y1","Rsl1"
"11832","SOX11","Sox11"
"11833","PICAL","Picalm"
"11834","DEUP1","Deup1"
"11835","MRO2B","Mroh2b"
"11836","R4RL2","Rtn4rl2"
"11837","KIF27","Kif27"
"11838","TR109","Tas2r109"
"11839","Q7M708","Tas2r131"
"11840","TR129","Tas2r129"
"11841","TR125","Tas2r125"
"11842","TR113","Tas2r113"
"11843","TR110","Tas2r110"
"11844","TR116","Tas2r116"
"11845","TR117","Tas2r117"
"11846","TR102","Tas2r102"
"11847","TR124","Tas2r124"
"11848","Q7M719","Tas2r115"
"11849","T2R13","Tas2r13"
"11850","TR120","Tas2r120"
"11851","TR114","Tas2r114"
"11852","TR104","Tas2r104"
"11853","TR106","Tas2r106"
"11854","TR107","Tas2r107"
"11855","SCN4B","Scn4b"
"11856","RTL1","Rtl1"
"11857","SG1C1","Scgb1c1"
"11858","S2B24","Scgb2b24"
"11859","OPALI","Opalin"
"11860","PRS54","Prss54"
"11861","BRC3L","C6.1al"
"11862","NALDL","Naaladl1"
"11863","AB17B","Abhd17b"
"11864","ZRAN1","Zranb1"
"11865","OVCH2","Ovch2"
"11866","Q7M762","Adam39"
"11867","Q7M763","Adam20"
"11868","U17PE","Usp17le"
"11869","Q7M766","Adam34l"
"11870","ASAP2","Asap2"
"11871","TIGD3","Tigd3"
"11872","MOT9","Slc16a9"
"11873","ZN503","Znf503"
"11874","FFAR4","Ffar4"
"11875","PPR3C","Ppp1r3c"
"11876","CYFP1","Cyfip1"
"11877","FCSK","Fcsk"
"11878","Q7TMC9","Zfp85"
"11879","DFB37","Defb37"
"11880","DSG4","Dsg4"
"11881","PLPR4","Plppr4"
"11882","SPAG5","Spag5"
"11883","ERI1","Eri1"
"11884","NDUAC","Ndufa12"
"11885","SPA12","Serpina12"
"11886","UHRF2","Uhrf2"
"11887","P3IP1","Pik3ip1"
"11888","HOOK2","Hook2"
"11889","HNRPQ","Syncrip"
"11890","S35F2","Slc35f2"
"11891","PAR16","Parp16"
"11892","TBB2A","Tubb2a"
"11893","Q7TMN8","Zfp420"
"11894","WDR91","Wdr91"
"11895","PCP","Prcp"
"11896","ABCG2","Abcg2"
"11897","RN139","Rnf139"
"11898","FAKD5","Fastkd5"
"11899","CIAO3","Ciao3"
"11900","SHQ1","Shq1"
"11901","THOC7","Thoc7"
"11902","IPO8","Ipo8"
"11903","HUWE1","Huwe1"
"11904","MED26","Med26"
"11905","AP1S3","Ap1s3"
"11906","DACT2","Dact2"
"11907","INAVA","Inava"
"11908","HHIP","Hhip"
"11909","TXD16","Txndc16"
"11910","SMAP2","Smap2"
"11911","AGGF1","Aggf1"
"11912","CELF6","Celf6"
"11913","TRPM4","Trpm4"
"11914","MRGB8","Mrgprb8"
"11915","TMC8","Tmc8"
"11916","TMC6","Tmc6"
"11917","CASD1","Casd1"
"11918","PEG10","Peg10"
"11919","AKA7G","Akap7"
"11920","SYT16","Syt16"
"11921","SYT14","Syt14"
"11922","PK1L2","Pkd1l2"
"11923","RASE","Eras"
"11924","CPEB4","Cpeb4"
"11925","CPEB3","Cpeb3"
"11926","MSTRO","Mro"
"11927","SBNO2","Sbno2"
"11928","LC7L2","Luc7l2"
"11929","KI26B","Kif26b"
"11930","GLRA2","Glra2"
"11931","RPF1","Rpf1"
"11932","SUCHY","Sugct"
"11933","SPAG7","Spag7"
"11934","Q7TNE6","Duxbl2"
"11935","DOC2A","Doc2a"
"11936","RIMB1","Tspoap1"
"11937","F117A","Fam117a"
"11938","EMAL2","Eml2"
"11939","LDHD","Ldhd"
"11940","NPHP3","Nphp3"
"11941","TM59L","Tmem59l"
"11942","IL17F","Il17f"
"11943","DCSTP","Dcstamp"
"11944","RFX4","Rfx4"
"11945","Q7TNK4","Zfp397"
"11946","ADM2","Adm2"
"11947","STK40","Stk40"
"11948","Q7TNL5","Ppp2r5d"
"11949","Q7TNL7","Dusp9"
"11950","Q7TNL9","Chchd10"
"11951","TRI46","Trim46"
"11952","2AAB","Ppp2r1b"
"11953","IGS21","Igsf21"
"11954","ARHG4","Arhgef4"
"11955","MIC10","Micos10"
"11956","Q7TNS5","B630019K06Rik"
"11957","ASIC4","Asic4"
"11958","EPOP","Epop"
"11959","FACR2","Far2"
"11960","Q7TNU5","Zfp954"
"11961","ZN250","Znf250"
"11962","LETM2","Letm2"
"11963","DEK","Dek"
"11964","TLC3B","Tlcd3b"
"11965","DFB38","Defb38"
"11966","DFB34","Defb34"
"11967","DFB14","Defb14"
"11968","PLPR3","Plppr3"
"11969","CDSN","Cdsn"
"11970","INT3","Ints3"
"11971","FBX11","Fbxo11"
"11972","F185A","Fam185a"
"11973","ROBO2","Robo2"
"11974","RAVR2","Raver2"
"11975","LR75B","Lrrc75b"
"11976","S7A6O","Slc7a6os"
"11977","Q7TPG0","1700010I14Rik"
"11978","TAFA4","Tafa4"
"11979","TAFA3","Tafa3"
"11980","TAFA2","Tafa2"
"11981","TAFA1","Tafa1"
"11982","MYCB2","Mycbp2"
"11983","Q7TPL6","Zfp748"
"11984","PRC2B","Prrc2b"
"11985","TRI17","Trim17"
"11986","SACA9","Spaca9"
"11987","FSD1","Fsd1"
"11988","MTMRA","Mtmr10"
"11989","PIGV","Pigv"
"11990","PRR14","Prr14"
"11991","SHPRH","Shprh"
"11992","ARRD3","Arrdc3"
"11993","ACTN1","Actn1"
"11994","KS6A6","Rps6ka6"
"11995","C2CD5","C2cd5"
"11996","DZIP3","Dzip3"
"11997","MBB1A","Mybbp1a"
"11998","NEXN","Nexn"
"11999","Q7TPX5","AI987944"
"12000","OOG2","Oog2"
"12001","LEGLB","Lgalslb"
"12002","Q7TPY4","Pramel5"
"12003","LDOC1","Ldoc1"
"12004","CBPA1","Cpa1"
"12005","DPOLN","Poln"
"12006","RGMC","Hjv"
"12007","RGMB","Rgmb"
"12008","ZIC5","Zic5"
"12009","SRCA","Srl"
"12010","PODN","Podn"
"12011","TMC4","Tmc4"
"12012","TMC3","Tmc3"
"12013","LNP","Lnpk"
"12014","IGSF1","Igsf1"
"12015","RDHE2","Sdr16c5"
"12016","TR140","Tas2r140"
"12017","T2R39","Tas2r39"
"12018","T2R38","Tas2r38"
"12019","TA2R3","Tas2r3"
"12020","TR136","Tas2r136"
"12021","TR135","Tas2r135"
"12022","TR134","Tas2r134"
"12023","T2R40","Tas2r40"
"12024","TR143","Tas2r143"
"12025","APTX","Aptx"
"12026","GPTC2","Gpatch2"
"12027","TPPP","Tppp"
"12028","MACOI","Maco1"
"12029","K0895","Kiaa0895"
"12030","FBX10","Fbxo10"
"12031","AMPH","Amph"
"12032","ZBTB5","Zbtb5"
"12033","PKHA6","Plekha6"
"12034","ATX2L","Atxn2l"
"12035","LRP10","Lrp10"
"12036","TM204","Tmem204"
"12037","OTUB1","Otub1"
"12038","ABTB2","Abtb2"
"12039","TSYL2","Tspyl2"
"12040","MALD1","Marveld1"
"12041","WTIP","Wtip"
"12042","CCNT2","Ccnt2"
"12043","INT7","Ints7"
"12044","EXOS3","Exosc3"
"12045","CCD93","Ccdc93"
"12046","WFKN2","Wfikkn2"
"12047","GP142","Gpr142"
"12048","GP141","Gpr141"
"12049","GP135","Gpr135"
"12050","GP119","Gpr119"
"12051","RL3R2","Rxfp4"
"12052","O1509","Olfr1509"
"12053","Q7TQQ2","Olfr1505"
"12054","Q7TQQ3","Olfr1500"
"12055","Q7TQQ7","Olfr1477"
"12056","Q7TQQ8","Olfr1474"
"12057","Q7TQQ9","Olfr1472"
"12058","Q7TQR2","Olfr1465"
"12059","Q7TQR3","Olfr1463"
"12060","Q7TQR7","Olfr1437"
"12061","Q7TQR9","Olfr1434"
"12062","Q7TQS2","Olfr1419"
"12063","Q7TQS3","Olfr1418"
"12064","Q7TQS4","Olfr1415"
"12065","Q7TQS8","Olfr1396"
"12066","Q7TQT0","Olfr1386"
"12067","Q7TQT1","Olfr1385"
"12068","Q7TQT2","Olfr1383"
"12069","Q7TQT3","Olfr1382"
"12070","Q7TQT4","Olfr1381"
"12071","Q7TQT5","Olfr1380"
"12072","Q7TQT6","Olfr1373"
"12073","Q7TQT7","Olfr1371"
"12074","Q7TQT8","Olfr263"
"12075","Q7TQU0","Olfr1535"
"12076","Q7TQU5","Olfr1359"
"12077","Q7TQU7","Olfr1357"
"12078","Q7TQU8","Olfr1356"
"12079","Q7TQU9","Olfr1355"
"12080","Q7TQV1","Olfr1349"
"12081","Q7TQV3","Olfr1344"
"12082","Q7TQV4","Olfr1341"
"12083","Q7TQV7","Olfr1333"
"12084","Q7TQW3","Olfr1322"
"12085","Q7TQW4","Olfr1321"
"12086","Q7TQW6","Olfr1318"
"12087","Q7TQW8","Olfr1313"
"12088","Q7TQX0","Olfr1308"
"12089","Q7TQX1","Olfr1307"
"12090","Q7TQX5","Olfr1299"
"12091","Q7TQX8","Olfr1290"
"12092","Q7TQY0","Olfr1288"
"12093","Q7TQY1","Olfr1287"
"12094","Q7TQY2","Olfr1286"
"12095","Q7TQY4","Olfr1283"
"12096","Q7TQY5","Olfr1282"
"12097","Q7TQY6","Olfr1281"
"12098","Q7TQY8","Olfr1275"
"12099","Q7TQZ0","Olfr32"
"12100","Q7TQZ2","Olfr1252"
"12101","Q7TQZ3","Olfr1251"
"12102","Q7TQZ6","Olfr1246"
"12103","Q7TQZ8","Olfr1231"
"12104","Q7TQZ9","Olfr1229"
"12105","Q7TR01","Olfr1225"
"12106","Q7TR02","Olfr1222"
"12107","Q7TR04","Olfr1219"
"12108","Q7TR05","Olfr1216"
"12109","Q7TR08","Olfr1212"
"12110","Q7TR09","Olfr1211"
"12111","Q7TR10","Olfr1204"
"12112","Q7TR12","Olfr1198"
"12113","Q7TR13","Olfr1197"
"12114","Q7TR14","Olfr1196"
"12115","Q7TR16","Olfr1186"
"12116","Q7TR17","Olfr1182"
"12117","Q7TR18","Olfr1181"
"12118","Q7TR20","Olfr1178"
"12119","Q7TR24","Olfr1173"
"12120","Q7TR25","Olfr1168"
"12121","Q7TR26","Olfr1167"
"12122","Q7TR27","Olfr1166"
"12123","Q7TR28","Olfr1162"
"12124","Q7TR29","Olfr1161"
"12125","Q7TR34","Olfr1152"
"12126","Q7TR35","Olfr1148"
"12127","Q7TR39","Olfr1140"
"12128","Q7TR40","Olfr1137"
"12129","Q7TR42","Olfr1135"
"12130","Q7TR43","Olfr1134"
"12131","Q7TR44","Olfr1133"
"12132","Q7TR45","Olfr1131"
"12133","Q7TR47","Olfr1128"
"12134","Q7TR48","Olfr153"
"12135","Q7TR49","Olfr1126"
"12136","Q7TR53","Olfr1115"
"12137","Q7TR54","Olfr1113"
"12138","Q7TR55","Olfr1111"
"12139","Q7TR57","Olfr1106"
"12140","Q7TR58","Olfr1105"
"12141","Q7TR59","Olfr1101"
"12142","Q7TR63","Olfr1087"
"12143","Q7TR64","Olfr1085"
"12144","Q7TR67","Olfr1080"
"12145","Q7TR70","Olfr1065"
"12146","Q7TR71","Olfr1062"
"12147","Q7TR72","Olfr1061"
"12148","Q7TR74","Olfr1058"
"12149","Q7TR75","Olfr1057"
"12150","Q7TR76","Olfr1051"
"12151","Q7TR79","Olfr1046"
"12152","Q7TR80","Olfr1045"
"12153","Q7TR81","Olfr1042"
"12154","Q7TR84","Olfr1037"
"12155","Q7TR85","Olfr1036"
"12156","Q7TR87","Olfr1031"
"12157","Q7TR89","Olfr1028"
"12158","Q7TR90","Olfr1026"
"12159","Q7TR94","Olfr1015"
"12160","Q7TR95","Olfr1014"
"12161","O1013","Olfr1013"
"12162","Q7TR99","Olfr1000"
"12163","Q7TRA0","Olfr996"
"12164","Q7TRA1","Olfr988"
"12165","Q7TRA2","Olfr987"
"12166","Q7TRA6","Olfr967"
"12167","Q7TRA7","Olfr965"
"12168","Q7TRA9","Olfr963"
"12169","Q7TRB7","Olfr26"
"12170","Q7TRB8","Olfr924"
"12171","Q7TRB9","Olfr923"
"12172","Q7TRC0","Olfr921"
"12173","Q7TRC3","Olfr917"
"12174","Q7TRC7","Olfr907"
"12175","Q7TRC9","Olfr904"
"12176","Q7TRD1","Olfr901"
"12177","Q7TRD6","Olfr25"
"12178","Q7TRD9","Olfr890"
"12179","Q7TRE0","Olfr885"
"12180","Q7TRE1","Olfr884"
"12181","Q7TRE4","Olfr876"
"12182","Q7TRE5","Olfr875"
"12183","Q7TRE6","Olfr874"
"12184","Q7TRF0","Olfr871"
"12185","OL867","Olfr867"
"12186","Q7TRF5","Olfr859"
"12187","Q7TRF6","Olfr58"
"12188","Q7TRF8","Olfr855"
"12189","Q7TRG0","Olfr851"
"12190","Q7TRG2","Olfr845"
"12191","Q7TRG4","Olfr843"
"12192","Q7TRG7","Olfr835"
"12193","Q7TRG8","Olfr834"
"12194","Q7TRG9","Olfr832"
"12195","Q7TRH2","Olfr823"
"12196","Q7TRH4","Olfr814"
"12197","Q7TRH5","Olfr813"
"12198","Q7TRH7","Olfr804"
"12199","Q7TRH8","Olfr798"
"12200","Q7TRH9","Olfr792"
"12201","Q7TRI1","Olfr787"
"12202","Q7TRI2","Olfr782"
"12203","Q7TRI3","Olfr776"
"12204","Q7TRI4","Olfr775"
"12205","Q7TRI5","Olfr774"
"12206","Q7TRI6","Olfr765"
"12207","Q7TRI7","Olfr138"
"12208","Q7TRI8","Olfr132"
"12209","Q7TRJ0","Olfr761"
"12210","Q7TRJ1","Olfr128"
"12211","Q7TRJ5","Olfr119"
"12212","Q7TRJ6","Olfr118"
"12213","Q7TRK1","Olfr111"
"12214","Q7TRK4","Olfr107"
"12215","Q7TRL3","Olfr91"
"12216","Q7TRL9","Olfr745"
"12217","Q7TRM0","Olfr744"
"12218","Q7TRM4","Olfr735"
"12219","Q7TRM6","Olfr728"
"12220","Q7TRM9","Olfr17"
"12221","Q7TRN0","Olfr714"
"12222","Q7TRN3","Olfr699"
"12223","Q7TRN4","Olfr698"
"12224","Q7TRN8","Olfr684"
"12225","Q7TRP3","Olfr670"
"12226","Q7TRP4","Olfr667"
"12227","Q7TRP5","Olfr664"
"12228","Q7TRP7","Olfr657"
"12229","Q7TRQ1","Olfr645"
"12230","Q7TRR2","Olfr598"
"12231","Q7TRR4","Olfr594"
"12232","Q7TRR7","Olfr591"
"12233","Q7TRS6","Olfr553"
"12234","Q7TRT5","Olfr538"
"12235","Q7TRT7","Olfr533"
"12236","Q7TRT9","Olfr527"
"12237","Q7TRU0","Olfr524"
"12238","Q7TRU4","Olfr517"
"12239","Q7TRU6","Olfr506"
"12240","Q7TRU7","Olfr504"
"12241","Q7TRU8","Olfr503"
"12242","Q7TRU9","Olfr487"
"12243","Q7TRV1","Olfr479"
"12244","Q7TRV7","Olfr453"
"12245","Q7TRV8","Olfr452"
"12246","Q7TRV9","Olfr433"
"12247","Q7TRW1","Olfr429"
"12248","Q7TRW7","Olfr412"
"12249","Q7TRW8","Olfr411"
"12250","Q7TRX0","Olfr406"
"12251","Q7TRX1","Olfr43"
"12252","Q7TRX2","Olfr403"
"12253","Q7TRX3","Olfr399"
"12254","Q7TRX4","Olfr23"
"12255","Q7TRX6","Olfr392"
"12256","Q7TRX7","Olfr389"
"12257","Q7TRX8","Olfr384"
"12258","Q7TRX9","Olfr20"
"12259","Q7TRY0","Olfr374"
"12260","Q7TRY2","Olfr372"
"12261","Q7TRY4","Olfr366"
"12262","Q7TRY5","Olfr358"
"12263","Q7TRY6","Olfr335-ps"
"12264","Q7TRZ4","Olfr320"
"12265","Q7TRZ7","Olfr314"
"12266","Q7TRZ9","Olfr312"
"12267","Q7TS01","Olfr309"
"12268","Q7TS02","Olfr305"
"12269","Q7TS03","Olfr304"
"12270","Q7TS04","Olfr301"
"12271","Q7TS05","Olfr299"
"12272","Q7TS06","Olfr298"
"12273","Q7TS07","Olfr297"
"12274","Q7TS08","Olfr295"
"12275","Q7TS10","Olfr293"
"12276","Q7TS17","Olfr285"
"12277","Q7TS18","Olfr275"
"12278","Q7TS19","Olfr270"
"12279","Q7TS20","Olfr259"
"12280","Q7TS30","Olfr222"
"12281","Q7TS32","Olfr213"
"12282","Q7TS33","Olfr212"
"12283","Q7TS37","Olfr205"
"12284","Q7TS38","Olfr201"
"12285","Q7TS40","Olfr198"
"12286","Q7TS43","Olfr193"
"12287","OL180","Olfr180"
"12288","Q7TS53","Olfr169"
"12289","TNF18","Tnfsf18"
"12290","Q7TS58","Clec4b1"
"12291","ZFAT","Zfat"
"12292","NSUN6","Nsun6"
"12293","IP3KC","Itpkc"
"12294","RFLA","Rflna"
"12295","CKP2L","Ckap2l"
"12296","AMER1","Amer1"
"12297","HELT","Helt"
"12298","BTLA","Btla"
"12299","PRSR3","Proser3"
"12300","PRC2A","Prrc2a"
"12301","NEK5","Nek5"
"12302","TBATA","Tbata"
"12303","ST38L","Stk38l"
"12304","DSG1C","Dsg1c"
"12305","DSG1B","Dsg1b"
"12306","LR75A","Lrrc75a"
"12307","CE120","Cep120"
"12308","CTDP1","Ctdp1"
"12309","FBX5","Fbxo5"
"12310","SH321","Sh3d21"
"12311","KPBB","Phkb"
"12312","ZN516","Znf516"
"12313","CP110","Ccp110"
"12314","SCAF4","Scaf4"
"12315","KCNF1","Kcnf1"
"12316","TMM94","Tmem94"
"12317","ZN184","Zfp184"
"12318","ZNF12","Znf12"
"12319","PKHM1","Plekhm1"
"12320","PP6R1","Ppp6r1"
"12321","MAP6","Map6"
"12322","LATS2","Lats2"
"12323","SEZ6","Sez6"
"12324","PCDH8","Pcdh8"
"12325","ATL2","Adamtsl2"
"12326","IFNK","Ifnk"
"12327","CLM4","Cd300c2"
"12328","GP151","Gpr151"
"12329","IGSF5","Igsf5"
"12330","VTCN1","Vtcn1"
"12331","CL18A","Clec18a"
"12332","PDPR","Pdpr"
"12333","UB2Q1","Ube2q1"
"12334","BTNL1","Btnl1"
"12335","SAM10","Samd10"
"12336","LAMP3","Lamp3"
"12337","KIRR2","Kirrel2"
"12338","Q7TSV0","Zfp606"
"12339","PGM2","Pgm2"
"12340","AATC2","Got1l1"
"12341","ENKD1","Enkd1"
"12342","CELF4","Celf4"
"12343","SGO2","Sgo2"
"12344","NACC1","Nacc1"
"12345","SP20H","Supt20h"
"12346","GLT17","Galnt17"
"12347","IPMK","Ipmk"
"12348","MCAF1","Atf7ip"
"12349","CT194","MGI:1923029"
"12350","REXO1","Rexo1"
"12351","AGRA3","Adgra3"
"12352","ELP1","Elp1"
"12353","MOXD2","Moxd2"
"12354","RRAGD","Rragd"
"12355","MRCKB","Cdc42bpb"
"12356","PP14D","Ppp1r14d"
"12357","MCPH1","Mcph1"
"12358","IFNAC","Ifna12"
"12359","GPBAR","Gpbar1"
"12360","LCA5","Lca5"
"12361","ZAR1","Zar1"
"12362","IFNAD","Ifna13"
"12363","NPT2C","Slc34a3"
"12364","GVIN1","Gvin1"
"12365","LHPL1","Lhfpl1"
"12366","SAHH2","Ahcyl1"
"12367","ETD","Etd"
"12368","OTOP2","Otop2"
"12369","PIF1","Pif1"
"12370","VA0D2","Atp6v0d2"
"12371","MIB1","Mib1"
"12372","PR38B","Prpf38b"
"12373","ADAL","Adal"
"12374","Q80SZ6","Nxf7"
"12375","GBG5","Gng5"
"12376","MUC6","Muc6"
"12377","USH1G","Ush1g"
"12378","FRAS1","Fras1"
"12379","HEPC2","Hamp2"
"12380","ATL4","Adamtsl4"
"12381","SYTL5","Sytl5"
"12382","AGRD1","Adgrd1"
"12383","GABR2","Gabbr2"
"12384","Q80T54","Pgr15l"
"12385","GP101","Gpr101"
"12386","RSBN1","Rsbn1"
"12387","KLH29","Klhl29"
"12388","CSMD3","Csmd3"
"12389","DCAF5","Dcaf5"
"12390","MEG11","Megf11"
"12391","EPT1","Selenoi"
"12392","MTMRC","Mtmr12"
"12393","EPG5","Epg5"
"12394","ZSWM6","Zswim6"
"12395","VAT1L","Vat1l"
"12396","POGK","Pogk"
"12397","ZSWM5","Zswim5"
"12398","FNIP2","Fnip2"
"12399","RPAP1","Rpap1"
"12400","MARH4","Marchf4"
"12401","SI1L2","Sipa1l2"
"12402","LRRC7","Lrrc7"
"12403","PCD19","Pcdh19"
"12404","KLH13","Klhl13"
"12405","STAR9","Stard9"
"12406","KANL1","Kansl1"
"12407","LRFN2","Lrfn2"
"12408","ERBIN","Erbin"
"12409","ASTRB","Gramd1b"
"12410","PKHH1","Plekhh1"
"12411","CAPS1","Cadps"
"12412","PHF8","Phf8"
"12413","K1107","Kiaa1107"
"12414","PPM1E","Ppm1e"
"12415","ADCY2","Adcy2"
"12416","PHF24","Phf24"
"12417","MON2","Mon2"
"12418","R3HD2","R3hdm2"
"12419","NISCH","Nisch"
"12420","DJC16","Dnajc16"
"12421","ZDH17","Zdhhc17"
"12422","NAV3","Nav3"
"12423","UBR5","Ubr5"
"12424","CYLD","Cyld"
"12425","PKHM2","Plekhm2"
"12426","AGRL1","Adgrl1"
"12427","SLIT1","Slit1"
"12428","DCAF1","Dcaf1"
"12429","AGRL3","Adgrl3"
"12430","ZN423","Znf423"
"12431","DEND","Ddn"
"12432","SE1L3","Sel1l3"
"12433","BAIP3","Baiap3"
"12434","CUL9","Cul9"
"12435","CLAP1","Clasp1"
"12436","FNBP1","Fnbp1"
"12437","ST18","St18"
"12438","VP13B","Vps13b"
"12439","AUXI","Dnajc6"
"12440","RERE","Rere"
"12441","PJA2","Pja2"
"12442","SGSM2","Sgsm2"
"12443","RIPR2","Ripor2"
"12444","DAAM2","Daam2"
"12445","RUSC2","Rusc2"
"12446","SNPH","Snph"
"12447","MADD","Madd"
"12448","CL16A","Clec16a"
"12449","ARHGH","Arhgef17"
"12450","KHNYN","Khnyn"
"12451","RIMB2","Rimbp2"
"12452","ZFY16","Zfyve16"
"12453","C170B","Cep170b"
"12454","AVL9","Avl9"
"12455","RIMS3","Rims3"
"12456","PUM2","Pum2"
"12457","K0232","Kiaa0232"
"12458","RUBIC","Rubcn"
"12459","MFN2","Mfn2"
"12460","SUZ12","Suz12"
"12461","SCRIB","Scrib"
"12462","PUM1","Pum1"
"12463","UBP8","Usp8"
"12464","NU214","Nup214"
"12465","UBE3C","Ube3c"
"12466","TEST2","MGI:1922258"
"12467","GPR62","Gpr62"
"12468","GP139","Gpr139"
"12469","WNK4","Wnk4"
"12470","SDCG8","Sdccag8"
"12471","TCAM1","Ticam1"
"12472","OTOP3","Otop3"
"12473","FADS6","Fads6"
"12474","PLXA4","Plxna4"
"12475","SEPT9","Septin9"
"12476","ALKL2","Alkal2"
"12477","TTLL4","Ttll4"
"12478","Q80UI7","Clec4a1"
"12479","S22AK","Slc22a20"
"12480","RB3GP","Rab3gap1"
"12481","SETMR","Setmar"
"12482","SESD1","Sestd1"
"12483","Q80UK5","Serpinb9f"
"12484","SAS6","Sass6"
"12485","INT2","Ints2"
"12486","JAML","Jaml"
"12487","NAA15","Naa15"
"12488","MOGS","Mogs"
"12489","KCTD9","Kctd9"
"12490","MOD5","Trit1"
"12491","DGKZ","Dgkz"
"12492","AN13A","Ankrd13a"
"12493","S20A2","Slc20a2"
"12494","RASF6","Rassf6"
"12495","Q80UR4","Prss34"
"12496","ARP5","Actr5"
"12497","MAD3","Mxd3"
"12498","ANKZ1","Ankzf1"
"12499","RPP38","Rpp38"
"12500","PGRC2","Pgrmc2"
"12501","TAF1","Taf1"
"12502","H6ST2","Hs6st2"
"12503","FBX2","Fbxo2"
"12504","RINL","Rinl"
"12505","MRCKG","Cdc42bpg"
"12506","RPAB1","Polr2e"
"12507","ABHDD","Abhd13"
"12508","CARME","Carnmt1"
"12509","KCMF1","Kcmf1"
"12510","FGD5","Fgd5"
"12511","SDA1","Sdad1"
"12512","ADCK5","Adck5"
"12513","ZNF32","Znf32"
"12514","VGLL4","Vgll4"
"12515","IMPA3","Bpnt2"
"12516","CE104","Cep104"
"12517","CBPM","Cpm"
"12518","CHSTE","Chst14"
"12519","FACD2","Fancd2"
"12520","PRDM4","Prdm4"
"12521","MEGF6","Megf6"
"12522","IP6K2","Ip6k2"
"12523","Q80V76","Pygo2"
"12524","Q80V81","Zfp819"
"12525","TRI62","Trim62"
"12526","INT8","Ints8"
"12527","DTX3","Dtx3"
"12528","AP4E1","Ap4e1"
"12529","GALT7","Galnt7"
"12530","S3TC2","Sh3tc2"
"12531","TSAP1","Trnau1ap"
"12532","CAMP3","Camsap3"
"12533","FA98B","Fam98b"
"12534","Q80VE5","Tbc1d22b"
"12535","F181B","Fam181b"
"12536","SCML4","Scml4"
"12537","BANK1","Bank1"
"12538","TRI56","Trim56"
"12539","SRA1","Sra1"
"12540","DNPH1","Dnph1"
"12541","ZSC4C","Zscan4c"
"12542","KASH5","Kash5"
"12543","ARH38","Arhgef38"
"12544","TDRKH","Tdrkh"
"12545","PRIC3","Prickle3"
"12546","TTC29","Ttc29"
"12547","ZN579","Znf579"
"12548","ANR24","Ankrd24"
"12549","PNM8A","Pnma8a"
"12550","OTOP1","Otop1"
"12551","CP100","Cfap100"
"12552","Q80VN4","Zfp729b"
"12553","TCPR1","Tecpr1"
"12554","EPN1","Epn1"
"12555","SPAT7","Spata7"
"12556","CL065","MGI:1919900"
"12557","T106C","Tmem106c"
"12558","ASPH2","Asphd2"
"12559","AL3B1","Aldh3b1"
"12560","LRRC1","Lrrc1"
"12561","ELL3","Ell3"
"12562","ST1C1","Sult1c1"
"12563","Q80VT5","2610318N02Rik"
"12564","NTF4","Ntf4"
"12565","4EBP3","Eif4ebp3"
"12566","WHRN","Whrn"
"12567","AKNA","Akna"
"12568","INKA2","Inka2"
"12569","DHX33","Dhx33"
"12570","PP1RA","Ppp1r10"
"12571","TOX3","Tox3"
"12572","TMCC2","Tmcc2"
"12573","PR40B","Prpf40b"
"12574","IBPL1","Igfbpl1"
"12575","GSTM7","Gstm7"
"12576","THNS2","Thnsl2"
"12577","Q80W26","Chil6"
"12578","ZN569","Znf569"
"12579","DRC9","Iqcg"
"12580","TM202","Tmem202"
"12581","SPN1","Snupn"
"12582","ACSM4","Acsm4"
"12583","WIPI2","Wipi2"
"12584","CRBG3","Crybg3"
"12585","FACE1","Zmpste24"
"12586","PCSK9","Pcsk9"
"12587","KIRR1","Kirrel1"
"12588","CL071","MGI:1920594"
"12589","PKHA8","Plekha8"
"12590","Q80W76","Tcp10a"
"12591","NPM2","Npm2"
"12592","HOMEZ","Homez"
"12593","HYDIN","Hydin"
"12594","MOGT2","Mogat2"
"12595","CTSR3","Catsper3"
"12596","FND11","Fndc11"
"12597","NTAQ1","Ntaq1"
"12598","UBN2","Ubn2"
"12599","TNC18","Tnrc18"
"12600","AGFG2","Agfg2"
"12601","ACSF4","Aasdh"
"12602","KI20B","Kif20b"
"12603","LRC8A","Lrrc8a"
"12604","TRI36","Trim36"
"12605","GGN","Ggn"
"12606","MRP9","Abcc12"
"12607","LYRIC","Mtdh"
"12608","OSTB","Slc51b"
"12609","CPLX4","Cplx4"
"12610","HPLN4","Hapln4"
"12611","HPLN3","Hapln3"
"12612","PRS33","Prss33"
"12613","TNR14","Tnfrsf14"
"12614","GADL1","Gadl1"
"12615","VAC14","Vac14"
"12616","TRM9B","Trmt9b"
"12617","RHDF2","Rhbdf2"
"12618","M18BP","Mis18bp1"
"12619","ZBED4","Zbed4"
"12620","TSN18","Tspan18"
"12621","CA174","MGI:2140680"
"12622","RIMKB","Rimklb"
"12623","FBLL1","Fbll1"
"12624","JPH4","Jph4"
"12625","DMRT3","Dmrt3"
"12626","GP176","Gpr176"
"12627","AFTIN","Aftph"
"12628","CHST2","Chst2"
"12629","SRRM3","Srrm3"
"12630","DDRGK","Ddrgk1"
"12631","NANO1","Nanos1"
"12632","COEA1","Col14a1"
"12633","CE024","MGI:1925771"
"12634","VRK1","Vrk1"
"12635","ZBT24","Zbtb24"
"12636","KISHB","Tmem167b"
"12637","UBP2L","Ubap2l"
"12638","CC116","Ccdc116"
"12639","TRI69","Trim69"
"12640","TMC5B","Tmco5b"
"12641","EFCB3","Efcab3"
"12642","BTBDA","Btbd10"
"12643","Q80X68","Csl"
"12644","T106B","Tmem106b"
"12645","LRC15","Lrrc15"
"12646","PELO","Pelo"
"12647","SPA3F","Serpina3f"
"12648","C2C2L","C2cd2l"
"12649","Q80X81","Acat3"
"12650","SYMPK","Sympk"
"12651","RT07","Mrps7"
"12652","ARM12","Armc12"
"12653","UD2A1","Ugt2a1"
"12654","FLNB","Flnb"
"12655","F110D","Fam110d"
"12656","RRAGA","Rraga"
"12657","Q80X98","Dhx38"
"12658","TM121","Tmem121"
"12659","REPS2","Reps2"
"12660","NRAP","Nrap"
"12661","TRM61","Trmt61a"
"12662","US6NL","Usp6nl"
"12663","NRDE2","Nrde2"
"12664","CHIO","Chn2"
"12665","PRAP1","Prap1"
"12666","CLC2E","Clec2e"
"12667","RIC8B","Ric8b"
"12668","I22R2","Il22ra2"
"12669","LRRT4","Lrrtm4"
"12670","KXDL1","Kxd1"
"12671","IMPG2","Impg2"
"12672","WSCD1","Wscd1"
"12673","FBX34","Fbxo34"
"12674","IF4G3","Eif4g3"
"12675","PI42B","Pip4k2b"
"12676","M3K11","Map3k11"
"12677","VOME","Bpifb9a"
"12678","RN168","Rnf168"
"12679","TTC28","Ttc28"
"12680","ATG2B","Atg2b"
"12681","CBLC","Cblc"
"12682","ACD11","Acad11"
"12683","MPPE1","Mppe1"
"12684","KCNG4","Kcng4"
"12685","S66A2","Slc66a2"
"12686","BDH","Bdh1"
"12687","FA76B","Fam76b"
"12688","WNK3","Wnk3"
"12689","TBCD5","Tbc1d5"
"12690","F168B","Fam168b"
"12691","AT2C1","Atp2c1"
"12692","Q80XR7","Zfp955a"
"12693","SMAG2","Samd4b"
"12694","FA83E","Fam83e"
"12695","NUCKS","Nucks1"
"12696","Q80XU5","C2cd4b"
"12697","LRFN4","Lrfn4"
"12698","I22R1","Il22ra1"
"12699","GLRX5","Glrx5"
"12700","L2GL1","Llgl1"
"12701","RHGBA","Arhgap11a"
"12702","ALKB8","Alkbh8"
"12703","PRIC2","Prickle2"
"12704","Q80Y32","Hmgxb4"
"12705","Q80Y34","Zfp454"
"12706","Q80Y37","Hsfy2"
"12707","CJ062","MGI:1914015"
"12708","DDX10","Ddx10"
"12709","CMTA2","Camta2"
"12710","BSDC1","Bsdc1"
"12711","RBNS5","Rbsn"
"12712","BI2L2","Baiap2l2"
"12713","CSTL1","Cstl1"
"12714","CK088","MGI:1921013"
"12715","Q80Y74","Gtsf2"
"12716","DJB13","Dnajb13"
"12717","RNZ2","Elac2"
"12718","DIXC1","Dixdc1"
"12719","KDM5B","Kdm5b"
"12720","MK15","Mapk15"
"12721","DDHD2","Ddhd2"
"12722","DDHD1","Ddhd1"
"12723","DPP8","Dpp8"
"12724","CRUM2","Crb2"
"12725","CNKR2","Cnksr2"
"12726","FA12","F12"
"12727","SUV3","Supv3l1"
"12728","F205C","Fam205c"
"12729","SRGEF","Sergef"
"12730","LMTK1","Aatk"
"12731","DAPK1","Dapk1"
"12732","UPK3B","Upk3b"
"12733","RHG33","Arhgap33"
"12734","KLDC1","Klhdc1"
"12735","BCAS1","Bcas1"
"12736","CDK3","Cdk3"
"12737","ZIK1","Zik1"
"12738","MED23","Med23"
"12739","RMD5A","Rmnd5a"
"12740","F16B2","Fam160b2"
"12741","SKDA1","Skida1"
"12742","ZN598","Znf598"
"12743","SAFB2","Safb2"
"12744","CTIP","Rbbp8"
"12745","CLSPN","Clspn"
"12746","R12BA","Rbm12b1"
"12747","LRC27","Lrrc27"
"12748","AFAP1","Afap1"
"12749","STKL1","Stkld1"
"12750","Q80YT3","Cct8l1"
"12751","SPT20","Spata20"
"12752","MYOME","Pde4dip"
"12753","RBM11","Rbm11"
"12754","ABHGB","Abhd16b"
"12755","NIPA","Zc3hc1"
"12756","TRRAP","Trrap"
"12757","PANK4","Pank4"
"12758","CYH4","Cyth4"
"12759","BSPRY","Bspry"
"12760","TENA","Tnc"
"12761","Q80YX8","Mup21"
"12762","ZN618","Znf618"
"12763","Q80Z08","Vmn2r43"
"12764","Q80Z09","Vmn2r81"
"12765","ASTN2","Astn2"
"12766","MUC2","Muc2"
"12767","NEGR1","Negr1"
"12768","OFD1","Ofd1"
"12769","TOPRS","Topors"
"12770","SHAN2","Shank2"
"12771","NANOG","Nanog"
"12772","TENN","Tnn"
"12773","VANG1","Vangl1"
"12774","ITL1B","Itln1b"
"12775","PKHL1","Pkhd1l1"
"12776","FMR1N","Fmr1nb"
"12777","PS1C2","Psors1c2"
"12778","S2611","Slc26a11"
"12779","AMGO1","Amigo1"
"12780","AMGO2","Amigo2"
"12781","SIG10","Siglec10"
"12782","PAQR7","Paqr7"
"12783","PAQR8","Paqr8"
"12784","IFNE","Ifne"
"12785","AGRB3","Adgrb3"
"12786","TRNP1","Trnp1"
"12787","RTP2","Rtp2"
"12788","LRSM1","Lrsam1"
"12789","RAP2A","Rap2a"
"12790","ZER1","Zer1"
"12791","SNX32","Snx32"
"12792","EFC4A","Cracr2b"
"12793","RT10","Mrps10"
"12794","WDTC1","Wdtc1"
"12795","ETKMT","Mettl20"
"12796","Q80ZM5","H1f10"
"12797","T2AG","Gtf2a2"
"12798","CRLS1","Crls1"
"12799","CST13","Cst13"
"12800","CX6B2","Cox6b2"
"12801","Q80ZP0","4930503B20Rik"
"12802","SACA4","Spaca4"
"12803","CH074","MGI:1915000"
"12804","JAZF1","Jazf1"
"12805","Q80ZQ7","BC048562"
"12806","ABITM","Abitram"
"12807","Q80ZR8","1700001J03Rik"
"12808","RT26","Mrps26"
"12809","Q80ZS5","Cldn34b3"
"12810","Q80ZS7","BC048507"
"12811","Q80ZT1","1700001K19Rik"
"12812","Q80ZT2","Gm9758"
"12813","ARL5A","Arl5a"
"12814","SMI19","Smim19"
"12815","CC181","Ccdc181"
"12816","BPIB3","Bpifb3"
"12817","G137A","Gpr137"
"12818","RNH2B","Rnaseh2b"
"12819","STK35","Stk35"
"12820","THEM6","Them6"
"12821","Q80ZX0","Sec24b"
"12822","Q80ZX2","Zfp790"
"12823","SPAG1","Spag1"
"12824","Q80ZX9","Olfr70"
"12825","ZNF18","Znf18"
"12826","TTC9C","Ttc9c"
"12827","K895L","Kiaa0895l"
"12828","DDX42","Ddx42"
"12829","BSH","Bsx"
"12830","ANFY1","Ankfy1"
"12831","SLIK5","Slitrk5"
"12832","SLIK4","Slitrk4"
"12833","SLIK3","Slitrk3"
"12834","SLIK2","Slitrk2"
"12835","SLIK1","Slitrk1"
"12836","GRWD1","Grwd1"
"12837","PRIMA","Prima1"
"12838","TBX10","Tbx10"
"12839","Q810G1","Ifna16"
"12840","Q810G3","Ifna14"
"12841","Q810H1","Gm9747"
"12842","GALP","Galp"
"12843","VP37D","Vps37d"
"12844","TRI50","Trim50"
"12845","PSG22","Psg22"
"12846","ZFYV1","Zfyve1"
"12847","SGPP2","Sgpp2"
"12848","GXLT2","Gxylt2"
"12849","CHFR","Chfr"
"12850","TM39B","Tmem39b"
"12851","CF299","Cfap299"
"12852","Q810M4","Zdhhc25"
"12853","ZDH19","Zdhhc19"
"12854","LIAT1","Liat1"
"12855","Q810N3","Lypd10"
"12856","CL060","MGI:3605234"
"12857","ANR45","Ankrd45"
"12858","Q810N8","Rhox11"
"12859","CC172","Ccdc172"
"12860","Q810P0","Tex13c3"
"12861","OD3L1","Odf3l1"
"12862","CDKN3","Cdkn3"
"12863","Q810P8","Ms4a5"
"12864","Q810Q0","Gm5622"
"12865","NMES1","Nmes1"
"12866","Q810R0","Gm21627"
"12867","Q810R8","Gm21249"
"12868","MCUB","Mcub"
"12869","CB074","MGI:1914608"
"12870","Q810S6","H2al1e"
"12871","CCNB3","Ccnb3"
"12872","TDM1A","Teddm1a"
"12873","NFASC","Nfasc"
"12874","NRCAM","Nrcam"
"12875","CCD50","Ccdc50"
"12876","MPP10","Mphosph10"
"12877","CXCR1","Cxcr1"
"12878","Q810Y7","Dppa1"
"12879","PRAL7","Pramel7"
"12880","Q810Y9","Pramel6"
"12881","LCN10","Lcn10"
"12882","XYLT1","Xylt1"
"12883","ATS12","Adamts12"
"12884","PRR3","Prr3"
"12885","ATG4C","Atg4c"
"12886","DLG1","Dlg1"
"12887","ANR26","Ankrd26"
"12888","ZBT41","Zbtb41"
"12889","PTHB1","Bbs9"
"12890","ZBT42","Zbtb42"
"12891","ATPF1","Atpaf1"
"12892","IREB2","Ireb2"
"12893","MAST4","Mast4"
"12894","RHG15","Arhgap15"
"12895","S36A3","Slc36a3"
"12896","RHG32","Arhgap32"
"12897","Q811Q3","Adam30"
"12898","ADA29","Adam29"
"12899","PCY1B","Pcyt1b"
"12900","UBIP1","Ubp1"
"12901","DISC1","Disc1"
"12902","MFN1","Mfn1"
"12903","SOX21","Sox21"
"12904","AARD","Aard"
"12905","CP26B","Cyp26b1"
"12906","SRGP3","Srgap3"
"12907","ANR23","Ankrd23"
"12908","PRR5","Prr5"
"12909","GPHB5","Gphb5"
"12910","AOC2","Aoc2"
"12911","CPEB2","Cpeb2"
"12912","HYAL5","Hyal5"
"12913","MGT4B","Mgat4b"
"12914","MGT4A","Mgat4a"
"12915","Q85ZW5","H2-M10.6"
"12916","Q85ZW6","H2-M10.3"
"12917","Q85ZW7","H2-M10.5"
"12918","Q85ZW8","H2-M10.4"
"12919","Q85ZW9","H2-M10.2"
"12920","PDK1","Pdk1"
"12921","T229B","TMEM229B"
"12922","OGR1","Gpr68"
"12923","WDR82","Wdr82"
"12924","DIRC2","Slc49a4"
"12925","GALD1","Gatd1"
"12926","KLH42","Klhl42"
"12927","ZCCHL","Zc3hav1l"
"12928","FSTL5","Fstl5"
"12929","GNS","Gns"
"12930","EFTU","Tufm"
"12931","ZFAN1","Zfand1"
"12932","CPPED","Cpped1"
"12933","Q8BFS8","Zfp418"
"12934","ASND1","Asnsd1"
"12935","HAUS4","Haus4"
"12936","JMJD4","Jmjd4"
"12937","SVOP","Svop"
"12938","RSPO2","Rspo2"
"12939","S39A9","Slc39a9"
"12940","H2A3","H2aw"
"12941","RN214","Rnf214"
"12942","P2Y10","P2ry10"
"12943","VGLU3","Slc17a8"
"12944","PCID2","Pcid2"
"12945","DUS4","Dusp4"
"12946","PR15B","Ppp1r15b"
"12947","TRI65","Trim65"
"12948","Q8BFW6","Entpd3"
"12949","LPP","Lpp"
"12950","GTR12","Slc2a12"
"12951","RN187","Rnf187"
"12952","Q8BFX2","Zfp438"
"12953","KCTD3","Kctd3"
"12954","PIRT","Pirt"
"12955","PEF1","Pef1"
"12956","PIMRE","Pimreg"
"12957","TNPO1","Tnpo1"
"12958","TECRL","Tecrl"
"12959","PLPR1","Plppr1"
"12960","ACTBL","Actbl2"
"12961","FXL21","Fbxl21"
"12962","IDI2","Idi2"
"12963","FA72A","Fam72a"
"12964","ERLN2","Erlin2"
"12965","2ABG","Ppp2r2c"
"12966","ROA3","Hnrnpa3"
"12967","PLD4","Pld4"
"12968","T184B","Tmem184b"
"12969","CTSL2","Ctdspl2"
"12970","S6A15","Slc6a15"
"12971","NOL12","Nol12"
"12972","NECA1","Necab1"
"12973","TMTC4","Tmtc4"
"12974","FLOWR","Cacfd1"
"12975","CLCA2","Clca2"
"12976","RUSC1","Rusc1"
"12977","Q8BG27","9930022D16Rik"
"12978","B3GL2","B3galnt2"
"12979","NELFA","Nelfa"
"12980","VEXIN","Vxn"
"12981","PSD11","Psmd11"
"12982","UBX10","Ubxn10"
"12983","DMRT2","Dmrt2"
"12984","Q8BG37","Prdx6b"
"12985","SV2B","Sv2b"
"12986","KTNB1","Katnb1"
"12987","PSB11","Psmb11"
"12988","RN152","Rnf152"
"12989","ST17B","Stk17b"
"12990","TM169","Tmem169"
"12991","MIRO1","Rhot1"
"12992","SPTC3","Sptlc3"
"12993","GP171","Gpr171"
"12994","P4HTM","P4htm"
"12995","TXNIP","Txnip"
"12996","EFR3A","Efr3a"
"12997","TYW2","Trmt12"
"12998","SH3L2","Sh3bgrl2"
"12999","TM198","Tmem198"
"13000","C19L2","Cwf19l2"
"13001","FBX46","Fbxo46"
"13002","PDIP3","Poldip3"
"13003","LAIR1","Lair1"
"13004","TET3","Tet3"
"13005","ZN365","Znf365"
"13006","CLVS2","Clvs2"
"13007","NUD15","Nudt15"
"13008","COMD7","Commd7"
"13009","MYPT2","Ppp1r12b"
"13010","Q8BG98","9130023H24Rik"
"13011","PKNX2","Pknox2"
"13012","LHPL2","Lhfpl2"
"13013","LRRT2","Lrrtm2"
"13014","KRR1","Krr1"
"13015","CG026","MGI:2442621"
"13016","ACSM5","Acsm5"
"13017","OXA1L","Oxa1l"
"13018","TTC7A","Ttc7a"
"13019","LIMD2","Limd2"
"13020","ENOPH","Enoph1"
"13021","COQ4","Coq4"
"13022","HTSF1","Htatsf1"
"13023","CE022","MGI:1925127"
"13024","MOT12","Slc16a12"
"13025","PTGR3","Zadh2"
"13026","CREG2","Creg2"
"13027","CC014","MGI:1917937"
"13028","SO4C1","Slco4c1"
"13029","CPT1C","Cpt1c"
"13030","S38A9","Slc38a9"
"13031","NPAS4","Npas4"
"13032","COA6","Coa6"
"13033","IF4B","Eif4b"
"13034","SUSD6","Susd6"
"13035","FANCM","Fancm"
"13036","ATG4B","Atg4b"
"13037","TRIM6","Trim6"
"13038","RL3R1","Rxfp3"
"13039","Q8BGF0","AW551984"
"13040","WDR92","Wdr92"
"13041","ELMD2","Elmod2"
"13042","PAN2","Pan2"
"13043","S35D3","Slc35d3"
"13044","S2544","Slc25a44"
"13045","ZNT8","Slc30a8"
"13046","Q8BGG2","Gm5148"
"13047","MSPD3","Mospd3"
"13048","UBS3B","Ubash3b"
"13049","ACNT2","Acnat2"
"13050","SAM50","Samm50"
"13051","REEP1","Reep1"
"13052","C42S2","Cdc42se2"
"13053","RNF24","Rnf24"
"13054","INSI1","Insig1"
"13055","FA13A","Fam13a"
"13056","PEX26","Pex26"
"13057","LRC39","Lrrc39"
"13058","ZDH15","Zdhhc15"
"13059","CQ100","MGI:1922554"
"13060","U2AF4","U2af1l4"
"13061","ARHL1","Adprhl1"
"13062","S35F1","Slc35f1"
"13063","YLAT2","Slc7a6"
"13064","CC018","MGI:2445137"
"13065","PPM1N","Ppm1n"
"13066","Q8BGL3","Sult2a8"
"13067","Q8BGM4","Mettl27"
"13068","BEST2","Best2"
"13069","AAKG3","Prkag3"
"13070","CD033","D3Ertd751e"
"13071","ENPP6","Enpp6"
"13072","NPAL3","Nipal3"
"13073","TMG4","Prrg4"
"13074","SYNPR","Synpr"
"13075","CA115","MGI:2444831"
"13076","TM127","Tmem127"
"13077","S2540","Slc25a40"
"13078","SPE39","Vipas39"
"13079","CSRN2","Csrnp2"
"13080","POMT2","Pomt2"
"13081","EFC14","Efcab14"
"13082","SYAC","Aars1"
"13083","Q8BGR1","Pdzph1"
"13084","LRC8D","Lrrc8d"
"13085","FA53B","Fam53b"
"13086","ARL15","Arl15"
"13087","GSKIP","Gskip"
"13088","UBCP1","Ublcp1"
"13089","MAK16","Mak16"
"13090","E41L5","Epb41l5"
"13091","BOLA2","Bola2"
"13092","ZKSC1","Zkscan1"
"13093","Q8BGS5","Zscan22"
"13094","CEPT1","Cept1"
"13095","OSTM1","Ostm1"
"13096","FLRT3","Flrt3"
"13097","ALAT2","Gpt2"
"13098","MILK1","Micall1"
"13099","SPF30","Smndc1"
"13100","PHIPL","Phyhipl"
"13101","GLT12","Galnt12"
"13102","Q8BGU0","Cyp4f39"
"13103","CBLN2","Cbln2"
"13104","CCNY","Ccny"
"13105","SYNM","Nars2"
"13106","TACD2","Tacstd2"
"13107","TTI2","Tti2"
"13108","ZNF8","Znf8"
"13109","BACD1","Kctd13"
"13110","MID51","Mief1"
"13111","ATG4D","Atg4d"
"13112","THMS1","Themis"
"13113","FTO","Fto"
"13114","WBP1L","Wbp1l"
"13115","BHE23","Bhlhe23"
"13116","DC122","Dcaf12l2"
"13117","SOSB2","Nabp1"
"13118","ST32A","Stk32a"
"13119","VGLL2","Vgll2"
"13120","DFB29","Defb29"
"13121","TRI23","Trim23"
"13122","PED1B","Pced1b"
"13123","TIM29","Timm29"
"13124","LRTM2","Lrtm2"
"13125","OFCC1","Ofcc1"
"13126","SPIDR","Spidr"
"13127","IF5A2","Eif5a2"
"13128","LUZP2","Luzp2"
"13129","KLH26","Klhl26"
"13130","TM140","Tmem140"
"13131","B3GN5","B3gnt5"
"13132","F210A","Fam210a"
"13133","SC5A7","Slc5a7"
"13134","HPCL4","Hpcal4"
"13135","F168A","Fam168a"
"13136","DCA12","Dcaf12"
"13137","CDC23","Cdc23"
"13138","K2C75","Krt75"
"13139","ZPLD1","Zpld1"
"13140","AL8A1","Aldh8a1"
"13141","TMCO3","Tmco3"
"13142","TOR4A","Tor4a"
"13143","PCKGM","Pck2"
"13144","ZN750","Znf750"
"13145","I17RE","Il17re"
"13146","AR6P6","Arl6ip6"
"13147","ORAI2","Orai2"
"13148","CNO10","Cnot10"
"13149","FBXL2","Fbxl2"
"13150","TM117","Tmem117"
"13151","TM9S4","Tm9sf4"
"13152","TM251","Tmem251"
"13153","MEGF9","Megf9"
"13154","MFSD8","Mfsd8"
"13155","SUSD4","Susd4"
"13156","SEM3D","Sema3d"
"13157","CO8B","C8b"
"13158","WASF2","Wasf2"
"13159","COR2B","Coro2b"
"13160","SC22A","Sec22a"
"13161","UBAP1","Ubap1"
"13162","SESQ1","Pheta1"
"13163","CR025","MGI:2444951"
"13164","COX14","Cox14"
"13165","CR3L2","Creb3l2"
"13166","CFA69","Cfap69"
"13167","THNS1","Thnsl1"
"13168","WDR48","Wdr48"
"13169","TIPRL","Tiprl"
"13170","CMC1","Slc25a12"
"13171","GOPC","Gopc"
"13172","F13A","F13a1"
"13173","EHD2","Ehd2"
"13174","DEN6A","Dennd6a"
"13175","ATLA1","Atl1"
"13176","SPS1","Sephs1"
"13177","FBXL4","Fbxl4"
"13178","QPCTL","Qpctl"
"13179","NU107","Nup107"
"13180","RNF41","Rnf41"
"13181","ANO10","Ano10"
"13182","NAPEP","Napepld"
"13183","ANKR9","Ankrd9"
"13184","GLUCM","Dglucy"
"13185","DEP1B","Depdc1b"
"13186","WF15A","Wfdc15a"
"13187","MISSL","Mapk1ip1l"
"13188","ECHM","Echs1"
"13189","RCN3","Rcn3"
"13190","MBOA1","Mboat1"
"13191","IN80C","Ino80c"
"13192","LRC24","Lrrc24"
"13193","DTD2","Dtd2"
"13194","PXYP1","Pxylp1"
"13195","NOD1","Nod1"
"13196","LAX1","Lax1"
"13197","WDR3","Wdr3"
"13198","CP046","MGI:1916778"
"13199","CLIC6","Clic6"
"13200","LYVE1","Lyve1"
"13201","RB39B","Rab39b"
"13202","DCAKD","Dcakd"
"13203","RHBL4","Rhbdd1"
"13204","FUT11","Fut11"
"13205","RB39A","Rab39a"
"13206","POC1B","Poc1b"
"13207","FRMD3","Frmd3"
"13208","PTBP3","Ptbp3"
"13209","PCMD2","Pcmtd2"
"13210","PRR11","Prr11"
"13211","GEMI8","Gemin8"
"13212","ATCAY","Atcay"
"13213","TM108","Tmem108"
"13214","BMP3","Bmp3"
"13215","MAIP1","Maip1"
"13216","PGPS1","Pgs1"
"13217","NRDC","Nrdc"
"13218","CZIB","Czib"
"13219","CC50B","Tmem30b"
"13220","CGBP1","Cggbp1"
"13221","AQP11","Aqp11"
"13222","RAB9B","Rab9b"
"13223","CLRN3","Clrn3"
"13224","T179A","Tmem179"
"13225","KBTB3","Kbtbd3"
"13226","ELOV5","Elovl5"
"13227","NIM1","Nim1k"
"13228","TBL1R","Tbl1xr1"
"13229","SERC5","Serinc5"
"13230","GBRA5","Gabra5"
"13231","SLU7","Slu7"
"13232","PNMA2","Pnma2"
"13233","NIPA1","Nipa1"
"13234","SCN3B","Scn3b"
"13235","S36A2","Slc36a2"
"13236","Q8BHK4","Zfp799"
"13237","SLAF7","Slamf7"
"13238","ERC6L","Ercc6l"
"13239","TB10B","Tbc1d10b"
"13240","RAI3","Gprc5a"
"13241","ELMO2","Elmo2"
"13242","FAP24","Faap24"
"13243","C42S1","Cdc42se1"
"13244","PSMF1","Psmf1"
"13245","Q8BHM7","Zfp747"
"13246","TM11F","Tmprss11f"
"13247","PPM1L","Ppm1l"
"13248","TXLNG","Txlng"
"13249","GANAB","Ganab"
"13250","RBM45","Rbm45"
"13251","CL029","MGI:1921197"
"13252","CLBA1","Clba1"
"13253","NUTM1","Nutm1"
"13254","OLM2A","Olfml2a"
"13255","ENOX1","Enox1"
"13256","CK049","MGI:1915079"
"13257","RBM22","Rbm22"
"13258","ARMX3","Armcx3"
"13259","SYBU","Sybu"
"13260","B3GLT","B3glct"
"13261","RGP1","Rgp1"
"13262","Q8BHV4","Gm6377"
"13263","OSCP1","Oscp1"
"13264","Q8BHW4","4933430I17Rik"
"13265","T255A","Tmem255a"
"13266","SPT21","Spata21"
"13267","SLNL1","Slfnl1"
"13268","Q8BHX0","4933402J07Rik"
"13269","HAUS1","Haus1"
"13270","BOREA","Cdca8"
"13271","NOC4L","Noc4l"
"13272","ANO1","Ano1"
"13273","SNX14","Snx14"
"13274","CYRIA","Cyria"
"13275","ZN592","Znf592"
"13276","CYREN","Cyren"
"13277","CEMIP","Cemip"
"13278","MAL2","Mal2"
"13279","SH2D7","Sh2d7"
"13280","RNF38","Rnf38"
"13281","CE128","Cep128"
"13282","SARG","Sarg"
"13283","JKAMP","Jkamp"
"13284","Q8BI38","Fbxw21"
"13285","SYNB","Synb"
"13286","DYRK4","Dyrk4"
"13287","Q8BI57","Fbxw13"
"13288","Q8BI58","Fbxw26"
"13289","ZN526","Znf526"
"13290","ZN473","Znf473"
"13291","ZN784","Znf784"
"13292","EX3L1","Exoc3l1"
"13293","CARF","Cdkn2aip"
"13294","ZN775","Znf775"
"13295","CCD40","Ccdc40"
"13296","TGO1","Mia3"
"13297","ZN879","Znf879"
"13298","MKX","Mkx"
"13299","FBXW8","Fbxw8"
"13300","Q8BIB6","2810021J22Rik"
"13301","Q8BIC7","Zfp763"
"13302","ZBT46","Zbtb46"
"13303","FXL14","Fbxl14"
"13304","FRM4A","Frmd4a"
"13305","C99L2","Cd99l2"
"13306","RFOX3","Rbfox3"
"13307","ZN787","Znf787"
"13308","LKAM1","Lkaaear1"
"13309","Q8BIG3","Gm9789"
"13310","FBX28","Fbxo28"
"13311","CMTD1","Comtd1"
"13312","SP130","Sap130"
"13313","PROX2","Prox2"
"13314","Q8BII3","D130040H23Rik"
"13315","SYIM","Iars2"
"13316","RUFY1","Rufy1"
"13317","DOCK9","Dock9"
"13318","TMPS7","Tmprss7"
"13319","MSD1","Msantd1"
"13320","HOOK1","Hook1"
"13321","Q8BIN3","AI854703"
"13322","Q8BIN6","Zfp595"
"13323","SYDM","Dars2"
"13324","ZNF2","Znf2"
"13325","CSTF2","Cstf2"
"13326","Q8BIQ6","Zfp947"
"13327","ZN770","Znf770"
"13328","ASTE1","Aste1"
"13329","Q8BIS1","Zfp9"
"13330","CC126","Ccdc126"
"13331","Q8BIV1","Zfp719"
"13332","RNBP6","Ranbp6"
"13333","S45A1","Slc45a1"
"13334","PRUN1","Prune1"
"13335","CTF18","Chtf18"
"13336","AL14E","Arl14ep"
"13337","FICD","Ficd"
"13338","GPTC3","Gpatch3"
"13339","ZC12D","Zc3h12d"
"13340","PCD20","Pcdh20"
"13341","ANS1B","Anks1b"
"13342","SNIP1","Snip1"
"13343","COX15","Cox15"
"13344","ZC3HE","Zc3h14"
"13345","THAP3","Thap3"
"13346","MARF1","Marf1"
"13347","TYDP1","Tdp1"
"13348","DLGP2","Dlgap2"
"13349","Q8BJ45","Zfp52"
"13350","NAGPA","Nagpa"
"13351","MFS11","Mfsd11"
"13352","PLPR5","Plppr5"
"13353","PLPL2","Pnpla2"
"13354","AP5M1","Ap5m1"
"13355","CHDH","Chdh"
"13356","KAZD1","Kazald1"
"13357","NUP93","Nup93"
"13358","RSPO4","Rspo4"
"13359","TM2D3","Tm2d3"
"13360","ZN771","Znf771"
"13361","Q8BJ95","F830045P16Rik"
"13362","S41A1","Slc41a1"
"13363","HMBX1","Hmbox1"
"13364","ITIH5","Itih5"
"13365","BTNL9","Btnl9"
"13366","CHM2B","Chmp2b"
"13367","Q8BJG1","Slc10a4l"
"13368","MOB3C","Mob3c"
"13369","ZC21A","Zc2hc1a"
"13370","S6A17","Slc6a17"
"13371","PO6F2","Pou6f2"
"13372","KCTD7","Kctd7"
"13373","SMAL1","Smarcal1"
"13374","FBX30","Fbxo30"
"13375","Q8BJL9","Ugt2b35"
"13376","R3HCL","R3hcc1l"
"13377","ZNT6","Slc30a6"
"13378","TYW1","Tyw1"
"13379","FNDC9","Fndc9"
"13380","UBP1","Usp1"
"13381","TCAM2","Ticam2"
"13382","CGAT1","Csgalnact1"
"13383","PRS27","Prss27"
"13384","SUN2","Sun2"
"13385","MAP10","Map10"
"13386","MTBP","Mtbp"
"13387","EDEM2","Edem2"
"13388","SGTA","Sgta"
"13389","TSN9","Tspan9"
"13390","RF1ML","Mtrf1l"
"13391","NOL11","Nol11"
"13392","EIF2A","Eif2a"
"13393","EME1","Eme1"
"13394","Q8BJX2","6820408C15Rik"
"13395","PSMD5","Psmd5"
"13396","LFG3","Tmbim1"
"13397","RT35","Mrps35"
"13398","MIGA2","Miga2"
"13399","FBX9","Fbxo9"
"13400","TMM11","Tmem11"
"13401","FBX44","Fbxo44"
"13402","NDUV3","Ndufv3"
"13403","NOP53","Nop53"
"13404","EST2E","Ces2e"
"13405","HBAP1","Hspbap1"
"13406","OLFL3","Olfml3"
"13407","KC1A","Csnk1a1"
"13408","AHSA1","Ahsa1"
"13409","RCC2","Rcc2"
"13410","RT27","Mrps27"
"13411","ELP6","Elp6"
"13412","DUPD1","Dupd1"
"13413","SRRM4","Srrm4"
"13414","IPO5","Ipo5"
"13415","PI4KB","Pi4kb"
"13416","R144B","Rnf144b"
"13417","FSBP","Fsbp"
"13418","CP20A","Cyp20a1"
"13419","IFT74","Ift74"
"13420","RPOM","Polrmt"
"13421","PTK7","Ptk7"
"13422","FZD10","Fzd10"
"13423","SIN1","Mapkap1"
"13424","TNR6B","Tnrc6b"
"13425","SIR7","Sirt7"
"13426","PPR1C","Ppp1r1c"
"13427","ZN689","Znf689"
"13428","GCP5","Tubgcp5"
"13429","HS3SA","Hs3st3a1"
"13430","Q8BKP2","Zfp189"
"13431","PPR37","Ppp1r37"
"13432","PUM3","Pum3"
"13433","HES7","Hes7"
"13434","GCFC2","Gcfc2"
"13435","TSN12","Tspan12"
"13436","THOC5","Thoc5"
"13437","HAUS7","Haus7"
"13438","TM87B","Tmem87b"
"13439","TICN3","Spock3"
"13440","GPC2","Gpc2"
"13441","ZCHC4","Zcchc4"
"13442","BAIP2","Baiap2"
"13443","SMG1","Smg1"
"13444","ZN410","Znf410"
"13445","MTEF2","Mterf2"
"13446","ODPX","Pdhx"
"13447","CDHR3","Cdhr3"
"13448","MCATL","Slc25a29"
"13449","UBP54","Usp54"
"13450","GP150","Gpr150"
"13451","RASFA","Rassf10"
"13452","UNK","Unk"
"13453","ABLM2","Ablim2"
"13454","EEA1","Eea1"
"13455","TF3C2","Gtf3c2"
"13456","RHG22","Arhgap22"
"13457","MBLC2","Mblac2"
"13458","CF298","Cfap298"
"13459","SRSF7","Srsf7"
"13460","DOP1","Dop1a"
"13461","DLEC1","Dlec1"
"13462","TRPA1","Trpa1"
"13463","ZFP3","Zfp3"
"13464","LMBL3","L3mbtl3"
"13465","AN34C","Ankrd34c"
"13466","LYPD1","Lypd1"
"13467","ANR55","Ankrd55"
"13468","DRD5","Drd5"
"13469","VGLU2","Slc17a6"
"13470","NCEH1","Nceh1"
"13471","CDKL3","Cdkl3"
"13472","PHF20","Phf20"
"13473","LPAR4","Lpar4"
"13474","TSP50","Prss50"
"13475","HIRP3","Hirip3"
"13476","ATL1","Adamtsl1"
"13477","DSE","Dse"
"13478","PLCX3","Plcxd3"
"13479","LSAMP","Lsamp"
"13480","KS6C1","Rps6kc1"
"13481","KLF8","Klf8"
"13482","LSS","Lss"
"13483","UNC80","Unc80"
"13484","F124B","Fam124b"
"13485","CTR4","Slc7a4"
"13486","CADM2","Cadm2"
"13487","CPNE4","Cpne4"
"13488","PSD4","Psd4"
"13489","RND1","Rnd1"
"13490","HIF1N","Hif1an"
"13491","SWAHA","Sowaha"
"13492","FLRT2","Flrt2"
"13493","MT21C","Mettl21c"
"13494","SL9A7","Slc9a7"
"13495","FUCT1","Slc35c1"
"13496","COGA1","Col16a1"
"13497","SMOC1","Smoc1"
"13498","SYTC2","Tars3"
"13499","LRFN3","Lrfn3"
"13500","HPS6","Hps6"
"13501","Q8BM11","Tgm6"
"13502","NOE2","Olfm2"
"13503","LIPK","Lipk"
"13504","CF015","Stg"
"13505","Q8BM26","9530003J23Rik"
"13506","PRP18","Prpf18"
"13507","PKHM3","Plekhm3"
"13508","MYLIP","Mylip"
"13509","TM214","Tmem214"
"13510","NYAP2","Nyap2"
"13511","HSP13","Hspa13"
"13512","ARI5B","Arid5b"
"13513","ADCL4","Aadacl4"
"13514","TBCK","Tbck"
"13515","LHPL6","Lhfpl6"
"13516","CATO","Ctso"
"13517","ARSJ","Arsj"
"13518","CADH7","Cdh7"
"13519","AGRG7","Adgrg7"
"13520","CNKR3","Cnksr3"
"13521","NPAT","Npat"
"13522","SRP68","Srp68"
"13523","EMSY","Emsy"
"13524","IF4E2","Eif4e2"
"13525","LPAR6","Lpar6"
"13526","VATG3","Atp6v1g3"
"13527","SHC2","Shc2"
"13528","NOP9","Nop9"
"13529","DZIP1","Dzip1"
"13530","CDAC1","Cdadc1"
"13531","TM260","Tmem260"
"13532","MORC4","Morc4"
"13533","SCMC1","Slc25a24"
"13534","CBLN4","Cbln4"
"13535","MAON","Me3"
"13536","ODP2","Dlat"
"13537","GRIK4","Grik4"
"13538","GLDN","Gldn"
"13539","ATRIP","Atrip"
"13540","RBGPR","Rab3gap2"
"13541","MFTC","Slc25a32"
"13542","FBX38","Fbxo38"
"13543","GGA3","Gga3"
"13544","GEN","Gen1"
"13545","SYLC","Lars1"
"13546","IF1AX","Eif1ax"
"13547","CGRF1","Cgrrf1"
"13548","SP8","Sp8"
"13549","CEP85","Cep85"
"13550","METL2","Mettl2"
"13551","CKAP4","Ckap4"
"13552","CC184","Ccdc184"
"13553","MICA2","Mical2"
"13554","OACYL","Oacyl"
"13555","Q8BML3","Glt28d2"
"13556","SYQ","Qars1"
"13557","ACHB3","Chrnb3"
"13558","LMLN","Lmln"
"13559","GPER1","Gper1"
"13560","GCP60","Acbd3"
"13561","TF3C4","Gtf3c4"
"13562","BNC2","Bnc2"
"13563","MON1B","Mon1b"
"13564","ECHA","Hadha"
"13565","SPON2","Spon2"
"13566","COQ3","Coq3"
"13567","RASF2","Rassf2"
"13568","Q8BMT0","Serpinb9d"
"13569","LRC33","Nrros"
"13570","HHAT","Hhat"
"13571","ZNF76","Znf76"
"13572","Q8BMV6","E130116L18Rik"
"13573","NIPA3","Nipal1"
"13574","ISK2","Spink2"
"13575","SEN34","Tsen34"
"13576","VRK2","Vrk2"
"13577","CC033","MGI:3607716"
"13578","RHG28","Arhgap28"
"13579","LARP6","Larp6"
"13580","KAISO","Zbtb33"
"13581","S17A5","Slc17a5"
"13582","FAT3","Fat3"
"13583","WDR35","Wdr35"
"13584","INT6L","Ints6l"
"13585","QSOX1","Qsox1"
"13586","TCAF1","Tcaf1"
"13587","DERL2","Derl2"
"13588","ATS4","Adamts4"
"13589","NMNA2","Nmnat2"
"13590","NETO2","Neto2"
"13591","KCTD6","Kctd6"
"13592","SPA2L","Spata2l"
"13593","G137B","Gpr137b"
"13594","Q8BNT5","A830031A19Rik"
"13595","ARMC6","Armc6"
"13596","TRM2A","Trmt2a"
"13597","Q8BNV8","A530064D06Rik"
"13598","KBTBB","Kbtbd11"
"13599","CLC4G","Clec4g"
"13600","NRAC","Nrac"
"13601","NCS1","Ncs1"
"13602","IQCB1","Iqcb1"
"13603","VMAC","Vmac"
"13604","TM220","Tmem220"
"13605","Q8BP18","Zfp101"
"13606","FA92A","Fam92a"
"13607","SFR1","Sfr1"
"13608","RN122","Rnf122"
"13609","PPA6","Acp6"
"13610","SYNC","NARS1"
"13611","MAP11","Metap1"
"13612","PGGHG","Pgghg"
"13613","RL24","Rpl24"
"13614","RFOX2","Rbfox2"
"13615","PSTK","Pstk"
"13616","F10C1","Fra10ac1"
"13617","SNPC4","Snapc4"
"13618","RCN2","Rcn2"
"13619","RHBD3","Rhbdd3"
"13620","CA216","MGI:3609248"
"13621","DPCD","Dpcd"
"13622","MOB1B","Mob1b"
"13623","FBLN3","Efemp1"
"13624","IDHG2","MGI:2142174"
"13625","TM177","Tmem177"
"13626","SUMF2","Sumf2"
"13627","KTU","Dnaaf2"
"13628","ZCHC3","Zcchc3"
"13629","DAAM1","Daam1"
"13630","M4K5","Map4k5"
"13631","RIC3","Ric3"
"13632","DMXL2","Dmxl2"
"13633","ZN436","Znf436"
"13634","MB212","Mab21l2"
"13635","LYPD6","Lypd6"
"13636","SGSM1","Sgsm1"
"13637","GP180","Gpr180"
"13638","IMP2L","Immp2l"
"13639","ELMO1","Elmo1"
"13640","IQCJ","Iqcj"
"13641","S15A3","Slc15a3"
"13642","FIGL1","Fignl1"
"13643","ABRX1","Abraxas1"
"13644","PPR18","Ppp1r18"
"13645","TICRR","Ticrr"
"13646","Q8BQ46","Taf15"
"13647","CNPY4","Cnpy4"
"13648","CE295","Cep295"
"13649","CHST8","Chst8"
"13650","LIX1L","Lix1l"
"13651","FJX1","Fjx1"
"13652","SAXO2","Saxo2"
"13653","IGDC3","Igdcc3"
"13654","RBAK","Rbak"
"13655","UBAD2","Ubald2"
"13656","CDCP2","Cdcp2"
"13657","Q8BQJ2","3830417A13Rik"
"13658","TRM2","Trmt2b"
"13659","HEAT3","Heatr3"
"13660","SMCO3","Smco3"
"13661","EMAL5","Eml5"
"13662","MD12L","Med12l"
"13663","FA78B","Fam78b"
"13664","OZF","Znf146"
"13665","Q8BQP1","Gm11733"
"13666","RFIP4","Rab11fip4"
"13667","R7BP","Rgs7bp"
"13668","ZDH14","Zdhhc14"
"13669","Q8BQQ8","B430305J03Rik"
"13670","KANL2","Kansl2"
"13671","MAGBI","Mageb18"
"13672","F102B","Fam102b"
"13673","PAQR2","Adipor2"
"13674","Q8BQT1","Ifnz"
"13675","DIK1C","Dipk1c"
"13676","SDHF3","Sdhaf3"
"13677","CXG2","Gjc2"
"13678","TMM74","Tmem74"
"13679","Q8BQU9","Gm12689"
"13680","TMCO6","Tmco6"
"13681","HUS1","Hus1"
"13682","RLGPB","Ralgapb"
"13683","CPSF4","Cpsf4"
"13684","KCNS3","Kcns3"
"13685","BICD1","Bicd1"
"13686","F180A","Fam180a"
"13687","IFM10","Ifitm10"
"13688","F214B","Fam214b"
"13689","NHLC1","Nhlrc1"
"13690","F177A","Fam177a1"
"13691","SDS3","Suds3"
"13692","YIPF6","Yipf6"
"13693","MKS3","Tmem67"
"13694","KIRR3","Kirrel3"
"13695","CE051","MGI:2146232"
"13696","PALM2","Palm2"
"13697","HARB1","Harbi1"
"13698","KAT6B","Kat6b"
"13699","CFA91","Cfap91"
"13700","RD3","Rd3"
"13701","SCFD1","Scfd1"
"13702","KLH24","Klhl24"
"13703","TM209","Tmem209"
"13704","TMTC3","Tmtc3"
"13705","RHG19","Arhgap19"
"13706","KMT2C","Kmt2c"
"13707","RELL2","Rell2"
"13708","PPR3E","Ppp1r3e"
"13709","AAPK2","Prkaa2"
"13710","MA2A2","Man2a2"
"13711","GORAB","Gorab"
"13712","MEI4","Mei4"
"13713","C2D1B","Cc2d1b"
"13714","CLAP2","Clasp2"
"13715","Q8BRT5","A830005F24Rik"
"13716","CLC9A","Clec9a"
"13717","VMAT2","Slc18a2"
"13718","K1671","Kiaa1671"
"13719","MARH3","Marchf3"
"13720","PI15","Pi15"
"13721","Q8BS30","Svs2"
"13722","ALKMO","Agmo"
"13723","CCD32","Ccdc32"
"13724","CPTP","Cptp"
"13725","IFT56","Ttc26"
"13726","Q8BS54","Zmym6"
"13727","BORA","Bora"
"13728","GPHR","Gpr89a"
"13729","TYW3","Tyw3"
"13730","CXD4","Gjd4"
"13731","SHE","She"
"13732","Q8BSD7","Gm10190"
"13733","RMD2","Rmdn2"
"13734","PISD","Pisd"
"13735","KLH38","Klhl38"
"13736","Q8BSH2","Olfml1"
"13737","R3HC1","R3hcc1"
"13738","KS6B1","Rps6kb1"
"13739","Q8BSL0","Zkscan8"
"13740","HS3S5","Hs3st5"
"13741","ARF2","Arf2"
"13742","GAB3","Gab3"
"13743","LAT3","Slc43a1"
"13744","CC151","Ccdc151"
"13745","PHF23","Phf23"
"13746","FAKD3","Fastkd3"
"13747","CNDH2","Ncaph2"
"13748","PB1","Pbrm1"
"13749","LIPA2","Ppfia2"
"13750","PELI2","Peli2"
"13751","CXL16","Cxcl16"
"13752","MOB3A","Mob3a"
"13753","BEND7","Bend7"
"13754","ASPH","Asph"
"13755","AP3S2","Ap3s2"
"13756","CEP55","Cep55"
"13757","CNOT4","Cnot4"
"13758","ARMD4","Armh4"
"13759","ISK6","Spink6"
"13760","MTLN","Mtln"
"13761","SMIM5","Smim5"
"13762","COA4","COA4"
"13763","CPNE3","Cpne3"
"13764","CP090","MGI:1920511"
"13765","CL073","MGI:3698433"
"13766","SDHF4","Sdhaf4"
"13767","CEBOS","Cebpzos"
"13768","WFD21","Wfdc21"
"13769","DNLI4","Lig4"
"13770","RALYL","Ralyl"
"13771","T11L1","Tcp11l1"
"13772","CL049","MGI:1924042"
"13773","NDRG4","Ndrg4"
"13774","SCRT2","Scrt2"
"13775","KC1G1","Csnk1g1"
"13776","ANR52","Ankrd52"
"13777","SRRM2","Srrm2"
"13778","PK3CB","Pik3cb"
"13779","ENPP4","Enpp4"
"13780","SMYD4","Smyd4"
"13781","FLNA","Flna"
"13782","GRP4","Rasgrp4"
"13783","LENG9","Leng9"
"13784","PIGZ","Pigz"
"13785","MO2R5","Cd200r5"
"13786","PCGF3","PcgF3"
"13787","DUS28","Dusp28"
"13788","Q8BTS3","Gbp9"
"13789","NUP54","Nup54"
"13790","DIEXF","Diexf"
"13791","CFA20","Cfap20"
"13792","RCCD1","Rccd1"
"13793","TUSC3","Tusc3"
"13794","CPSF7","Cpsf7"
"13795","EXOS6","Exosc6"
"13796","CK5P1","Cdk5rap1"
"13797","PAK4","Pak4"
"13798","HSDL1","Hsdl1"
"13799","KAT1","Kyat1"
"13800","S4A7","Slc4a7"
"13801","SCFD2","Scfd2"
"13802","APC5","Anapc5"
"13803","ANR46","Ankrd46"
"13804","GMPPB","Gmppb"
"13805","IKZF5","Ikzf5"
"13806","PWP2","Pwp2"
"13807","UBR7","Ubr7"
"13808","TOX4","Tox4"
"13809","SEC62","Sec62"
"13810","PAMR1","Pamr1"
"13811","PPM1M","Ppm1m"
"13812","SYIC","Iars1"
"13813","RAP2C","Rap2c"
"13814","HACL2","Ilvbl"
"13815","NAL4A","Nlrp4a"
"13816","Q8BU47","Ftdc2"
"13817","BPIB6","Bpifb6"
"13818","MSRB3","Msrb3"
"13819","RM22","Mrpl22"
"13820","Q8BU90","Olfm5"
"13821","S26A9","Slc26a9"
"13822","WDFY2","Wdfy2"
"13823","UST","Ust"
"13824","GPR4","Gpr4"
"13825","SL9A4","Slc9a4"
"13826","FSP1","Aifm2"
"13827","MUC20","Muc20"
"13828","CNDP1","Cndp1"
"13829","CAYP2","Caps2"
"13830","TXN4B","Txnl4b"
"13831","RNF26","Rnf26"
"13832","SENP7","Senp7"
"13833","LRWD1","LRWD1"
"13834","LRP12","Lrp12"
"13835","HOOK3","Hook3"
"13836","KLHL7","Klhl7"
"13837","PKHA1","Plekha1"
"13838","PTN7","Ptpn7"
"13839","F163B","Fam163b"
"13840","UBP43","Usp43"
"13841","SMAD3","Smad3"
"13842","FA43A","Fam43a"
"13843","FOXJ3","Foxj3"
"13844","DOCK1","Dock1"
"13845","Q8BUR5","Gm9918"
"13846","MZT1","Mzt1"
"13847","GEPH","Gphn"
"13848","LSM11","Lsm11"
"13849","GP107","Gpr107"
"13850","Q8BUW1","Kcnk10"
"13851","RHBG","Rhbg"
"13852","Q8BUY2","Aadacl2fm1"
"13853","TIDC1","Timmdc1"
"13854","GASP2","Gprasp2"
"13855","PGTB1","Pggt1b"
"13856","ABRA","Abra"
"13857","TIGD4","Tigd4"
"13858","CSN7B","Cops7b"
"13859","Q8BV16","Zfp398"
"13860","ZN786","Znf786"
"13861","IFIX","Pyhin1"
"13862","SRCRL","Ssc5d"
"13863","IFI44","Ifi44"
"13864","TRNK1","Trank1"
"13865","PRR9","Prr9"
"13866","TM222","Tmem222"
"13867","LMOD1","Lmod1"
"13868","LDAH","Ldah"
"13869","DFB42","Defb42"
"13870","DFB22","Defb22"
"13871","CCD68","Ccdc68"
"13872","Q8BVD2","Cyp2d12"
"13873","MPP7","Mpp7"
"13874","C1QT7","C1qtnf7"
"13875","VATH","Atp6v1h"
"13876","NSD2","Nsd2"
"13877","PDCL3","Pdcl3"
"13878","CCD30","Ccdc30"
"13879","APH1A","Aph1a"
"13880","AMZ1","Amz1"
"13881","DPP9","Dpp9"
"13882","GLT14","Galnt14"
"13883","NAT14","Nat14"
"13884","METL6","Mettl6"
"13885","DHPR","Qdpr"
"13886","STX16","Stx16"
"13887","Q8BVJ3","BC024139"
"13888","SP110","Sp110"
"13889","SNX17","Snx17"
"13890","JKIP1","Jakmip1"
"13891","ANTRL","Antxrl"
"13892","AZIN2","Azin2"
"13893","FACC1","Flacc1"
"13894","PH11A","Phf11a"
"13895","CC122","Ccdc122"
"13896","CTSR4","Catsper4"
"13897","MTEF4","Mterf4"
"13898","S2541","Slc25a41"
"13899","IDLC","Dnali1"
"13900","MAEL","Mael"
"13901","TRIML","Triml1"
"13902","Q8BVP2","Ldhal6b"
"13903","KC1G2","Csnk1g2"
"13904","LYPD4","Lypd4"
"13905","PPME1","Ppme1"
"13906","BAFL","Banf2"
"13907","Q8BVR5","4930474N05Rik"
"13908","RSPRY","Rspry1"
"13909","PP2D1","Pp2d1"
"13910","Q8BVT7","4921511C20Rik"
"13911","LRCH3","Lrch3"
"13912","NUDT9","Nudt9"
"13913","CEP95","Cep95"
"13914","GANC","Ganc"
"13915","TRI14","Trim14"
"13916","RL1D1","Rsl1d1"
"13917","Q8BVY4","Supt3"
"13918","PLIN5","Plin5"
"13919","IL33","Il33"
"13920","PTH","Ptrh1"
"13921","NOB1","Nob1"
"13922","PRS58","Prss58"
"13923","CREST","Ss18l1"
"13924","PMGT2","Pomgnt2"
"13925","Q8BW45","E330021D16Rik"
"13926","TTC12","Ttc12"
"13927","GTDC1","Gtdc1"
"13928","S2548","Slc25a48"
"13929","UBP38","Usp38"
"13930","KDM4A","Kdm4a"
"13931","HLF","Hlf"
"13932","AOFB","Maob"
"13933","ARG33","Arhgef33"
"13934","PKHS1","Plekhs1"
"13935","C5AR2","C5ar2"
"13936","DYH3","Dnah3"
"13937","KCC1D","Camk1d"
"13938","KLH31","Klhl31"
"13939","ARHGJ","Arhgef19"
"13940","SYP2L","Synpo2l"
"13941","STEA2","Steap2"
"13942","TPC2","Tpcn2"
"13943","IP6K3","Ip6k3"
"13944","CDK19","Cdk19"
"13945","Q8BWE1","1810024B03Rik"
"13946","SSDH","Aldh5a1"
"13947","GIMA5","Gimap5"
"13948","K1755","MGI:3606579"
"13949","Q8BWG6","Slc22a29"
"13950","ARRB1","Arrb1"
"13951","CRCM1","Orai1"
"13952","S38A7","Slc38a7"
"13953","KPB2","Phka2"
"13954","LRAD4","Ldlrad4"
"13955","RBMS3","Rbms3"
"13956","PGES2","Ptges2"
"13957","Q8BWM3","Stfa2l1"
"13958","ACOT4","Acot4"
"13959","TTPA","Ttpa"
"13960","B4GA1","B4gat1"
"13961","UD2A3","Ugt2a3"
"13962","CMTR2","Cmtr2"
"13963","DCLK3","Dclk3"
"13964","VP35L","Vps35l"
"13965","PITH1","Pithd1"
"13966","UBP40","Usp40"
"13967","RHPN2","Rhpn2"
"13968","GRIN3","Gprin3"
"13969","THIM","Acaa2"
"13970","DIP2A","Dip2a"
"13971","SPRN","Sprn"
"13972","F131A","Fam131a"
"13973","OSGEP","Osgep"
"13974","AT2L1","Etnppl"
"13975","LARP4","Larp4"
"13976","PKN2","Pkn2"
"13977","CLC1A","Clec1a"
"13978","ERF1","Etf1"
"13979","MBLC1","Mblac1"
"13980","S39AB","Slc39a11"
"13981","CIP2A","Cip2a"
"13982","NAA25","Naa25"
"13983","KANK2","Kank2"
"13984","GLPK5","Gk5"
"13985","CTDS2","Ctdsp2"
"13986","RBBP5","Rbbp5"
"13987","PGAM5","Pgam5"
"13988","UBE3D","Ube3d"
"13989","GEMI5","Gemin5"
"13990","Q8BX20","Gm5662"
"13991","SALL4","Sall4"
"13992","Q8BX23","Zfp874a"
"13993","SLX1","Slx1b"
"13994","TNR27","Eda2r"
"13995","ACP7","Acp7"
"13996","Q8BX39","Cphx3"
"13997","TR19L","Relt"
"13998","SKOR1","Skor1"
"13999","SGCZ","Sgcz"
"14000","PXK","Pxk"
"14001","MDFIC","Mdfic"
"14002","VP13C","Vps13c"
"14003","GPR21","Gpr21"
"14004","ENASE","Engase"
"14005","FND3A","Fndc3a"
"14006","OSBL2","Osbpl2"
"14007","LRFN5","Lrfn5"
"14008","GOLI4","Golim4"
"14009","CLP1L","Clptm1l"
"14010","CLD17","Cldn17"
"14011","PHLP2","Phlpp2"
"14012","SO2B1","Slco2b1"
"14013","COMD2","Commd2"
"14014","ACTT3","Actrt3"
"14015","IFT57","Ift57"
"14016","Q8BXH3","Gucy1b2"
"14017","TREF1","Trerf1"
"14018","Z385B","Znf385b"
"14019","TMM62","Tmem62"
"14020","SAMTR","Bmt2"
"14021","AGAP1","Agap1"
"14022","CLIC5","Clic5"
"14023","ARFRP","Arfrp1"
"14024","IFFO1","Iffo1"
"14025","PPM1K","Ppm1k"
"14026","TM87A","Tmem87a"
"14027","PANKY","Ankrd33"
"14028","PIGT","Pigt"
"14029","LRTM1","Lrtm1"
"14030","AMPO","Aopep"
"14031","FA53C","Fam53c"
"14032","S7A14","Slc7a14"
"14033","NALCN","Nalcn"
"14034","PELI3","Peli3"
"14035","OSBL6","Osbpl6"
"14036","GP152","Gpr152"
"14037","RGS8","Rgs8"
"14038","SC22C","Sec22c"
"14039","BRI3B","Bri3bp"
"14040","ZBT49","Zbtb49"
"14041","CC169","Ccdc169"
"14042","CTXN3","Ctxn3"
"14043","TMX3","Tmx3"
"14044","NKRF","Nkrf"
"14045","FGD2","Fgd2"
"14046","ZN574","Znf574"
"14047","Q8BY68","P2ry10b"
"14048","HAT1","Hat1"
"14049","S35G1","Slc35g1"
"14050","UBP47","Usp47"
"14051","CTL2","Slc44a2"
"14052","SWAHD","Sowahd"
"14053","TBCD","Tbcd"
"14054","PGLT1","Poglut1"
"14055","GPR20","Gpr20"
"14056","TAOK3","Taok3"
"14057","SC5A8","Slc5a8"
"14058","TTC24","Ttc24"
"14059","EPHAA","Epha10"
"14060","DRGX","Drgx"
"14061","TRM13","Trmt13"
"14062","TBC17","Tbc1d17"
"14063","CHD9","Chd9"
"14064","PCAT2","Lpcat2"
"14065","F234B","Fam234b"
"14066","TENR","Tnr"
"14067","TBCD4","Tbc1d4"
"14068","RDH12","Rdh12"
"14069","PHAR3","Phactr3"
"14070","YTHD3","Ythdf3"
"14071","ZC3H6","Zc3h6"
"14072","SYYM","Yars2"
"14073","Q8BYM1","Hbq1a"
"14074","NLGN3","Nlgn3"
"14075","RSH4A","Rsph4a"
"14076","SYCM","Cars2"
"14077","ITPK1","Itpk1"
"14078","FSD1L","Fsd1l"
"14079","RHOF","Rhof"
"14080","TYW4","Lcmt2"
"14081","LATS1","Lats1"
"14082","CAPS2","Cadps2"
"14083","S41A2","Slc41a2"
"14084","TOIP2","Tor1aip2"
"14085","RHG25","Arhgap25"
"14086","EOGT","Eogt"
"14087","TT39B","Ttc39b"
"14088","SPA3B","Serpina3b"
"14089","ABI3","Abi3"
"14090","ELMO3","Elmo3"
"14091","SL9A9","Slc9a9"
"14092","KPCD2","Prkd2"
"14093","ARAP2","Arap2"
"14094","ODC","Slc25a21"
"14095","TM11G","Tmprss11g"
"14096","Q8BZ17","Zfp459"
"14097","PAR12","Parp12"
"14098","KAT6A","Kat6a"
"14099","ANKK1","Ankk1"
"14100","ASXL2","Asxl2"
"14101","TENS4","Tns4"
"14102","ZN641","Znf641"
"14103","RINT1","Rint1"
"14104","NMUR2","Nmur2"
"14105","ZN609","Znf609"
"14106","FSD2","Fsd2"
"14107","STON2","Ston2"
"14108","TECT1","Tctn1"
"14109","STAC3","Stac3"
"14110","LRRT3","Lrrtm3"
"14111","Q8BZ82","Slc13a4"
"14112","ZN322","Znf322"
"14113","ZMAT4","Zmat4"
"14114","PRDM8","Prdm8"
"14115","DYN3","Dnm3"
"14116","GPR26","Gpr26"
"14117","TIGAR","Tigar"
"14118","COAC","Ppcdc"
"14119","TM266","Tmem266"
"14120","DMBTL","MGI:1918645"
"14121","NIPA4","Nipal4"
"14122","PGM5","Pgm5"
"14123","RRNAD","Rrnad1"
"14124","S39AD","Slc39a13"
"14125","TGM4","Tgm4"
"14126","POGZ","Pogz"
"14127","Q8BZH8","Svs3b"
"14128","AF1L1","Afap1l1"
"14129","GUCD1","Gucd1"
"14130","DCNL2","Dcun1d2"
"14131","CH034","MGI:2444149"
"14132","S35F4","Slc35f4"
"14133","NEUR4","Neu4"
"14134","GPR22","Gpr22"
"14135","LMO3","Lmo3"
"14136","KLH12","Klhl12"
"14137","GLMN","Glmn"
"14138","KCNV1","Kcnv1"
"14139","NUAK2","Nuak2"
"14140","DOC10","Dock10"
"14141","NPSR1","Npsr1"
"14142","CRLD2","Crispld2"
"14143","ANC2","Anapc2"
"14144","GPR82","Gpr82"
"14145","NCBP3","Ncbp3"
"14146","DHX32","Dhx32"
"14147","SH3R2","Sh3rf2"
"14148","LRC19","Lrrc19"
"14149","Q8BZT7","Pla2g3"
"14150","LACC1","Lacc1"
"14151","SWAHB","Sowahb"
"14152","ZN120","Zfp120"
"14153","NHLC2","Nhlrc2"
"14154","SREK1","Srek1"
"14155","Q8BZY3","Ddx19b"
"14156","WWP1","Wwp1"
"14157","TRI35","Trim35"
"14158","DZAN1","Dzank1"
"14159","GPR61","Gpr61"
"14160","TPBGL","Tpbgl"
"14161","PAK5","Pak5"
"14162","CHPT1","Chpt1"
"14163","LRC4C","Lrrc4c"
"14164","ARHGA","Arhgef10"
"14165","ENO4","Eno4"
"14166","KS6A5","Rps6ka5"
"14167","MAP1S","Map1s"
"14168","KKCC2","Camkk2"
"14169","STRP1","Strip1"
"14170","SNX16","Snx16"
"14171","Q8C084","Snx22"
"14172","EGFEM","Egfem1"
"14173","TAF5","Taf5"
"14174","ZHX2","Zhx2"
"14175","CCSE1","Ccser1"
"14176","SYFA","Farsa"
"14177","TRUB1","Trub1"
"14178","RHG12","Arhgap12"
"14179","EFL1","Efl1"
"14180","ING4","Ing4"
"14181","CEP68","Cep68"
"14182","VP26B","Vps26b"
"14183","TRI47","Trim47"
"14184","Q8C0E6","Zfp286"
"14185","PRS35","Prss35"
"14186","T3JAM","Traf3ip3"
"14187","ADAS","Agps"
"14188","EPC2","Epc2"
"14189","A16L1","Atg16l1"
"14190","SWAHC","Sowahc"
"14191","GDC","Slc25a16"
"14192","TMX4","Tmx4"
"14193","PAOX","Paox"
"14194","COG5","Cog5"
"14195","GPCP1","Gpcpd1"
"14196","WDR59","Wdr59"
"14197","DNAI1","Dnai1"
"14198","ASGL1","Asrgl1"
"14199","SMKZ","Gm4922"
"14200","KIF2B","Kif2b"
"14201","GPAT3","Gpat3"
"14202","GWL","Mastl"
"14203","COR2A","Coro2a"
"14204","ZN451","Znf451"
"14205","ZHX3","Zhx3"
"14206","TTC34","Ttc34"
"14207","NEK11","Nek11"
"14208","Q8C0Q5","Zfp317"
"14209","RPGF5","Rapgef5"
"14210","UBP37","Usp37"
"14211","ZMY15","Zmynd15"
"14212","LRRD1","Lrrd1"
"14213","Q8C0S0","4932411N23Rik"
"14214","DI3L1","Dis3l"
"14215","Q8C0S2","Olfr112"
"14216","TT21A","Ttc21a"
"14217","XKR8","Xkr8"
"14218","FM1AB","Fem1ab"
"14219","SI1L1","Sipa1l1"
"14220","MFSD9","Mfsd9"
"14221","ADCYA","Adcy10"
"14222","TLK1","Tlk1"
"14223","TERB1","Terb1"
"14224","SMKW","Stk-ps2"
"14225","FRMD6","Frmd6"
"14226","ANMY1","Ankmy1"
"14227","LCA5L","Lca5l"
"14228","SL9B1","Slc9b1"
"14229","Q8C0X7","Slco6c1"
"14230","SMKX","MGI:2685851"
"14231","PP4R4","Ppp4r4"
"14232","TGIF2","Tgif2"
"14233","F234A","Fam234a"
"14234","GALT5","Galnt5"
"14235","SLIK6","Slitrk6"
"14236","PKHH2","Plekhh2"
"14237","Q8C116","Fmo9"
"14238","NDNF","Ndnf"
"14239","SH3R3","Sh3rf3"
"14240","LCAP","Lnpep"
"14241","HCAR1","Hcar1"
"14242","ADTRP","Adtrp"
"14243","ARH","Ldlrap1"
"14244","S39A6","Slc39a6"
"14245","DOCK8","Dock8"
"14246","TET5B","Tent5b"
"14247","CND2","Ncaph"
"14248","TTC22","Ttc22"
"14249","MSLNL","Mslnl"
"14250","EXOG","Exog"
"14251","P20D1","Pm20d1"
"14252","CPNE1","Cpne1"
"14253","PPCEL","Prepl"
"14254","MYO9A","Myo9a"
"14255","CERS6","Cers6"
"14256","TAF2","Taf2"
"14257","FRS2","Frs2"
"14258","MBNL2","Mbnl2"
"14259","BPIFC","Bpifc"
"14260","VP9D1","Vps9d1"
"14261","CPSM","Cps1"
"14262","MTRR","Mtrr"
"14263","THOP1","Thop1"
"14264","ABD18","Abhd18"
"14265","CAMP2","Camsap2"
"14266","PARPT","Tiparp"
"14267","SEP11","Septin11"
"14268","SAPL1","Psapl1"
"14269","PNMA1","Pnma1"
"14270","IWS1","Iws1"
"14271","BPIB2","Bpifb2"
"14272","TACAN","Tmem120a"
"14273","CGAT2","Csgalnact2"
"14274","TTC16","Ttc16"
"14275","KR163","Krtap16-3"
"14276","ZN428","Znf428"
"14277","DFA22","Defa22"
"14278","DFA21","Defa21"
"14279","METRN","Metrn"
"14280","SMIM4","Smim4"
"14281","TSSK5","Tssk5"
"14282","CQ050","MGI:1913580"
"14283","MED19","Med19"
"14284","CLC2H","Clec2h"
"14285","VASH1","Vash1"
"14286","CCZ1","Ccz1"
"14287","BBS4","Bbs4"
"14288","TM10A","Trmt10a"
"14289","GP157","Gpr157"
"14290","IKZF4","Ikzf4"
"14291","DPEP2","Dpep2"
"14292","NCKX5","Slc24a5"
"14293","IIGP5","Irgc"
"14294","SKA3","Ska3"
"14295","SETB2","Setdb2"
"14296","SEN54","Tsen54"
"14297","HDAC7","Hdac7"
"14298","PTCD1","Ptcd1"
"14299","WASC5","Washc5"
"14300","DEFI6","Def6"
"14301","RASL3","Rasal3"
"14302","T161B","Tmem161b"
"14303","DUS1L","Dus1l"
"14304","RBM14","Rbm14"
"14305","PIGM","Pigm"
"14306","UBP44","Usp44"
"14307","FBXL5","Fbxl5"
"14308","AMGO3","Amigo3"
"14309","Q8C2W8","Fbxw19"
"14310","Q8C2Y5","Fbxw14"
"14311","ROBO4","Robo4"
"14312","SUCO","Suco"
"14313","LAYN","Layn"
"14314","TM252","Tmem252"
"14315","Q8C393","Zim1"
"14316","PIGW","Pigw"
"14317","RFT1","Rft1"
"14318","F120C","Fam120c"
"14319","KLH30","Klhl30"
"14320","HGH1","Hgh1"
"14321","DIK2B","Dipk2b"
"14322","DOCK2","Dock2"
"14323","TMM72","Tmem72"
"14324","SC5A1","Slc5a1"
"14325","SSUH2","Ssuh2"
"14326","Q8C3L5","Gm10283"
"14327","CB080","MGI:2138198"
"14328","MTA70","Mettl3"
"14329","SHSA7","Shisa7"
"14330","CASP9","Casp9"
"14331","BRAT1","Brat1"
"14332","TNG6","Tango6"
"14333","Q8C3U9","Zbtb37"
"14334","CA198","MGI:1916801"
"14335","CC90B","Ccdc90b"
"14336","GUF1","Guf1"
"14337","LMF2","Lmf2"
"14338","KNTC1","Kntc1"
"14339","YIPF4","Yipf4"
"14340","GP158","Gpr158"
"14341","TMC7","Tmc7"
"14342","RN182","Rnf182"
"14343","MT21D","Vcpkmt"
"14344","PEX5R","Pex5l"
"14345","FRITZ","Wdpcp"
"14346","ERI3","Eri3"
"14347","PRR33","Prr33"
"14348","AQP6","Aqp6"
"14349","ASXL3","Asxl3"
"14350","U119B","Unc119b"
"14351","Q8C4D8","Gm11541"
"14352","AGRA1","Adgra1"
"14353","SAMD3","Samd3"
"14354","CCD60","Ccdc60"
"14355","TBL3","Tbl3"
"14356","Q8C4L8","C130073F10Rik"
"14357","CENPU","Cenpu"
"14358","LAAT1","Slc66a1"
"14359","K1958","MGI:2442164"
"14360","AIDA","Aida"
"14361","TM154","Tmem154"
"14362","DEN2A","Dennd2a"
"14363","Q8C4T2","B930094E09Rik"
"14364","TM145","Tmem145"
"14365","SFRP1","Sfrp1"
"14366","RHG24","Arhgap24"
"14367","FBXL3","Fbxl3"
"14368","NRN1L","Nrn1l"
"14369","Q8C4X0","A730071L15Rik"
"14370","CENPX","Cenpx"
"14371","KC1G3","Csnk1g3"
"14372","MNARL","Minar2"
"14373","NELFB","Nelfb"
"14374","SIT1","Sit1"
"14375","ENDD1","Endod1"
"14376","M21D2","Mb21d2"
"14377","HTR5B","Heatr5b"
"14378","R51A1","Rad51ap1"
"14379","FA78A","Fam78a"
"14380","LMBD2","Lmbrd2"
"14381","NCTR1","Ncr1"
"14382","F118B","Fam118b"
"14383","RAE1L","Rae1"
"14384","TMM91","Tmem91"
"14385","TTMP","MGI:2384848"
"14386","Q8C5D3","9030025P20Rik"
"14387","PIAS2","Pias2"
"14388","VASH2","Vash2"
"14389","ANO4","Ano4"
"14390","NAKD2","Nadk2"
"14391","CX038","MGI:1916405"
"14392","CNOT2","Cnot2"
"14393","INP5K","Inpp5k"
"14394","RBM34","Rbm34"
"14395","CWC22","Cwc22"
"14396","PDD2L","Pdcd2l"
"14397","NT5D1","Nt5dc1"
"14398","TDRP","Tdrp"
"14399","GRSF1","Grsf1"
"14400","PRSR2","Proser2"
"14401","Q8C5R5","BB014433"
"14402","Q8C5R8","Prps1l1"
"14403","CC022","MGI:2679261"
"14404","REC8","Rec8"
"14405","MORN3","Morn3"
"14406","CC113","Ccdc113"
"14407","Q8C5U0","4933409G03Rik"
"14408","SPEM2","Spem2"
"14409","UBQL3","Ubqln3"
"14410","SPT32","Spata32"
"14411","WDR27","Wdr27"
"14412","CC187","Ccdc187"
"14413","CLMN","Clmn"
"14414","TBCEL","Tbcel"
"14415","MOR2B","Morc2b"
"14416","Q8C5X1","4931406P16Rik"
"14417","Q8C5X9","Gm5142"
"14418","Q8C5Y0","4930572O03Rik"
"14419","Q8C5Y2","Gm9999"
"14420","Q8C5Z3","Ssxb2"
"14421","Q8C5Z4","Defb21"
"14422","Q8C5Z9","Lypd9"
"14423","SPT33","Spata33"
"14424","F221B","Fam221b"
"14425","Q8C632","Dnajc5g"
"14426","CABS1","Cabs1"
"14427","Q8C634","Clec2m"
"14428","Q8C635","Gykl1"
"14429","SPT16","Spata16"
"14430","Q8C646","Gm21119"
"14431","Q8C648","Gm10309"
"14432","SEP10","Septin10"
"14433","PELI1","Peli1"
"14434","Q8C689","Zfp113"
"14435","BHE22","Bhlhe22"
"14436","Q8C6B0","Mettl7a1"
"14437","RTKN","Rtkn"
"14438","AROS","Rps19bp1"
"14439","F204A","Fam204a"
"14440","LEG1H","Leg1"
"14441","BEND5","Bend5"
"14442","CFA36","Cfap36"
"14443","Q8C6E1","Apol7c"
"14444","Q8C6G0","Ifi27"
"14445","CF410","Cfap410"
"14446","WDR26","Wdr26"
"14447","SDHF2","Sdhaf2"
"14448","NAL4B","Nlrp4b"
"14449","CO6A6","Col6a6"
"14450","CGAS","Cgas"
"14451","Q8C6L9","Gm6367"
"14452","UBP20","Usp20"
"14453","SYT15","Syt15"
"14454","Q8C6P5","Dnaaf6b"
"14455","ZFP57","Zfp57"
"14456","Q8C6S1","AA792892"
"14457","CFA54","Cfap54"
"14458","S66A3","Slc66a3"
"14459","TM212","Tmem212"
"14460","ASB14","Asb14"
"14461","Q8C6Y9","Gm5105"
"14462","MUC15","Muc15"
"14463","CP054","MGI:2141979"
"14464","BTBD9","Btbd9"
"14465","F126B","Fam126b"
"14466","LIN9","Lin9"
"14467","F110B","Fam110b"
"14468","K0556","Kiaa0556"
"14469","VPS52","Vps52"
"14470","WDR60","Wdr60"
"14471","PPR3B","Ppp1r3b"
"14472","RADX","Radx"
"14473","MOSMO","Mosmo"
"14474","F221A","Fam221a"
"14475","RCOR2","Rcor2"
"14476","FXL22","Fbxl22"
"14477","ZSWM4","Zswim4"
"14478","CRBN","Crbn"
"14479","Q8C7D3","Pabpc5"
"14480","STBD1","Stbd1"
"14481","CSTFT","Cstf2t"
"14482","APOA5","Apoa5"
"14483","MMAA","Mmaa"
"14484","Q8C7I4","Apol9b"
"14485","Q8C7J6","Kctd12b"
"14486","PCYXL","Pcyox1l"
"14487","TRIM9","Trim9"
"14488","APH1B","Aph1b"
"14489","RBM4","Rbm4"
"14490","Q8C7R2","Gm3411"
"14491","UBA6","Uba6"
"14492","RFX6","Rfx6"
"14493","Q8C7T0","Rps23rg1"
"14494","N4BP3","N4bp3"
"14495","GALT6","Galnt6"
"14496","UTP15","Utp15"
"14497","CC134","Ccdc134"
"14498","DCR1B","Dclre1b"
"14499","EMC1","Emc1"
"14500","SPICE","Spice1"
"14501","S35E2","Slc35e2a"
"14502","T200A","Tmem200a"
"14503","ZFP62","Zfp62"
"14504","KBTBD","Kbtbd13"
"14505","TARG1","Trarg1"
"14506","SCAR3","Scara3"
"14507","MYEF2","Myef2"
"14508","ITCH","Itch"
"14509","UBA3","Uba3"
"14510","Q8C879","Zfp202"
"14511","PKHN1","Plekhn1"
"14512","Q8C898","C130026I21Rik"
"14513","ALX1","Alx1"
"14514","RTP1","Rtp1"
"14515","Q8C8E0","Gm13199"
"14516","KY","Ky"
"14517","STPG2","Stpg2"
"14518","SRS12","Srsf12"
"14519","Q8C8K6","Atxn7l2"
"14520","SHCAF","Sinhcaf"
"14521","SCAI","Scai"
"14522","VWC2","Vwc2"
"14523","ANK2","Ank2"
"14524","Q8C8S0","Zbtb26"
"14525","T150C","Tmem150c"
"14526","ELFN1","Elfn1"
"14527","TSR2","Tsr2"
"14528","LIPB1","Ppfibp1"
"14529","ZXDC","Zxdc"
"14530","Q8C8W7","A930004D18Rik"
"14531","Q8C8Y3","A930002H24Rik"
"14532","SAMD7","Samd7"
"14533","Q8C940","A730049H05Rik"
"14534","CC159","Ccdc159"
"14535","PF21B","Phf21b"
"14536","TM163","Tmem163"
"14537","ENDOV","Endov"
"14538","DIDO1","Dido1"
"14539","CAHM6","Calhm6"
"14540","STRP2","Strip2"
"14541","SPEF2","Spef2"
"14542","CCD15","Ccdc15"
"14543","Q8C9M8","Zfp446"
"14544","EFCB8","Efcab8"
"14545","CC186","Ccdc186"
"14546","ATG4A","Atg4a"
"14547","TB10C","Tbc1d10c"
"14548","Q8C9W1","A430089I19Rik"
"14549","ATS2","Adamts2"
"14550","SNTAN","Sntn"
"14551","EPC1","Epc1"
"14552","Q8C9Y8","Gm9903"
"14553","TSCOT","Slc46a2"
"14554","Q8CA09","Gm4894"
"14555","Q8CA53","A330070K13Rik"
"14556","SHSA4","Shisa4"
"14557","GAN","Gan"
"14558","PDE10","Pde10a"
"14559","F163A","Fam163a"
"14560","PGM2L","Pgm2l1"
"14561","CAST2","Castor2"
"14562","Q8CAC1","Gm26566"
"14563","ISK10","Spink10"
"14564","HENMT","Henmt1"
"14565","KCMB1","Kcnmb1"
"14566","PDXL2","Podxl2"
"14567","NHSL1","Nhsl1"
"14568","CC142","Ccdc142"
"14569","CAF17","Iba57"
"14570","SHFL","Shfl"
"14571","GPC5","Gpc5"
"14572","RAB36","Rab36"
"14573","MIC60","Immt"
"14574","PARP9","Parp9"
"14575","FBX48","Fbxo48"
"14576","YBEY","Ybey"
"14577","Q8CAY5","Krtap31-2"
"14578","THIC","Acat2"
"14579","GSDC3","Gsdmc3"
"14580","LAS2","Las2"
"14581","PHTF2","Phtf2"
"14582","OTU1","Yod1"
"14583","GRAM4","Gramd4"
"14584","TPRG1","Tprg1"
"14585","F161B","Fam161b"
"14586","CNTRB","Cntrob"
"14587","NEMP2","Nemp2"
"14588","LRP11","Lrp11"
"14589","Q8CB76","Zfp449"
"14590","ELOA1","Eloa"
"14591","RAB44","Rab44"
"14592","GAPT","Gapt"
"14593","RASF4","Rassf4"
"14594","SLFN5","Slfn5"
"14595","S15A5","Slc15a5"
"14596","RSAD2","Rsad2"
"14597","CNST","Cnst"
"14598","LRRN3","Lrrn3"
"14599","Q8CBC7","Ftsj1"
"14600","NRIP1","Nrip1"
"14601","WDR37","Wdr37"
"14602","EPHB1","Ephb1"
"14603","RN170","Rnf170"
"14604","MFSD6","Mfsd6"
"14605","MARHB","Marchf11"
"14606","Q8CBM3","Gm16223"
"14607","P4K2B","Pi4k2b"
"14608","ILDR1","Ildr1"
"14609","TSK","Tsku"
"14610","ABI1","Abi1"
"14611","DC121","Dcaf12l1"
"14612","CHIC1","Chic1"
"14613","CSC1","Tmem63c"
"14614","BIVM","Bivm"
"14615","GATC","Gatc"
"14616","SMAG1","Samd4a"
"14617","LENG8","Leng8"
"14618","DCTN4","Dctn4"
"14619","CDAN1","Cdan1"
"14620","F216B","Fam216b"
"14621","TTC19","Ttc19"
"14622","CACB2","Cacnb2"
"14623","SYNPO","Synpo"
"14624","CDNF","Cdnf"
"14625","Q8CC62","Teddm1b"
"14626","CF300","Cfap300"
"14627","Q8CC80","9130230L23Rik"
"14628","LYSM4","Lysmd4"
"14629","PNCB","Naprt"
"14630","VWA8","Vwa8"
"14631","BNIP5","Bnip5"
"14632","DCNL4","Dcun1d4"
"14633","Q8CCA5","Apol10a"
"14634","VPS53","Vps53"
"14635","MET24","Mettl24"
"14636","CL056","MGI:2442001"
"14637","E4F1","E4f1"
"14638","PRP31","Prpf31"
"14639","ZC21C","Zc2hc1c"
"14640","DPPA4","Dppa4"
"14641","NHLC3","Nhlrc3"
"14642","FOG2","Zfpm2"
"14643","RYBP","Rybp"
"14644","UFL1","Ufl1"
"14645","AMER2","Amer2"
"14646","P20L1","Phf20l1"
"14647","H2AW","Macroh2a2"
"14648","TIM21","Timm21"
"14649","NAL10","Nlrp10"
"14650","BCAS3","Bcas3"
"14651","NEMF","Nemf"
"14652","F155A","Fam155a"
"14653","PABP2","Pabpn1"
"14654","TCAL5","Tceal5"
"14655","NSUN3","Nsun3"
"14656","KT222","Krt222"
"14657","MICU2","Micu2"
"14658","RIOX2","Riox2"
"14659","LANC3","Lancl3"
"14660","S35E1","Slc35e1"
"14661","PIEZ2","Piezo2"
"14662","INSY1","Insyn1"
"14663","Q8CD73","Gm13278"
"14664","SRTM1","Sertm1"
"14665","SMOC2","Smoc2"
"14666","TTC27","Ttc27"
"14667","LIN52","Lin52"
"14668","SAC2","Inpp5f"
"14669","MKNK2","Mknk2"
"14670","SPB13","Serpinb13"
"14671","ZBTB9","Zbtb9"
"14672","Q8CDC8","Fhl4"
"14673","KCD20","Kctd20"
"14674","LRIF1","Lrif1"
"14675","CALI","Ccin"
"14676","Q8CDE8","Spdye4b"
"14677","EXD1","Exd1"
"14678","PIWL2","Piwil2"
"14679","VCIP1","Vcpip1"
"14680","CRERF","Crebrf"
"14681","FBX43","Fbxo43"
"14682","CD158","Ccdc158"
"14683","CC150","Ccdc150"
"14684","BAKOR","Atg14"
"14685","STON1","Ston1"
"14686","Q8CDK1","Gm5591"
"14687","CBPC2","Agbl2"
"14688","IQUB","Iqub"
"14689","CCD87","Ccdc87"
"14690","ATAD2","Atad2"
"14691","CCD73","Ccdc73"
"14692","F16B1","Fam160b1"
"14693","CC020","MGI:2685917"
"14694","TXNL1","Txnl1"
"14695","CCD38","Ccdc38"
"14696","LRRC9","Lrrc9"
"14697","CBPC3","Agbl3"
"14698","RSH6A","Rsph6a"
"14699","FA243","Fam243"
"14700","Q8CDT5","4930415O20Rik"
"14701","CBCO1","Cabcoco1"
"14702","Q8CDT9","4933402N03Rik"
"14703","DRC6","Fbxl13"
"14704","EFHB","Efhb"
"14705","HECD2","Hectd2"
"14706","CC178","Ccdc178"
"14707","Q8CDV4","Trim52"
"14708","CCD63","Ccdc63"
"14709","F228A","Fam228a"
"14710","TC1D4","Tctex1d4"
"14711","Q8CDY9","Pcdhb7"
"14712","MT21E","Mettl21e"
"14713","PPAP","Acp3"
"14714","CCD17","Ccdc17"
"14715","DMTF1","Dmtf1"
"14716","OX26","Qrfp"
"14717","Q8CE24","Pramef8"
"14718","KLH11","Klhl11"
"14719","PUS7L","Pus7l"
"14720","S49A3","Slc49a3"
"14721","SNX30","Snx30"
"14722","ZN276","Znf276"
"14723","CPLN1","Cplane1"
"14724","MP2K7","Map2k7"
"14725","CAHM4","Calhm4"
"14726","MOT13","Slc16a13"
"14727","TRM6","Trmt6"
"14728","CO062","Gm14137"
"14729","NUP88","Nup88"
"14730","KBRS1","Nkiras1"
"14731","PPWD1","Ppwd1"
"14732","CEP57","Cep57"
"14733","PASK","Pask"
"14734","RDH13","Rdh13"
"14735","FEM1C","Fem1c"
"14736","RN222","Rnf222"
"14737","T132C","Tmem132c"
"14738","PANX3","Panx3"
"14739","CC28B","Ccdc28b"
"14740","UBP27","Usp27"
"14741","BOLA3","Bola3"
"14742","Q8CEI3","Ccdc28a"
"14743","Q8CEJ8","Gm9955"
"14744","SPIKL","Spinkl"
"14745","FATE1","Fate1"
"14746","CFA61","Cfap61"
"14747","CDKL1","Cdkl1"
"14748","Q8CEQ9","4932414N04Rik"
"14749","NAA30","Naa30"
"14750","PMIS2","Pmis2"
"14751","Q8CET0","4921517D22Rik"
"14752","Q8CET2","4921504E06Rik"
"14753","KCTD2","Kctd2"
"14754","SMCO1","Smco1"
"14755","MB214","Mab21l4"
"14756","FM25C","Fam25c"
"14757","Q8CF20","1700020N01Rik"
"14758","CS067","MGI:1920703"
"14759","FA24A","Fam24a"
"14760","CK094","MGI:1916742"
"14761","F229B","Fam229b"
"14762","Q8CF60","Zfp263"
"14763","LTOR4","Lamtor4"
"14764","TAB1","Tab1"
"14765","MAFA","Mafa"
"14766","GLT13","Galnt13"
"14767","RHD","Rhd"
"14768","COL10","Colec10"
"14769","IRAK2","Irak2"
"14770","GCST","Amt"
"14771","KLF17","Klf17"
"14772","GBP5","Gbp5"
"14773","MYT1","Myt1"
"14774","CLASR","Clasrp"
"14775","SNX8","Snx8"
"14776","ERCC8","Ercc8"
"14777","HPF1","Hpf1"
"14778","RCOR1","Rcor1"
"14779","SCYL2","Scyl2"
"14780","BTBD7","Btbd7"
"14781","S38A2","Slc38a2"
"14782","Q8CFE8","Fbxw17"
"14783","PAR11","Parp11"
"14784","SULF2","Sulf2"
"14785","DMRTA","Dmrta1"
"14786","CS1B","C1sb"
"14787","C1RB","C1rb"
"14788","SIK2","Sik2"
"14789","NED4L","Nedd4l"
"14790","UB2R1","Cdc34"
"14791","SYPM","Pars2"
"14792","RPB2","Polr2b"
"14793","Q8CFJ5","Lypd11"
"14794","S2545","Slc25a45"
"14795","WDR24","Wdr24"
"14796","TF3B","Brf1"
"14797","DEN1C","Dennd1c"
"14798","ZSWM3","Zswim3"
"14799","MEF2C","Mef2c"
"14800","DJC27","Dnajc27"
"14801","AQR","Aqr"
"14802","C1QL2","C1ql2"
"14803","KCNV2","Kcnv2"
"14804","SET1B","Setd1b"
"14805","Q8CFU0","Tmem198b"
"14806","T53I2","Tp53inp2"
"14807","F149A","Fam149a"
"14808","NRN1","Nrn1"
"14809","RIFK","Rfk"
"14810","ANO2","Ano2"
"14811","C2D2A","Cc2d2a"
"14812","G6PE","H6pd"
"14813","Q8CFX3","Pcdh1"
"14814","COX10","Cox10"
"14815","GPC3","Gpc3"
"14816","S22AC","Slc22a12"
"14817","PDE5A","Pde5a"
"14818","CS1A","C1sa"
"14819","C1RA","C1ra"
"14820","LTBP1","Ltbp1"
"14821","ACTL9","Actl9"
"14822","SMC5","Smc5"
"14823","SMC4","Smc4"
"14824","SMC2","Smc2"
"14825","RAB43","Rab43"
"14826","FKRP","Fkrp"
"14827","SSPO","Sspo"
"14828","P3H3","P3h3"
"14829","P3H2","P3h2"
"14830","ADPRS","Adprs"
"14831","FTM","Rpgrip1l"
"14832","ARK72","Akr7a2"
"14833","ASPP2","Tp53bp2"
"14834","SHF","Shf"
"14835","MAMC2","Mamdc2"
"14836","PPM1F","Ppm1f"
"14837","TBC14","Tbc1d14"
"14838","LAT4","Slc43a2"
"14839","MTURN","Mturn"
"14840","UACA","Uaca"
"14841","TNS2","Tns2"
"14842","LS14B","Lsm14b"
"14843","RBM28","Rbm28"
"14844","SYEP","Eprs1"
"14845","CRLD1","Crispld1"
"14846","IFI5A","Ifi205a"
"14847","RGS12","Rgs12"
"14848","RHG29","Arhgap29"
"14849","TLCD4","Tlcd4"
"14850","WDR47","Wdr47"
"14851","TCRG1","Tcerg1"
"14852","F193A","Fam193a"
"14853","LONM","Lonp1"
"14854","INLR1","Ifnlr1"
"14855","IFNL3","Ifnl3"
"14856","GNAL","Gnal"
"14857","AGRB2","Adgrb2"
"14858","RP1L1","Rp1l1"
"14859","BCOR","Bcor"
"14860","PLIN1","Plin1"
"14861","SPRR4","Sprr4"
"14862","H2B3B","H2bu1"
"14863","H2B1K","H2bc12"
"14864","H2B1P","Hist1h2bp"
"14865","Q8CGP4","H2ac1"
"14866","H2A1F","Hist1h2af"
"14867","H2A1H","H2ac12"
"14868","H2A1K","H2ac15"
"14869","Q8CGQ2","Adam4"
"14870","NCKX4","Slc24a4"
"14871","Q8CGR4","Klk15"
"14872","KLK14","Klk14"
"14873","Q8CGR6","Klk13"
"14874","UPP2","Upp2"
"14875","DPOLQ","Polq"
"14876","PIWL4","Piwil4"
"14877","CACO1","Calcoco1"
"14878","TPH2","Tph2"
"14879","Q8CGV4","Rdh1"
"14880","Q8CGV8","Mmp28"
"14881","TSH3","Tshz3"
"14882","SOX30","Sox30"
"14883","DMRTD","Dmrtc2"
"14884","UN45B","Unc45b"
"14885","OGT1","Ogt"
"14886","CHERP","Cherp"
"14887","PR7B1","Prl7b1"
"14888","SUGP1","Sugp1"
"14889","SUGP2","Sugp2"
"14890","CCAR1","Ccar1"
"14891","CS2IP","Csnka2ip"
"14892","CYPT1","Cypt1"
"14893","SLTM","Sltm"
"14894","S36A4","Slc36a4"
"14895","NUDT6","Nudt6"
"14896","LTO1","Lto1"
"14897","TRI32","Trim32"
"14898","NAV1","Nav1"
"14899","TTLL5","Ttll5"
"14900","SYNJ1","Synj1"
"14901","ADNP2","Adnp2"
"14902","RFIP3","Rab11fip3"
"14903","PHLP1","Phlpp1"
"14904","GCC2","Gcc2"
"14905","AREL1","Arel1"
"14906","RPGF2","Rapgef2"
"14907","BICRL","Bicral"
"14908","SEPT8","Septin8"
"14909","EP400","Ep400"
"14910","AQP12","Aqp12"
"14911","REL3","Rln3"
"14912","MBOA7","Mboat7"
"14913","KAT5","Kat5"
"14914","ZC3H3","Zc3h3"
"14915","PYM1","Pym1"
"14916","PHC3","Phc3"
"14917","PGP","Pgp"
"14918","FBX4","Fbxo4"
"14919","TM125","Tmem125"
"14920","NT8F2","Nat8f2"
"14921","DPYD","Dpyd"
"14922","PIHD2","Pih1d2"
"14923","DJC22","Dnajc22"
"14924","PLCX1","Plcxd1"
"14925","DRS7C","Dhrs7c"
"14926","VP37A","Vps37a"
"14927","AL4A1","Aldh4a1"
"14928","NGEF","Ngef"
"14929","INT5","Ints5"
"14930","F169B","Fam169b"
"14931","EPN2","Epn2"
"14932","TAD2A","Tada2a"
"14933","THAP1","Thap1"
"14934","EI2BE","Eif2b5"
"14935","BICL2","Bicdl2"
"14936","MBTP2","Mbtps2"
"14937","RFTN2","Rftn2"
"14938","DYM","Dym"
"14939","P66A","Gatad2a"
"14940","TTC23","Ttc23"
"14941","LEU7","Dleu7"
"14942","MTF1A","Mterf1a"
"14943","FWCH1","Flywch1"
"14944","COG3","Cog3"
"14945","SLAI2","Slain2"
"14946","GNL3","Gnl3"
"14947","SMTL2","Smtnl2"
"14948","SPHK1","Sphk1"
"14949","MB213","Mab21L3"
"14950","PDGFC","Pdgfc"
"14951","BAG5","Bag5"
"14952","C19L1","Cwf19l1"
"14953","MYL6B","Myl6b"
"14954","PDLI5","Pdlim5"
"14955","ASTRC","Gramd1c"
"14956","STEA3","Steap3"
"14957","BAG4","Bag4"
"14958","STML1","Stoml1"
"14959","LRC20","Lrrc20"
"14960","VPS50","Vps50"
"14961","DI3L2","Dis3l2"
"14962","RMND1","Rmnd1"
"14963","CAH12","Ca12"
"14964","PYGB","Pygb"
"14965","OSB11","Osbpl11"
"14966","CLIP4","Clip4"
"14967","S35B4","Slc35b4"
"14968","MF14B","Mfsd14b"
"14969","FERM2","Fermt2"
"14970","TM230","Tmem230"
"14971","ESCO2","Esco2"
"14972","NUP42","Nup42"
"14973","CSR2B","Kat14"
"14974","FA20A","Fam20a"
"14975","SPA11","Serpina11"
"14976","ZMIZ2","Zmiz2"
"14977","PAR10","Parp10"
"14978","COPA","Copa"
"14979","BTD","Btd"
"14980","SIDT2","Sidt2"
"14981","DEP1A","Depdc1a"
"14982","KDM1B","Kdm1b"
"14983","ANM5","Prmt5"
"14984","FBXL8","Fbxl8"
"14985","PLCG2","Plcg2"
"14986","Q8CIH9","Ppat"
"14987","ZBT8B","Zbtb8b"
"14988","CD123","Cdc123"
"14989","SYNE4","Syne4"
"14990","CRLF2","Crlf2"
"14991","RFWD3","Rfwd3"
"14992","CA131","MGI:1913773"
"14993","LRC45","Lrrc45"
"14994","D2HDH","D2hgdh"
"14995","GPR84","Gpr84"
"14996","CP2DQ","Cyp2d26"
"14997","INT4","Ints4"
"14998","PAK2","Pak2"
"14999","CELF3","Celf3"
"15000","MRGX1","Mrgprx1"
"15001","MARK4","Mark4"
"15002","DISP2","Disp2"
"15003","MTR1B","Mtnr1b"
"15004","DOCK3","Dock3"
"15005","TRPM6","Trpm6"
"15006","CAR11","Card11"
"15007","CRF","Crh"
"15008","SBSN","Sbsn"
"15009","MBRL","Tmem259"
"15010","LIPH","Liph"
"15011","OVOL2","Ovol2"
"15012","TBCE","Tbce"
"15013","PEO1","Twnk"
"15014","S26A6","Slc26a6"
"15015","LGSN","Lgsn"
"15016","VWF","Vwf"
"15017","NOX1","Nox1"
"15018","NOXA1","Noxa1"
"15019","AGRG2","Adgrg2"
"15020","MICA3","Mical3"
"15021","NRADD","Nradd"
"15022","ASPM","Aspm"
"15023","CROCC","Crocc"
"15024","CIP4","Trip10"
"15025","CKLF4","Cmtm4"
"15026","STAU2","Stau2"
"15027","BMPER","Bmper"
"15028","IL19","Il19"
"15029","ZN628","Znf628"
"15030","C209B","Cd209b"
"15031","RASF8","Rassf8"
"15032","NEUL3","Neurl3"
"15033","KLRE1","Klre1"
"15034","ELYS","Ahctf1"
"15035","AGO4","Ago4"
"15036","AGO3","Ago3"
"15037","AGO2","Ago2"
"15038","AGO1","Ago1"
"15039","PLXB1","Plxnb1"
"15040","H1FNT","H1-7"
"15041","IGLO5","Iglon5"
"15042","Q8HWA3","Ulbp1"
"15043","HMR1","Mr1"
"15044","Q8HWB2","H2-Q4"
"15045","Q8HWE5","Mill2"
"15046","Q8HWE7","Mill1"
"15047","Q8JZK6","Trim61"
"15048","HMCS1","Hmgcs1"
"15049","ZN467","Znf467"
"15050","I17RD","Il17rd"
"15051","MCHR1","Mchr1"
"15052","THTPA","Thtpa"
"15053","RGF1B","Rasgef1b"
"15054","TFB1M","Tfb1m"
"15055","PR15L","Prr15l"
"15056","DNER","Dner"
"15057","TIFAB","Tifab"
"15058","CDC73","Cdc73"
"15059","MUC4","Muc4"
"15060","KCJ14","Kcnj14"
"15061","ACAD9","Acad9"
"15062","MIRO2","Rhot2"
"15063","SYN3","Syn3"
"15064","KLHL2","Klhl2"
"15065","GA2L1","Gas2l1"
"15066","AFG32","Afg3l2"
"15067","AOC1","Aoc1"
"15068","EIF3B","Eif3b"
"15069","ACSL5","Acsl5"
"15070","EAA5","Slc1a7"
"15071","S4A8","Slc4a8"
"15072","LIN7A","Lin7a"
"15073","N42L2","N4bp2l2"
"15074","HMGC2","Hmgcll1"
"15075","RM48","Mrpl48"
"15076","NUD13","Nudt13"
"15077","TXTP","Slc25a1"
"15078","PXDC1","Pxdc1"
"15079","RBM41","Rbm41"
"15080","NAGA","Amdhd2"
"15081","BDH2","Bdh2"
"15082","CPNE5","Cpne5"
"15083","SH2D5","Sh2d5"
"15084","PNMA3","Pnma3"
"15085","Q8JZX1","Scgb2b26"
"15086","POC1A","Poc1a"
"15087","SPF45","Rbm17"
"15088","Q8JZX6","Clec4a3"
"15089","BORG1","Cdc42ep2"
"15090","COMDA","Commd10"
"15091","MRPP3","Prorp"
"15092","UD3A2","Ugt3a2"
"15093","AMERL","Ammecr1l"
"15094","AGRL2","Adgrl2"
"15095","TMA7","Tma7"
"15096","SPAT2","Spata2"
"15097","SULF1","Sulf1"
"15098","AL1L2","Aldh1l2"
"15099","OPLA","Oplah"
"15100","FBP1L","Fnbp1l"
"15101","GTPBA","Gtpbp10"
"15102","CENPO","Cenpo"
"15103","BCLF1","Bclaf1"
"15104","SCAM1","Scamp1"
"15105","AKC1H","Akr1c18"
"15106","FRAT2","Frat2"
"15107","STAR8","Stard8"
"15108","K1143","MGI:1913452"
"15109","PKN3","Pkn3"
"15110","IFT80","Ift80"
"15111","F174B","Fam174b"
"15112","SAM14","Samd14"
"15113","TM221","Tmem221"
"15114","REEP4","Reep4"
"15115","SO4A1","Slco4a1"
"15116","ZN536","Znf536"
"15117","GPR1","Gpr1"
"15118","ZBTB6","Zbtb6"
"15119","TRHDE","Trhde"
"15120","Q8K094","Pvr"
"15121","LFG2","Faim2"
"15122","LRIT1","Lrit1"
"15123","LMBD1","Lmbrd1"
"15124","LRC66","Lrrc66"
"15125","IPO13","Ipo13"
"15126","CP51A","Cyp51a1"
"15127","ZG16","Zg16"
"15128","COX19","Cox19"
"15129","GMDS","Gmds"
"15130","CDK17","Cdk17"
"15131","HABP2","Habp2"
"15132","EFGM","Gfm1"
"15133","GET1","Get1"
"15134","KCD15","Kctd15"
"15135","SC5AB","Slc5a11"
"15136","Q8K0E4","Eddm3b"
"15137","SERC2","Serinc2"
"15138","FIBB","Fgb"
"15139","TBC23","Tbc1d23"
"15140","EIPR1","Eipr1"
"15141","PHGR1","Phgr1"
"15142","ESRP2","Esrp2"
"15143","Q8K0G9","Zfp119b"
"15144","S47A1","Slc47a1"
"15145","TAF10","Taf10"
"15146","S45A3","Slc45a3"
"15147","B3GN7","B3gnt7"
"15148","ASB2","Asb2"
"15149","ENTP8","Entpd8"
"15150","ACSM2","Acsm2"
"15151","ZBT20","Zbtb20"
"15152","Q8K0M7","D630039A03Rik"
"15153","MEAK7","Meak7"
"15154","RHG18","Arhgap18"
"15155","GLTD2","Gltpd2"
"15156","Q8K0R8","BC030500"
"15157","PHYIP","Phyhip"
"15158","ERIC5","Erich5"
"15159","R4RL1","Rtn4rl1"
"15160","SNPC1","Snapc1"
"15161","RTN1","Rtn1"
"15162","DC2L1","Dync2li1"
"15163","KATL1","Katnal1"
"15164","UN13C","Unc13c"
"15165","TMM17","Tmem17"
"15166","HS12A","Hspa12a"
"15167","Q8K0U8","Psg16"
"15168","DCNL3","Dcun1d3"
"15169","CNOT3","Cnot3"
"15170","RN208","Rnf208"
"15171","DPH3","Dph3"
"15172","FEZ1","Fez1"
"15173","KT33A","Krt33a"
"15174","PAXX","Paxx"
"15175","TACO1","Taco1"
"15176","GP153","Gpr153"
"15177","INT9","Ints9"
"15178","Q8K119","Pms1"
"15179","NFAC4","Nfatc4"
"15180","PKHO2","Plekho2"
"15181","RF1M","Mtrf1"
"15182","CTXN1","Ctxn1"
"15183","K319L","Kiaa0319l"
"15184","SCNM1","Scnm1"
"15185","Q8K154","Ugt2b34"
"15186","GALM","Galm"
"15187","CNPD1","Cnppd1"
"15188","Q8K168","1700001C19Rik"
"15189","TMM60","Tmem60"
"15190","KCP3","Krtcap3"
"15191","CO8A","C8a"
"15192","PDXK","Pdxk"
"15193","SMDC1","Saysd1"
"15194","Q8K193","Cldn34c1"
"15195","SNR27","Snrnp27"
"15196","Q8K196","Rnase2a"
"15197","Q8K198","Krtap13-1"
"15198","COXM2","Cmc2"
"15199","METL5","Mettl5"
"15200","TM41B","Tmem41b"
"15201","C2D1A","Cc2d1a"
"15202","URP2","Fermt3"
"15203","GLT18","Galnt18"
"15204","ANGE2","Angel2"
"15205","MOT14","Slc16a14"
"15206","LRC41","Lrrc41"
"15207","ENHO","Enho"
"15208","STX5","Stx5"
"15209","DLK2","Dlk2"
"15210","ALKB3","Alkbh3"
"15211","LCTL","Lctl"
"15212","LBN","Evc2"
"15213","TDRD7","Tdrd7"
"15214","T11L2","Tcp11l2"
"15215","OBP2A","Obp2a"
"15216","SPP24","Spp2"
"15217","WIPF1","Wipf1"
"15218","SDE2","Sde2"
"15219","TRNT1","Trnt1"
"15220","CENPI","Cenpi"
"15221","SPB10","Serpinb10"
"15222","HINFP","Hinfp"
"15223","CREB5","Creb5"
"15224","SPIN4","Spin4"
"15225","PP1RB","Ppp1r11"
"15226","CP074","MGI:1916168"
"15227","GLIS1","Glis1"
"15228","DNM1L","Dnm1l"
"15229","PLPL8","Pnpla8"
"15230","PHLB2","Phldb2"
"15231","SPAS2","Spats2"
"15232","PNPT1","Pnpt1"
"15233","NEK9","Nek9"
"15234","LGI4","Lgi4"
"15235","UNC5D","Unc5d"
"15236","UNC5B","Unc5b"
"15237","UNC5A","Unc5a"
"15238","KLF11","Klf11"
"15239","SPIR2","Spire2"
"15240","KREM2","Kremen2"
"15241","TMPS3","Tmprss3"
"15242","LRC25","Lrrc25"
"15243","LY65B","Ly6g5b"
"15244","LY65C","Ly6g5c"
"15245","LY66E","Ly6g6e"
"15246","WDR11","Wdr11"
"15247","NCKPL","Nckap1l"
"15248","KPCD3","Prkd3"
"15249","COQ9","Coq9"
"15250","GPR18","Gpr18"
"15251","KCT2","Kct2"
"15252","RPA49","Polr1e"
"15253","NEIL3","Neil3"
"15254","Q8K205","Pop1"
"15255","CA021","MGI:1916649"
"15256","AGRG1","Adgrg1"
"15257","COPT1","Slc31a1"
"15258","PACS1","Pacs1"
"15259","SCMH1","Scmh1"
"15260","LYRM4","Lyrm4"
"15261","ARFP2","Arfip2"
"15262","NAT10","Nat10"
"15263","TRI68","Trim68"
"15264","UVRAG","Uvrag"
"15265","HPDL","Hpdl"
"15266","CLM2","Cd300e"
"15267","GIN1","Gin1"
"15268","PLAC9","Plac9"
"15269","ABCF3","Abcf3"
"15270","MMGT1","Mmgt1"
"15271","KT3K","Fn3krp"
"15272","TF3C1","Gtf3c1"
"15273","FCHO1","Fcho1"
"15274","TP8L1","Tnfaip8l1"
"15275","MTMR3","Mtmr3"
"15276","GT251","Colgalt1"
"15277","ANLN","Anln"
"15278","SCAR5","Scara5"
"15279","GULP1","Gulp1"
"15280","Q8K2A4","Zfp87"
"15281","LIPM","Lipm"
"15282","INT10","Ints10"
"15283","ALG3","Alg3"
"15284","SC65","P3h4"
"15285","SDHA","Sdha"
"15286","SIR5","Sirt5"
"15287","OS9","Os9"
"15288","GPAT4","Gpat4"
"15289","HACD3","Hacd3"
"15290","F199X","Fam199x"
"15291","EDC3","Edc3"
"15292","DCTD","Dctd"
"15293","BRD3","Brd3"
"15294","DEPP1","Depp1"
"15295","LS14A","Lsm14a"
"15296","BBS7","Bbs7"
"15297","PPHLN","Pphln1"
"15298","OTU6B","Otud6b"
"15299","FA13B","Fam13b"
"15300","ACAP1","Acap1"
"15301","APC10","Anapc10"
"15302","FNTB","Fntb"
"15303","CCHCR","Cchcr1"
"15304","FMO2","Fmo2"
"15305","MANBA","Manba"
"15306","FBH1","Fbh1"
"15307","PLCD3","Plcd3"
"15308","CCD14","Ccdc14"
"15309","RELL1","Rell1"
"15310","BTBD6","Btbd6"
"15311","AGFG1","Agfg1"
"15312","TPC12","Trappc12"
"15313","RM38","Mrpl38"
"15314","SRR1L","Srrd"
"15315","LUR1L","Lurap1l"
"15316","FA83A","Fam83a"
"15317","RFESD","Rfesd"
"15318","S38A1","Slc38a1"
"15319","COMD9","Commd9"
"15320","GSTO2","Gsto2"
"15321","CHCH7","Chchd7"
"15322","BROX","Brox"
"15323","SHOT1","Shtn1"
"15324","ZN668","Znf668"
"15325","NMRL1","Nmral1"
"15326","UQCC3","Uqcc3"
"15327","PAF1","Paf1"
"15328","ALKB6","Alkbh6"
"15329","PP4R1","Ppp4r1"
"15330","IPO11","Ipo11"
"15331","TXD11","Txndc11"
"15332","PHF13","Phf13"
"15333","CN093","MGI:1921609"
"15334","AT10D","Atp10d"
"15335","RBM48","Rbm48"
"15336","STN1","Stn1"
"15337","TF2H5","Gtf2h5"
"15338","OBI1","Obi1"
"15339","EVA1B","Eva1b"
"15340","RM47","Mrpl47"
"15341","CCM2","Ccm2"
"15342","PRP39","Prpf39"
"15343","CND1","Ncapd2"
"15344","UB2Q2","Ube2q2"
"15345","DDX52","Ddx52"
"15346","TM129","Tmem129"
"15347","NSL1","Nsl1"
"15348","MATR3","Matr3"
"15349","CHAP1","Champ1"
"15350","SSH3","Ssh3"
"15351","I5P2","Inpp5b"
"15352","KIN17","Kin"
"15353","ATAT","Atat1"
"15354","RASF9","Rassf9"
"15355","ACV1C","Acvr1c"
"15356","GIMA6","Gimap6"
"15357","SASH3","Sash3"
"15358","CYTM1","Cystm1"
"15359","CBR3","Cbr3"
"15360","PIGU","Pigu"
"15361","DDX18","Ddx18"
"15362","FANCI","Fanci"
"15363","ACD10","Acad10"
"15364","AMOL2","Amotl2"
"15365","LRC56","Lrrc56"
"15366","LRRT1","Lrrtm1"
"15367","DEN1A","Dennd1a"
"15368","FRRS1","FRRS1"
"15369","RAB15","Rab15"
"15370","UBP45","Usp45"
"15371","CK5P2","Cdk5rap2"
"15372","PLCL2","Plcl2"
"15373","MND1","Mnd1"
"15374","HSC20","Hscb"
"15375","TRPT1","Trpt1"
"15376","RHNO1","Rhno1"
"15377","ARMX6","Armcx6"
"15378","MEPCE","Mepce"
"15379","FBSP1","Fbxo45"
"15380","RNK","Rnasek"
"15381","LZIC","Lzic"
"15382","SWI5","Swi5"
"15383","S35E4","Slc35e4"
"15384","AHI1","Ahi1"
"15385","MMP21","Mmp21"
"15386","KCNQ3","Kcnq3"
"15387","TDH","Tdh"
"15388","VRK3","Vrk3"
"15389","DP13B","Appl2"
"15390","DP13A","Appl1"
"15391","MYO3A","Myo3a"
"15392","MYRIP","Myrip"
"15393","IL27A","Il27"
"15394","DFB19","Defb19"
"15395","GLCI1","Glcci1"
"15396","NDUS8","Ndufs8"
"15397","ZN131","Znf131"
"15398","GPC5C","Gprc5c"
"15399","PLCB","Agpat2"
"15400","OPTN","Optn"
"15401","Q8K3M1","Rdh16f2"
"15402","CABL2","Cables2"
"15403","Q8K3N2","Vmn1r188"
"15404","Q8K3N3","Vmn1r189"
"15405","Q8K3N5","Vmn1r183"
"15406","Q8K3N7","Vmn1r72"
"15407","DR9C7","Sdr9c7"
"15408","P2RX2","P2rx2"
"15409","CNOT6","Cnot6"
"15410","FOXN4","Foxn4"
"15411","PLCD4","Plcd4"
"15412","DFB36","Defb36"
"15413","SPAT4","Spata4"
"15414","PADI6","Padi6"
"15415","MNAR1","Minar1"
"15416","BABA2","Babam2"
"15417","LRC10","Lrrc10"
"15418","CASC3","Casc3"
"15419","I2BPL","Irf2bpl"
"15420","ANS4B","Anks4b"
"15421","LN28A","Lin28a"
"15422","NOD2","Nod2"
"15423","PO121","Pom121"
"15424","STXB5","Stxbp5"
"15425","TBX22","Tbx22"
"15426","LGI3","Lgi3"
"15427","DPOLB","Polb"
"15428","ADA32","Adam32"
"15429","PREP","Pitrm1"
"15430","LEG4","Lgals4"
"15431","TRPV3","Trpv3"
"15432","RETNG","Retnlg"
"15433","ABC8B","Abca8b"
"15434","ABCA6","Abca6"
"15435","ABC8A","Abca8a"
"15436","RGS13","Rgs13"
"15437","CLRN1","Clrn1"
"15438","ABCA5","Abca5"
"15439","ABCA9","Abca9"
"15440","SPG16","Spag16"
"15441","PKR2","Prokr2"
"15442","PXT1","Pxt1"
"15443","TMIE","Tmie"
"15444","Q8K469","Oas1g"
"15445","C1QT5","C1qtnf5"
"15446","MFRP","Mfrp"
"15447","EMIL2","Emilin2"
"15448","KCD11","Kctd11"
"15449","MTA1","Mta1"
"15450","IRAK3","Irak3"
"15451","IL23R","Il23r"
"15452","I17RC","Il17rc"
"15453","IL17C","Il17c"
"15454","Q8K4C9","Vmn1r192"
"15455","Q8K4D0","Vmn1r191"
"15456","S36A1","Slc36a1"
"15457","PLCZ1","Plcz1"
"15458","ALMS1","Alms1"
"15459","CD226","Cd226"
"15460","ABHDB","Abhd11"
"15461","NSUN5","Nsun5"
"15462","LTBP4","Ltbp4"
"15463","CONA1","Col23a1"
"15464","ABLM1","Ablim1"
"15465","KFA","Afmid"
"15466","Q8K4I0","Vmn1r66"
"15467","ARHG6","Arhgef6"
"15468","PRS45","Prss45"
"15469","DCR1C","Dclre1c"
"15470","COE4","Ebf4"
"15471","MRTFA","Mrtfa"
"15472","CETN4","Cetn4"
"15473","TRIB3","Trib3"
"15474","TRIB2","Trib2"
"15475","TRIB1","Trib1"
"15476","PANK1","Pank1"
"15477","DDX54","Ddx54"
"15478","SVIL","Svil"
"15479","POF1B","Pof1b"
"15480","MEPE","Mepe"
"15481","COMD1","Commd1"
"15482","SPG11","Spag11"
"15483","DFB12","Defb12"
"15484","WDR33","Wdr33"
"15485","NPB","Npb"
"15486","ST7L","St7l"
"15487","HECW1","Hecw1"
"15488","RPTOR","Rptor"
"15489","NEIL1","Neil1"
"15490","CERK1","Cerk"
"15491","COL12","Colec12"
"15492","PITC1","Pitpnc1"
"15493","DLGP5","Dlgap5"
"15494","PLCE1","Plce1"
"15495","SIA8F","St8sia6"
"15496","STRAB","Stradb"
"15497","DUS19","Dusp19"
"15498","PLCD","Agpat4"
"15499","LGI2","Lgi2"
"15500","FNDC5","Fndc5"
"15501","NNRE","Naxe"
"15502","SF3A1","Sf3a1"
"15503","GPC6A","Gprc6a"
"15504","Q8K501","Olfr769"
"15505","ONEC3","Onecut3"
"15506","TRML1","Treml1"
"15507","OTOAN","Otoa"
"15508","HUS1B","Hus1b"
"15509","AMHR2","Amhr2"
"15510","MCLN2","Mcoln2"
"15511","NAC2","Slc8a2"
"15512","RSLAA","Rasl10a"
"15513","IL31R","Il31ra"
"15514","MCFD2","Mcfd2"
"15515","HXC12","Hoxc12"
"15516","Q8K5B9","Tgif2lx2"
"15517","GRHL2","Grhl2"
"15518","Q8K5C8","Rdh9"
"15519","DCAF8","Dcaf8"
"15520","Q8N7N6","Traf3ip2"
"15521","AHSA2","Ahsa2"
"15522","TR1L1","Tram1l1"
"15523","ATTY","Tat"
"15524","EST2A","Ces2a"
"15525","OAF","Oaf"
"15526","ALAT1","Gpt"
"15527","PDK1L","Pdik1l"
"15528","CCNQ","Ccnq"
"15529","HIBCH","Hibch"
"15530","FLCN","Flcn"
"15531","RN183","Rnf183"
"15532","THIL","Acat1"
"15533","CCSAP","Ccsap"
"15534","CRUM3","Crb3"
"15535","DEDD2","Dedd2"
"15536","SHSA2","Shisa2"
"15537","ST32C","Stk32c"
"15538","F161A","Fam161a"
"15539","INT13","IntS13"
"15540","FEV","Fev"
"15541","F151A","Fam151a"
"15542","GBRP","Gabrp"
"15543","SBK1","Sbk1"
"15544","HAUS3","Haus3"
"15545","LSM10","Lsm10"
"15546","EIF3L","Eif3l"
"15547","GLCTK","Glyctk"
"15548","DPPA3","Dppa3"
"15549","RTBDN","Rtbdn"
"15550","TSN14","Tspan14"
"15551","SF3B4","Sf3b4"
"15552","TPRKB","Tprkb"
"15553","RAB38","Rab38"
"15554","OSTA","Slc51a"
"15555","MARE2","Mapre2"
"15556","MBNL3","Mbnl3"
"15557","NECT4","Nectin4"
"15558","AIMP2","Aimp2"
"15559","BL1S5","Bloc1s5"
"15560","BLMH","Blmh"
"15561","PCGF1","Pcgf1"
"15562","LYRM2","Lyrm2"
"15563","APC13","Anapc13"
"15564","ICT1","Mrpl58"
"15565","RPP21","Rpp21"
"15566","SIM29","Smim29"
"15567","ERF3A","Gspt1"
"15568","SRPX2","Srpx2"
"15569","GALE","Gale"
"15570","ZWILC","Zwilch"
"15571","C1QT4","C1qtnf4"
"15572","G6PT2","Slc37a1"
"15573","IP3KA","Itpka"
"15574","BFAR","Bfar"
"15575","GTSE1","Gtse1"
"15576","HNRPL","Hnrnpl"
"15577","Q8R084","Ugt2b1"
"15578","SUOX","Suox"
"15579","B4GT7","B4galt7"
"15580","GLP3L","Golph3l"
"15581","FBRS","Fbrs"
"15582","VMAT1","Slc18a1"
"15583","CA043","MGI:1914027"
"15584","T2FB","Gtf2f2"
"15585","ZBT44","Zbtb44"
"15586","TCAL3","Tceal3"
"15587","VTM2A","Vstm2a"
"15588","K0513","Kiaa0513"
"15589","RPC7L","Polr3gl"
"15590","S26A8","Slc26a8"
"15591","ZRAS1","Znrd1-as"
"15592","SUMF1","Sumf1"
"15593","RBMX2","Rbmx2"
"15594","ILKAP","Ilkap"
"15595","FAHD1","Fahd1"
"15596","S14L4","Sec14l4"
"15597","SPNS1","Spns1"
"15598","NU133","Nup133"
"15599","GGA1","Gga1"
"15600","ACE2","Ace2"
"15601","TM2D2","Tm2d2"
"15602","PKHG6","Plekhg6"
"15603","TM134","Tmem134"
"15604","VP37B","Vps37b"
"15605","GNTK","Idnk"
"15606","TRI31","Trim31"
"15607","CC137","Ccdc137"
"15608","E2F4","E2f4"
"15609","STAP2","Stap2"
"15610","TADA3","Tada3"
"15611","MOT5","Slc16a4"
"15612","HOT","Adhfe1"
"15613","ZDHC1","Zdhhc1"
"15614","AAMDC","Aamdc"
"15615","ABHD8","Abhd8"
"15616","ATF7","Atf7"
"15617","IQEC1","Iqsec1"
"15618","CACB4","Cacnb4"
"15619","WFKN1","Wfikkn1"
"15620","S22AM","Slc22a22"
"15621","ZN768","Znf768"
"15622","AGRG3","Adgrg3"
"15623","I23O2","Ido2"
"15624","EPIPL","Eppk1"
"15625","CIPC","Cipc"
"15626","EST4A","Ces4a"
"15627","NFIP1","Ndfip1"
"15628","CACL1","Cacul1"
"15629","SGPL1","Sgpl1"
"15630","AL1L1","Aldh1l1"
"15631","S2542","Slc25a42"
"15632","ENOX2","Enox2"
"15633","MFRN2","Slc25a28"
"15634","ANGL6","Angptl6"
"15635","CAHM5","Calhm5"
"15636","SIR3","Sirt3"
"15637","VP37C","Vps37c"
"15638","PRLD1","Prelid1"
"15639","TMM82","Tmem82"
"15640","NOTUM","Notum"
"15641","ZPI","Serpina10"
"15642","FAD1","Flad1"
"15643","KLH36","Klhl36"
"15644","SCPDL","Sccpdh"
"15645","TM119","Tmem119"
"15646","S29A4","Slc29a4"
"15647","PTTG","Pttg1ip"
"15648","APEH","Apeh"
"15649","BUD13","Bud13"
"15650","ZNFX1","Znfx1"
"15651","BPHL","Bphl"
"15652","ZDHC3","Zdhhc3"
"15653","KBTB4","Kbtbd4"
"15654","ERO1A","Ero1a"
"15655","TMG2","Prrg2"
"15656","TIMD2","Timd2"
"15657","F110A","Fam110a"
"15658","PAQRA","Mmd2"
"15659","SNG3","Syngr3"
"15660","SAST","Olah"
"15661","DOCK7","Dock7"
"15662","STAC2","Stac2"
"15663","EIF3C","Eif3c"
"15664","CPLX3","Cplx3"
"15665","RORB","Rorb"
"15666","KCNC4","Kcnc4"
"15667","VOPP1","Vopp1"
"15668","MET22","Mettl22"
"15669","APBB3","Apbb3"
"15670","ZN426","Znf426"
"15671","TM234","Tmem234"
"15672","Q8R1E9","Scgb2b27"
"15673","L10K","D8Ertd738e"
"15674","NIBA2","Niban2"
"15675","HYI","Hyi"
"15676","HID1","Hid1"
"15677","RPP40","Rpp40"
"15678","TASP1","Tasp1"
"15679","CMBL","Cmbl"
"15680","PDLI2","Pdlim2"
"15681","HOP","Hopx"
"15682","BATF2","Batf2"
"15683","QCR9","Uqcr10"
"15684","GRP","Grp"
"15685","TM6S2","Tm6sf2"
"15686","ZCHC9","Zcchc9"
"15687","TOR2A","Tor2a"
"15688","UBAC2","Ubac2"
"15689","AT2L2","Phykpl"
"15690","ERD23","Kdelr3"
"15691","ANGL8","Angptl8"
"15692","HMCES","Hmces"
"15693","H2AJ","H2aj"
"15694","MPTX","Mptx1"
"15695","ZN830","Znf830"
"15696","Q8R1N3","Zfp991"
"15697","NUDC3","Nudcd3"
"15698","ATG10","Atg10"
"15699","KCNKD","Kcnk13"
"15700","STX19","Stx19"
"15701","ANGL7","Angptl7"
"15702","DC1L1","Dync1li1"
"15703","RBSK","Rbks"
"15704","STAR7","Stard7"
"15705","IL34","Il34"
"15706","COQ6","Coq6"
"15707","MTSS1","Mtss1"
"15708","S38A4","Slc38a4"
"15709","CHMP7","Chmp7"
"15710","S35A3","Slc35a3"
"15711","COG4","Cog4"
"15712","CGRE1","Cgref1"
"15713","TMED4","Tmed4"
"15714","GSG1","Gsg1"
"15715","IMPG1","Impg1"
"15716","SPART","Spart"
"15717","MERB1","Bmerb1"
"15718","PPR42","Ppp1r42"
"15719","RN121","Rnf121"
"15720","ZC3HA","Zc3h10"
"15721","SPTSA","Sptssa"
"15722","SIR4","Sirt4"
"15723","T150B","Tmem150b"
"15724","TM203","Tmem203"
"15725","SDSL","Sdsl"
"15726","TM268","Tmem268"
"15727","DIAC","Ctbs"
"15728","Q8R254","Vmn1r70"
"15729","Q8R255","Vmn1r87"
"15730","Q8R256","Vmn1r89"
"15731","Q8R258","Vmn1r193"
"15732","Q8R259","Vmn1r202"
"15733","Q8R261","Vmn1r218"
"15734","Q8R262","Vmn1r201"
"15735","Q8R263","Vmn1r198"
"15736","Q8R264","Vmn1r215"
"15737","Q8R265","Vmn1r197"
"15738","Q8R266","Vmn1r211"
"15739","Q8R268","Vmn1r212"
"15740","Q8R269","Vmn1r222"
"15741","Q8R270","Vmn1r217"
"15742","Q8R271","Vmn1r219"
"15743","Q8R272","Vmn1r220"
"15744","Q8R273","Vmn1r203"
"15745","Q8R274","Vmn1r210"
"15746","Q8R275","Vmn1r208"
"15747","Q8R276","Vmn1r205"
"15748","Q8R277","Vmn1r206"
"15749","Q8R278","Vmn1r213"
"15750","Q8R279","Vmn1r214"
"15751","Q8R280","Vmn1r199"
"15752","Q8R281","Vmn1r200"
"15753","Q8R284","Vmn1r84"
"15754","Q8R285","Vmn1r79"
"15755","Q8R287","Vmn1r83"
"15756","Q8R289","Vmn1r75"
"15757","Q8R290","Vmn1r74"
"15758","Q8R293","Vmn1r73"
"15759","Q8R294","Vmn1r233"
"15760","Q8R296","Vmn1r237"
"15761","Q8R298","Vmn1r234"
"15762","Q8R299","Vmn1r185"
"15763","Q8R2A2","Vmn1r230"
"15764","Q8R2A3","Vmn1r231"
"15765","Q8R2A5","Vmn1r225"
"15766","Q8R2A7","Vmn1r228"
"15767","Q8R2A8","Vmn1r226"
"15768","Q8R2A9","Vmn1r229"
"15769","Q8R2B4","Vmn1r179"
"15770","Q8R2B6","Vmn1r178"
"15771","Q8R2B8","Vmn1r64"
"15772","Q8R2B9","Vmn1r59"
"15773","Q8R2C0","Vmn1r62"
"15774","Q8R2C2","Vmn1r8"
"15775","Q8R2C6","Vmn1r21"
"15776","Q8R2C7","Vmn1r19"
"15777","Q8R2C8","Vmn1r18"
"15778","Q8R2C9","Vmn1r28"
"15779","Q8R2D0","Vmn1r23"
"15780","Q8R2D1","Vmn1r22"
"15781","Q8R2D2","Vmn1r30"
"15782","Q8R2D3","Vmn1r4"
"15783","Q8R2D4","Vmn1r6"
"15784","Q8R2D6","Vmn1r24"
"15785","Q8R2D7","Vmn1r26"
"15786","Q8R2D8","Vmn1r17"
"15787","Q8R2D9","Vmn1r32"
"15788","Q8R2E0","Vmn1r33"
"15789","Q8R2E1","Vmn1r38"
"15790","Q8R2E2","Vmn1r35"
"15791","Q8R2E3","Vmn1r36"
"15792","Q8R2E4","Vmn1r37"
"15793","V1A11","V1ra11"
"15794","ERO1B","Ero1b"
"15795","DEGS2","Degs2"
"15796","NAR3","Art3"
"15797","CCD80","Ccdc80"
"15798","PHOP1","Phospho1"
"15799","FOXE1","Foxe1"
"15800","DFB35","Defb35"
"15801","DFB13","Defb13"
"15802","DFB15","Defb15"
"15803","DEFB9","Defb9"
"15804","DFB11","Defb11"
"15805","DFB10","Defb10"
"15806","FUCM","Fuom"
"15807","TAF6L","Taf6l"
"15808","SNPC5","Snapc5"
"15809","CA054","MGI:2385885"
"15810","RT18C","Mrps18c"
"15811","TEAN2","Tceanc2"
"15812","TDIF2","Dnttip2"
"15813","TAP26","Ccdc59"
"15814","AQP3","Aqp3"
"15815","UTP4","Utp4"
"15816","KLH25","Klhl25"
"15817","TRI29","Trim29"
"15818","Q8R2Q3","Zfp940"
"15819","RRF2M","Gfm2"
"15820","TECT3","Tctn3"
"15821","BST2","Bst2"
"15822","POMT1","Pomt1"
"15823","AAGAB","Aagab"
"15824","LRC61","Lrrc61"
"15825","MTG1","Mtg1"
"15826","AP3M2","Ap3m2"
"15827","RPKL1","Rps6kl1"
"15828","CD177","Cd177"
"15829","ARP8","Actr8"
"15830","TF3C5","Gtf3c5"
"15831","SEH1","Seh1l"
"15832","NEPRO","Nepro"
"15833","NTM1A","Ntmt1"
"15834","NUDT4","Nudt4"
"15835","LRC42","Lrrc42"
"15836","IFFO2","Iffo2"
"15837","ZN445","Znf445"
"15838","ADAP2","Adap2"
"15839","PANK3","Pank3"
"15840","GO45","Blzf1"
"15841","ABHD6","Abhd6"
"15842","MUC18","Mcam"
"15843","DOLK","Dolk"
"15844","PTH2","Ptrh2"
"15845","SOSB1","Nabp2"
"15846","ADIPL","C1qtnf12"
"15847","S26A7","Slc26a7"
"15848","VWA1","Vwa1"
"15849","VPS18","Vps18"
"15850","TMCC3","Tmcc3"
"15851","EXOC6","Exoc6"
"15852","S35F5","Slc35f5"
"15853","HBP1","Hbp1"
"15854","UBQL1","Ubqln1"
"15855","GLE1","Gle1"
"15856","RFC3","Rfc3"
"15857","PSPC1","Pspc1"
"15858","ZNHI1","Znhit1"
"15859","NUP58","Nup58"
"15860","CCD12","Ccdc12"
"15861","CDC16","Cdc16"
"15862","RFIP5","Rab11fip5"
"15863","IGSF8","Igsf8"
"15864","RERG","Rerg"
"15865","DAAF4","Dnaaf4"
"15866","USBP1","Ushbp1"
"15867","CLMP","Clmp"
"15868","Q8R379","Gimap7"
"15869","COMD5","Commd5"
"15870","CDPF1","Cdpf1"
"15871","PLCD1","Plcd1"
"15872","BRD8","Brd8"
"15873","MCMBP","Mcmbp"
"15874","CB042","MGI:2141787"
"15875","RBM19","Rbm19"
"15876","TBC13","Tbc1d13"
"15877","WIPI1","Wipi1"
"15878","FABD","Mcat"
"15879","STPAP","Tut1"
"15880","PP1R8","Ppp1r8"
"15881","TSN8","Tspan8"
"15882","HS2ST","Hs2st1"
"15883","TTC4","Ttc4"
"15884","MBOA2","Mboat2"
"15885","COG6","Cog6"
"15886","B3GN8","B3gnt8"
"15887","MTEF3","Mterf3"
"15888","CHAC1","Chac1"
"15889","PTCD2","Ptcd2"
"15890","MMGT2","Mmgt2"
"15891","TCF25","Tcf25"
"15892","SO3A1","Slco3a1"
"15893","CDK8","Cdk8"
"15894","NOP14","Nop14"
"15895","MFS6L","Mfsd6l"
"15896","THOC1","Thoc1"
"15897","ACY2","Aspa"
"15898","DTX2","Dtx2"
"15899","INT14","Ints14"
"15900","CLUA1","Cluap1"
"15901","Q8R3P8","Rnf113a1"
"15902","SLF1","Slf1"
"15903","SARAF","Saraf"
"15904","PP6R2","Ppp6r2"
"15905","CCD58","Ccdc58"
"15906","T185B","Tmem185b"
"15907","GBRL1","Gabarapl1"
"15908","TSN33","Tspan33"
"15909","EXOC1","Exoc1"
"15910","STXB6","Stxbp6"
"15911","PLAT3","Plaat3"
"15912","SHLB2","Sh3glb2"
"15913","CUED1","Cuedc1"
"15914","Q8R3W2","0610009B22Rik"
"15915","SEN15","Tsen15"
"15916","AGR3","Agr3"
"15917","CS047","MGI:1913617"
"15918","I2BP1","Irf2bp1"
"15919","CACB1","Cacnb1"
"15920","ADIG","Adig"
"15921","MIC13","Micos13"
"15922","HEXI1","Hexim1"
"15923","MYCT1","Myct1"
"15924","IF27A","Ifi27l2a"
"15925","DICER","Dicer1"
"15926","ABCA3","Abca3"
"15927","CD109","Cd109"
"15928","AT2A1","Atp2a1"
"15929","OTOSP","Otos"
"15930","IL1FA","Il1f10"
"15931","IL36G","Il36g"
"15932","CADM4","Cadm4"
"15933","NUP85","Nup85"
"15934","ACHB4","Chrnb4"
"15935","DACT1","Dact1"
"15936","NLRP3","Nlrp3"
"15937","RUFY2","Rufy2"
"15938","SL9A8","Slc9a8"
"15939","TRPM8","Trpm8"
"15940","MYOZ3","Myoz3"
"15941","PURG","Purg"
"15942","CDT1","Cdt1"
"15943","MCLN3","Mcoln3"
"15944","NTNG2","Ntng2"
"15945","NTNG1","Ntng1"
"15946","MGT5A","Mgat5"
"15947","ACHA3","Chrna3"
"15948","ARHGC","Arhgef12"
"15949","CBPA5","Cpa5"
"15950","NAGS","Nags"
"15951","ZNT5","Slc30a5"
"15952","ATX7","Atxn7"
"15953","TF2AY","Gtf2a1l"
"15954","NETO1","Neto1"
"15955","IRAK4","Irak4"
"15956","PAPP1","Pappa"
"15957","SLAP2","Sla2"
"15958","CLYBL","Clybl"
"15959","TMC2","Tmc2"
"15960","TMC1","Tmc1"
"15961","MRP7","Abcc10"
"15962","NUP35","Nup35"
"15963","PP14C","Ppp1r14c"
"15964","CYS1","Cys1"
"15965","UT2","Slc14a2"
"15966","STAB2","Stab2"
"15967","MYPOP","Mypop"
"15968","TOP1M","Top1mt"
"15969","LUZP1","Luzp1"
"15970","NFAM1","Nfam1"
"15971","DUS15","Dusp15"
"15972","CBPZ","Cpz"
"15973","OIT3","Oit3"
"15974","PCOC2","Pcolce2"
"15975","ACER1","Acer1"
"15976","RBM12","Rbm12"
"15977","FCRL1","Fcrl1"
"15978","STAB1","Stab1"
"15979","RTTN","Rttn"
"15980","ETV3","Etv3"
"15981","LRC8C","Lrrc8c"
"15982","FKTN","Fktn"
"15983","MIB2","Mib2"
"15984","ACMSD","Acmsd"
"15985","PK1L1","Pkd1l1"
"15986","RHOQ","Rhoq"
"15987","ADM1B","Adam1b"
"15988","SH3K1","Sh3kbp1"
"15989","OTU7A","Otud7a"
"15990","CRAC1","Crtac1"
"15991","SNP47","Snap47"
"15992","KPRB","Prpsap2"
"15993","SMYD2","Smyd2"
"15994","AB1IP","Apbb1ip"
"15995","TB22A","Tbc1d22a"
"15996","SPSB4","Spsb4"
"15997","ACTY","Actr1b"
"15998","ZMY11","Zmynd11"
"15999","OARD1","Oard1"
"16000","IFIH1","Ifih1"
"16001","ES8L1","Eps8l1"
"16002","Q8R5F9","AY074887"
"16003","ARAP3","Arap3"
"16004","UBP15","Usp15"
"16005","WASF1","Wasf1"
"16006","GSTM4","Gstm4"
"16007","PRAF3","Arl6ip5"
"16008","UBP33","Usp33"
"16009","NOL6","Nol6"
"16010","VPS39","Vps39"
"16011","GIPC3","Gipc3"
"16012","WNT9A","Wnt9a"
"16013","CADM1","Cadm1"
"16014","V1R42","Vmn1r42"
"16015","TMX1","Tmx1"
"16016","TXLNB","Txlnb"
"16017","SDHL","Sds"
"16018","OSCAR","Oscar"
"16019","APOBR","Apobr"
"16020","ASPC1","Aspscr1"
"16021","BANP","Banp"
"16022","EXOS2","Exosc2"
"16023","FBXW7","Fbxw7"
"16024","CSN8","Cops8"
"16025","GUC1B","Guca1b"
"16026","O51E2","Or51e2"
"16027","SC6A8","Slc6a8"
"16028","BBX","Bbx"
"16029","ULA1","Nae1"
"16030","TTC36","Ttc36"
"16031","OLF63","Olfr63"
"16032","ASB13","Asb13"
"16033","CLC4K","Cd207"
"16034","MPDZ","Mpdz"
"16035","KKCC1","Camkk1"
"16036","DHRSX","Dhrsx"
"16037","Q8VBZ2","6330403K07Rik"
"16038","CLPT1","Clptm1"
"16039","EMAL3","Eml3"
"16040","T106A","Tmem106a"
"16041","OSGI1","Osgin1"
"16042","HUTU","Uroc1"
"16043","LRC14","Lrrc14"
"16044","HEM1","Alas1"
"16045","CK086","MGI:1917111"
"16046","TLCD2","Tlcd2"
"16047","AK1CD","Akr1c13"
"16048","Q8VC29","Zfp709"
"16049","TKFC","Tkfc"
"16050","CCDC9","Ccdc9"
"16051","NXNL1","Nxnl1"
"16052","RPAP2","Rpap2"
"16053","RMC1","Rmc1"
"16054","PEX12","Pex12"
"16055","IF27B","Ifi27l2b"
"16056","TCAB1","Wrap53"
"16057","RBPS2","Rbpms2"
"16058","RNF8","Rnf8"
"16059","KCTD5","Kctd5"
"16060","GLB1L","Glb1l"
"16061","NRM","Nrm"
"16062","ADIP","Ssx2ip"
"16063","S22A6","Slc22a6"
"16064","RBMS2","Rbms2"
"16065","COX18","Cox18"
"16066","Q8VC77","Akr1c20"
"16067","RHBL1","Rhbdl1"
"16068","LSM1","Lsm1"
"16069","GRAN","Gca"
"16070","ZDH12","Zdhhc12"
"16071","BUP1","Upb1"
"16072","PKHA4","Plekha4"
"16073","S22AJ","Slc22a19"
"16074","TMPS4","Tmprss4"
"16075","T161A","Tmem161a"
"16076","SCRN2","Scrn2"
"16077","NDC1","Ndc1"
"16078","MED25","Med25"
"16079","GYS2","Gys2"
"16080","PGDH","Hpgd"
"16081","EST1","Ces1"
"16082","CCM2L","Ccm2l"
"16083","RPGF3","Rapgef3"
"16084","SPON1","Spon1"
"16085","LMA1L","Lman1l"
"16086","MED17","Med17"
"16087","REEP2","Reep2"
"16088","KDM4C","Kdm4c"
"16089","DJC28","Dnajc28"
"16090","GPN1","Gpn1"
"16091","CI040","MGI:3583960"
"16092","NT5M","Nt5m"
"16093","PKHH3","Plekhh3"
"16094","MAVS","Mavs"
"16095","CANT1","Cant1"
"16096","TSN10","Tspan10"
"16097","Q8VCG1","Dut"
"16098","WDR74","Wdr74"
"16099","CO8G","C8g"
"16100","RFXAP","Rfxap"
"16101","THIKB","Acaa1b"
"16102","CLM5","Cd300ld"
"16103","RABEK","Rabepk"
"16104","DHC24","Dhcr24"
"16105","RDH10","Rdh10"
"16106","UBXN4","Ubxn4"
"16107","LRC3B","Lrrc3b"
"16108","PLBL1","Plbd1"
"16109","Q8VCI1","Zfp566"
"16110","PEX19","Pex19"
"16111","SWAP1","Swsap1"
"16112","MRGRF","Mrgprf"
"16113","TBG2","Tubg2"
"16114","KLH20","Klhl20"
"16115","FFAR2","Ffar2"
"16116","SYCN","Sycn"
"16117","SCO2","Sco2"
"16118","S17A9","Slc17a9"
"16119","NOXO1","Noxo1"
"16120","ZFY21","Zfyve21"
"16121","LIPT","Lipt1"
"16122","MUL1","Mul1"
"16123","FIBG","Fgg"
"16124","NCLN","Ncln"
"16125","Q8VCN3","Ugt2b37"
"16126","CGL","Cth"
"16127","CD99","Cd99"
"16128","TBCC","Tbcc"
"16129","KAD6","Ak6"
"16130","CLC14","Clec14a"
"16131","NRBF2","Nrbf2"
"16132","SMS1","Sgms1"
"16133","DHB13","Hsd17b13"
"16134","TM242","Tmem242"
"16135","ABHEB","Abhd14b"
"16136","MYLK2","Mylk2"
"16137","OCEL1","Ocel1"
"16138","PGRP2","Pglyrp2"
"16139","XYLK","Fam20b"
"16140","MED9","Med9"
"16141","AMPB","Rnpep"
"16142","EST1D","Ces1d"
"16143","TESK2","Tesk2"
"16144","ANGE1","Angel1"
"16145","EST3B","Ces3b"
"16146","AB17C","Abhd17c"
"16147","MF4B1","Mfsd4b1"
"16148","K1C25","Krt25"
"16149","UN93B","Unc93b1"
"16150","ACSF2","Acsf2"
"16151","AK1D1","Akr1d1"
"16152","S35C2","Slc35c2"
"16153","MICU1","Micu1"
"16154","KPTN","Kptn"
"16155","UTP6","Utp6"
"16156","PLPR2","Plppr2"
"16157","TM45B","Tmem45b"
"16158","THAP7","Thap7"
"16159","SGSM3","Sgsm3"
"16160","ZBT7C","Zbtb7c"
"16161","RUSD1","Rpusd1"
"16162","HYPDH","Prodh2"
"16163","SGMR2","Tmem97"
"16164","GRAP1","Gripap1"
"16165","Z385A","Znf385a"
"16166","ZCC18","Zcchc18"
"16167","TM143","Tmem143"
"16168","TPSNR","Tapbpl"
"16169","SGTB","Sgtb"
"16170","SGIP1","Sgip1"
"16171","ASZ1","Asz1"
"16172","ACER2","Acer2"
"16173","SFT2B","Sft2d2"
"16174","EVI2B","Evi2b"
"16175","CK068","Bles03"
"16176","TSYL4","Tspyl4"
"16177","PI3R4","Pik3r4"
"16178","ABHD4","Abhd4"
"16179","TTC8","Ttc8"
"16180","HIP1","Hip1"
"16181","TF2H3","Gtf2h3"
"16182","KLRBF","Klrb1f"
"16183","ALG12","Alg12"
"16184","LRRC2","Lrrc2"
"16185","S620A","Slc6a20a"
"16186","SYLM","Lars2"
"16187","FYCO1","Fyco1"
"16188","MYH9","Myh9"
"16189","WASH1","Washc1"
"16190","PHIP","Phip"
"16191","UHRF1","Uhrf1"
"16192","DAPK2","Dapk2"
"16193","PARN","Parn"
"16194","PPCS","Ppcs"
"16195","M3K21","Map3k21"
"16196","PAFA2","Pafah2"
"16197","FBX21","Fbxo21"
"16198","ESIP1","Epsti1"
"16199","UBAC1","Ubac1"
"16200","ALG9","Alg9"
"16201","VIGLN","Hdlbp"
"16202","NIT1","Nit1"
"16203","ELF5","Elf5"
"16204","ADPGK","Adpgk"
"16205","GLIS2","Glis2"
"16206","ZGPAT","Zgpat"
"16207","PSMD2","Psmd2"
"16208","HNRL1","Hnrnpul1"
"16209","AT1A1","Atp1a1"
"16210","CCD92","Ccdc92"
"16211","CX056","MGI:1924894"
"16212","MICA1","Mical1"
"16213","CCAR2","Ccar2"
"16214","CDIPT","Cdipt"
"16215","PTGR2","Ptgr2"
"16216","SIR2","Sirt2"
"16217","KRI1","Kri1"
"16218","TM267","Tmem267"
"16219","TGDS","Tgds"
"16220","DOCK6","Dock6"
"16221","CBX7","Cbx7"
"16222","RPR1A","Rprd1a"
"16223","CE57L","Cep57l1"
"16224","STX18","Stx18"
"16225","SC5A9","Slc5a9"
"16226","RM50","Mrpl50"
"16227","GPSM2","Gpsm2"
"16228","RHOV","Rhov"
"16229","Q8VDU3","Apol9a"
"16230","SNRK","Snrk"
"16231","ITGBL","Itgbl1"
"16232","R3GEF","Rab3il1"
"16233","Q8VDV7","Tbc1d19"
"16234","MITD1","Mitd1"
"16235","DX39A","Ddx39a"
"16236","UBE2W","Ube2w"
"16237","RXLT1","Rxylt1"
"16238","EFCB7","Efcab7"
"16239","CAAP1","Caap1"
"16240","ZDHC5","Zdhhc5"
"16241","DUS18","Dusp18"
"16242","MOB3B","Mob3b"
"16243","FBX33","Fbxo33"
"16244","TT39C","Ttc39c"
"16245","NAA40","Naa40"
"16246","MTMR6","Mtmr6"
"16247","SMG8","Smg8"
"16248","MIO","Mios"
"16249","RT23","Mrps23"
"16250","NKD2","Nkd2"
"16251","GD1L1","Gdap1l1"
"16252","RCC1","Rcc1"
"16253","OXND1","Oxnad1"
"16254","ANR49","Ankrd49"
"16255","METRL","Metrnl"
"16256","UBA5","Uba5"
"16257","DOXA1","Duoxa1"
"16258","OGRL1","Ogfrl1"
"16259","PAIP1","Paip1"
"16260","TAF12","Taf12"
"16261","PDC10","Pdcd10"
"16262","CUL7","Cul7"
"16263","THOC3","Thoc3"
"16264","PLD3A","Prelid3a"
"16265","F1142","Fam114a2"
"16266","RETR1","Retreg1"
"16267","RBM4B","Rbm4b"
"16268","F110C","Fam110c"
"16269","CH082","MGI:1925941"
"16270","S35F6","Slc35f6"
"16271","SRSF4","Srsf4"
"16272","CD276","Cd276"
"16273","CC115","Ccdc115"
"16274","MIA40","Chchd4"
"16275","CRDL2","Chrdl2"
"16276","TCTA","Tcta"
"16277","RAB7B","Rab7b"
"16278","GRK5","Grk5"
"16279","SAV1","Sav1"
"16280","MACIR","MACIR"
"16281","PAG15","Pla2g15"
"16282","RNZ1","Elac1"
"16283","AGRF1","Adgrf1"
"16284","CAHM2","Calhm2"
"16285","BL1S4","Bloc1s4"
"16286","K2C79","Krt79"
"16287","MTFR2","Mtfr2"
"16288","LEGL","Lgalsl"
"16289","RPE","Rpe"
"16290","LMCD1","Lmcd1"
"16291","RFA1","Rpa1"
"16292","ASTRA","Gramd1a"
"16293","CCD71","Ccdc71"
"16294","EXD2","Exd2"
"16295","CNO6L","Cnot6l"
"16296","TM144","Tmem144"
"16297","Q8VEH2","Ciz1"
"16298","ARL8A","Arl8a"
"16299","EPMIP","Epm2aip1"
"16300","CBWD1","Cbwd1"
"16301","ERLEC","Erlec1"
"16302","HYAL3","Hyal3"
"16303","GPN2","Gpn2"
"16304","DKK4","Dkk4"
"16305","NLE1","Nle1"
"16306","VPS4A","Vps4a"
"16307","CC50A","Tmem30a"
"16308","RHBD2","Rhbdd2"
"16309","HNRPU","Hnrnpu"
"16310","ING3","Ing3"
"16311","MSPD1","Mospd1"
"16312","MTMRE","Mtmr14"
"16313","REM2","Rem2"
"16314","GOLI","Rnf130"
"16315","MPCP","Slc25a3"
"16316","KLDC3","Klhdc3"
"16317","PLET1","Plet1"
"16318","O1102","Olfr1102"
"16319","Q8VES9","Olfr448"
"16320","Q8VET0","Olfr1311"
"16321","Q8VET1","Olfr1402"
"16322","Q8VET2","Olfr1394"
"16323","Q8VET3","Olfr1412"
"16324","Q8VET4","Olfr729"
"16325","Q8VET5","Olfr960"
"16326","Q8VET6","Olfr281"
"16327","Q8VET8","Olfr846"
"16328","Q8VEU0","Olfr780"
"16329","Q8VEU1","Olfr801"
"16330","Q8VEU2","Olfr981"
"16331","Q8VEU4","Olfr113"
"16332","Q8VEU6","Olfr1484"
"16333","Q8VEU7","Olfr1324"
"16334","Q8VEU8","Olfr1143"
"16335","Q8VEV0","Olfr446"
"16336","Q8VEV1","Olfr437"
"16337","Q8VEV5","Olfr827"
"16338","Q8VEV6","Olfr1475"
"16339","Q8VEV7","Olfr1461"
"16340","Q8VEV8","Olfr1449"
"16341","Q8VEW1","Olfr518"
"16342","OL498","Olfr498"
"16343","OL493","Olfr493"
"16344","OL510","Olfr510"
"16345","OL186","Olfr186"
"16346","OL187","Olfr187"
"16347","Q8VEX7","Olfr1232"
"16348","Q8VEX8","Olfr809"
"16349","Q8VEY1","Olfr129"
"16350","OL958","Olfr958"
"16351","Q8VEY4","Olfr135"
"16352","Q8VEY6","Olfr1330"
"16353","Q8VEY9","Olfr77"
"16354","OL480","Olfr480"
"16355","Q8VEZ1","Olfr1259"
"16356","Q8VEZ2","Olfr1269"
"16357","Q8VEZ3","Olfr1265"
"16358","Q8VEZ4","Olfr1495"
"16359","Q8VEZ5","Olfr1491"
"16360","Q8VEZ6","Olfr397"
"16361","Q8VEZ7","Olfr390"
"16362","Q8VF02","Olfr633"
"16363","Q8VF03","Olfr692"
"16364","Q8VF05","Olfr168"
"16365","Q8VF06","Olfr677"
"16366","Q8VF10","Olfr1312"
"16367","OL495","Olfr495"
"16368","O1094","Olfr1094"
"16369","Q8VF14","Olfr1093"
"16370","Q8VF15","Olfr976"
"16371","Q8VF16","Olfr361"
"16372","Q8VF17","Olfr434"
"16373","Q8VF18","Olfr47"
"16374","Q8VF19","Olfr1450"
"16375","Q8VF20","Olfr509"
"16376","Q8VF22","Olfr368"
"16377","Q8VF25","Olfr127"
"16378","Q8VF26","Olfr794"
"16379","Q8VF27","Olfr654"
"16380","Q8VF28","Olfr593"
"16381","Q8VF29","Olfr1284"
"16382","Q8VF30","Olfr461"
"16383","Q8VF31","Olfr460"
"16384","Q8VF33","Olfr1347"
"16385","Q8VF34","Olfr1350"
"16386","Q8VF35","Olfr1323"
"16387","Q8VF37","Olfr720"
"16388","Q8VF38","Olfr1279"
"16389","Q8VF39","Olfr1278"
"16390","Q8VF40","Olfr1276"
"16391","Q8VF41","Olfr1277"
"16392","Q8VF43","Olfr1325"
"16393","Q8VF48","Olfr1295"
"16394","Q8VF52","Olfr1079"
"16395","Q8VF55","Olfr1420"
"16396","Q8VF59","Olfr1431"
"16397","Q8VF62","Olfr877"
"16398","Q8VF63","Olfr881"
"16399","Q8VF64","Olfr883"
"16400","OL470","Olfr470"
"16401","OL469","Olfr469"
"16402","Q8VF69","Olfr223"
"16403","Q8VF72","Olfr1512"
"16404","Q8VF73","Olfr994"
"16405","Q8VF74","Olfr995"
"16406","Q8VF75","Olfr993"
"16407","OL998","Olfr998"
"16408","Q8VF78","Olfr919"
"16409","Q8VF79","Olfr382"
"16410","Q8VF80","Olfr458"
"16411","Q8VF81","Olfr450"
"16412","Q8VF82","Olfr215"
"16413","Q8VF83","Olfr1309"
"16414","Q8VF84","Olfr1317"
"16415","Q8VF85","Olfr1310"
"16416","Q8VF87","Olfr164"
"16417","Q8VF89","Olfr693"
"16418","Q8VF91","Olfr1241"
"16419","Q8VF94","Olfr1199"
"16420","Q8VF98","Olfr1202"
"16421","Q8VFA1","Olfr108"
"16422","Q8VFA2","Olfr165"
"16423","Q8VFA3","Olfr1388"
"16424","Q8VFA4","Olfr1391"
"16425","Q8VFA6","Olfr1392"
"16426","Q8VFA7","Olfr1393"
"16427","Q8VFA8","Olfr1384"
"16428","Q8VFA9","Olfr1387"
"16429","Q8VFB0","Olfr1261"
"16430","Q8VFB1","Olfr1254"
"16431","OL183","Olfr183"
"16432","Q8VFC1","Olfr130"
"16433","Q8VFC2","Olfr137"
"16434","Q8VFC3","Olfr266"
"16435","Q8VFC4","Olfr1411"
"16436","Q8VFC8","Olfr722"
"16437","OL474","Olfr474"
"16438","OL486","Olfr486"
"16439","OL492","Olfr492"
"16440","OL490","Olfr490"
"16441","OL484","Olfr484"
"16442","Q8VFD7","Olfr952"
"16443","Q8VFD8","Olfr279"
"16444","Q8VFD9","Olfr98"
"16445","Q8VFE1","Olfr97"
"16446","Q8VFE2","Olfr95"
"16447","Q8VFE3","Olfr96"
"16448","Q8VFE4","Olfr99"
"16449","Q8VFE6","Olfr54"
"16450","Q8VFE7","Olfr523"
"16451","Q8VFE8","Olfr530"
"16452","Q8VFE9","Olfr536"
"16453","Q8VFF1","Olfr854"
"16454","Q8VFF2","Olfr850"
"16455","Q8VFF4","Olfr847"
"16456","Q8VFF6","Olfr849"
"16457","Q8VFF7","Olfr860"
"16458","Q8VFG1","Olfr1170"
"16459","Q8VFG2","Olfr1367"
"16460","Q8VFG3","Olfr1368"
"16461","Q8VFG4","Olfr1370"
"16462","Q8VFG7","Olfr315"
"16463","Q8VFH0","Olfr1361"
"16464","Q8VFH3","Olfr777"
"16465","Q8VFH6","Olfr771"
"16466","Q8VFH7","Olfr800"
"16467","Q8VFH8","Olfr786"
"16468","Q8VFH9","Olfr810"
"16469","Q8VFI0","Olfr788"
"16470","Q8VFI1","Olfr811"
"16471","Q8VFI2","Olfr806"
"16472","Q8VFI3","Olfr803"
"16473","Q8VFI4","Olfr805"
"16474","Q8VFI7","Olfr866"
"16475","Q8VFI8","Olfr868"
"16476","Q8VFJ1","Olfr862"
"16477","Q8VFJ3","Olfr836"
"16478","Q8VFJ4","Olfr837"
"16479","Q8VFJ5","Olfr830"
"16480","Q8VFJ7","Olfr1012"
"16481","O1009","Olfr1009"
"16482","O1002","Olfr1002"
"16483","Q8VFK3","Olfr1457"
"16484","Q8VFK4","Olfr1043"
"16485","Q8VFK5","Olfr1033"
"16486","O1020","Olfr1020"
"16487","Q8VFL0","Olfr52"
"16488","O1030","Olfr1030"
"16489","O1086","Olfr1086"
"16490","Q8VFM1","Olfr1100"
"16491","Q8VFM3","Olfr695"
"16492","Q8VFM4","Olfr697"
"16493","Q8VFM5","Olfr700"
"16494","Q8VFM8","Olfr828"
"16495","OLF24","Olfr24"
"16496","Q8VFN1","Olfr984"
"16497","Q8VFN3","Olfr970"
"16498","Q8VFN4","Olfr968"
"16499","Q8VFN5","Olfr229"
"16500","Q8VFN6","Olfr986"
"16501","Q8VFN8","Olfr307"
"16502","Q8VFP0","Olfr303"
"16503","Q8VFP2","Olfr308"
"16504","Q8VFP3","Olfr360"
"16505","Q8VFP4","Olfr357"
"16506","Q8VFP5","Olfr356"
"16507","Q8VFP6","Olfr355"
"16508","Q8VFP8","Olfr350"
"16509","Q8VFP9","Olfr344"
"16510","Q8VFQ1","Olfr123"
"16511","Q8VFQ2","Olfr120"
"16512","Q8VFQ3","Olfr1501"
"16513","Q8VFQ4","Olfr1504"
"16514","Q8VFQ5","Olfr1489"
"16515","Q8VFQ6","Olfr1487"
"16516","Q8VFQ7","Olfr1141"
"16517","Q8VFQ8","Olfr1151"
"16518","Q8VFQ9","Olfr1138"
"16519","Q8VFR3","Olfr1155"
"16520","Q8VFR4","Olfr1163"
"16521","Q8VFS3","Olfr435"
"16522","Q8VFS5","Olfr441"
"16523","Q8VFS6","Olfr444"
"16524","Q8VFT2","Olfr365"
"16525","Q8VFT4","Olfr734"
"16526","Q8VFT5","Olfr732"
"16527","Q8VFT6","Olfr736"
"16528","Q8VFU0","Olfr815"
"16529","Q8VFU1","Olfr822"
"16530","Q8VFU2","Olfr816"
"16531","Q8VFU4","Olfr824"
"16532","Q8VFU5","Olfr820"
"16533","Q8VFU6","Olfr826"
"16534","Q8VFU7","Olfr825"
"16535","Q8VFU9","Olfr1427"
"16536","Q8VFV0","Olfr1423"
"16537","Q8VFV1","Olfr1424"
"16538","Q8VFV3","Olfr1441"
"16539","O1440","Olfr1440"
"16540","Q8VFV8","Olfr262"
"16541","Q8VFV9","Olfr1459"
"16542","Q8VFW1","Olfr1467"
"16543","Q8VFW2","Olfr1454"
"16544","Q8VFW3","Olfr1462"
"16545","Q8VFW4","Olfr1466"
"16546","Q8VFW5","Olfr1469"
"16547","Q8VFW8","Olfr1443"
"16548","Q8VFW9","Olfr1445"
"16549","Q8VFX0","Olfr1453"
"16550","Q8VFX1","Olfr1448"
"16551","O1444","Olfr1444"
"16552","Q8VFX3","Olfr1447"
"16553","Q8VFX4","Olfr1446"
"16554","Q8VFX5","Olfr1451"
"16555","Q8VFX6","Olfr401"
"16556","Q8VFX7","Olfr410"
"16557","Q8VFX8","Olfr402"
"16558","Q8VFY0","Olfr398"
"16559","Q8VFY3","Olfr1342"
"16560","Q8VFZ3","Olfr513"
"16561","Q8VFZ4","Olfr512"
"16562","Q8VFZ5","Olfr516"
"16563","Q8VFZ6","Olfr514"
"16564","Q8VFZ8","Olfr781"
"16565","Q8VFZ9","Olfr784"
"16566","Q8VG01","Olfr599"
"16567","OL488","Olfr488"
"16568","OL482","Olfr482"
"16569","OL478","Olfr478"
"16570","OL483","Olfr483"
"16571","OL491","Olfr491"
"16572","OL494","Olfr494"
"16573","OL497","Olfr497"
"16574","OL502","Olfr502"
"16575","Q8VG11","Olfr1497"
"16576","Q8VG12","Olfr1316"
"16577","OL507","Olfr507"
"16578","Q8VG16","Olfr935"
"16579","Q8VG18","Olfr689"
"16580","Q8VG19","Olfr648"
"16581","Q8VG21","Olfr1195"
"16582","Q8VG23","Olfr551"
"16583","Q8VG25","Olfr583"
"16584","Q8VG26","Olfr678"
"16585","Q8VG27","Olfr214"
"16586","Q8VG28","Olfr672"
"16587","Q8VG32","Olfr1408"
"16588","Q8VG33","Olfr767"
"16589","Q8VG37","Olfr1099"
"16590","Q8VG38","Olfr1110"
"16591","Q8VG40","Olfr1176"
"16592","OL508","Olfr508"
"16593","OL472","Olfr472"
"16594","OL473","Olfr473"
"16595","Q8VG45","Olfr821"
"16596","Q8VG46","Olfr818"
"16597","Q8VG47","Olfr1208"
"16598","Q8VG49","Olfr715"
"16599","Q8VG50","Olfr922"
"16600","Q8VG53","Olfr916"
"16601","Q8VG58","Olfr1230"
"16602","Q8VG59","Olfr1238"
"16603","Q8VG62","Olfr1271"
"16604","Q8VG63","Olfr1263"
"16605","Q8VG64","Olfr812"
"16606","Q8VG65","Olfr1499"
"16607","Q8VG66","Olfr1502"
"16608","Q8VG72","Olfr136"
"16609","Q8VG73","Olfr1240"
"16610","Q8VG74","Olfr1426"
"16611","Q8VG76","Olfr910"
"16612","Q8VG78","Olfr651"
"16613","Q8VG79","Olfr665"
"16614","Q8VG86","Olfr1184"
"16615","Q8VG87","Olfr273"
"16616","Q8VG89","Olfr969"
"16617","Q8VG90","Olfr983"
"16618","Q8VG91","Olfr975"
"16619","Q8VG94","Olfr133"
"16620","Q8VG95","Olfr134"
"16621","Q8VG96","Olfr109"
"16622","Q8VG97","Olfr1132"
"16623","Q8VGA0","Olfr272"
"16624","Q8VGA1","Olfr617"
"16625","Q8VGA6","Olfr1090"
"16626","Q8VGA9","Olfr156"
"16627","Q8VGB1","Olfr1339"
"16628","Q8VGB3","Olfr982"
"16629","Q8VGB4","Olfr985"
"16630","Q8VGB8","Olfr371"
"16631","Q8VGB9","Olfr161"
"16632","Q8VGC1","Olfr763"
"16633","Q8VGC2","Olfr770"
"16634","Q8VGC4","Olfr768"
"16635","Q8VGC5","Olfr772"
"16636","Q8VGC6","Olfr992"
"16637","Q8VGC7","Olfr1008"
"16638","Q8VGC8","Olfr131"
"16639","OLF56","Olfr56"
"16640","Q8VGD7","Olfr1395"
"16641","Q8VGD8","Olfr30"
"16642","Q8VGD9","Olfr330"
"16643","Q8VGE1","Olfr1404"
"16644","Q8VGE3","Olfr160"
"16645","Q8VGE5","Olfr1294"
"16646","Q8VGE6","Olfr1298"
"16647","Q8VGE7","Olfr1301"
"16648","Q8VGE8","Olfr1297"
"16649","Q8VGE9","Olfr1302"
"16650","Q8VGF0","Olfr126"
"16651","Q8VGF5","Olfr1201"
"16652","Q8VGG1","Olfr1217"
"16653","Q8VGG4","Olfr870"
"16654","Q8VGG6","Olfr853"
"16655","Q8VGG8","Olfr1280"
"16656","Q8VGG9","Olfr51"
"16657","Q8VGH0","Olfr1378"
"16658","Q8VGH1","Olfr1377"
"16659","Q8VGH2","Olfr211"
"16660","Q8VGH5","Olfr1336"
"16661","Q8VGH6","Olfr1346"
"16662","OLF1","Olfr1"
"16663","OL476","Olfr476"
"16664","OL481","Olfr481"
"16665","OL477","Olfr477"
"16666","Q8VGI7","Olfr799"
"16667","Q8VGI8","Olfr808"
"16668","Q8VGI9","Olfr807"
"16669","Q8VGJ0","Olfr791"
"16670","Q8VGJ1","Olfr796"
"16671","Q8VGJ2","Olfr802"
"16672","Q8VGJ3","Olfr790"
"16673","Q8VGJ4","Olfr46"
"16674","Q8VGJ5","Olfr167"
"16675","Q8VGJ6","Olfr1417"
"16676","Q8VGJ7","Olfr346"
"16677","Q8VGJ8","Olfr354"
"16678","Q8VGJ9","Olfr352"
"16679","Q8VGK0","Olfr353"
"16680","Q8VGK1","Olfr351"
"16681","Q8VGK2","Olfr347"
"16682","Q8VGK3","Olfr348"
"16683","Q8VGK4","Olfr345"
"16684","OLF50","Olfr50"
"16685","Q8VGK6","Olfr338"
"16686","Q8VGK7","Olfr342"
"16687","Q8VGK8","Olfr339"
"16688","Q8VGK9","Olfr341"
"16689","Q8VGL0","Olfr340"
"16690","Q8VGL1","Olfr522"
"16691","Q8VGL2","Olfr531"
"16692","Q8VGL3","Olfr535"
"16693","Q8VGL4","Olfr60"
"16694","Q8VGL5","Olfr525"
"16695","Q8VGL6","Olfr170"
"16696","Q8VGL8","Olfr53"
"16697","Q8VGL9","Olfr539"
"16698","Q8VGM0","Olfr541"
"16699","Q8VGM1","Olfr45"
"16700","Q8VGM2","Olfr61"
"16701","Q8VGM3","Olfr1250"
"16702","Q8VGM5","Olfr1226"
"16703","Q8VGM6","Olfr1242"
"16704","Q8VGM7","Olfr1243"
"16705","Q8VGM8","Olfr1239"
"16706","Q8VGM9","Olfr1228"
"16707","Q8VGN0","Olfr1233"
"16708","Q8VGN2","Olfr1262"
"16709","Q8VGN4","Olfr48"
"16710","Q8VGN6","Olfr1258"
"16711","Q8VGN8","Olfr1272"
"16712","Q8VGN9","Olfr1260"
"16713","Q8VGP0","Olfr1257"
"16714","Q8VGP1","Olfr1256"
"16715","Q8VGP3","Olfr1270"
"16716","Q8VGP4","Olfr38"
"16717","Q8VGP5","Olfr457"
"16718","Q8VGP6","Olfr447"
"16719","Q8VGP8","Olfr1494"
"16720","Q8VGP9","Olfr206"
"16721","Q8VGQ3","Olfr202"
"16722","Q8VGQ6","Olfr195"
"16723","OL181","Olfr181"
"16724","Q8VGR3","Olfr395"
"16725","Q8VGR5","Olfr394"
"16726","Q8VGR6","Olfr393"
"16727","O1052","Olfr1052"
"16728","O1044","Olfr1044"
"16729","Q8VGS0","Olfr1047"
"16730","O1038","Olfr1038"
"16731","Q8VGS2","Olfr1048"
"16732","O1019","Olfr1019"
"16733","Q8VGS7","Olfr1054"
"16734","Q8VGT1","Olfr385"
"16735","Q8VGT2","Olfr378"
"16736","Q8VGT3","Olfr380"
"16737","Q8VGT4","Olfr532"
"16738","Q8VGT7","Olfr1120"
"16739","Q8VGT9","Olfr1122"
"16740","Q8VGU2","Olfr283"
"16741","Q8VGU3","Olfr1413"
"16742","Q8VGU4","Olfr1416"
"16743","Q8VGU5","Olfr1414"
"16744","Q8VGU6","Olfr1351"
"16745","Q8VGU7","Olfr57"
"16746","Q8VGU8","Olfr1353"
"16747","Q8VGU9","Olfr669"
"16748","Q8VGV0","Olfr679"
"16749","Q8VGV1","Olfr683"
"16750","Q8VGV5","Olfr658"
"16751","Q8VGV6","Olfr659"
"16752","Q8VGV7","Olfr362"
"16753","Q8VGV8","Olfr589"
"16754","Q8VGV9","Olfr582"
"16755","Q8VGW0","Olfr584"
"16756","Q8VGW1","Olfr649"
"16757","Q8VGW2","Olfr646"
"16758","Q8VGW3","Olfr668"
"16759","Q8VGW5","Olfr691"
"16760","Q8VGW6","Olfr124"
"16761","Q8VGW8","Olfr449"
"16762","Q8VGW9","Olfr1390"
"16763","Q8VGX0","Olfr1389"
"16764","Q8VGX1","Olfr829"
"16765","Q8VGX2","Olfr166"
"16766","Q8VGX3","Olfr686"
"16767","Q8VGX5","Olfr1352"
"16768","Q8VGX6","Olfr641"
"16769","Q8VGX7","Olfr33"
"16770","Q8VGX9","Olfr656"
"16771","Q8VGY1","4930516K23Rik"
"16772","Q8VGY4","Olfr615"
"16773","Q8VGY7","Olfr622"
"16774","Q8VGY8","Olfr639"
"16775","Q8VGZ2","Olfr569"
"16776","Q8VGZ3","Olfr572"
"16777","Q8VGZ6","Olfr561"
"16778","Q8VGZ7","Olfr558"
"16779","Q8VGZ8","Olfr606"
"16780","Q8VGZ9","Olfr676"
"16781","Q8VH00","Olfr666"
"16782","Q8VH08","Olfr980"
"16783","Q8VH09","Olfr974"
"16784","Q8VH10","Olfr979"
"16785","Q8VH11","Olfr577"
"16786","Q8VH12","Olfr570"
"16787","Q8VH13","Olfr586"
"16788","Q8VH14","Olfr559"
"16789","Q8VH16","Olfr575"
"16790","Q8VH17","Olfr578"
"16791","Q8VH18","Olfr690"
"16792","Q8VH20","Olfr638"
"16793","Q8VH21","Olfr644"
"16794","RFPLA","Rfpl4a"
"16795","HDAC8","Hdac8"
"16796","RBM39","Rbm39"
"16797","ASB18","Asb18"
"16798","CAH9","Ca9"
"16799","SELM","Selenom"
"16800","CABP4","Cabp4"
"16801","GTR10","Slc2a10"
"16802","HORN","Hrnr"
"16803","SEC63","Sec63"
"16804","DYH5","Dnah5"
"16805","CDHR5","Cdhr5"
"16806","FMO4","Fmo4"
"16807","AMOT","Amot"
"16808","AGAP3","Agap3"
"16809","ADCY3","Adcy3"
"16810","Q8VHH8","Il25"
"16811","OFUT2","Pofut2"
"16812","CARTF","Carf"
"16813","VITRN","Vit"
"16814","WASF3","Wasf3"
"16815","DRC2","Ccdc65"
"16816","MARK1","Mark1"
"16817","PRGC2","Ppargc1b"
"16818","CSKI2","Caskin2"
"16819","MLC1","Mlc1"
"16820","TM11D","Tmprss11d"
"16821","DHX36","Dhx36"
"16822","UT1","Slc14a1"
"16823","SETD7","Setd7"
"16824","CRGN","Crygn"
"16825","Q8VHM5","Hnrnpr"
"16826","AGRV1","Adgrv1"
"16827","TIRR","Nudt16l1"
"16828","CDHR1","Cdhr1"
"16829","ILEUB","Serpinb1b"
"16830","RB40B","Rab40b"
"16831","ASB17","Asb17"
"16832","Q8VHQ1","Serpinb9g"
"16833","SOCS7","Socs7"
"16834","PP16B","Ppp1r16b"
"16835","RB40C","Rab40c"
"16836","ACO11","Acot11"
"16837","PCD18","Pcdh18"
"16838","P66B","Gatad2b"
"16839","CRUM1","Crb1"
"16840","ASB16","Asb16"
"16841","ASB15","Asb15"
"16842","TF3A","Gtf3a"
"16843","BAALC","Baalc"
"16844","CCG8","Cacng8"
"16845","CCG6","Cacng6"
"16846","CCG5","Cacng5"
"16847","EDAD","Edaradd"
"16848","FLNC","Flnc"
"16849","CSPG4","Cspg4"
"16850","DDT4L","Ddit4l"
"16851","IMP4","Imp4"
"16852","B3GN9","B3gnt9"
"16853","CLC2F","Clec2f"
"16854","S12A8","Slc12a8"
"16855","SATB2","Satb2"
"16856","TAF9","Taf9"
"16857","PAXI","Pxn"
"16858","GBGT1","Gbgt1"
"16859","TRI60","Trim60"
"16860","MRP2","Abcc2"
"16861","SORC3","Sorcs3"
"16862","LRP4","Lrp4"
"16863","PCX3","Pcnx3"
"16864","MOB2","Mob2"
"16865","HUMMR","Mgarp"
"16866","SP7","Sp7"
"16867","IPO4","Ipo4"
"16868","PLA1A","Pla1a"
"16869","NOC3L","Noc3l"
"16870","ODFP4","Odf4"
"16871","OAS3","Oas3"
"16872","OASL1","Oasl1"
"16873","OAS1D","Oas1d"
"16874","Q8VI97","Oas1h"
"16875","SIA10","St3gal6"
"16876","BARH2","Barhl2"
"16877","Q8VIB8","Vmn1r85"
"16878","Q8VIC0","Vmn1r71"
"16879","Q8VIC1","Vmn1r69"
"16880","V1R51","Vmn1r51"
"16881","V1R45","Vmn1r45"
"16882","V1R43","Vmn1r43"
"16883","RECQ5","Recql5"
"16884","Q8VIE6","Slc7a12"
"16885","PRS42","Prss42"
"16886","ZCH14","Zcchc14"
"16887","REST","Rest"
"16888","RSPH1","Rsph1"
"16889","TRAIP","Traip"
"16890","NOBOX","Nobox"
"16891","CYYR1","Cyyr1"
"16892","UR2R","Uts2r"
"16893","CST14","Cst14"
"16894","MCR","Nr3c2"
"16895","SFPQ","Sfpq"
"16896","NPRL3","Nprl3"
"16897","SNR25","Snrnp25"
"16898","M17L2","Mpv17l2"
"16899","H18","H1.8"
"16900","PEAR1","Pear1"
"16901","RWDD3","Rwdd3"
"16902","HAVR2","Havcr2"
"16903","BSND","Bsnd"
"16904","MYCD","Myocd"
"16905","STRC","Strc"
"16906","IRGQ","Irgq"
"16907","PEBP2","Pbp2"
"16908","CPIN1","Ciapin1"
"16909","CS012","MGI:1919494"
"16910","Q91UZ1","Plcb4"
"16911","EGLN3","Egln3"
"16912","IMPA2","Impa2"
"16913","Q91UZ8","Pcdhb11"
"16914","MBOA5","Lpcat3"
"16915","TRAM1","Tram1"
"16916","Q91V05","Lce3c"
"16917","CLC2D","Clec2d"
"16918","WDR13","Wdr13"
"16919","VSX1","Vsx1"
"16920","BACH","Acot7"
"16921","LEAP2","Leap2"
"16922","S12A5","Slc12a5"
"16923","ETFR1","Etfrf1"
"16924","ZNRF1","Znrf1"
"16925","ABCA7","Abca7"
"16926","MELPH","Mlph"
"16927","NRBP2","Nrbp2"
"16928","VATO","Atp6v0b"
"16929","RAB14","Rab14"
"16930","KISSR","Kiss1r"
"16931","Q91V48","Pcdhb21"
"16932","TTLL1","Ttll1"
"16933","CHIN","Chn1"
"16934","SFXN3","Sfxn3"
"16935","ISOC1","Isoc1"
"16936","DEFB7","Defb7"
"16937","CK054","MGI:1918234"
"16938","FITM1","Fitm1"
"16939","APOF","Apof"
"16940","RBM42","Rbm42"
"16941","DEFB8","Defb8"
"16942","TTI1","Tti1"
"16943","FGRL1","Fgfrl1"
"16944","NPNT","Npnt"
"16945","ACLY","Acly"
"16946","RHBT2","Rhobtb2"
"16947","PTH2R","Pth2r"
"16948","CD248","Cd248"
"16949","ACSM1","Acsm1"
"16950","CTL4","Slc44a4"
"16951","CAN8","Capn8"
"16952","PDIP2","Poldip2"
"16953","Q91VA7","Idh3b"
"16954","Q91VB1","Cma2"
"16955","KCC1G","Camk1g"
"16956","HPS3","Hps3"
"16957","IF4A3","Eif4a3"
"16958","PLVAP","Plvap"
"16959","PP14A","Ppp1r14a"
"16960","GHITM","Ghitm"
"16961","LEG12","Lgals12"
"16962","DEFB6","Defb6"
"16963","Q91VD8","Pcdhb17"
"16964","NDUS1","Ndufs1"
"16965","S27A4","Slc27a4"
"16966","KLK7","Klk7"
"16967","Q91VE5","Pcdhb10"
"16968","MK67I","Nifk"
"16969","HNMT","Hnmt"
"16970","EMID1","Emid1"
"16971","COQA1","Col26a1"
"16972","PAQR1","Adipor1"
"16973","SNX9","Snx9"
"16974","MEMO1","Memo1"
"16975","RINI","Rnh1"
"16976","AIM2","Aim2"
"16977","CAVN3","Cavin3"
"16978","STK38","Stk38"
"16979","PQBP1","Pqbp1"
"16980","BZW2","Bzw2"
"16981","ITM2C","Itm2c"
"16982","TE2IP","Terf2ip"
"16983","ZBTB1","Zbtb1"
"16984","WIPI4","Wdr45"
"16985","SPNS2","Spns2"
"16986","RMXL1","Rbmxl1"
"16987","Q91VM8","Zfp959"
"16988","IPYR2","Ppa2"
"16989","LRP5","Lrp5"
"16990","ZNF24","Znf24"
"16991","CK071","Gm5617"
"16992","MIC25","Chchd6"
"16993","DDX41","Ddx41"
"16994","TM101","Tmem101"
"16995","ATPG","Atp5f1c"
"16996","DDX1","Ddx1"
"16997","MLP3A","Map1lc3a"
"16998","BRK1","Brk1"
"16999","MGST1","Mgst1"
"17000","FARP2","Farp2"
"17001","NSE2","Nsmce2"
"17002","CBR4","Cbr4"
"17003","SIM14","Smim14"
"17004","FAM3C","Fam3c"
"17005","YIPF1","Yipf1"
"17006","DCA11","Dcaf11"
"17007","PUS7","Pus7"
"17008","PTOV1","Ptov1"
"17009","DEN2D","Dennd2d"
"17010","SH3L3","Sh3bgrl3"
"17011","GOGA4","Golga4"
"17012","ZKSC3","Zkscan3"
"17013","UBAP2","Ubap2"
"17014","NXPH3","Nxph3"
"17015","TM168","Tmem168"
"17016","KDM4B","Kdm4b"
"17017","CYTIP","Cytip"
"17018","ZN622","Znf622"
"17019","SMAP1","Smap1"
"17020","S39A8","Slc39a8"
"17021","TDRD3","Tdrd3"
"17022","LRC26","Lrrc26"
"17023","TIP39","Pth2"
"17024","COX42","Cox4i2"
"17025","RUSF1","Rusf1"
"17026","UBP3","Usp3"
"17027","NCOA5","Ncoa5"
"17028","KLC3","Klc3"
"17029","GCSP","Gldc"
"17030","PAI2B","Paip2b"
"17031","CSDE1","Csde1"
"17032","TMM19","Tmem19"
"17033","GOGA7","Golga7"
"17034","RBMS1","Rbms1"
"17035","FXL15","Fbxl15"
"17036","NRK1","Nmrk1"
"17037","CP270","Cyp2c70"
"17038","UBL7","Ubl7"
"17039","EPN3","Epn3"
"17040","USB1","Usb1"
"17041","UB2E2","Ube2e2"
"17042","VPS11","Vps11"
"17043","MA2C1","Man2c1"
"17044","TXND5","Txndc5"
"17045","BORG5","Cdc42ep1"
"17046","Q91W93","Krtap4-16"
"17047","Q91W94","Zfp65"
"17048","APC4","Anapc4"
"17049","HKDC1","Hkdc1"
"17050","S15A4","Slc15a4"
"17051","TIPIN","Tipin"
"17052","HDA11","Hdac11"
"17053","CXXC5","Cxxc5"
"17054","SHRPN","Sharpin"
"17055","Q91WA9","Abcg4"
"17056","PLPP7","Plpp7"
"17057","PKHF2","Plekhf2"
"17058","Q91WB5","Scgb1b27"
"17059","UBTD1","Ubtd1"
"17060","SETD3","Setd3"
"17061","POTE1","Pot1"
"17062","ACSL6","Acsl6"
"17063","NPAL2","Nipal2"
"17064","DGLB","Daglb"
"17065","GP108","Gpr108"
"17066","RPC4","Polr3d"
"17067","TRPV6","Trpv6"
"17068","CG025","MGI:2145422"
"17069","NDUS2","Ndufs2"
"17070","KI18A","Kif18a"
"17071","Q91WD8","Slc24a1"
"17072","SEGN","Scgn"
"17073","SNX15","Snx15"
"17074","PIP30","Psme3ip1"
"17075","RPP25","Rpp25"
"17076","CR032","MGI:3039614"
"17077","CDKAL","Cdkal1"
"17078","TAFA5","Tafa5"
"17079","ADCY4","Adcy4"
"17080","FIG4","Fig4"
"17081","EST2C","Ces2c"
"17082","INSI2","Insig2"
"17083","RABE2","Rabep2"
"17084","TRUB2","Trub2"
"17085","ELP2","Elp2"
"17086","AAKG2","Prkag2"
"17087","DGKG","Dgkg"
"17088","GLCNE","Gne"
"17089","Q91WH2","Ugt2b38"
"17090","ITFG2","Itfg2"
"17091","FRS3","Frs3"
"17092","Q91WJ2","Slc22a26"
"17093","SPS2L","Spats2l"
"17094","FUBP1","Fubp1"
"17095","LRRF2","Lrrfip2"
"17096","SPRY4","Spryd4"
"17097","EIF3H","Eif3h"
"17098","GCSH","Gcsh"
"17099","ANR54","Ankrd54"
"17100","ES8L3","Eps8l3"
"17101","CP4CA","Cyp4a12a"
"17102","SNX11","Snx11"
"17103","WWOX","Wwox"
"17104","Q91WM0","Zfp617"
"17105","STRBP","Strbp"
"17106","HDHD5","Hdhd5"
"17107","U3IP2","Rrp9"
"17108","EVA1A","Eva1a"
"17109","DNJC9","Dnajc9"
"17110","T150A","Tmem150a"
"17111","S7A13","Slc7a13"
"17112","KMO","Kmo"
"17113","MASP2","Masp2"
"17114","SPA3N","Serpina3n"
"17115","SYYC","Yars1"
"17116","TAF5L","Taf5l"
"17117","CALL4","Calml4"
"17118","ASCC2","Ascc2"
"17119","AK1CL","Akr1c21"
"17120","GINM1","Ginm1"
"17121","GPX6","Gpx6"
"17122","CISD1","Cisd1"
"17123","NLRP6","Nlrp6"
"17124","BHMT2","Bhmt2"
"17125","DEPD7","Depdc7"
"17126","DJC17","Dnajc17"
"17127","Q91WT7","Akr1c14"
"17128","RBM47","Rbm47"
"17129","CBS","Cbs"
"17130","EST1F","Ces1f"
"17131","S22A7","Slc22a7"
"17132","TMCO4","Tmco4"
"17133","AS3MT","As3mt"
"17134","ZDHC7","Zdhhc7"
"17135","NC2B","Dr1"
"17136","SLC31","Slc3a1"
"17137","MRGA4","Mrgpra4"
"17138","MRGA3","Mrgpra3"
"17139","MRGA2","Mrgpra2"
"17140","MRGA1","Mrgpra1"
"17141","PLPL3","Pnpla3"
"17142","DTBP1","Dtnbp1"
"17143","PODO","Nphs2"
"17144","UROM","Umod"
"17145","ASH2L","Ash2l"
"17146","K2013","Kiaa2013"
"17147","BAAT","Baat"
"17148","Q91X36","Sult5a1"
"17149","SH319","Sh3d19"
"17150","GCKR","Gckr"
"17151","ZBTB3","Zbtb3"
"17152","ARHG3","Arhgef3"
"17153","MALL","Mall"
"17154","GORS1","Gorasp1"
"17155","DCXR","Dcxr"
"17156","S1PR5","S1pr5"
"17157","ZFN2B","Zfand2b"
"17158","ACHA2","Chrna2"
"17159","HEMO","Hpx"
"17160","CY250","Cyp2c50"
"17161","ERLN1","Erlin1"
"17162","CELA1","Cela1"
"17163","METK1","Mat1a"
"17164","CRTC3","Crtc3"
"17165","FLVC2","Flvcr2"
"17166","TMM98","Tmem98"
"17167","PMGT1","Pomgnt1"
"17168","NADC","Qprt"
"17169","Q91X93","Prb1"
"17170","MSS4","Rabif"
"17171","NCALD","Ncald"
"17172","GOLM1","Golm1"
"17173","SNPC2","Snapc2"
"17174","KLD8A","Klhdc8a"
"17175","CHIA","Chia"
"17176","TREX1","Trex1"
"17177","YIF1A","Yif1a"
"17178","AJUBA","Ajuba"
"17179","DAP1","Dap"
"17180","PEX16","Pex16"
"17181","LIMS2","Lims2"
"17182","T4S4","Tm4sf4"
"17183","FTCD","Ftcd"
"17184","VPS36","Vps36"
"17185","CREL1","Creld1"
"17186","S2538","Slc25a38"
"17187","GLYAT","Glyat"
"17188","ACY3","Acy3"
"17189","VA0E2","Atp6v0e2"
"17190","TM205","Tmem205"
"17191","CR3L3","Creb3l3"
"17192","PNPO","Pnpo"
"17193","Q91XF2","Tm4sf5"
"17194","RN167","Rnf167"
"17195","DUS3L","Dus3l"
"17196","Q91XL1","Lrg1"
"17197","LNX2","Lnx2"
"17198","UXS1","Uxs1"
"17199","OSBL1","Osbpl1a"
"17200","DLG2","Dlg2"
"17201","GLRA3","Glra3"
"17202","DYH8","Dnah8"
"17203","CHSTF","Chst15"
"17204","LAP4B","Laptm4b"
"17205","MTMR4","Mtmr4"
"17206","SC16B","Sec16b"
"17207","TAC2N","Tc2n"
"17208","WRIP1","Wrnip1"
"17209","PI42C","Pip4k2c"
"17210","BASP1","Basp1"
"17211","FKBP6","Fkbp6"
"17212","Q91XW9","Pcdhgc5"
"17213","Q91XX0","Pcdhgc4"
"17214","Q91XX1","Pcdhgc3"
"17215","Q91XX3","Pcdhgb7"
"17216","Q91XX4","Pcdhgb6"
"17217","Q91XX5","Pcdhgb5"
"17218","Q91XX6","Pcdhgb4"
"17219","Q91XX7","Pcdhgb2"
"17220","Q91XX8","Pcdhgb1"
"17221","Q91XX9","Pcdhga9"
"17222","Q91XY0","Pcdhga8"
"17223","Q91XY2","Pcdhga6"
"17224","Q91XY3","Pcdhga5"
"17225","PCDG4","Pcdhga4"
"17226","Q91XY5","Pcdhga3"
"17227","Q91XY6","Pcdhga2"
"17228","Q91XY7","Pcdhga12"
"17229","Q91XY8","Pcdhga11"
"17230","Q91XY9","Pcdhga10"
"17231","Q91XZ0","Pcdhga1"
"17232","PCDB8","Pcdhb8"
"17233","PCDB6","Pcdhb6"
"17234","Q91XZ5","Pcdhb5"
"17235","Q91XZ6","Pcdhb4"
"17236","Q91XZ7","Pcdhb3"
"17237","Q91XZ8","Pcdhb22"
"17238","Q91XZ9","Pcdhb20"
"17239","Q91Y00","Pcdhb2"
"17240","Q91Y01","Pcdhb19"
"17241","PCDBI","Pcdhb18"
"17242","Q91Y03","Pcdhb16"
"17243","Q91Y04","Pcdhb15"
"17244","Q91Y06","Pcdhb13"
"17245","Q91Y07","Pcdhb12"
"17246","Q91Y08","Pcdhb1"
"17247","Q91Y09","Pcdhac2"
"17248","Q91Y10","Pcdhac1"
"17249","PCDA9","Pcdha9"
"17250","Q91Y12","Pcdha8"
"17251","PCDA7","Pcdha7"
"17252","Q91Y14","Pcdha6"
"17253","Q91Y15","Pcdha5"
"17254","Q91Y16","Pcdha3"
"17255","Q91Y17","Pcdha2"
"17256","Q91Y18","Pcdha12"
"17257","Q91Y19","Pcdha11"
"17258","PCDAA","Pcdha10"
"17259","Q91Y21","Pcdha1"
"17260","BRDT","Brdt"
"17261","FA11","F11"
"17262","SIG12","Siglec12"
"17263","S13A3","Slc13a3"
"17264","SIA4C","St3gal4"
"17265","Q91Y82","Klk6"
"17266","MK08","Mapk8"
"17267","ALDOB","Aldob"
"17268","KPSH1","Pskh1"
"17269","CXD3","Gjd3"
"17270","DCP1A","Dcp1a"
"17271","TRPM2","Trpm2"
"17272","VILL","Vill"
"17273","WASL","Wasl"
"17274","EGLN2","Egln2"
"17275","EGLN1","Egln1"
"17276","BAZ2A","Baz2a"
"17277","IPO9","Ipo9"
"17278","RBM5","Rbm5"
"17279","SYNP2","Synpo2"
"17280","5NT1B","Nt5c1b"
"17281","ATLA3","Atl3"
"17282","Q91YH6","Atp6v1b1"
"17283","ARLY","Asl"
"17284","ATG13","Atg13"
"17285","ARRB2","Arrb2"
"17286","GLD2","Tent2"
"17287","SNX4","Snx4"
"17288","THYN1","Thyn1"
"17289","IF2M","Mtif2"
"17290","LRC49","Lrrc49"
"17291","RRP1B","Rrp1b"
"17292","LYPD3","Lypd3"
"17293","RN126","Rnf126"
"17294","UCKL1","Uckl1"
"17295","PG2IP","Cwh43"
"17296","RHG35","Arhgap35"
"17297","FAKD4","Tbrg4"
"17298","CL004","D6Wsu163e"
"17299","F118A","Fam118a"
"17300","UAP1","Uap1"
"17301","BAG2","Bag2"
"17302","L2HDH","L2hgdh"
"17303","BN3D2","Bcdin3d"
"17304","NEUL","Nln"
"17305","DEOC","Dera"
"17306","ELMD3","Elmod3"
"17307","RAB7L","Rab29"
"17308","CSDC2","Csdc2"
"17309","RPN1","Rpn1"
"17310","RMD5B","Rmnd5b"
"17311","TWF1","Twf1"
"17312","EFNMT","EEF1AKNMT"
"17313","PRP6","Prpf6"
"17314","PTGR1","Ptgr1"
"17315","KCC1A","Camk1"
"17316","NDUV1","Ndufv1"
"17317","RN185","Rnf185"
"17318","YTHD2","Ythdf2"
"17319","CSCL1","Tmem63a"
"17320","MSD4","Msantd4"
"17321","LZTS2","Lzts2"
"17322","SSF1","Ppan"
"17323","PGAP4","Pgap4"
"17324","DNJC3","Dnajc3"
"17325","THMS2","Themis2"
"17326","LGAT1","Lpgat1"
"17327","B4GT3","B4galt3"
"17328","ATPF2","Atpaf2"
"17329","SO1A5","Slco1a5"
"17330","PORIM","Tmem123"
"17331","PTBP2","Ptbp2"
"17332","TTC1","Ttc1"
"17333","Q91Z40","Gbp7"
"17334","DUS7","Dusp7"
"17335","UIF","Fyttd1"
"17336","GRHPR","Grhpr"
"17337","CF132","MGI:2146908"
"17338","DIRA1","Diras1"
"17339","SRGP2","Srgap2"
"17340","SRGP1","Srgap1"
"17341","MYH7","Myh7"
"17342","B3GT6","B3galt6"
"17343","BMP2K","Bmp2k"
"17344","CHIL4","Chil4"
"17345","PCCA","Pcca"
"17346","SOCS4","Socs4"
"17347","NRARP","Nrarp"
"17348","ALPK2","Alpk2"
"17349","MRGRG","Mrgprg"
"17350","MRGRE","Mrgpre"
"17351","MRGRD","Mrgprd"
"17352","MRGB5","Mrgprb5"
"17353","MRGB4","Mrgprb4"
"17354","MRGB3","Mrgprb3"
"17355","MRGA8","Mrgpra8"
"17356","MRGA7","Mrgpra7"
"17357","MRGA6","Mrgpra6"
"17358","MRGA5","Mrgpra5"
"17359","OSR2","Osr2"
"17360","VANG2","Vangl2"
"17361","Q91ZD5","Cts3"
"17362","EAF2","Eaf2"
"17363","TMLH","Tmlhe"
"17364","AGRE4","Adgre4"
"17365","BMF","Bmf"
"17366","DJC24","Dnajc24"
"17367","CAT7","Cts7"
"17368","Q91ZF4","Ctsq"
"17369","MPPD1","Mpped1"
"17370","ABHD3","Abhd3"
"17371","CELR3","Celsr3"
"17372","IOD3","Dio3"
"17373","MUS81","Mus81"
"17374","UGPA","Ugp2"
"17375","HYAL1","Hyal1"
"17376","AP2D","Tfap2d"
"17377","DMBX1","Dmbx1"
"17378","SH2B1","Sh2b1"
"17379","CABP7","Cabp7"
"17380","DOK5","Dok5"
"17381","S35B2","Slc35b2"
"17382","LPIN1","Lpin1"
"17383","Q91ZP4","Slc5a4b"
"17384","NFIP2","Ndfip2"
"17385","NECA2","Necab2"
"17386","PDE6C","Pde6c"
"17387","RPE65","Rpe65"
"17388","RAB4B","Rab4b"
"17389","SNX18","Snx18"
"17390","ZHANG","Crebzf"
"17391","NEK8","Nek8"
"17392","CTSR1","Catsper1"
"17393","RED1","Adarb1"
"17394","FGD4","Fgd4"
"17395","ASB10","Asb10"
"17396","ASB9","Asb9"
"17397","ASB8","Asb8"
"17398","ASB7","Asb7"
"17399","ASB6","Asb6"
"17400","DYST","Dst"
"17401","NMD3B","Grin3b"
"17402","MIA2","Mia2"
"17403","DCBD2","Dcbld2"
"17404","MOGT1","Mogat1"
"17405","PLDX1","Plxdc1"
"17406","AGRA2","Adgra2"
"17407","OFUT1","Pofut1"
"17408","SMCA5","Smarca5"
"17409","C209E","Cd209e"
"17410","C209D","Cd209d"
"17411","C209C","Cd209c"
"17412","C209A","Cd209a"
"17413","SENP2","Senp2"
"17414","LRP1","Lrp1"
"17415","HRH4","Hrh4"
"17416","SYUB","Sncb"
"17417","RXFP2","Rxfp2"
"17418","OPT","Optc"
"17419","CLTR2","Cysltr2"
"17420","RISC","Scpep1"
"17421","AFG31","Afg3l1"
"17422","FCRLA","Fcrla"
"17423","FRM4B","Frmd4b"
"17424","SP16H","Supt16h"
"17425","CRDL1","Chrdl1"
"17426","MS4A3","Ms4a3"
"17427","MED28","Med28"
"17428","SG3A1","Scgb3a1"
"17429","KCNH5","Kcnh5"
"17430","FPPS","Fdps"
"17431","SMC1B","Smc1b"
"17432","SIGL5","Siglec5"
"17433","Q920G5","Olfr713"
"17434","MFRN1","Slc25a37"
"17435","GMCL1","Gmcl1"
"17436","SG3A2","Scgb3a2"
"17437","ACM5","Chrm5"
"17438","WDR7","Wdr7"
"17439","FADS1","Fads1"
"17440","ELOV6","Elovl6"
"17441","CORO6","Coro6"
"17442","SYT17","Syt17"
"17443","ODF3A","Odf3"
"17444","BPL1","Hlcs"
"17445","SYT12","Syt12"
"17446","Q920P2","Olfr73"
"17447","BRNP1","Brinp1"
"17448","KAD5","Ak5"
"17449","REV1","Rev1"
"17450","VPS16","Vps16"
"17451","MSI2H","Msi2"
"17452","NS1BP","Ivns1abp"
"17453","ALS2","Als2"
"17454","VPP4","Atp6v0a4"
"17455","Q920S1","Gzmn"
"17456","PRS41","Prss41"
"17457","GATD1","Gatad1"
"17458","B3GL1","B3galnt1"
"17459","Q920Y8","Olfr103"
"17460","Q920Z0","Olfr101"
"17461","Q920Z2","Olfr702"
"17462","NRIF2","Nrif2"
"17463","CXG3","Gjc3"
"17464","BRWD1","Brwd1"
"17465","BICD2","Bicd2"
"17466","MED6","Med6"
"17467","GRHL1","Grhl1"
"17468","RAB31","Rab31"
"17469","EED","Eed"
"17470","TADBP","Tardbp"
"17471","HNRLL","Hnrnpll"
"17472","LRCH4","Lrch4"
"17473","ETFD","Etfdh"
"17474","GCP2","Tubgcp2"
"17475","THIKA","Acaa1a"
"17476","COA7","Coa7"
"17477","ORML1","Ormdl1"
"17478","TRFE","Tf"
"17479","KLDC4","Klhdc4"
"17480","SH3B4","Sh3bp4"
"17481","EXOS4","Exosc4"
"17482","RHEB","Rheb"
"17483","UBE2S","Ube2s"
"17484","TCAF2","Tcaf2"
"17485","BCL7B","Bcl7b"
"17486","TMCO1","Tmco1"
"17487","COG2","Cog2"
"17488","HEMK1","Hemk1"
"17489","GLT11","Galnt11"
"17490","SF3B3","Sf3b3"
"17491","GOGA2","Golga2"
"17492","CYRIB","Cyrib"
"17493","DDX27","Ddx27"
"17494","TMM70","Tmem70"
"17495","GPS2","Gps2"
"17496","TCAL1","Tceal1"
"17497","ALG1","Alg1"
"17498","RIN1","Rin1"
"17499","DJC14","Dnajc14"
"17500","S35A5","Slc35a5"
"17501","S41A3","Slc41a3"
"17502","RM37","Mrpl37"
"17503","TOIP1","Tor1aip1"
"17504","SMTN","Smtn"
"17505","MGAT2","Mgat2"
"17506","CTL3","Slc44a3"
"17507","CHM1A","Chmp1a"
"17508","QORL1","Cryzl1"
"17509","SCT1A","Sectm1a"
"17510","RPC6","Polr3f"
"17511","PDIA5","Pdia5"
"17512","MOB1A","Mob1a"
"17513","IMP3","Imp3"
"17514","MFSD5","Mfsd5"
"17515","TFIP8","Tnfaip8"
"17516","MACD1","Macrod1"
"17517","SYDC","Dars1"
"17518","TRAF7","Traf7"
"17519","ITPI2","Itprid2"
"17520","CS044","MGI:1919504"
"17521","PP6R3","Ppp6r3"
"17522","C1TC","Mthfd1"
"17523","PCY2","Pcyt2"
"17524","FAKD2","Fastkd2"
"17525","TBB6","Tubb6"
"17526","S2536","Slc25a36"
"17527","FA76A","Fam76a"
"17528","TEKT2","Tekt2"
"17529","ANM3","Prmt3"
"17530","PDK3","Pdk3"
"17531","GMPPA","Gmppa"
"17532","RSLBB","Rasl11b"
"17533","ZN330","Znf330"
"17534","FOXI1","Foxi1"
"17535","CLIP1","Clip1"
"17536","TSN2","Tspan2"
"17537","FACR1","Far1"
"17538","NOP2","Nop2"
"17539","FRK","Frk"
"17540","NELFD","Nelfcd"
"17541","BACD3","Kctd10"
"17542","CDA7L","Cdca7l"
"17543","ASHWN","MGI:2138299"
"17544","T132A","Tmem132a"
"17545","GLYR1","Glyr1"
"17546","MARC2","Mtarc2"
"17547","RIOK1","Riok1"
"17548","P5CR2","Pycr2"
"17549","S35B3","Slc35b3"
"17550","ABHEA","Abhd14a"
"17551","LRC59","Lrrc59"
"17552","CHID1","Chid1"
"17553","PRKX","Prkx"
"17554","CP070","MGI:2443049"
"17555","P4R3B","Ppp4r3b"
"17556","PDIA6","Pdia6"
"17557","PDE2A","Pde2a"
"17558","KIF2C","Kif2c"
"17559","MFAP3","Mfap3"
"17560","PRPF3","Prpf3"
"17561","K2C5","Krt5"
"17562","PLRG1","Plrg1"
"17563","P5CR1","Pycr1"
"17564","ANM7","Prmt7"
"17565","DYRK3","Dyrk3"
"17566","UBXN1","Ubxn1"
"17567","TRI59","Trim59"
"17568","OXDD","Ddo"
"17569","LDAF1","Tmem159"
"17570","SPDLY","Spdl1"
"17571","GGACT","Ggact"
"17572","DBR1","Dbr1"
"17573","NRIF1","Nrif1"
"17574","STEA4","Steap4"
"17575","Q923D1","Zfp61"
"17576","BLVRB","Blvrb"
"17577","PARM1","Parm1"
"17578","SF3B5","Sf3b5"
"17579","WBP11","Wbp11"
"17580","SIR1","Sirt1"
"17581","RPAB3","Polr2h"
"17582","SC5A2","Slc5a2"
"17583","TRPM7","Trpm7"
"17584","GTPB3","Gtpbp3"
"17585","CSMD1","Csmd1"
"17586","Q923L6","Ear10"
"17587","Q923L7","Ear6"
"17588","PP16A","Ppp1r16a"
"17589","COKA1","Col20a1"
"17590","STA13","Stard13"
"17591","Q923Q6","Olfr116"
"17592","Q923Q8","Olfr114"
"17593","NEUL1","Neurl1"
"17594","RAB30","Rab30"
"17595","TRIM7","Trim7"
"17596","KCC2G","Camk2g"
"17597","TM1L1","Tom1l1"
"17598","TGS1","Tgs1"
"17599","ADA33","Adam33"
"17600","AGRL4","Adgrl4"
"17601","GLRX2","Glrx2"
"17602","TAAR1","Taar1"
"17603","GPC5B","Gprc5b"
"17604","MTO1","Mto1"
"17605","FER3L","Ferd3l"
"17606","TF7L2","Tcf7l2"
"17607","CIC","Cic"
"17608","UCN3","Ucn3"
"17609","XPO5","Xpo5"
"17610","ALPK3","Alpk3"
"17611","LOXL4","Loxl4"
"17612","RT4I1","Rtn4ip1"
"17613","Q924D1","Cyp2j9"
"17614","NPFF2","Npffr2"
"17615","MED15","Med15"
"17616","RA51C","Rad51c"
"17617","WAC","Wac"
"17618","Q924H8","Olfr459"
"17619","DQX1","Dqx1"
"17620","ACKR4","Ackr4"
"17621","AIPL1","Aipl1"
"17622","MTA3","Mta3"
"17623","LTMD1","Letmd1"
"17624","BOLL","Boll"
"17625","MPI","Mpi"
"17626","S12A6","Slc12a6"
"17627","PRS28","Prss28"
"17628","LCN8","Lcn8"
"17629","OAS1C","Oas1c"
"17630","SPRE2","Spred2"
"17631","SPRE1","Spred1"
"17632","DSCR6","Ripply3"
"17633","RT02","Mrps2"
"17634","XRCC4","Xrcc4"
"17635","RNF31","Rnf31"
"17636","SMC6","Smc6"
"17637","TRI66","Trim66"
"17638","DEN2B","Dennd2b"
"17639","RBTN1","Lmo1"
"17640","EPGN","Epgn"
"17641","CPT1B","Cpt1b"
"17642","LRP8","Lrp8"
"17643","STK33","Stk33"
"17644","Q924X8","Olfr642"
"17645","BODG","Bbox1"
"17646","CERS2","Cers2"
"17647","TRAM2","Tram2"
"17648","XPO6","Xpo6"
"17649","PAWR","Pawr"
"17650","TS1R3","Tas1r3"
"17651","SNTG2","Sntg2"
"17652","SNTG1","Sntg1"
"17653","2ABD","Ppp2r2d"
"17654","SPTSB","Sptssb"
"17655","ESAM","Esam"
"17656","R144A","Rnf144a"
"17657","RNF37","Ubox5"
"17658","CYBR1","Cybrd1"
"17659","ASIC2","Asic2"
"17660","TRPS1","Trps1"
"17661","KR191","Krtap19-1"
"17662","KRA65","Krtap6-5"
"17663","KR211","Krtap21-1"
"17664","KR193","Krtap19-3"
"17665","KR194","Krtap19-4"
"17666","KR192","Krtap19-2"
"17667","ATAD3","Atad3"
"17668","TS1R2","Tas1r2"
"17669","PDGFD","Pdgfd"
"17670","MED1","Med1"
"17671","TSSK6","Tssk6"
"17672","SFXN5","Sfxn5"
"17673","SFXN4","Sfxn4"
"17674","SFXN2","Sfxn2"
"17675","CLD16","Cldn16"
"17676","CEAM2","Ceacam2"
"17677","NCLX","Slc8b1"
"17678","GPHA2","Gpha2"
"17679","DACH2","Dach2"
"17680","IL24","Il24"
"17681","Q925T4","Plagl2"
"17682","GRIP1","Grip1"
"17683","OOSP1","Oosp1"
"17684","EDEM1","Edem1"
"17685","TALDO","Taldo1"
"17686","RN112","Rnf112"
"17687","PRDM9","Prdm9"
"17688","Q96LX3","Slc22a30"
"17689","ROAA","Hnrnpab"
"17690","MYO5A","Myo5a"
"17691","CAC1D","Cacna1d"
"17692","CSPRS","Csprs"
"17693","S14L2","Sec14l2"
"17694","MEP50","Wdr77"
"17695","CTU1","Ctu1"
"17696","SI11A","Smim11a"
"17697","MCLN1","Mcoln1"
"17698","GHDC","Ghdc"
"17699","MRM1","Mrm1"
"17700","ACATN","Slc33a1"
"17701","OPHN1","Ophn1"
"17702","THUM1","Thumpd1"
"17703","T30A1","Ttc30a1"
"17704","DCMC","Mlycd"
"17705","NRBP","Nrbp1"
"17706","DRS7B","Dhrs7b"
"17707","IER5L","Ier5l"
"17708","DERL1","Derl1"
"17709","TSN1","Tspan1"
"17710","RFC4","Rfc4"
"17711","RBM43","Rbm43"
"17712","ABEC3","Apobec3"
"17713","SIAS","Nans"
"17714","DEFI8","Def8"
"17715","DDB2","Ddb2"
"17716","ATG5","Atg5"
"17717","NPTXR","Nptxr"
"17718","DHX58","Dhx58"
"17719","IFM2","Ifitm2"
"17720","SO1A6","Slco1a6"
"17721","CDK9","Cdk9"
"17722","THTM","Mpst"
"17723","CLTR1","Cysltr1"
"17724","KLF7","Klf7"
"17725","STML2","Stoml2"
"17726","FOXP3","Foxp3"
"17727","AMNLS","Amn"
"17728","PACN3","Pacsin3"
"17729","MVD1","Mvd"
"17730","PSIP1","Psip1"
"17731","G37L1","Gpr37l1"
"17732","ANX13","Anxa13"
"17733","TNIP2","Tnip2"
"17734","RP25L","Rpp25l"
"17735","CSTN3","Clstn3"
"17736","ERD21","Kdelr1"
"17737","MSTN1","Mustn1"
"17738","PSMD6","Psmd6"
"17739","RAP1B","Rap1b"
"17740","SPEF1","Spef1"
"17741","KLH22","Klhl22"
"17742","M4K3","Map4k3"
"17743","CDC26","Cdc26"
"17744","HOME3","Homer3"
"17745","GGT7","Ggt7"
"17746","SFXN1","Sfxn1"
"17747","TINAL","Tinagl1"
"17748","NMNA3","Nmnat3"
"17749","SMRD2","Smarcd2"
"17750","NCMAP","Ncmap"
"17751","GATB","Gatb"
"17752","STK26","Stk26"
"17753","KRCC1","Krcc1"
"17754","TLCD1","Tlcd1"
"17755","MTND","Adi1"
"17756","BNIPL","Bnipl"
"17757","STAR4","Stard4"
"17758","AB17A","Abhd17a"
"17759","ACY1","Acy1"
"17760","LIMS1","Lims1"
"17761","EPCAM","Epcam"
"17762","TAF11","Taf11"
"17763","GORS2","Gorasp2"
"17764","EIF3M","Eif3m"
"17765","NXF1","Nxf1"
"17766","ECHB","Hadhb"
"17767","TIRAP","Tirap"
"17768","GIMA4","Gimap4"
"17769","TRABD","Trabd"
"17770","HIG1B","Higd1b"
"17771","PLPP3","Plpp3"
"17772","ARP3","Actr3"
"17773","SDCB2","Sdcbp2"
"17774","ERRFI","Errfi1"
"17775","PDXD1","Pdxdc1"
"17776","NLGN1","Nlgn1"
"17777","UFSP2","Ufsp2"
"17778","S39A3","Slc39a3"
"17779","ARFG2","Arfgap2"
"17780","ES8L2","Eps8l2"
"17781","EMIL1","Emilin1"
"17782","PRC1","Prc1"
"17783","Q99K45","Zfp810"
"17784","UBP11","Usp11"
"17785","NONO","Nono"
"17786","PLST","Pls3"
"17787","AASS","Aass"
"17788","RRAGC","Rragc"
"17789","MED24","Med24"
"17790","SMOX","Smox"
"17791","SERC","Psat1"
"17792","TAB2","Tab2"
"17793","RTF2","Rtf2"
"17794","CD019","MGI:1923511"
"17795","GLO2","Hagh"
"17796","SMAGP","Smagp"
"17797","VMA5A","Vwa5a"
"17798","UN45A","Unc45a"
"17799","MAOM","Me2"
"17800","DOK4","Dok4"
"17801","ZFP64","Zfp64"
"17802","CAR14","Card14"
"17803","TMED9","Tmed9"
"17804","RBM10","Rbm10"
"17805","LSR","Lsr"
"17806","HPS4","Hps4"
"17807","STK24","Stk24"
"17808","ACON","Aco2"
"17809","EMC3","Emc3"
"17810","UBX2A","Ubxn2a"
"17811","TCF19","Tcf19"
"17812","DCTN2","Dctn2"
"17813","REEP3","Reep3"
"17814","NEUA","Cmas"
"17815","DPP3","Dpp3"
"17816","SYHM","Hars2"
"17817","RAB28","Rab28"
"17818","ARRD1","Arrdc1"
"17819","CIAO1","Ciao1"
"17820","EPN4","Clint1"
"17821","CRYL1","Cryl1"
"17822","PRP19","Prpf19"
"17823","NAMPT","Nampt"
"17824","LACB2","Lactb2"
"17825","RNF34","Rnf34"
"17826","PPIF","Ppif"
"17827","FUCO2","Fuca2"
"17828","NGRN","Ngrn"
"17829","ADPRM","Adprm"
"17830","VMP1","Vmp1"
"17831","DHDDS","Dhdds"
"17832","CF089","MGI:2136782"
"17833","DJB11","Dnajb11"
"17834","TARA","Triobp"
"17835","TIP","Itfg1"
"17836","MLF2","Mlf2"
"17837","GAK","Gak"
"17838","ZN639","Znf639"
"17839","HAUS8","Haus8"
"17840","PGR1A","Pagr1a"
"17841","DHRS1","Dhrs1"
"17842","3HIDH","Hibadh"
"17843","GSTT3","Gstt3"
"17844","GMPR2","Gmpr2"
"17845","RLP24","Rsl24d1"
"17846","CDS2","Cds2"
"17847","IF2B","Eif2s2"
"17848","F10A1","St13"
"17849","NMD3","Nmd3"
"17850","VATC2","Atp6v1c2"
"17851","ELP5","Elp5"
"17852","SNTB1","Sntb1"
"17853","MCRS1","Mcrs1"
"17854","TDIF1","Dnttip1"
"17855","DHRS4","Dhrs4"
"17856","MAT2B","Mat2b"
"17857","SARDH","Sardh"
"17858","CSTF1","Cstf1"
"17859","NDUAA","Ndufa10"
"17860","ETFA","Etfa"
"17861","EI2BA","Eif2b1"
"17862","PEX6","Pex6"
"17863","CSN1","Gps1"
"17864","DDAH2","Ddah2"
"17865","EI2BB","Eif2b2"
"17866","RIPL2","Rilpl2"
"17867","GP146","Gpr146"
"17868","LYSM3","Lysmd3"
"17869","ABCF2","Abcf2"
"17870","AKIR1","Akirin1"
"17871","RTCB","Rtcb"
"17872","UBP16","Usp16"
"17873","TMM51","Tmem51"
"17874","TNPO2","Tnpo2"
"17875","TTC5","Ttc5"
"17876","Q99LG7","Zfp958"
"17877","NOG2","Gnl2"
"17878","PTSS1","Ptdss1"
"17879","ZN672","Znf672"
"17880","3BP5L","Sh3bp5l"
"17881","CLCC1","Clcc1"
"17882","ZN281","Znf281"
"17883","CSTF3","Cstf3"
"17884","HGS","Hgs"
"17885","CLP1","Clp1"
"17886","CT2NL","Cttnbp2nl"
"17887","FUCO","Fuca1"
"17888","ABTB1","Abtb1"
"17889","CKLF3","Cmtm3"
"17890","GPX7","Gpx7"
"17891","RCBT2","Rcbtb2"
"17892","NGBR","Nus1"
"17893","CHSTC","Chst12"
"17894","PWP1","Pwp1"
"17895","CK5P3","Cdk5rap3"
"17896","SMTL1","Smtnl1"
"17897","TADA1","Tada1"
"17898","DOHH","Dohh"
"17899","GRPE1","Grpel1"
"17900","YIPF2","Yipf2"
"17901","MBIP1","Mbip"
"17902","SVBP","Svbp"
"17903","TM189","Tmem189"
"17904","ABD12","Abhd12"
"17905","AUGN","Ecrg4"
"17906","MMAD","Mmadhc"
"17907","SERB","Psph"
"17908","DPY30","Dpy30"
"17909","CH1B1","Chmp1b1"
"17910","CF062","MGI:2441726"
"17911","PIGX","Pigx"
"17912","ANR10","Ankrd10"
"17913","YAF2","Yaf2"
"17914","PARK7","Park7"
"17915","MMTA2","Mmtag2"
"17916","OST4","Ost4"
"17917","GDPD3","Gdpd3"
"17918","NDUS5","Ndufs5"
"17919","SLD5","Gins4"
"17920","SYFM","Fars2"
"17921","MARH2","MARCHF2"
"17922","RWD2B","Rwdd2b"
"17923","LIAS","Lias"
"17924","COA5","Coa5"
"17925","CD003","MGI:1914954"
"17926","PPIP2","Pstpip2"
"17927","Q99M20","Klk10"
"17928","RNPS1","Rnps1"
"17929","HSP7E","Hspa14"
"17930","NCK1","Nck1"
"17931","CDCA3","Cdca3"
"17932","EPDR1","Epdr1"
"17933","KRT84","Krt84"
"17934","KRT82","Krt82"
"17935","PTPRT","Ptprt"
"17936","SCRT1","Scrt1"
"17937","DNJA3","Dnaja3"
"17938","ST7","St7"
"17939","NKX61","Nkx6-1"
"17940","TLR3","Tlr3"
"17941","MTFR1","Mtfr1"
"17942","TM2D1","Tm2d1"
"17943","RN141","Rnf141"
"17944","TRXR3","Txnrd3"
"17945","MYNN","Mynn"
"17946","NASP","Nasp"
"17947","WDR6","Wdr6"
"17948","SNCAP","Sncaip"
"17949","AT1B4","Atp1b4"
"17950","TBX19","Tbx19"
"17951","NOG1","Gtpbp4"
"17952","NDK5","Nme5"
"17953","NKD1","Nkd1"
"17954","RB6I2","Erc1"
"17955","GIMA3","Gimap3"
"17956","NHRF4","Pdzd3"
"17957","DDX50","Ddx50"
"17958","ARBK1","Grk2"
"17959","RASF1","Rassf1"
"17960","ZMY10","Zmynd10"
"17961","BBC3","Bbc3"
"17962","TNK1","Tnk1"
"17963","DIK1B","Dipk1b"
"17964","Q99ML6","Slc25a2"
"17965","UCN2","Ucn2"
"17966","RN111","Rnf111"
"17967","SYK","Kars1"
"17968","PCCB","Pccb"
"17969","CALCB","Calcb"
"17970","BRAP","Brap"
"17971","BICC1","Bicc1"
"17972","PINK1","Pink1"
"17973","ASPN","Aspn"
"17974","COPA1","Col25a1"
"17975","ACL6B","Actl6b"
"17976","GGYF1","Gigyf1"
"17977","S12A9","Slc12a9"
"17978","SRRT","Srrt"
"17979","MCCA","Mccc1"
"17980","PPR3A","Ppp1r3a"
"17981","MP17L","Mpv17l"
"17982","PRS29","Prss29"
"17983","EH1L1","Ehbp1l1"
"17984","TPGS1","Tpgs1"
"17985","MSH4","Msh4"
"17986","SUCR1","Sucnr1"
"17987","GPR87","Gpr87"
"17988","MRGRH","Mrgprh"
"17989","TPRA1","Tpra1"
"17990","DSRAD","Adar"
"17991","TDRD1","Tdrd1"
"17992","TX19A","Tex19.1"
"17993","M10L1","Mov10l1"
"17994","RNF17","Rnf17"
"17995","STK31","Stk31"
"17996","PRAL1","Pramel1"
"17997","Q99MW5","Tex13b"
"17998","TKTL1","Tktl1"
"17999","UBP26","Usp26"
"18000","FHL17","Fthl17"
"18001","T121B","Tmem121b"
"18002","SPZ1","Spz1"
"18003","ASH1L","Ash1l"
"18004","MLXPL","Mlxipl"
"18005","MYO7B","Myo7b"
"18006","PECR","Pecr"
"18007","M4A10","Ms4a10"
"18008","M4A4D","Ms4a4d"
"18009","M4A6D","Ms4a6d"
"18010","M4A6C","Ms4a6c"
"18011","M4A6B","Ms4a6b"
"18012","M4A8","Ms4a8"
"18013","DUS22","Dusp22"
"18014","HDAC9","Hdac9"
"18015","TKN4","Tac4"
"18016","CP4F3","Cyp4f3"
"18017","Q99N17","Cyp4f16"
"18018","Q99N18","Cyp4f15"
"18019","Q99N19","Cyp4f13"
"18020","BRMS1","Brms1"
"18021","CAH15","Ca15"
"18022","CADM3","Cadm3"
"18023","KLOTB","Klb"
"18024","TYPH","Tymp"
"18025","KREM1","Kremen1"
"18026","SYTL3","Sytl3"
"18027","SYTL2","Sytl2"
"18028","RAF1","Raf1"
"18029","GMCL2","Gmcl2"
"18030","LPXN","Lpxn"
"18031","Q99N75","Sval2"
"18032","SYTL1","Sytl1"
"18033","RT18B","Mrps18b"
"18034","RT18A","Mrps18a"
"18035","RT05","Mrps5"
"18036","RM43","Mrpl43"
"18037","RM36","Mrpl36"
"18038","RM34","Mrpl34"
"18039","RM27","Mrpl27"
"18040","RM16","Mrpl16"
"18041","RM09","Mrpl9"
"18042","RM03","Mrpl3"
"18043","RM01","Mrpl1"
"18044","S5A2","Srd5a2"
"18045","ATOH8","Atoh8"
"18046","PCGF6","Pcgf6"
"18047","ACS2L","Acss1"
"18048","Q99NB3","Tcam1"
"18049","GSDMC","Gsdmc"
"18050","UBQL4","Ubqln4"
"18051","SF3B1","Sf3b1"
"18052","VGLL1","Vgll1"
"18053","RIMS1","Rims1"
"18054","PBX4","Pbx4"
"18055","BCDO2","Bco2"
"18056","NSMF","Nsmf"
"18057","CEP41","Cep41"
"18058","RBP17","Ranbp17"
"18059","ARIP4","Rad54l2"
"18060","K199B","Krtap19-9b"
"18061","ANR17","Ankrd17"
"18062","PARD3","Pard3"
"18063","Q99NH4","Olfr661"
"18064","S26A5","Slc26a5"
"18065","TREM2","Trem2"
"18066","GT2D2","Gtf2ird2"
"18067","MUTYH","Mutyh"
"18068","TXIP1","Tsnaxip1"
"18069","PG12B","Pla2g12b"
"18070","NUDT7","Nudt7"
"18071","HPBP1","Hspbp1"
"18072","CNTP4","Cntnap4"
"18073","GHSR","Ghsr"
"18074","RASF3","Rassf3"
"18075","RB27B","Rab27b"
"18076","S29A3","Slc29a3"
"18077","SOST","Sost"
"18078","NUF2","Nuf2"
"18079","RTN4","Rtn4"
"18080","ABCG3","Abcg3"
"18081","RETNB","Retnlb"
"18082","RETN","Retn"
"18083","NU155","Nup155"
"18084","GPNMB","Gpnmb"
"18085","NKG7","Nkg7"
"18086","Q99PA7","4930550L24Rik"
"18087","Q99PB1","1700020D05Rik"
"18088","NCKX3","Slc24a3"
"18089","ANRA2","Ankra2"
"18090","SMIM3","Smim3"
"18091","ABCG5","Abcg5"
"18092","ARL4D","Arl4d"
"18093","CAD23","Cdh23"
"18094","AAAD","Aadac"
"18095","OGFR","Ogfr"
"18096","RGS18","Rgs18"
"18097","TS1R1","Tas1r1"
"18098","LRRC4","Lrrc4"
"18099","LPIN3","Lpin3"
"18100","LPIN2","Lpin2"
"18101","RTN4R","Rtn4r"
"18102","NTRI","Ntm"
"18103","PCD15","Pcdh15"
"18104","TRIM8","Trim8"
"18105","RRBP1","Rrbp1"
"18106","UBXN6","Ubxn6"
"18107","SCD3","Scd3"
"18108","S19A3","Slc19a3"
"18109","TF2AA","Gtf2a1"
"18110","UCK2","Uck2"
"18111","SC5A5","Slc5a5"
"18112","TRI26","Trim26"
"18113","ZN318","Znf318"
"18114","TR34A","Trim34a"
"18115","TRI33","Trim33"
"18116","TRI16","Trim16"
"18117","TR12A","Trim12a"
"18118","TRI11","Trim11"
"18119","HSPB2","Hspb2"
"18120","K1C23","Krt23"
"18121","GDIR1","Arhgdia"
"18122","IN80B","Ino80b"
"18123","KIF19","Kif19"
"18124","ACBG1","Acsbg1"
"18125","BAP1","Bap1"
"18126","DHX30","Dhx30"
"18127","PRP8","Prpf8"
"18128","BHE41","Bhlhe41"
"18129","BC11B","Bcl11b"
"18130","PRPK","Tp53rk"
"18131","KIF17","Kif17"
"18132","SELS","Selenos"
"18133","IF44L","Ifi44l"
"18134","Q9CPN7","1810009J06Rik"
"18135","IF2B3","Igf2bp3"
"18136","Q9CPN9","2210010C04Rik"
"18137","NPM3","Npm3"
"18138","NDUA5","Ndufa5"
"18139","LIPG","Lipf"
"18140","COX6C","Cox6c"
"18141","TOM22","Tomm22"
"18142","CENPQ","Cenpq"
"18143","ATP5L","Atp5mg"
"18144","RWDD4","Rwdd4"
"18145","RL17","Rpl17"
"18146","RM15","Mrpl15"
"18147","Q9CPR6","Krt88"
"18148","SIKE1","Sike1"
"18149","NSE3","Nsmce3"
"18150","HINT3","Hint3"
"18151","PNO1","Pno1"
"18152","SMAKA","MGI:1914330"
"18153","B2L14","Bcl2l14"
"18154","NANP","Nanp"
"18155","MYDGF","Mydgf"
"18156","NOP16","Nop16"
"18157","Q9CPT7","4930519G04Rik"
"18158","LGUL","Glo1"
"18159","Q9CPU1","Ssxb1"
"18160","NDUB2","Ndufb2"
"18161","Q9CPU3","Tex46"
"18162","MGST3","Mgst3"
"18163","FBX32","Fbxo32"
"18164","COPT2","Slc31a2"
"18165","TM107","Tmem107"
"18166","SKA1","Ska1"
"18167","APC16","Anapc16"
"18168","RM42","Mrpl42"
"18169","GLOD4","Glod4"
"18170","PMF1","Pmf1"
"18171","ZDHC6","Zdhhc6"
"18172","P2Y12","P2ry12"
"18173","CNTP2","Cntnap2"
"18174","FDX2","Fdx2"
"18175","RM54","Mrpl54"
"18176","ARPC5","Arpc5"
"18177","SSRB","Ssr2"
"18178","ZMAT2","Zmat2"
"18179","MAP12","Metap1d"
"18180","LYZL1","Lyzl1"
"18181","PLAT5","Plaat5"
"18182","ATG3","Atg3"
"18183","RT16","Mrps16"
"18184","QCR10","Uqcr11"
"18185","APC11","Anapc11"
"18186","MRM2","Mrm2"
"18187","RM51","Mrpl51"
"18188","CDCA5","Cdca5"
"18189","CDKA2","Cdk2ap2"
"18190","GID4","Gid4"
"18191","AMPL","Lap3"
"18192","CC198","Ccdc198"
"18193","CA185","MGI:1914896"
"18194","ORML3","Ormdl3"
"18195","COXM1","Cmc1"
"18196","DMAC1","Dmac1"
"18197","COMD4","Commd4"
"18198","OGFD2","Ogfod2"
"18199","RM24","Mrpl24"
"18200","LRC18","Lrrc18"
"18201","CHMP3","Chmp3"
"18202","Q9CQ11","Ly6m"
"18203","COPRS","Coprs"
"18204","Q9CQ14","Trpd52l3"
"18205","RNH2C","Rnaseh2c"
"18206","MYL9","Myl9"
"18207","M1IP1","Mid1ip1"
"18208","MCTS2","Mcts2"
"18209","LTOR1","Lamtor1"
"18210","FBX36","Fbxo36"
"18211","MZT2","Mzt2"
"18212","STABP","Stambp"
"18213","DPH6","Dph6"
"18214","RN151","Rnf151"
"18215","ASB11","Asb11"
"18216","LZTR1","Lztr1"
"18217","GRPL2","Glipr1l2"
"18218","DPOE4","Pole4"
"18219","UBE2T","Ube2t"
"18220","MED21","Med21"
"18221","RM49","Mrpl49"
"18222","TM218","Tmem218"
"18223","NENF","Nenf"
"18224","DRC8","Efcab2"
"18225","Q9CQ47","Spertl"
"18226","NUDC2","Nudcd2"
"18227","NCBP2","Ncbp2"
"18228","CEL3B","Cela3b"
"18229","NDUC2","Ndufc2"
"18230","USE1","Use1"
"18231","PR8A9","Prl8a9"
"18232","6PGL","Pgls"
"18233","UNC50","Unc50"
"18234","DECR","Decr1"
"18235","MTAP","Mtap"
"18236","TC1D2","Tctex1d2"
"18237","Q9CQ68","1700029P11Rik"
"18238","QCR8","Uqcrq"
"18239","H2AB1","H2ab1"
"18240","RFA3","Rpa3"
"18241","Q9CQ73","Pkp2"
"18242","LERL1","Leprotl1"
"18243","NDUA2","Ndufa2"
"18244","NEPN","Nepn"
"18245","Q9CQ77","1700129C05Rik"
"18246","TXND9","Txndc9"
"18247","VPS25","Vps25"
"18248","CENPR","Itgb3bp"
"18249","UBL4B","Ubl4b"
"18250","TIM22","Timm22"
"18251","MIEN1","Mien1"
"18252","TSN31","Tspan31"
"18253","CUTA","Cuta"
"18254","CI085","MGI:1913456"
"18255","NDUA3","Ndufa3"
"18256","FIS1","Fis1"
"18257","DNJ5B","Dnajc5b"
"18258","CENPM","Cenpm"
"18259","TPPC5","Trappc5"
"18260","SDHB","Sdhb"
"18261","MED4","Med4"
"18262","CHCH1","Chchd1"
"18263","CEP19","Cep19"
"18264","NTPCR","Ntpcr"
"18265","MCRI2","Mcrip2"
"18266","CISD2","Cisd2"
"18267","LYRM1","Lyrm1"
"18268","Q9CQB8","Pate6"
"18269","Q9CQC0","Tpbpb"
"18270","COL","Clps"
"18271","CI135","MGI:1914733"
"18272","TM216","Tmem216"
"18273","BORG2","Cdc42ep3"
"18274","BZW1","Bzw1"
"18275","NDUB4","Ndufb4"
"18276","SPG21","Spg21"
"18277","SAR1B","Sar1b"
"18278","Q9CQD0","Rpl39l"
"18279","RAB5A","Rab5a"
"18280","CH1B2","Chmp1b2"
"18281","SARCO","Sln"
"18282","PINLY","Pinlyp"
"18283","VA0E1","Atp6v0e1"
"18284","RN138","Rnf138"
"18285","NPS3B","Nipsnap3b"
"18286","TM223","Tmem223"
"18287","RT17","Mrps17"
"18288","RGS10","Rgs10"
"18289","ASF1A","Asf1a"
"18290","ERGI3","Ergic3"
"18291","RTRAF","RTRAF"
"18292","FWCH2","Flywch2"
"18293","RM11","Mrpl11"
"18294","CPSF5","Nudt21"
"18295","MRES1","Mtres1"
"18296","ADPPT","Aasdhppt"
"18297","RT63","Mrpl57"
"18298","PCYOX","Pcyox1"
"18299","TMED6","Tmed6"
"18300","CHAC2","Chac2"
"18301","MET16","Mettl16"
"18302","ZMY19","Zmynd19"
"18303","TM147","Tmem147"
"18304","TM100","Tmem100"
"18305","PDZ1I","Pdzk1ip1"
"18306","Q9CQH1","Teddm3"
"18307","NDUB5","Ndufb5"
"18308","Q9CQH5","Lce1a1"
"18309","BT3L4","Btf3l4"
"18310","RPP14","Rpp14"
"18311","GMFB","Gmfb"
"18312","IFTAP","Iftap"
"18313","COTL1","Cotl1"
"18314","RU2B","Snrpb2"
"18315","MED30","Med30"
"18316","THEM5","Them5"
"18317","HIG2A","Higd2a"
"18318","PIHD1","Pih1d1"
"18319","RING2","Rnf2"
"18320","PRR13","Prr13"
"18321","DENR","Denr"
"18322","PTTG1","Pttg1"
"18323","NDUB9","Ndufb9"
"18324","ZNHI3","Znhit3"
"18325","RDM1","Rdm1"
"18326","RWDD1","Rwdd1"
"18327","SPR2A","Sprr2a1"
"18328","MT21A","Mettl21A"
"18329","MGN2","Magohb"
"18330","CCER1","Ccer1"
"18331","RM20","Mrpl20"
"18332","RM18","Mrpl18"
"18333","RM35","Mrpl35"
"18334","MOFA1","Mrfap1"
"18335","NICN1","Nicn1"
"18336","CA210","MGI:1913701"
"18337","ERD22","Kdelr2"
"18338","TXD17","Txndc17"
"18339","ANR61","Ankrd61"
"18340","Q9CQM7","Lce3b"
"18341","GLRX3","Glrx3"
"18342","TRAP1","Trap1"
"18343","TOM6","Tomm6"
"18344","SOSD1","Sostdc1"
"18345","TM14C","Tmem14c"
"18346","RM41","Mrpl41"
"18347","RM33","Mrpl33"
"18348","TPPC2","Trappc2"
"18349","CHCH5","Chchd5"
"18350","CTSRZ","Catsperz"
"18351","SMIM8","Smim8"
"18352","GEMI2","Gemin2"
"18353","AT5F1","Atp5pb"
"18354","LSM7","Lsm7"
"18355","RS21","Rps21"
"18356","ACO13","Acot13"
"18357","ZMAT5","Zmat5"
"18358","PPP6","Ppp6c"
"18359","PEN2","Psenen"
"18360","NOP10","Nop10"
"18361","FIBIN","Fibin"
"18362","S2546","Slc25a46"
"18363","RIOK2","Riok2"
"18364","GKN2","Gkn2"
"18365","DPA5A","Dppa5a"
"18366","SC61B","Sec61b"
"18367","HAUS2","Haus2"
"18368","MTNA","Mri1"
"18369","RBM7","Rbm7"
"18370","POMP","Pomp"
"18371","CJ082","MGI:1914757"
"18372","DESI1","Desi1"
"18373","RCAF1","Rab5if"
"18374","TXD12","Txndc12"
"18375","RER1","Rer1"
"18376","ZWINT","Zwint"
"18377","IMP1L","Immp1l"
"18378","TIM16","Pam16"
"18379","SPB11","Serpinb11"
"18380","RETR3","Retreg3"
"18381","RT24","Mrps24"
"18382","MLP3B","Map1lc3b"
"18383","TIM14","Dnajc19"
"18384","1433B","Ywhab"
"18385","EMC6","Emc6"
"18386","YKT6","Ykt6"
"18387","ARL8B","Arl8b"
"18388","PROZ","Proz"
"18389","LEG2","Lgals2"
"18390","COA8","Coa8"
"18391","IFM3","Ifitm3"
"18392","OTUB2","Otub2"
"18393","CYB5B","Cyb5b"
"18394","BPIA5","Bpifa5"
"18395","PAF15","Pclaf"
"18396","CLDN1","Cldnd1"
"18397","Q9CQX6","Gm16286"
"18398","RT36","Mrps36"
"18399","ATG12","Atg12"
"18400","RAMAC","Ramac"
"18401","MAGT1","Magt1"
"18402","UQCC2","Uqcc2"
"18403","PAQRB","Mmd"
"18404","T4S20","Tm4sf20"
"18405","NDUC1","Ndufc1"
"18406","ORML2","Ormdl2"
"18407","HSBP1","Hsbp1"
"18408","NDUA6","Ndufa6"
"18409","NDUB3","Ndufb3"
"18410","RPC10","Polr3k"
"18411","PSMD9","Psmd9"
"18412","TMA16","Tma16"
"18413","HYPM","H2ap"
"18414","Q9CR05","4931417E11Rik"
"18415","RPP29","Pop4"
"18416","UFC1","Ufc1"
"18417","OXLD1","Oxld1"
"18418","YETS4","Yeats4"
"18419","FMC1","Fmc1"
"18420","FANCL","Fancl"
"18421","PPID","Ppid"
"18422","IR3IP","Ier3ip1"
"18423","ACPM","Ndufab1"
"18424","TMM42","Tmem42"
"18425","TMEM9","Tmem9"
"18426","NUDT8","Nudt8"
"18427","DPH2","Dph2"
"18428","VTA1","Vta1"
"18429","WASC3","Washc3"
"18430","CCD43","Ccdc43"
"18431","JOS2","Josd2"
"18432","MANS1","Mansc1"
"18433","CE052","MGI:1914680"
"18434","CTRB1","Ctrb1"
"18435","GKN1","Gkn1"
"18436","PPDPF","Ppdpf"
"18437","WIPI3","Wdr45b"
"18438","KLH28","Klhl28"
"18439","HYPK","Hypk"
"18440","ANKR1","Ankrd1"
"18441","SKA2","Ska2"
"18442","NSA2","Nsa2"
"18443","DRAM2","Dram2"
"18444","ZN363","Rchy1"
"18445","VATG1","Atp6v1g1"
"18446","Q9CR52","4933400A11Rik"
"18447","NMB","Nmb"
"18448","CP087","MGI:1913964"
"18449","KBRS2","Nkiras2"
"18450","RL14","Rpl14"
"18451","KMCP1","Slc25a30"
"18452","G45IP","Gadd45gip1"
"18453","GOT1B","Golt1b"
"18454","NDUB7","Ndufb7"
"18455","M2OM","Slc25a11"
"18456","COX16","Cox16"
"18457","KISHA","Tmem167a"
"18458","TMM33","Tmem33"
"18459","UCRI","Uqcrfs1"
"18460","LAGE3","Lage3"
"18461","PNRC2","Pnrc2"
"18462","TNR12","Tnfrsf12a"
"18463","TM186","Tmem186"
"18464","MSD3","Msantd3"
"18465","FA32A","Fam32a"
"18466","TEX12","Tex12"
"18467","RBM18","Rbm18"
"18468","AT5G1","Atp5mc1"
"18469","CHSP1","Carhsp1"
"18470","RT14","Mrps14"
"18471","ERGI2","Ergic2"
"18472","Q9CR91","Lce1m"
"18473","CCD96","Ccdc96"
"18474","NECP1","Necap1"
"18475","TM208","Tmem208"
"18476","F136A","Fam136a"
"18477","Q9CR99","4930544G11Rik"
"18478","NAR4","Art4"
"18479","MSMO1","Msmo1"
"18480","GOLP3","Golph3"
"18481","ATP5S","Dmac2l"
"18482","EXOS5","Exosc5"
"18483","FGOP2","Fgfr1op2"
"18484","SNX24","Snx24"
"18485","NHP2","Nhp2"
"18486","HIUH","Urah"
"18487","Q9CRB4","1700029F12Rik"
"18488","PR7C1","Prl7c1"
"18489","TPPP3","Tppp3"
"18490","MTFP1","Mtfp1"
"18491","MIC19","Chchd3"
"18492","VKOR1","Vkorc1"
"18493","CO040","MGI:1914540"
"18494","BORC7","Borcs7"
"18495","LRC40","Lrrc40"
"18496","GNPI2","Gnpda2"
"18497","OCAD1","Ociad1"
"18498","EMC2","Emc2"
"18499","DBND2","Dbndd2"
"18500","TM7S3","Tm7sf3"
"18501","XPOT","Xpot"
"18502","CB076","MGI:1920353"
"18503","GDPD1","Gdpd1"
"18504","TSPO2","Tspo2"
"18505","CATIN","Cactin"
"18506","PRPS2","Prps2"
"18507","FLIP1","Filip1"
"18508","ECD","Ecd"
"18509","NRX1A","Nrxn1"
"18510","PAR3L","Pard3b"
"18511","RRP44","Dis3"
"18512","SNW1","Snw1"
"18513","TTC14","Ttc14"
"18514","RPR1B","Rprd1b"
"18515","SFT2C","Sft2d3"
"18516","RANB3","Ranbp3"
"18517","AT132","Atp13a2"
"18518","FCF1","Fcf1"
"18519","RHBT3","Rhobtb3"
"18520","S6OS1","Six6os1"
"18521","LHPL3","Lhfpl3"
"18522","MICU3","Micu3"
"18523","THMS3","Themis3"
"18524","SMC1A","Smc1a"
"18525","ZMYM2","Zmym2"
"18526","OTUD1","Otud1"
"18527","DRC11","Iqca1"
"18528","SMUF1","Smurf1"
"18529","SPPL3","Sppl3"
"18530","SYCP2","Sycp2"
"18531","P52K","Thap12"
"18532","MINY3","MINDY3"
"18533","MLN","Mrln"
"18534","Q9CV82","2310003L06Rik"
"18535","ARPC2","Arpc2"
"18536","ATX3","Atxn3"
"18537","F133B","Fam133b"
"18538","CBY3","Cby3"
"18539","Q9CVR1","Gm26657"
"18540","SPT45","Spata45"
"18541","SMC3","Smc3"
"18542","PP13G","Ppp1r3g"
"18543","MARC1","Mtarc1"
"18544","RAVR1","Raver1"
"18545","B3GA1","B3gat1"
"18546","GOGA1","Golga1"
"18547","PGPIL","Pgpep1l"
"18548","YD286","MGI:1924672"
"18549","GTSFL","Gtsf1l"
"18550","NUD17","Nudt17"
"18551","NUBPL","Nubpl"
"18552","MFR1L","Mtfr1l"
"18553","OOEP","Ooep"
"18554","Q9CWF0","2410137M14Rik"
"18555","TBB2B","Tubb2b"
"18556","BBS2","Bbs2"
"18557","GLIP1","Glipr1"
"18558","NDUF7","Ndufaf7"
"18559","BL1S2","Bloc1s2"
"18560","DPPA2","Dppa2"
"18561","ZBT8A","Zbtb8a"
"18562","RE114","Rec114"
"18563","TRM11","Trmt11"
"18564","PSMA8","Psma8"
"18565","BCCIP","Bccip"
"18566","KTBL1","Katnbl1"
"18567","PUR9","Atic"
"18568","CD2B2","Cd2bp2"
"18569","SNX2","Snx2"
"18570","CASZ1","Casz1"
"18571","CTBL1","Ctnnbl1"
"18572","CDCA4","Cdca4"
"18573","PFD1","Pfdn1"
"18574","CNO11","Cnot11"
"18575","LY6K","Ly6k"
"18576","MSPD2","Mospd2"
"18577","DPOD4","Pold4"
"18578","P23A3","Prr23a3"
"18579","DPH5","Dph5"
"18580","ZSWM7","Zswim7"
"18581","ATP23","Atp23"
"18582","CAST1","Castor1"
"18583","ARHGP","Arhgef25"
"18584","WDR73","Wdr73"
"18585","SMYD3","Smyd3"
"18586","STEA1","Steap1"
"18587","DNM3L","Dnmt3l"
"18588","DDAH1","Ddah1"
"18589","RN135","Rnf135"
"18590","INT11","Ints11"
"18591","BEX4","Bex4"
"18592","SNX10","Snx10"
"18593","DDX28","Ddx28"
"18594","TDR12","Tdrd12"
"18595","ZDH13","Zdhhc13"
"18596","CA052","MGI:1913671"
"18597","KHDC3","Khdc3"
"18598","UQCC1","Uqcc1"
"18599","NUP37","Nup37"
"18600","MASU1","Malsu1"
"18601","MCM8","Mcm8"
"18602","MAGBG","Mageb16"
"18603","PKRI1","Prkrip1"
"18604","ZSWM1","Zswim1"
"18605","PIN4","Pin4"
"18606","CXXC1","Cxxc1"
"18607","CIA30","Ndufaf1"
"18608","RUSD4","Rpusd4"
"18609","DDX47","Ddx47"
"18610","SETD6","Setd6"
"18611","GEMI7","Gemin7"
"18612","RNH2A","Rnaseh2a"
"18613","RIP","Rpain"
"18614","RBM8A","Rbm8a"
"18615","SNAG","Napg"
"18616","IST1","Ist1"
"18617","UTP23","Utp23"
"18618","CNIH4","Cnih4"
"18619","F162B","Fam162b"
"18620","Q9CX21","9430069I07Rik"
"18621","CJ143","MGI:1924502"
"18622","YIF1B","Yif1b"
"18623","SGT1","Sugt1"
"18624","XRCC2","Xrcc2"
"18625","ZCH10","Zcchc10"
"18626","GEMI6","Gemin6"
"18627","PSMD8","Psmd8"
"18628","LBH","Lbh"
"18629","INKA1","Inka1"
"18630","IL40","MGI:1924977"
"18631","CL045","D10Wsu102e"
"18632","CYGB","Cygb"
"18633","ARMX1","Armcx1"
"18634","RGS19","Rgs19"
"18635","ROA0","Hnrnpa0"
"18636","CXE1","Gje1"
"18637","WDR55","Wdr55"
"18638","CP2U1","Cyp2u1"
"18639","GRAP","Grap"
"18640","T3HPD","L3hypdh"
"18641","SOAT","Slc10a6"
"18642","ALPK1","Alpk1"
"18643","MGME1","Mgme1"
"18644","ETV5","Etv5"
"18645","MCUR1","Mcur1"
"18646","LRC17","Lrrc17"
"18647","PRDM5","Prdm5"
"18648","BCL7A","Bcl7a"
"18649","XRCC3","Xrcc3"
"18650","TMED5","Tmed5"
"18651","KYNU","Kynu"
"18652","TBC15","Tbc1d15"
"18653","CHD1L","Chd1l"
"18654","PPIL4","Ppil4"
"18655","PHF19","Phf19"
"18656","Q9CXH3","3300002I08Rik"
"18657","SGO1","Sgo1"
"18658","COQ5","Coq5"
"18659","MOXD1","Moxd1"
"18660","MANF","Manf"
"18661","SYEM","Ears2"
"18662","MITOS","Abcb8"
"18663","SWET1","Slc50a1"
"18664","NIP7","Nip7"
"18665","RBM33","Rbm33"
"18666","TM50A","Tmem50a"
"18667","CG050","MGI:1920462"
"18668","SNORC","Snorc"
"18669","CHODL","Chodl"
"18670","PBLD2","Pbld2"
"18671","RHG08","Arhgap8"
"18672","GBG10","Gng10"
"18673","EXO5","Exo5"
"18674","DHRS7","Dhrs7"
"18675","PIGC","Pigc"
"18676","CENPV","Cenpv"
"18677","KDM8","Kdm8"
"18678","TM192","Tmem192"
"18679","MPPB","Pmpcb"
"18680","MED10","Med10"
"18681","MED31","Med31"
"18682","EIF1B","Eif1b"
"18683","ISL2","Isl2"
"18684","DHSD","Sdhd"
"18685","CRGF","Crygf"
"18686","DCNL5","Dcun1d5"
"18687","RT22","Mrps22"
"18688","CYBP","Cacybp"
"18689","RL11","Rpl11"
"18690","HYLS1","Hyls1"
"18691","CUED2","Cuedc2"
"18692","TM175","Tmem175"
"18693","ILF2","Ilf2"
"18694","GPI8","Pigk"
"18695","NDUS4","Ndufs4"
"18696","TT30B","Ttc30b"
"18697","AHSP","Ahsp"
"18698","RT28","Mrps28"
"18699","SNX7","Snx7"
"18700","BUD23","Bud23"
"18701","T179B","Tmem179b"
"18702","MIS12","Mis12"
"18703","TECR","Tecr"
"18704","GTPB8","Gtpbp8"
"18705","UB2FA","Ube2f"
"18706","EFMT1","Eef1akmt1"
"18707","SSRA","Ssr1"
"18708","THG1","Thg1l"
"18709","CHTOP","Chtop"
"18710","PAIRB","Serbp1"
"18711","RN181","Rnf181"
"18712","BIEA","Blvra"
"18713","Q9CY65","Gm26620"
"18714","GAR1","Gar1"
"18715","RM44","Mrpl44"
"18716","SAPC1","Sapcd1"
"18717","PSF3","Gins3"
"18718","SSU72","Ssu72"
"18719","Q9CY99","Zfp623"
"18720","CREL2","Creld2"
"18721","ZCHC8","Zcchc8"
"18722","TRI13","Trim13"
"18723","TM39A","Tmem39a"
"18724","DSN1","Dsn1"
"18725","DCP2","Dcp2"
"18726","CRTAP","Crtap"
"18727","RCC1L","Rcc1l"
"18728","TOM34","Tomm34"
"18729","PXL2A","Prxl2a"
"18730","GFOD2","Gfod2"
"18731","RRS1","Rrs1"
"18732","NJMU","MGI:1917841"
"18733","LUC7L","Luc7l"
"18734","SYWM","Wars2"
"18735","QPCT","Qpct"
"18736","GAPR1","Glipr2"
"18737","SPCS2","Spcs2"
"18738","RENR","Atp6ap2"
"18739","SESN3","Sesn3"
"18740","HPIP","Hcfc1r1"
"18741","NARF","Narf"
"18742","SSBP","Ssbp1"
"18743","AGM1","Pgm3"
"18744","CB072","MGI:1920042"
"18745","CAP2","Cap2"
"18746","DPH7","Dph7"
"18747","TM135","Tmem135"
"18748","HDHD3","Hdhd3"
"18749","RRP15","Rrp15"
"18750","PLD3B","Prelid3b"
"18751","TPD54","Tpd52l2"
"18752","REX1B","Rex1bd"
"18753","SSBP2","Ssbp2"
"18754","DBND1","Dbndd1"
"18755","CSN7A","Cops7a"
"18756","AT7L1","Atxn7l1"
"18757","MET18","Mettl18"
"18758","QCR1","Uqcrc1"
"18759","PSF1","Gins1"
"18760","T178A","Tmem178a"
"18761","SNF8","Snf8"
"18762","Q9CZ29","Zfp773"
"18763","OLA1","Ola1"
"18764","NNRD","Naxd"
"18765","NSF1C","Nsfl1c"
"18766","KLH35","Klhl35"
"18767","ANTR1","Antxr1"
"18768","CEP97","Cep97"
"18769","CKLF6","Cmtm6"
"18770","Q9CZ70","3110001I22Rik"
"18771","MED18","Med18"
"18772","RM55","Mrpl55"
"18773","SRFB1","Srfbp1"
"18774","CENPP","Cenpp"
"18775","ZCRB1","Zcrb1"
"18776","ZCH12","Zcchc12"
"18777","NDE1","Nde1"
"18778","C560","Sdhc"
"18779","THUM2","Thumpd2"
"18780","MED7","Med7"
"18781","TM128","Tmem128"
"18782","SCRN1","Scrn1"
"18783","MMAC","Mmachc"
"18784","GARS","Gars1"
"18785","IF3M","Mtif3"
"18786","RAB32","Rab32"
"18787","COMD8","Commd8"
"18788","PDZ11","Pdzd11"
"18789","PSMG3","Psmg3"
"18790","MXRA7","Mxra7"
"18791","CCD77","Ccdc77"
"18792","AEN","Aen"
"18793","MPPD2","Mpped2"
"18794","UTP11","Utp11"
"18795","HS12B","Hspa12b"
"18796","MS18A","Mis18a"
"18797","DJC18","Dnajc18"
"18798","ANKS3","Anks3"
"18799","F241A","Fam241a"
"18800","PHS2","Pcbd2"
"18801","RL15","Rpl15"
"18802","KCMB2","Kcnmb2"
"18803","SHSA9","Shisa9"
"18804","GLYM","Shmt2"
"18805","GATA","Qrsl1"
"18806","UFSP1","Ufsp1"
"18807","Q9CZP3","Zfp655"
"18808","BCS1","Bcs1l"
"18809","CD37L","Cdc37l1"
"18810","RAE1E","Raet1e"
"18811","BBS5","Bbs5"
"18812","NALD2","Naalad2"
"18813","TM40L","Tomm40l"
"18814","CKLF8","Cmtm8"
"18815","EFTS","Tsfm"
"18816","AL1B1","Aldh1b1"
"18817","CEP20","Cep20"
"18818","RPC5","Polr3e"
"18819","VASN","Vasn"
"18820","CMS1","Cmss1"
"18821","RAB3B","Rab3b"
"18822","MTREX","Mtrex"
"18823","ERAL1","Eral1"
"18824","CISY","Cs"
"18825","Q9CZU9","1500011B03Rik"
"18826","SHLD3","Shld3"
"18827","ST65G","Supt7l"
"18828","FXL20","Fbxl20"
"18829","CENPN","Cenpn"
"18830","ACSL3","Acsl3"
"18831","TOM70","Tomm70"
"18832","RN146","Rnf146"
"18833","ELP3","Elp3"
"18834","CEP89","Cep89"
"18835","PINX1","Pinx1"
"18836","PP4P2","Pip4p2"
"18837","RS19","Rps19"
"18838","EMC4","Emc4"
"18839","TCAL8","Tceal8"
"18840","UB2V1","Ube2v1"
"18841","LIPT2","Lipt2"
"18842","MPLKI","Mplkip"
"18843","5NT3A","Nt5c3a"
"18844","MPC2","Mpc2"
"18845","CCD47","Ccdc47"
"18846","TWST2","Twist2"
"18847","SSBP3","Ssbp3"
"18848","NKAI1","Nkain1"
"18849","ODPB","Pdhb"
"18850","ACBD6","Acbd6"
"18851","MDM1","Mdm1"
"18852","MMS19","Mms19"
"18853","Q9D073","2610042L04Rik"
"18854","MGRN1","Mgrn1"
"18855","TM10B","Trmt10b"
"18856","ALG14","Alg14"
"18857","SPC24","Spc24"
"18858","CENPS","Cenps"
"18859","ACER3","Acer3"
"18860","DET1","Det1"
"18861","ARPIN","Arpin"
"18862","SRSF9","Srsf9"
"18863","ZN524","Znf524"
"18864","TSTD3","Tstd3"
"18865","PBDC1","Pbdc1"
"18866","RIBC1","Ribc1"
"18867","RN115","Rnf115"
"18868","TRM5","Trmt5"
"18869","PAPD1","Mtpap"
"18870","DIM1","Dimt1"
"18871","T2EA","Gtf2e1"
"18872","HNRPM","Hnrnpm"
"18873","LYSM1","Lysmd1"
"18874","EFC11","Efcab11"
"18875","NDC80","Ndc80"
"18876","LMAN1","Lman1"
"18877","NKAP","Nkap"
"18878","RFC5","Rfc5"
"18879","PGM1","Pgm1"
"18880","RT30","Mrps30"
"18881","STX17","Stx17"
"18882","WSDU1","Wdsub1"
"18883","MRT4","Mrto4"
"18884","SYRC","Rars1"
"18885","ARL2","Arl2"
"18886","PTMS","Ptms"
"18887","TBCD7","Tbc1d7"
"18888","PEX13","Pex13"
"18889","SCOT1","Oxct1"
"18890","ZBED3","Zbed3"
"18891","ADCK1","Adck1"
"18892","BAMBI","Bambi"
"18893","ARM10","Armc10"
"18894","MCES","Rnmt"
"18895","EXOS7","Exosc7"
"18896","KPRA","Prpsap1"
"18897","CDCA7","Cdca7"
"18898","CY1","Cyc1"
"18899","DYL2","Dynll2"
"18900","CAF1B","Chaf1b"
"18901","TMM88","Tmem88"
"18902","EBPL","Ebpl"
"18903","PYGO1","Pygo1"
"18904","PSRC1","Psrc1"
"18905","IFT27","Ift27"
"18906","RM45","Mrpl45"
"18907","SYTC","Tars1"
"18908","DDX56","Ddx56"
"18909","LSM12","Lsm12"
"18910","WDR89","Wdr89"
"18911","NEUL2","Neurl2"
"18912","HINT2","Hint2"
"18913","NH2L1","Snu13"
"18914","DUS12","Dusp12"
"18915","GKN3","Gkn3"
"18916","DTWD2","Dtwd2"
"18917","MAF1","Maf1"
"18918","ARV1","Arv1"
"18919","RCAS1","Ebag9"
"18920","CINP","Cinp"
"18921","PPIL1","Ppil1"
"18922","RM52","Mrpl52"
"18923","TMM53","Tmem53"
"18924","Q9D0Z8","Ceacam11"
"18925","IFM1","Ifitm1"
"18926","PEPA5","Pga5"
"18927","MTHFS","Mthfs"
"18928","SHLD1","Shld1"
"18929","DNLZ","Dnlz"
"18930","MESH1","Hddc3"
"18931","ZN706","Znf706"
"18932","PPR27","Ppp1r27"
"18933","TM219","Tmem219"
"18934","RT25","Mrps25"
"18935","CK001","MGI:1915971"
"18936","UPK1A","Upk1a"
"18937","OGFD3","Ogfod3"
"18938","Q9D139","Lce1e"
"18939","Q9D140","Klk5"
"18940","Q9D141","Gm11567"
"18941","NUD14","Nudt14"
"18942","Q9D149","Lce1b"
"18943","ILEUA","Serpinb1a"
"18944","MRAP","Mrap"
"18945","CC167","Ccdc167"
"18946","FXYD6","Fxyd6"
"18947","INT12","Ints12"
"18948","GAL3A","Gatd3a"
"18949","TOM7","Tomm7"
"18950","S18L2","Ss18l2"
"18951","SUSD3","Susd3"
"18952","CFA57","Cfap57"
"18953","CIA2B","Ciao2b"
"18954","Q9D195","Lce1g"
"18955","SYF2","Syf2"
"18956","PXL2C","Prxl2c"
"18957","CNDP2","Cndp2"
"18958","ASB5","Asb5"
"18959","Q9D1B1","Cst6"
"18960","DCD2C","Dcdc2c"
"18961","RM28","Mrpl28"
"18962","UBE2C","Ube2c"
"18963","CBY1","Cby1"
"18964","PREY","Pyurf"
"18965","Q9D1C5","Lce1c"
"18966","VPS28","Vps28"
"18967","RRP7A","Rrp7a"
"18968","TSN11","Tspan11"
"18969","TMEDA","Tmed10"
"18970","CTHR1","Cthrc1"
"18971","CRTP1","Cysrt1"
"18972","LMBRL","Lmbr1l"
"18973","TBCB","Tbcb"
"18974","PLCE","Agpat5"
"18975","Q9D1F0","Rtl8b"
"18976","CX040","MGI:1915868"
"18977","AKTS1","Akt1s1"
"18978","MRNIP","Mrnip"
"18979","DNSL2","Dnase1l2"
"18980","RAB1B","Rab1b"
"18981","PMVK","Pmvk"
"18982","HHATL","Hhatl"
"18983","LRC57","Lrrc57"
"18984","Q9D1G7","Lce1l"
"18985","RITA1","Rita1"
"18986","NDUF4","Ndufaf4"
"18987","GET4","Get4"
"18988","RM53","Mrpl53"
"18989","MFAP4","Mfap4"
"18990","CAR19","Card19"
"18991","MCEE","Mcee"
"18992","RM14","Mrpl14"
"18993","NECP2","Necap2"
"18994","SARNP","Sarnp"
"18995","VATF","Atp6v1f"
"18996","Q9D1K4","Lce1a2"
"18997","CT027","MGI:1914576"
"18998","CHCH2","Chchd2"
"18999","LTOR5","Lamtor5"
"19000","SEC13","Sec13"
"19001","MCA3","Eef1e1"
"19002","FKB11","Fkbp11"
"19003","HDBP1","Gpihbp1"
"19004","MYMK","Mymk"
"19005","RM21","Mrpl21"
"19006","RM13","Mrpl13"
"19007","KAT8","Kat8"
"19008","CHRD1","Chordc1"
"19009","MPH6","Mphosph6"
"19010","DPM3","Dpm3"
"19011","Q9D1Q5","Serpinb3b"
"19012","ERP44","Erp44"
"19013","T126B","Tmem126b"
"19014","KTI12","Kti12"
"19015","RL34","Rpl34"
"19016","LIGO1","Lingo1"
"19017","PRR15","Prr15"
"19018","GRIFN","Grifin"
"19019","Q9D1U5","Cutal"
"19020","NOL3","Nol3"
"19021","TM50B","Tmem50b"
"19022","SHL2B","Shisal2b"
"19023","CK091","MGI:1915493"
"19024","ACKMT","Atpsckmt"
"19025","C2AIL","Cdkn2aipnl"
"19026","BCL9","Bcl9"
"19027","KRA53","Krtap5-3"
"19028","SPNS3","Spns3"
"19029","HTRA3","Htra3"
"19030","PKHJ1","Plekhj1"
"19031","RN186","Rnf186"
"19032","RNAS6","Rnase6"
"19033","Q9D245","Cstad"
"19034","ISK12","Spink12"
"19035","ACBD7","Acbd7"
"19036","Q9D260","9230112D13Rik"
"19037","Q9D262","Pate5"
"19038","SPIT4","Spint4"
"19039","Q9D264","Cstdc2"
"19040","LCN9","Lcn9"
"19041","CST11","Cst11"
"19042","ZDH21","Zdhhc21"
"19043","MMAB","Mmab"
"19044","BATF3","Batf3"
"19045","MISP","Misp"
"19046","NXP20","Fam114a1"
"19047","SPF27","Bcas2"
"19048","TPC6B","Trappc6b"
"19049","DESI2","Desi2"
"19050","CR3L4","Creb3l4"
"19051","SAAL1","Saal1"
"19052","RPC8","Polr3h"
"19053","BI1","Tmbim6"
"19054","SNPC3","Snapc3"
"19055","ZN687","Znf687"
"19056","KLD8B","Klhdc8b"
"19057","TSSK3","Tssk3"
"19058","TOE1","Toe1"
"19059","Q9D2E3","4930583I09Rik"
"19060","TM190","Tmem190"
"19061","TM210","Tmem210"
"19062","Q9D2F1","Pramef12"
"19063","STPG1","Stpg1"
"19064","P210L","Nup210l"
"19065","Q9D2F8","Toporsl"
"19066","ODO2","Dlst"
"19067","SYNJ2","Synj2"
"19068","HIPL2","Hhipl2"
"19069","Q9D2H1","Cox7b2"
"19070","KAD7","Ak7"
"19071","Q9D2H4","Mageb3"
"19072","TRI42","Trim42"
"19073","SP2","Sp2"
"19074","FNDC8","Fndc8"
"19075","DAAF1","Dnaaf1"
"19076","ARMC9","Armc9"
"19077","VSIG1","Vsig1"
"19078","ANKE1","Ankef1"
"19079","IQCH","Iqch"
"19080","ARSK","Arsk"
"19081","CPXM2","Cpxm2"
"19082","AGRF4","Adgrf4"
"19083","F111A","Fam111a"
"19084","UB2V2","Ube2v2"
"19085","DTNA","Dtna"
"19086","GLT15","Galnt15"
"19087","VP33A","Vps33a"
"19088","URM1","Urm1"
"19089","MOBP","Mobp"
"19090","TRM44","Trmt44"
"19091","PAAT","Paat"
"19092","S10AE","S100a14"
"19093","AACS","Aacs"
"19094","TMD11","Tmed11"
"19095","COA3","Coa3"
"19096","RT33","Mrps33"
"19097","SPAC7","Spaca7"
"19098","Q9D2T6","1700034E13Rik"
"19099","Q9D2U0","Psg23"
"19100","LSMD1","Naa38"
"19101","H2B3A","Hist3h2ba"
"19102","AAR2","Aar2"
"19103","CORO7","Coro7"
"19104","MFS10","Mfsd10"
"19105","FXYD4","Fxyd4"
"19106","ANR39","Ankrd39"
"19107","SCC4","Mau2"
"19108","Q9D2X6","Sval1"
"19109","CH076","MGI:1923008"
"19110","MLKL","Mlkl"
"19111","SNX20","Snx20"
"19112","FBX25","Fbxo25"
"19113","ELOV7","Elovl7"
"19114","CEA20","Ceacam20"
"19115","SENP8","Senp8"
"19116","Q9D2Z6","9130008F23Rik"
"19117","KIF12","Kif12"
"19118","RGF1C","Rasgef1c"
"19119","RN128","Rnf128"
"19120","THAP2","Thap2"
"19121","MGT4C","Mgat4c"
"19122","Q9D308","9030624G23Rik"
"19123","FAM3B","Fam3b"
"19124","DOXA2","Duoxa2"
"19125","K1C20","Krt20"
"19126","S35A4","Slc35a4"
"19127","TM35A","Tmem35a"
"19128","RM19","Mrpl19"
"19129","T170A","Tmem170a"
"19130","Q9D350","Obox1"
"19131","PPAC","Acp1"
"19132","SNR48","Snrnp48"
"19133","HYEP","Ephx1"
"19134","U1SBP","Snrnp35"
"19135","AR2BP","Arl2bp"
"19136","LAMP5","Lamp5"
"19137","RUFY3","Rufy3"
"19138","CAPON","Nos1ap"
"19139","TTYH1","Ttyh1"
"19140","HACD2","Hacd2"
"19141","TTPAL","Ttpal"
"19142","ATPD","Atp5f1d"
"19143","STAG1","Stag1"
"19144","Q9D3F6","Ms4a4c"
"19145","DDIT4","Ddit4"
"19146","SLAF8","Slamf8"
"19147","STX11","Stx11"
"19148","RHOH","Rhoh"
"19149","TMM80","Tmem80"
"19150","OBP1A","Obp1a"
"19151","Q9D3H4","Gm11938"
"19152","Q9D3H7","Gm11559"
"19153","Q9D3H9","5530401A14Rik"
"19154","Q9D3I0","5530400C23Rik"
"19155","KRA71","Krtap7-1"
"19156","Q9D3I8","Rhox4a"
"19157","Q9D3J3","Bcl2l12"
"19158","ANR22","Ankrd22"
"19159","AMTN","Amtn"
"19160","CX021","MGI:1918648"
"19161","F174A","Fam174a"
"19162","EFCB1","Efcab1"
"19163","Q9D3N5","5430402E10Rik"
"19164","GRTP1","Grtp1"
"19165","TCHL1","Tchhl1"
"19166","PLRKT","Plgrkt"
"19167","NEUT","Nts"
"19168","CEP72","Cep72"
"19169","F187A","Fam187a"
"19170","KATL2","Katnal2"
"19171","TAF7L","Taf7l"
"19172","SNX29","Snx29"
"19173","NXRD1","Noxred1"
"19174","CPVL","Cpvl"
"19175","Q9D3T1","4933436I01Rik"
"19176","PUS10","Pus10"
"19177","Q9D3U4","Rbm31y"
"19178","Q9D3U9","Olfr701"
"19179","DRC10","Iqcd"
"19180","FSIP1","Fsip1"
"19181","Q9D3V8","Fam227a"
"19182","RSP14","Rsph14"
"19183","GPN3","Gpn3"
"19184","LRC71","Lrrc71"
"19185","Q9D3X3","4933428M09Rik"
"19186","Q9D3X4","4933428G20Rik"
"19187","PACRL","Pacrgl"
"19188","Q9D3X8","Dydc2"
"19189","MFA3L","Mfap3l"
"19190","Q9D3Z8","Nt5el"
"19191","OXSM","Oxsm"
"19192","Q9D410","Dmrtc1c1"
"19193","TSSK4","Tssk4"
"19194","SH2D6","Sh2d6"
"19195","DLGP1","Dlgap1"
"19196","AR13A","Arl13a"
"19197","FBX24","Fbxo24"
"19198","Q9D420","4933421I07Rik"
"19199","CABYR","Cabyr"
"19200","GOG7B","GOLGA7B"
"19201","CFA53","Cfap53"
"19202","CX049","MGI:1918338"
"19203","Q9D476","4933407L21Rik"
"19204","ODF2L","Odf2l"
"19205","UVSSA","Uvssa"
"19206","RPC3","Polr3c"
"19207","EFHC2","Efhc2"
"19208","CMIP","Cmip"
"19209","SOLH2","Sohlh2"
"19210","TERB2","Terb2"
"19211","SYCE1","Syce1"
"19212","Q9D496","4930548H24Rik"
"19213","IQCF3","Iqcf3"
"19214","CP086","MGI:1918296"
"19215","SMS2","Sgms2"
"19216","TTC25","Ttc25"
"19217","LMTD1","Lmntd1"
"19218","EAF1","Eaf1"
"19219","LR2BP","Lrp2bp"
"19220","CLVS1","Clvs1"
"19221","Q9D4D2","4933402E13Rik"
"19222","Q9D4D3","4933402D24Rik"
"19223","TKTL2","Tktl2"
"19224","Q9D4D5","4933414I15Rik"
"19225","CC50C","Tmem30c"
"19226","Q9D4E6","Pabpc6"
"19227","Q9D4E9","Hyal6"
"19228","PLPP6","Plpp6"
"19229","Q9D4F3","Fam90a1b"
"19230","GCP4","Tubgcp4"
"19231","CU062","MGI:1921637"
"19232","HSF2B","Hsf2bp"
"19233","RMI1","Rmi1"
"19234","EXOC2","Exoc2"
"19235","GCC1","Gcc1"
"19236","AMOL1","Amotl1"
"19237","LONF3","Lonrf3"
"19238","CUL2","Cul2"
"19239","PHF14","Phf14"
"19240","MEII1","Mei1"
"19241","Q9D4I8","Ubqln5"
"19242","EFHD1","Efhd1"
"19243","DCBD1","Dcbld1"
"19244","PHF6","Phf6"
"19245","Q9D4J9","Potegl"
"19246","FACOS","Fancd2os"
"19247","F166A","Fam166a"
"19248","CC105","Ccdc105"
"19249","Q9D4M5","4931400O07Rik"
"19250","GLTL5","Galntl5"
"19251","ARL5B","Arl5b"
"19252","GSTT4","Gstt4"
"19253","RIBC2","Ribc2"
"19254","Q9D4Q4","4930578G10Rik"
"19255","MGT4D","Mgat4d"
"19256","Q9D4S4","4930564D02Rik"
"19257","Q9D4U4","H2al3"
"19258","Q9D4U7","4930556J24Rik"
"19259","EKI1","Etnk1"
"19260","CCD83","Ccdc83"
"19261","TAF1D","Taf1d"
"19262","TO20L","Tomm20l"
"19263","RABL3","Rabl3"
"19264","MFI","Mfi"
"19265","Q9D4X6","Samt4"
"19266","Q9D4Y3","Rhox2a"
"19267","TM269","Tmem269"
"19268","Q9D4Z5","Prame"
"19269","ANKR7","Ankrd7"
"19270","Q9D506","Gm3404"
"19271","MEIOB","Meiob"
"19272","Q9D515","Slxl1"
"19273","CC130","Ccdc130"
"19274","PLCC","Agpat3"
"19275","F227B","Fam227b"
"19276","Q9D519","Samt2b"
"19277","WBP2L","Wbp2nl"
"19278","NXNL2","Nxnl2"
"19279","ZC21B","Zc2hc1b"
"19280","CCDC7","Ccdc7"
"19281","Q9D542","4930470P17Rik"
"19282","Q9D548","Zcchc13"
"19283","Q9D549","4930513O06Rik"
"19284","SPT17","Spata17"
"19285","SF3A3","Sf3a3"
"19286","TM114","Tmem114"
"19287","WDR64","Wdr64"
"19288","UBX11","Ubxn11"
"19289","EFC10","Efcab10"
"19290","Q9D583","4930503E14Rik"
"19291","Q9D592","Tmbim7"
"19292","VATE2","Atp6v1e2"
"19293","SPESP","Spesp1"
"19294","RNS10","Rnase10"
"19295","Q9D5B7","Tex50"
"19296","CDYL2","Cdyl2"
"19297","Q9D5E3","4930449I24Rik"
"19298","DRC3","Drc3"
"19299","Q9D5F6","4930447A16Rik"
"19300","FTMT","Ftmt"
"19301","TC1D1","Tctex1d1"
"19302","Q9D5J5","Fam122c"
"19303","SHPK","Shpk"
"19304","TMM81","Tmem81"
"19305","S1PBP","S100pbp"
"19306","SPSB1","Spsb1"
"19307","Q9D5M9","4930412O13Rik"
"19308","SATL1","Satl1"
"19309","Q9D5N9","Tex36"
"19310","ADAD2","Adad2"
"19311","Q9D5Q6","Speer4f1"
"19312","CA141","MGI:1918191"
"19313","WDR20","Wdr20"
"19314","CEP83","Cep83"
"19315","SPAT1","Spata1"
"19316","TX19B","Tex19.2"
"19317","LRGUK","Lrguk"
"19318","ATAD1","Atad1"
"19319","Q9D5T2","4921524L21Rik"
"19320","HORM1","Hormad1"
"19321","PCT2B","Lpcat2b"
"19322","HDHD1","Pudp"
"19323","CNBD2","Cnbd2"
"19324","MICLK","Micalcl"
"19325","Q9D5V1","Actl11"
"19326","KLH10","Klhl10"
"19327","CUL5","Cul5"
"19328","SYAP1","Syap1"
"19329","CCD81","Ccdc81"
"19330","Q9D5W6","Slco6d1"
"19331","TEX47","Tex47"
"19332","CG031","MGI:1918071"
"19333","CCD39","Ccdc39"
"19334","MSS51","Mss51"
"19335","KRA52","Krtap5-2"
"19336","PSF2","Gins2"
"19337","OCSTP","Ocstamp"
"19338","KBTBC","Kbtbd12"
"19339","RFIP1","Rab11fip1"
"19340","KRA32","Krtap3-2"
"19341","Q9D644","Krtap31-1"
"19342","KRT34","Krt34"
"19343","LRAT1","Lratd1"
"19344","Q9D654","Zfp84"
"19345","Q9D656","4632433K11Rik"
"19346","TP4A3","Ptp4a3"
"19347","VISTA","Vsir"
"19348","SC23B","Sec23b"
"19349","D42E1","Sdr42e1"
"19350","SUN1","Sun1"
"19351","ARRD2","Arrdc2"
"19352","CLC2G","Clec2g"
"19353","RIN2","Rin2"
"19354","S6A19","Slc6a19"
"19355","SPB7","Serpinb7"
"19356","MYO1H","Myo1h"
"19357","HRCT1","Hrct1"
"19358","Q9D6C3","3830403N18Rik"
"19359","Q9D6D0","Slc25a27"
"19360","PPIL6","Ppil6"
"19361","TTC9B","Ttc9b"
"19362","GBRA4","Gabra4"
"19363","TBB4A","Tubb4a"
"19364","TM138","Tmem138"
"19365","CKLF5","Cmtm5"
"19366","IFT25","Hspb11"
"19367","ZDHC4","Zdhhc4"
"19368","Q9D6I0","Rtl8c"
"19369","PROF4","Pfn4"
"19370","DIK1A","Dipk1a"
"19371","LURA1","Lurap1"
"19372","CERS4","Cers4"
"19373","YJU2","Yju2"
"19374","NECA3","Necab3"
"19375","NDUB8","Ndufb8"
"19376","NDUV2","Ndufv2"
"19377","SYJ2B","Synj2bp"
"19378","TTC33","Ttc33"
"19379","FUND2","Fundc2"
"19380","CERS5","Cers5"
"19381","Q9D6L6","2310079G19Rik"
"19382","PPIL3","Ppil3"
"19383","GHC1","Slc25a22"
"19384","CAH13","Ca13"
"19385","NC2A","Drap1"
"19386","Q9D6P5","Lce1i"
"19387","CALL3","Calml3"
"19388","IDH3A","Idh3a"
"19389","Q9D6R3","Lce1h"
"19390","RRFM","Mrrf"
"19391","Q9D6S9","2310061N02Rik"
"19392","NOSIP","Nosip"
"19393","TBE","Tube1"
"19394","Q9D6T8","2310057N15Rik"
"19395","F162A","Fam162a"
"19396","PAIP2","Paip2"
"19397","C16L2","Cd164l2"
"19398","BORC6","Borcs6"
"19399","S52A3","Slc52a3"
"19400","PRS23","Prss23"
"19401","CCDC3","Ccdc3"
"19402","BORC8","Borcs8"
"19403","MSRA","Msra"
"19404","GLGB","Gbe1"
"19405","ALKB7","Alkbh7"
"19406","NOP56","Nop56"
"19407","IL36B","Il36b"
"19408","DUS26","Dusp26"
"19409","UPK3L","Upk3bl1"
"19410","TMM52","Tmem52"
"19411","RPAP3","Rpap3"
"19412","S10AG","S100a16"
"19413","TMM79","Tmem79"
"19414","TMX2","Tmx2"
"19415","PIR","Pir"
"19416","NSE1","Nsmce1"
"19417","OSER1","Oser1"
"19418","CF226","MGI:1914351"
"19419","Q9D731","Lce1d"
"19420","Q9D732","Krtap4-7"
"19421","GP2","Gp2"
"19422","TRIR","Trir"
"19423","ASB12","Asb12"
"19424","AP5S1","Ap5s1"
"19425","Q9D746","2310034C09Rik"
"19426","MD2L2","Mad2l2"
"19427","EXOS8","Exosc8"
"19428","DAPL1","Dapl1"
"19429","PACC1","Pacc1"
"19430","F219A","Fam219a"
"19431","RM02","Mrpl2"
"19432","TNF13","Tnfsf13"
"19433","SLAF9","Slamf9"
"19434","KLH40","Klhl40"
"19435","HAUS5","Haus5"
"19436","PPIL2","Ppil2"
"19437","FMT","Mtfmt"
"19438","SRP19","Srp19"
"19439","ARMC1","Armc1"
"19440","DUS2L","Dus2"
"19441","ACAD8","Acad8"
"19442","GPX8","Gpx8"
"19443","NRK2","Nmrk2"
"19444","RN225","Rnf225"
"19445","SPA9","Serpina9"
"19446","CLD23","Cldn23"
"19447","OVCA2","Ovca2"
"19448","CS025","MGI:1913624"
"19449","LPD6B","Lypd6b"
"19450","CHM4C","Chmp4c"
"19451","PRPS1","Prps1"
"19452","EURL","Eurl"
"19453","MISS","Mapk1ip1"
"19454","WDR5B","Wdr5b"
"19455","RTCA","RtcA"
"19456","AVPI1","Avpi1"
"19457","SHSA5","Shisa5"
"19458","LHPP","Lhpp"
"19459","FA83D","Fam83d"
"19460","TGM5","Tgm5"
"19461","COX20","Cox20"
"19462","DNSL1","Dnase1l1"
"19463","CPNS2","Capns2"
"19464","ECHD3","Echdc3"
"19465","TEN1L","Ten1"
"19466","DMAC2","Dmac2"
"19467","Q9D7L5","2310002L09Rik"
"19468","TMIG1","Tmigd1"
"19469","GID8","Gid8"
"19470","Q9D7M5","Dynap"
"19471","RPB4","Polr2d"
"19472","KR261","Krtap26-1"
"19473","RT09","Mrps9"
"19474","RM30","Mrpl30"
"19475","APMAP","Apmap"
"19476","KRA33","Krtap3-3"
"19477","Q9D7P3","Krtap4-13"
"19478","ISCU","Iscu"
"19479","CLIC3","Clic3"
"19480","SPB12","Serpinb12"
"19481","LYG1","Lyg1"
"19482","CHIT1","Chit1"
"19483","PMEPA","Pmepa1"
"19484","PEPC","Pgc"
"19485","LYPD8","Lypd8"
"19486","TMM54","Tmem54"
"19487","RL22L","Rpl22l1"
"19488","CHMP5","Chmp5"
"19489","REP15","Rep15"
"19490","CLD22","Cldn22"
"19491","SH24A","Sh2d4a"
"19492","LYSM2","Lysmd2"
"19493","NAAA","Naaa"
"19494","TSN17","Tspan17"
"19495","MED8","Med8"
"19496","KCTD4","Kctd4"
"19497","DUS3","Dusp3"
"19498","GGCT","Ggct"
"19499","SLX4I","Slx4ip"
"19500","NOL7","Nol7"
"19501","CLCA1","Clca1"
"19502","LYPD5","Lypd5"
"19503","CAN9","Capn9"
"19504","VSTM5","Vstm5"
"19505","Q9D807","2200002J24Rik"
"19506","KCNE2","Kcne2"
"19507","Q9D809","2200002D01Rik"
"19508","CP255","Cyp2c55"
"19509","SAPC2","Sapcd2"
"19510","IPYR","Ppa1"
"19511","PRXD1","Prorsd1"
"19512","RL37","Rpl37"
"19513","FIP1","Fip1l1"
"19514","SOX","Pipox"
"19515","DNJB4","Dnajb4"
"19516","APLF","Aplf"
"19517","DNJC4","Dnajc4"
"19518","TEX9","Tex9"
"19519","Q9D848","Defa39"
"19520","TMM68","Tmem68"
"19521","EFMT2","Eef1akmt2"
"19522","QCR7","Uqcrb"
"19523","S39A5","Slc39a5"
"19524","ARP6","Actr6"
"19525","PPIH","Ppih"
"19526","CHP2","Chp2"
"19527","CEA18","Ceacam18"
"19528","Q9D875","2010109A12Rik"
"19529","TIM50","Timm50"
"19530","F241B","Fam241b"
"19531","U2AF1","U2af1"
"19532","ITPA","Itpa"
"19533","ARP5L","Arpc5l"
"19534","AIG1","Aig1"
"19535","CHM4B","Chmp4b"
"19536","NDUAB","Ndufa11"
"19537","F210B","Fam210b"
"19538","JAM3","Jam3"
"19539","TSN13","Tspan13"
"19540","ALG13","Alg13"
"19541","IN35","Ifi35"
"19542","MED11","Med11"
"19543","PPR35","Ppp1r35"
"19544","Q9D8C9","Pnp2"
"19545","TR13C","Tnfrsf13c"
"19546","Q9D8D6","Csta2"
"19547","RL4","Rpl4"
"19548","ALKB4","Alkbh4"
"19549","S52A2","Slc52a2"
"19550","REG4","Reg4"
"19551","OMA1","Oma1"
"19552","MZB1","Mzb1"
"19553","P2Y13","P2yr13"
"19554","GLOD5","Glod5"
"19555","DERL3","Derl3"
"19556","S2539","Slc25a39"
"19557","CK052","MGI:1914202"
"19558","CCD91","Ccdc91"
"19559","HRG1","Slc48a1"
"19560","RL7L","Rpl7l1"
"19561","PHF10","Phf10"
"19562","EF1G","Eef1g"
"19563","CK024","MGI:1919306"
"19564","DEN10","Dennd10"
"19565","TM86A","Tmem86a"
"19566","LIN37","Lin37"
"19567","RM17","Mrpl17"
"19568","TF3C6","Gtf3c6"
"19569","CK053","MGI:1917059"
"19570","ARFG3","Arfgap3"
"19571","ORN","Rexo2"
"19572","BOLA1","Bola1"
"19573","FAM3A","Fam3a"
"19574","GSDMD","Gsdmdc1"
"19575","REBL1","Rhebl1"
"19576","TV23B","Tvp23b"
"19577","SLIRP","Slirp"
"19578","Q9D8U0","Ifrd2"
"19579","TM41A","Tmem41a"
"19580","ERP27","Erp27"
"19581","C1QT2","C1qtnf2"
"19582","MCEM1","Mcemp1"
"19583","DTWD1","Dtwd1"
"19584","SNX5","Snx5"
"19585","HM13","Hm13"
"19586","SC11C","Sec11c"
"19587","PSD12","Psmd12"
"19588","OCAD2","Ociad2"
"19589","MANBL","Manbal"
"19590","CUTC","Cutc"
"19591","CC124","Ccdc124"
"19592","CNOT8","Cnot8"
"19593","EFHD2","Efhd2"
"19594","T126A","Tmem126a"
"19595","TP8L2","Tnfaip8l2"
"19596","ING5","Ing5"
"19597","ASCC1","Ascc1"
"19598","TRIA1","Triap1"
"19599","ATGA1","Atg101"
"19600","T2EB","Gtf2e2"
"19601","EBP2","Ebna1bp2"
"19602","ATG7","Atg7"
"19603","TCIM","Tcim"
"19604","BORC5","Borcs5"
"19605","ISCA1","Isca1"
"19606","LYZL4","Lyzl4"
"19607","CK098","MGI:1913526"
"19608","TM160","Tmem160"
"19609","ST1C2","Sult1c2"
"19610","LLPH","Llph"
"19611","EVPL","Evpl"
"19612","MALD3","Marveld3"
"19613","SPCS1","Spcs1"
"19614","GATM","Gatm"
"19615","MGDP1","Mdp1"
"19616","HCFC2","Hcfc2"
"19617","SRXN1","Srxn1"
"19618","Q9D976","Trp53tg5"
"19619","CQ064","MGI:1920884"
"19620","Q9D991","1700123K08Rik"
"19621","MAJIN","Majin"
"19622","WDR38","Wdr38"
"19623","CNTD1","Cntd1"
"19624","PTG3L","Ptges3l"
"19625","CCD70","Ccdc70"
"19626","LRMDA","Lrmda"
"19627","PRR30","Prr30"
"19628","Q9D9B9","Gm2916"
"19629","Q9D9C0","1700109H08Rik"
"19630","CC182","Ccdc182"
"19631","CC062","MGI:2148248"
"19632","TBC21","Tbc1d21"
"19633","TMC5A","Tmco5a"
"19634","DUS21","Dusp21"
"19635","CA189","MGI:1920795"
"19636","S22AH","Slc22a17"
"19637","Q9D9E9","1700086D15Rik"
"19638","Q9D9F7","Speer4b"
"19639","MIPO1","Mipol1"
"19640","PEBP4","Pebp4"
"19641","CHIC2","Chic2"
"19642","Q9D9G4","1700080O16Rik"
"19643","Q9D9G7","1700074P13Rik"
"19644","CLDN2","Cldnd2"
"19645","MB3L1","Mbd3l1"
"19646","Q9D9H5","1700069L16Rik"
"19647","CB069","MGI:1920717"
"19648","TEX43","Tex43"
"19649","TBC20","Tbc1d20"
"19650","TEX33","Tex33"
"19651","ACTT1","Actrt1"
"19652","IZUM1","Izumo1"
"19653","BPIA3","Bpifa3"
"19654","AVEN","Aven"
"19655","IQCF1","Iqcf1"
"19656","ACTT2","Actrt2"
"19657","PRS52","Prss52"
"19658","UBP12","Usp12"
"19659","PDZD9","Pdzd9"
"19660","PHOP2","Phospho2"
"19661","Q9D9M9","Rnf138rt1"
"19662","Q9D9N2","Cldn34b2"
"19663","CIB4","Cib4"
"19664","PADC1","Pradc1"
"19665","CC103","Ccdc103"
"19666","LCFC1","Llcfc1"
"19667","LRC69","Lrrc69"
"19668","Q9D9Q3","1700034I23Rik"
"19669","CALR3","Calr3"
"19670","RN125","Rnf125"
"19671","SPAT9","Spata9"
"19672","DMRTC","Dmrtc1"
"19673","F186A","FAM186A"
"19674","EVG1","MGI:1920774"
"19675","TM225","Tmem225"
"19676","RWD2A","Rwdd2a"
"19677","Q9D9S4","Ctag2"
"19678","DYDC1","Dydc1"
"19679","Q9D9T3","Gm20806"
"19680","SPTA3","Spata3"
"19681","EFHC1","Efhc1"
"19682","TEX22","Tex22"
"19683","Q9D9U9","Cfap45"
"19684","EQTN","Eqtn"
"19685","ECHD1","Echdc1"
"19686","RSPH9","Rsph9"
"19687","DEN6B","Dennd6b"
"19688","SPC1L","Spatc1l"
"19689","PIFO","Pifo"
"19690","F217A","Fam217a"
"19691","ZSWM2","Zswim2"
"19692","SACA3","Spaca3"
"19693","Q9D9Y7","Ms4a19"
"19694","Q9D9Y8","Ssmem1"
"19695","SKAP","Knstrn"
"19696","DDA1","Dda1"
"19697","H2BV","Subh2bv"
"19698","EPPI","Eppin"
"19699","LYRM7","Lyrm7"
"19700","TMM89","Tmem89"
"19701","SGF29","Sgf29"
"19702","LYZL6","Lyzl6"
"19703","THEGL","Thegl"
"19704","IZUM2","Izumo2"
"19705","TSG13","Tsga13"
"19706","CIR1","Cir1"
"19707","SMCO2","Smco2"
"19708","SUN5","Sun5"
"19709","SAMD8","Samd8"
"19710","LFG4","Tmbim4"
"19711","CT085","MGI:1919471"
"19712","TSACC","Tsacc"
"19713","TM239","Tmem239"
"19714","SACA1","Spaca1"
"19715","SPT25","Spata25"
"19716","Q9DA59","1700020A23Rik"
"19717","TEX44","Tex44"
"19718","CDRT4","Cdrt4"
"19719","IFT43","Ift43"
"19720","CCD89","Ccdc89"
"19721","NLS1","Mfsd2a"
"19722","TEX29","Tex29"
"19723","DPEP3","Dpep3"
"19724","RSH3B","Rsph3b"
"19725","Q9DA81","Tex48"
"19726","Q9DA83","1700018B08Rik"
"19727","SEP14","Sept14"
"19728","CD036","MGI:1921468"
"19729","PRS37","Prss37"
"19730","Q9DAA5","1700016D06Rik"
"19731","EXOS1","Exosc1"
"19732","CA100","MGI:1916678"
"19733","Q9DAB5","H2bfm"
"19734","CLF2B","Cmtm2b"
"19735","Q9DAC5","1700013H16Rik"
"19736","Q9DAC6","1700013G24Rik"
"19737","TTC32","Ttc32"
"19738","PO5F2","Pou5f2"
"19739","CA194","MGI:1922754"
"19740","PROF3","Pfn3"
"19741","Q9DAD9","H2al1m"
"19742","Q9DAE2","Rbmxl2"
"19743","LELP1","Lelp1"
"19744","CK097","MGI:1916575"
"19745","CA074","MGI:2441776"
"19746","Q9DAF1","1700012A03Rik"
"19747","DDI1","Ddi1"
"19748","CD051","MGI:1914937"
"19749","TEX37","Tex37"
"19750","STPG4","Stpg4"
"19751","GPRL1","Glipr1l1"
"19752","PHF7","Phf7"
"19753","SCP2D","Scp2d1"
"19754","ZNRF4","Znrf4"
"19755","IFT22","Ift22"
"19756","ZBT43","Zbtb43"
"19757","F135B","Fam135b"
"19758","Q9DAI7","1700010B08Rik"
"19759","MORN5","Morn5"
"19760","TEKT1","Tekt1"
"19761","WDR83","Wdr83"
"19762","DLRB2","Dynlrb2"
"19763","Q9DAJ7","Tescl"
"19764","Q9DAJ8","1700008P02Rik"
"19765","PACRG","Pacrg"
"19766","RHBT1","Rhobtb1"
"19767","FBP12","Fabp12"
"19768","LRC51","Lrrc51"
"19769","PHP14","Phpt1"
"19770","SIM23","Smim23"
"19771","CCD54","Ccdc54"
"19772","IQCF5","Iqcf5"
"19773","FA24L","MGI:1916568"
"19774","LRC34","Lrrc34"
"19775","EFCB9","Efcab9"
"19776","HSPB9","Hspb9"
"19777","TPC","Slc25a19"
"19778","TM263","Tmem263"
"19779","FANK1","Fank1"
"19780","PDILT","Pdilt"
"19781","GTSF1","Gtsf1"
"19782","CST12","Cst12"
"19783","CF97D","Cfap97d1"
"19784","LRC46","Lrrc46"
"19785","ASF1B","Asf1b"
"19786","CB081","MGI:1919087"
"19787","CQ098","MGI:1919465"
"19788","SPT19","Spata19"
"19789","CE049","MGI:1916565"
"19790","CLF2A","Cmtm2a"
"19791","Q9DAR2","Styxl1"
"19792","Q9DAR5","1700001F09Rik"
"19793","Q9DAR6","Cypt12"
"19794","DCPS","Dcps"
"19795","CKLF","Cklf"
"19796","F166C","Fam166c"
"19797","PR8A8","Prl8a8"
"19798","GBG12","Gng12"
"19799","MRGBP","Mrgbp"
"19800","MTU1","Trmu"
"19801","Q9DAT7","Ceacam13"
"19802","CNPY3","Cnpy3"
"19803","WFDC2","Wfdc2"
"19804","ZN654","Znf654"
"19805","Q9DAV5","Psg21"
"19806","Q9DAV6","Serpinb9b"
"19807","Q9DAV8","Prl8a1"
"19808","TM38B","Tmem38b"
"19809","PRP4","Prpf4"
"19810","CNN3","Cnn3"
"19811","Q9DAX0","Fthl17a"
"19812","PLPP2","Plpp2"
"19813","Q9DAX3","Erv3"
"19814","Q9DAX4","1600014C23Rik"
"19815","APBP2","Appbp2"
"19816","PR8A6","Prl8a6"
"19817","CF120","MGI:1915162"
"19818","Q9DAY6","Yae1d1"
"19819","PR2B1","Prl2b1"
"19820","F174C","Fam174c"
"19821","ANCHR","Zfyve19"
"19822","GON4L","Gon4l"
"19823","SNAA","Napa"
"19824","IFT46","Ift46"
"19825","EMRE","Smdt1"
"19826","RM12","Mrpl12"
"19827","CB39L","Cab39l"
"19828","ATPO","Atp5po"
"19829","Q9DB24","Tceal6"
"19830","ALG5","Alg5"
"19831","PHYD1","Phyhd1"
"19832","MCTS1","Mcts1"
"19833","POP5","Pop5"
"19834","IAH1","Iah1"
"19835","PHKG2","Phkg2"
"19836","HAGHL","Haghl"
"19837","CHM2A","Chmp2a"
"19838","ZN580","Znf580"
"19839","MED27","Med27"
"19840","GHC2","Slc25a18"
"19841","ZN593","Znf593"
"19842","ZFPL1","Zfpl1"
"19843","AP1S2","Ap1s2"
"19844","F122A","Fam122a"
"19845","F216A","Fam216a"
"19846","PXL2B","Prxl2b"
"19847","FUND1","Fundc1"
"19848","BTBDH","Btbd17"
"19849","NB5R1","Cyb5r1"
"19850","CDIP1","Cdip1"
"19851","EMC9","Emc9"
"19852","QCR2","Uqcrc2"
"19853","RRP8","Rrp8"
"19854","SMG9","Smg9"
"19855","MED29","Med29"
"19856","WDR53","Wdr53"
"19857","NGDN","Ngdn"
"19858","LENG1","Leng1"
"19859","TYSD1","Tysnd1"
"19860","HUTI","Amdhd1"
"19861","TF2H1","Gtf2h1"
"19862","DUS6","Dusp6"
"19863","NAA16","Naa16"
"19864","IF4E3","Eif4e3"
"19865","DHDH","Dhdh"
"19866","CPN2","Cpn2"
"19867","SELO","Selenoo"
"19868","CMTR1","Cmtr1"
"19869","KAP0","Prkar1a"
"19870","ICA","Ica"
"19871","MARH8","Marchf8"
"19872","PELP1","Pelp1"
"19873","CSAD","Csad"
"19874","ALG2","Alg2"
"19875","SPB1","Ftsj3"
"19876","AL7A1","Aldh7a1"
"19877","CWC25","Cwc25"
"19878","CP27A","Cyp27a1"
"19879","AP2B1","Ap2b1"
"19880","PLIN3","Plin3"
"19881","RPN2","Rpn2"
"19882","SRPRA","Srpra"
"19883","TX1B3","Tax1bp3"
"19884","WWP2","Wwp2"
"19885","LMAN2","Lman2"
"19886","TMPS6","Tmprss6"
"19887","BBS10","Bbs10"
"19888","PGAM1","Pgam1"
"19889","BI2L1","Baiap2l1"
"19890","JOS1","Josd1"
"19891","ACO12","Acot12"
"19892","Q9DBK7","Uba7"
"19893","ACDSB","Acadsb"
"19894","GDAP2","Gdap2"
"19895","COASY","Coasy"
"19896","ABHD5","Abhd5"
"19897","ABCG8","Abcg8"
"19898","GPTC1","Gpatch1"
"19899","ECHP","Ehhadh"
"19900","STR6L","Stra6l"
"19901","P33MX","P33monox"
"19902","LONP2","Lonp2"
"19903","DDX59","Ddx59"
"19904","NPT2B","Slc34a2"
"19905","KCY","Cmpk1"
"19906","PACE1","Scyl3"
"19907","SWT1","Swt1"
"19908","AKAP8","Akap8"
"19909","XRN2","Xrn2"
"19910","FA13C","Fam13c"
"19911","ARMC8","Armc8"
"19912","APBB2","Apbb2"
"19913","MYPT1","Ppp1r12a"
"19914","TMM43","Tmem43"
"19915","TPRGL","Tprg1l"
"19916","ACOXL","Acoxl"
"19917","KLC4","Klc4"
"19918","POC5","Poc5"
"19919","OSBL3","Osbpl3"
"19920","CCD97","Ccdc97"
"19921","ENTP4","Entpd4"
"19922","AMPD2","Ampd2"
"19923","M2GD","Dmgdh"
"19924","TM9S1","Tm9sf1"
"19925","NAA60","Naa60"
"19926","RIOK3","Riok3"
"19927","RNF6","Rnf6"
"19928","RSRC1","Rsrc1"
"19929","DHX34","Dhx34"
"19930","MXRA8","Mxra8"
"19931","CP4V2","Cyp4v2"
"19932","NATD1","Natd1"
"19933","RGCC","Rgcc"
"19934","PHLP","Pdcl"
"19935","SUSD2","Susd2"
"19936","CP2S1","Cyp2s1"
"19937","HEYL","Heyl"
"19938","FOXP4","Foxp4"
"19939","SYVN1","Syvn1"
"19940","TRIL","Tril"
"19941","CBX6","Cbx6"
"19942","NVL","Nvl"
"19943","IKIP","Ikbip"
"19944","EIF3K","Eif3k"
"19945","SYDE1","Syde1"
"19946","RGS3","Rgs3"
"19947","PXDC2","Plxdc2"
"19948","ERGI1","Ergic1"
"19949","DCAF6","Dcaf6"
"19950","DJC10","Dnajc10"
"19951","S46A3","Slc46a3"
"19952","KC1D","Csnk1d"
"19953","ABCB6","Abcb6"
"19954","HM20A","Hmg20a"
"19955","MFSD1","Mfsd1"
"19956","TELO2","Telo2"
"19957","Q9DC47","Zfp869"
"19958","PRP17","Cdc40"
"19959","OCTC","Crot"
"19960","GNAI3","Gnai3"
"19961","CPNE8","Cpne8"
"19962","DRAM1","Dram1"
"19963","UBIA1","Ubiad1"
"19964","MPPA","Pmpca"
"19965","FBX3","Fbxo3"
"19966","NDUA9","Ndufa9"
"19967","NDUS7","Ndufs7"
"19968","RT15","Mrps15"
"19969","SMPX","Smpx"
"19970","RT11","Mrps11"
"19971","BRX1","Brix1"
"19972","CALY","Caly"
"19973","HMGN3","Hmgn3"
"19974","RN227","Rnf227"
"19975","ARP21","Arpp21"
"19976","ISCA2","Isca2"
"19977","CC107","Ccdc107"
"19978","P5CR3","Pycr3"
"19979","ISC2B","Isoc2b"
"19980","TOM20","Tomm20"
"19981","6PGD","Pgd"
"19982","SYF1","Xab2"
"19983","TJAP1","Tjap1"
"19984","GBRAP","Gabarap"
"19985","PK1IP","Pak1ip1"
"19986","Q9DCE9","Igtp"
"19987","TMM25","Tmem25"
"19988","SSRG","Ssr3"
"19989","CD302","Cd302"
"19990","PBLD1","Pbld1"
"19991","TR112","Trmt112"
"19992","POP7","Pop7"
"19993","EIF3F","Eif3f"
"19994","ZFAN6","Zfand6"
"19995","STR3N","Stard3nl"
"19996","RM32","Mrpl32"
"19997","LST8","Mlst8"
"19998","NDUA8","Ndufa8"
"19999","AKIP","Aurkaip1"
"20000","NPL","Npl"
"20001","TSN4","Tspan4"
"20002","ZN414","Znf414"
"20003","CIA2A","Ciao2a"
"20004","MET15","Mettl15"
"20005","IPP2","Ppp1r2"
"20006","PUR6","Paics"
"20007","ETHE1","Ethe1"
"20008","GSTK1","Gstk1"
"20009","DNAL4","Dnal4"
"20010","NACC2","Nacc2"
"20011","NUD12","Nudt12"
"20012","NB5R3","Cyb5r3"
"20013","RNFT1","Rnft1"
"20014","S38A3","Slc38a3"
"20015","Q9DCP4","Them7"
"20016","DAZP2","Dazap2"
"20017","ASPD","Aspdh"
"20018","GOT1A","Golt1a"
"20019","A1AT6","Serpina1f"
"20020","AP3S1","Ap3s1"
"20021","EID1","Eid1"
"20022","T176A","Tmem176a"
"20023","MTL26","Mettl26"
"20024","MECR","Mecr"
"20025","NDUBA","Ndufb10"
"20026","AKCL2","Akr1e2"
"20027","NDUS3","Ndufs3"
"20028","SDF2","Sdf2"
"20029","BAP18","Bap18"
"20030","CRIP2","Crip2"
"20031","PAQR5","Paqr5"
"20032","PLLP","Pllp"
"20033","RM04","Mrpl4"
"20034","HOGA1","Hoga1"
"20035","DGAT2","Dgat2"
"20036","RMD1","Rmdn1"
"20037","DELE1","Dele1"
"20038","K2C7","Krt7"
"20039","PLS2","Plscr2"
"20040","ETFB","Etfb"
"20041","MD2BP","Mad2l1bp"
"20042","ATP5H","Atp5pd"
"20043","TM174","Tmem174"
"20044","IYD1","Iyd"
"20045","KEG1","Keg1"
"20046","GMPR1","Gmpr"
"20047","MIC26","Apoo"
"20048","APH1C","Aph1c"
"20049","HIKES","Hikeshi"
"20050","RAB13","Rab13"
"20051","RARR2","Rarres2"
"20052","NUD22","Nudt22"
"20053","DTD1","Dtd1"
"20054","RASF7","Rassf7"
"20055","MET7B","Mettl7b"
"20056","LYPD2","Lypd2"
"20057","TCAL9","Tceal9"
"20058","V1R50","Vmn1r50"
"20059","TWSG1","Twsg1"
"20060","TSC1","Tsc1"
"20061","Q9EP55","Olfr710"
"20062","TNMD","Tnmd"
"20063","HCAR2","Hcar2"
"20064","SAC1","Sacm1l"
"20065","RAI14","Rai14"
"20066","EMC7","Emc7"
"20067","PD1L1","Cd274"
"20068","CP4FE","Cyp4f14"
"20069","CHST7","Chst7"
"20070","V1R52","Vmn1r52"
"20071","WDR4","Wdr4"
"20072","LACTB","Lactb"
"20073","V1R53","Vmn1r53"
"20074","RETNA","Retnla"
"20075","SO1A4","Slco1a4"
"20076","SENP3","Senp3"
"20077","NMNA1","Nmnat1"
"20078","ASC","Pycard"
"20079","SERHL","Serhl"
"20080","GPR88","Gpr88"
"20081","V1R54","Vmn1r54"
"20082","PARVA","Parva"
"20083","FGF23","Fgf23"
"20084","RET7","Rbp7"
"20085","AT131","Atp13a1"
"20086","Q9EPF5","Olfr703"
"20087","Q9EPF6","Olfr704"
"20088","Q9EPF7","Olfr705"
"20089","Q9EPF8","Olfr706"
"20090","Q9EPG2","Olfr711"
"20091","Q9EPG6","Olfr716"
"20092","ARFG1","Arfgap1"
"20093","XRP2","Rp2"
"20094","WWTR1","Wwtr1"
"20095","SIL1","Sil1"
"20096","XPO7","Xpo7"
"20097","TRPV4","Trpv4"
"20098","XYLT2","Xylt2"
"20099","CSTN1","Clstn1"
"20100","METL9","Mettl9"
"20101","MMP1A","Mmp1a"
"20102","MMP1B","Mmp1b"
"20103","IPO7","Ipo7"
"20104","ACOX3","Acox3"
"20105","SYNCI","Sync"
"20106","NBEA","Nbea"
"20107","Q9EPN9","Olfr632"
"20108","TLR1","Tlr1"
"20109","RPGR1","Rpgrip1"
"20110","STAR5","Stard5"
"20111","TCF20","Tcf20"
"20112","PG12A","Pla2g12a"
"20113","S23A2","Slc23a2"
"20114","SORC2","Sorcs2"
"20115","PYY","Pyy"
"20116","GLCE","Glce"
"20117","Q9EPS4","Vmn1r172"
"20118","Q9EPS5","Vmn1r148"
"20119","Q9EPS6","Vmn1r171"
"20120","Q9EPS7","Vmn1r65"
"20121","Q9EPS9","Vmn1r56"
"20122","Q9EPT1","Vmn1r63"
"20123","SO2A1","Slco2a1"
"20124","RENT1","Upf1"
"20125","CPSF1","Cpsf1"
"20126","TNR21","Tnfrsf21"
"20127","Q9EPV7","9530002B09Rik"
"20128","UBL5","Ubl5"
"20129","DEFB5","Defb5"
"20130","INP4A","Inpp4a"
"20131","KLF15","Klf15"
"20132","CLC3A","Clec3a"
"20133","TLR6","Tlr6"
"20134","PPN","Papln"
"20135","FXL12","Fbxl12"
"20136","TBX18","Tbx18"
"20137","ROP1L","Ropn1l"
"20138","DHB11","Hsd17b11"
"20139","Q9EQ08","Sgsh"
"20140","OLR1","Olr1"
"20141","IL23A","Il23a"
"20142","GNB1L","Gnb1l"
"20143","CXCR6","Cxcr6"
"20144","MMSA","Aldh6a1"
"20145","HEPC","Hamp"
"20146","DPOD3","Pold3"
"20147","LPAR3","Lpar3"
"20148","BCAP","Pik3ap1"
"20149","Q9EQ41","Vmn1r29"
"20150","V1R41","Vmn1r41"
"20151","V1R46","Vmn1r46"
"20152","V1R40","Vmn1r40"
"20153","V1R44","Vmn1r44"
"20154","VN1A8","V1ra8"
"20155","V1R47","Vmn1r47"
"20156","V1R48","Vmn1r48"
"20157","PESC","Pes1"
"20158","NIF3L","Nif3l1"
"20159","Q9EQ84","Olfr961"
"20160","Q9EQ86","Olfr959"
"20161","Q9EQ87","Olfr934"
"20162","Q9EQ90","Olfr27"
"20163","Q9EQ91","Olfr944"
"20164","Q9EQ92","Olfr943"
"20165","Q9EQ93","Olfr938"
"20166","Q9EQ94","Olfr951"
"20167","Q9EQ95","Olfr948"
"20168","Q9EQ96","Olfr971"
"20169","Q9EQ97","Olfr955"
"20170","Q9EQ98","Olfr926"
"20171","Q9EQ99","Olfr930"
"20172","Q9EQA0","Olfr933"
"20173","Q9EQA2","Olfr972"
"20174","Q9EQA5","Olfr888"
"20175","Q9EQA6","Olfr887"
"20176","Q9EQA9","Olfr878"
"20177","Q9EQB2","Olfr894"
"20178","Q9EQB4","Olfr937"
"20179","Q9EQB5","Olfr945"
"20180","Q9EQB6","Olfr954"
"20181","Q9EQB7","Olfr957"
"20182","Q9EQB8","Olfr44"
"20183","ZN287","Znf287"
"20184","CHST1","Chst1"
"20185","3BHS7","Hsd3b7"
"20186","ELOV4","Elovl4"
"20187","SCYL1","Scyl1"
"20188","FSTL3","Fstl3"
"20189","Q9EQC8","Prcc"
"20190","FZD5","Fzd5"
"20191","KELL","Kel"
"20192","JUNO","Izumo1r"
"20193","DPYS","Dpys"
"20194","DPYL5","Dpysl5"
"20195","SCEL","Scel"
"20196","BEAN1","Bean1"
"20197","ENPP5","Enpp5"
"20198","CERT","Cert1"
"20199","ERAP1","Erap1"
"20200","VPS35","Vps35"
"20201","TAF8","Taf8"
"20202","NDST3","Ndst3"
"20203","Q9EQI5","Ppbp"
"20204","RM46","Mrpl46"
"20205","TPC1","Tpcn1"
"20206","MAGI3","Magi3"
"20207","MVP","Mvp"
"20208","ICMT","Icmt"
"20209","NKX24","Nkx2-4"
"20210","Q9EQM5","Rhox9"
"20211","DGCR8","Dgcr8"
"20212","T22D4","Tsc22d4"
"20213","S19A2","Slc19a2"
"20214","EHD4","Ehd4"
"20215","ARRC","Arr3"
"20216","SUV92","Suv39h2"
"20217","YIPF5","Yipf5"
"20218","GPR63","Gpr63"
"20219","GPR45","Gpr45"
"20220","Q9EQQ7","Olfr630"
"20221","OGA","Oga"
"20222","KCNN1","Kcnn1"
"20223","Q9EQR4","Clca3a2"
"20224","LIME1","Lime1"
"20225","FANCG","Fancg"
"20226","MYCBP","Mycbp"
"20227","IGDC4","Igdcc4"
"20228","RHOU","Rhou"
"20229","SYT13","Syt13"
"20230","TLR9","Tlr9"
"20231","SET","Set"
"20232","Q9EQW4","Cyp3a44"
"20233","OLIG2","Olig2"
"20234","KI13A","Kif13a"
"20235","NDST4","Ndst4"
"20236","GHRL","Ghrl"
"20237","AIF1L","Aif1l"
"20238","ERN1","Ern1"
"20239","Q9EQY5","Fcrls"
"20240","RPGF4","Rapgef4"
"20241","RIMS2","Rims2"
"20242","STX12","Stx12"
"20243","TMPS5","Tmprss5"
"20244","Q9ER05","Ctrl"
"20245","BSSP4","Prss22"
"20246","FN3K","Fn3k"
"20247","TOR3A","Tor3a"
"20248","TOR1A","Tor1a"
"20249","TOR1B","Tor1b"
"20250","BARX1","Barx1"
"20251","KCNH7","Kcnh7"
"20252","CAN12","Capn12"
"20253","TICN2","Spock2"
"20254","SCN4A","Scn4a"
"20255","TNR22","Tnfrsf22"
"20256","TNR23","Tnfrsf23"
"20257","OSBL5","Osbpl5"
"20258","CSTN2","Clstn2"
"20259","Q9ER67","Maged2"
"20260","FL2D","Wtap"
"20261","RHOJ","Rhoj"
"20262","SYCC","Cars1"
"20263","ELP4","Elp4"
"20264","SALL1","Sall1"
"20265","IRX6","Irx6"
"20266","RTP4","Rtp4"
"20267","RT29","Dap3"
"20268","NGB","Ngb"
"20269","RSCA1","Rsc1a1"
"20270","TFCP2","Tfcp2"
"20271","TFP11","Tfip11"
"20272","SNP29","Snap29"
"20273","SO1C1","Slco1c1"
"20274","SRTD3","Sertad3"
"20275","DSCAM","Dscam"
"20276","RGPS2","Ralgps2"
"20277","TBB3","Tubb3"
"20278","PARVG","Parvg"
"20279","KRT81","Krt81"
"20280","SGK3","Sgk3"
"20281","MESD","Mesd"
"20282","TLRN1","Tlnrd1"
"20283","JIP2","Mapk8ip2"
"20284","WDR61","Wdr61"
"20285","LIMA1","Lima1"
"20286","STRN3","Strn3"
"20287","NUSAP","Nusap1"
"20288","MOAP1","Moap1"
"20289","HIPK3","Hipk3"
"20290","S28A3","Slc28a3"
"20291","RB27A","Rab27a"
"20292","JMJD6","Jmjd6"
"20293","RDH14","Rdh14"
"20294","RIPK4","Ripk4"
"20295","XPO2","Cse1l"
"20296","ACHB2","Chrnb2"
"20297","P2RY6","P2ry6"
"20298","Q9ERL0","Mllt1"
"20299","GMFG","Gmfg"
"20300","GCYA1","Gucy1a1"
"20301","ICAM4","Icam4"
"20302","SCAM2","Scamp2"
"20303","TRI54","Trim54"
"20304","ZN704","Znf704"
"20305","CAH7","Ca7"
"20306","NDEL1","Ndel1"
"20307","SEP15","Selenof"
"20308","ZN319","Znf319"
"20309","NDUAD","Ndufa13"
"20310","PKHA3","Plekha3"
"20311","PKHA2","Plekha2"
"20312","IRPL2","Il1rapl2"
"20313","ILRL2","Il1rl2"
"20314","Q9ERT2","Trhr2"
"20315","PPR1A","Ppp1r1a"
"20316","ZNF22","Znf22"
"20317","RBP2","Ranbp2"
"20318","MKRN2","Mkrn2"
"20319","PIDD1","Pidd1"
"20320","ERG28","Erg28"
"20321","HEMGN","Hemgn"
"20322","ACM3","Chrm3"
"20323","ACM2","Chrm2"
"20324","FIGN","Fign"
"20325","UBE4B","Ube4b"
"20326","TBX20","Tbx20"
"20327","S15A2","Slc15a2"
"20328","IL21","Il21"
"20329","FOXJ2","Foxj2"
"20330","ARHG7","Arhgef7"
"20331","C1QT3","C1qtnf3"
"20332","UBE3B","Ube3b"
"20333","PARVB","Parvb"
"20334","SHIP1","Inpp5d"
"20335","TPPC4","Trappc4"
"20336","MO2R1","Cd200r1"
"20337","Q9ES61","Ms4a4b"
"20338","UBP29","Usp29"
"20339","USH1C","Ush1c"
"20340","NEK6","Nek6"
"20341","NEK7","Nek7"
"20342","POPD3","Popdc3"
"20343","POPD2","Popdc2"
"20344","POPD1","Bves"
"20345","S13A2","Slc13a2"
"20346","EXTL2","Extl2"
"20347","GPR35","Gpr35"
"20348","RTN3","Rtn3"
"20349","HRG","Hrg"
"20350","YPEL1","Ypel1"
"20351","AFF4","Aff4"
"20352","PRSS8","Prss8"
"20353","CKLF7","Cmtm7"
"20354","DYSF","Dysf"
"20355","LRBA","Lrba"
"20356","OTOF","Otof"
"20357","LFG1","Grina"
"20358","ROP1","Ropn1"
"20359","CLTRN","Cltrn"
"20360","P2Y14","P2ry14"
"20361","ZDH16","Zdhhc16"
"20362","PMYT1","Pkmyt1"
"20363","WFDC1","Wfdc1"
"20364","XPO4","Xpo4"
"20365","CABL1","Cables1"
"20366","SPN90","Nckipsd"
"20367","IKBP1","Irak1bp1"
"20368","CAN10","Capn10"
"20369","ING2","Ing2"
"20370","RBCC1","Rb1cc1"
"20371","SCO2B","Oxct2b"
"20372","M3K20","Map3k20"
"20373","FGF16","Fgf16"
"20374","FGF20","Fgf20"
"20375","HPLN2","Hapln2"
"20376","GDPD2","Gdpd2"
"20377","DOC2G","Doc2g"
"20378","TRI39","Trim39"
"20379","PGAP6","Pgap6"
"20380","C1QL3","C1ql3"
"20381","CENPK","Cenpk"
"20382","TRIM2","Trim2"
"20383","JIP3","Mapk8ip3"
"20384","SDF2L","Sdf2l1"
"20385","FEZF2","Fezf2"
"20386","NPVF","Npvf"
"20387","DUS10","Dusp10"
"20388","FGF22","Fgf22"
"20389","GSDMA","Gsdma"
"20390","4ET","Eif4enif1"
"20391","PSMG2","Psmg2"
"20392","AN32B","Anp32b"
"20393","IKBZ","Nfkbiz"
"20394","BRD4","Brd4"
"20395","DDX24","Ddx24"
"20396","AGK","Agk"
"20397","PGPI","Pgpep1"
"20398","SP6","Sp6"
"20399","NO40","Zcchc17"
"20400","DKC1","Dkc1"
"20401","GILT","Ifi30"
"20402","GTF2I","Gtf2i"
"20403","PYGL","Pygl"
"20404","DPP2","Dpp7"
"20405","RN114","Rnf114"
"20406","TM9S3","Tm9sf3"
"20407","TR13B","Tnfrsf13b"
"20408","S5A4A","Slc5a4a"
"20409","CLD19","Cldn19"
"20410","SLAF6","Slamf6"
"20411","CLD12","Cldn12"
"20412","ESPN","Espn"
"20413","Q9ET52","Cts6"
"20414","PALLD","Palld"
"20415","PI16","Pi16"
"20416","JPH3","Jph3"
"20417","JPH2","Jph2"
"20418","JPH1","Jph1"
"20419","VWA7","Vwa7"
"20420","OLF19","Olfr19"
"20421","TIMP4","Timp4"
"20422","WDR31","Wdr31"
"20423","GPX2","Gpx2"
"20424","ELF2","Elf2"
"20425","KAT2B","Kat2b"
"20426","KAT2A","Kat2a"
"20427","ASAH2","Asah2"
"20428","G3ST1","Gal3st1"
"20429","HES6","Hes6"
"20430","TSSC4","Tssc4"
"20431","Q9JHF5","Tcirg1"
"20432","HPGDS","Hpgds"
"20433","LY96","Ly96"
"20434","CBLN3","Cbln3"
"20435","PIGP","Pigp"
"20436","RCAN2","Rcan2"
"20437","RCAN1","Rcan1"
"20438","PK3CG","Pik3cg"
"20439","TSN32","Tspan32"
"20440","CXL11","Cxcl11"
"20441","CBPB2","Cpb2"
"20442","COPZ2","Copz2"
"20443","MMP19","Mmp19"
"20444","ADAT1","Adat1"
"20445","S13A1","Slc13a1"
"20446","IVD","Ivd"
"20447","EXOS9","Exosc9"
"20448","NOX4","Nox4"
"20449","S40A1","Slc40a1"
"20450","TMOD3","Tmod3"
"20451","GLMP","Glmp"
"20452","5HT3B","Htr3b"
"20453","TEST","Prss21"
"20454","ICOSL","Icoslg"
"20455","PR2A1","Prl2a1"
"20456","PGTA","Rabggta"
"20457","PLEK","Plek"
"20458","NTAL","Lat2"
"20459","NHRF2","Slc9a3r2"
"20460","STK19","Stk19"
"20461","PLGT2","Poglut2"
"20462","ANXA9","Anxa9"
"20463","LZTL1","Lztfl1"
"20464","IDE","Ide"
"20465","NRIP2","Nrip2"
"20466","LTOR2","Lamtor2"
"20467","CLPX","Clpx"
"20468","CWC15","Cwc15"
"20469","AMMR1","Ammecr1"
"20470","PALMD","Palmd"
"20471","CDK20","Cdk20"
"20472","DYHC1","Dync1h1"
"20473","INO1","Isyna1"
"20474","NIT2","Nit2"
"20475","SELB","Eefsec"
"20476","AL1A3","Aldh1a3"
"20477","SP5","Sp5"
"20478","IL21R","Il21r"
"20479","ALLC","Allc"
"20480","WFD12","Wfdc12"
"20481","WF15B","Wfdc15b"
"20482","ANKH","Ankh"
"20483","S2B20","Scgb2b20"
"20484","BIN3","Bin3"
"20485","STK3","Stk3"
"20486","STK4","Stk4"
"20487","SAS10","Utp3"
"20488","LRP1B","Lrp1b"
"20489","FIBP","Fibp"
"20490","RED2","Adarb2"
"20491","NET4","Ntn4"
"20492","PUS3","Pus3"
"20493","ABCBA","Abcb10"
"20494","Q9JI43","Rhox4b"
"20495","DMAP1","Dmap1"
"20496","NUDT3","Nudt3"
"20497","PLAC8","Plac8"
"20498","GT2D1","Gtf2ird1"
"20499","RAE1D","Raet1d"
"20500","JAM2","Jam2"
"20501","LRAT","Lrat"
"20502","B3GT5","B3galt5"
"20503","MKKS","Mkks"
"20504","DLL4","Dll4"
"20505","KLHL1","Klhl1"
"20506","NQO2","Nqo2"
"20507","ADA21","Adam21"
"20508","NGLY1","Ngly1"
"20509","CAT8","Cts8"
"20510","PLAC1","Plac1"
"20511","RNF14","Rnf14"
"20512","ACTN2","Actn2"
"20513","Q9JI95","Hspe1-rs1"
"20514","SGPP1","Sgpp1"
"20515","LGI1","Lgi1"
"20516","SPHK2","Sphk2"
"20517","CATR","Ctsr"
"20518","MOG1","Rangrf"
"20519","BIR1G","Naip7"
"20520","TF2H2","Gtf2h2"
"20521","BIR1F","Naip6"
"20522","Q9JIC0","Zfp119a"
"20523","DCR1A","Dclre1a"
"20524","SH2B2","Sh2b2"
"20525","OTOR","Otor"
"20526","TSLP","Tslp"
"20527","ANM1","Prmt1"
"20528","GTR8","Slc2a8"
"20529","COPB","Copb1"
"20530","MYOTI","Myot"
"20531","PPR3F","Ppp1r3f"
"20532","CCD22","Ccdc22"
"20533","PRAF2","Praf2"
"20534","NUP50","Nup50"
"20535","INP5E","Inpp5e"
"20536","PR5A1","Prl5a1"
"20537","DAZP1","Dazap1"
"20538","AK1A1","Akr1a1"
"20539","ZFN2A","Zfand2a"
"20540","DDX21","Ddx21"
"20541","RT34","Mrps34"
"20542","CCL28","Ccl28"
"20543","NHRF3","Pdzk1"
"20544","TULP4","Tulp4"
"20545","GPC5D","Gprc5d"
"20546","S29A1","Slc29a1"
"20547","ER6L2","Ercc6l2"
"20548","YIPF7","Yipf7"
"20549","KCMB4","Kcnmb4"
"20550","I17RB","Il17rb"
"20551","PANX1","Panx1"
"20552","FZD2","Fzd2"
"20553","S15A1","Slc15a1"
"20554","DBLOH","Diablo"
"20555","TMPS2","Tmprss2"
"20556","SMCO4","Smco4"
"20557","SV2A","Sv2a"
"20558","CAC1F","Cacna1f"
"20559","S12A4","Slc12a4"
"20560","LMBR1","Lmbr1"
"20561","RNF32","Rnf32"
"20562","DPOLM","Polm"
"20563","SMAD9","Smad9"
"20564","RALB","Ralb"
"20565","ENY2","Eny2"
"20566","ACINU","Acin1"
"20567","FASTK","Fastk"
"20568","PKHO1","Plekho1"
"20569","HAKAI","Cbll1"
"20570","HTRA2","Htra2"
"20571","NAT8","Nat8"
"20572","NT8F3","Nat8f3"
"20573","CMLO1","Cml1"
"20574","Q9JIZ5","Tfap4"
"20575","PLS3","Plscr3"
"20576","PLS1","Plscr1"
"20577","B4GT4","B4galt4"
"20578","C1GLT","C1galt1"
"20579","TACC3","Tacc3"
"20580","MEFV","Mefv"
"20581","FLII","Flii"
"20582","RFOX1","Rbfox1"
"20583","ZC3H8","Zc3h8"
"20584","KCIP1","Kcnip1"
"20585","ABCB9","Abcb9"
"20586","GLT16","Galnt16"
"20587","CDC20","Cdc20"
"20588","KCIP2","Kcnip2"
"20589","RPRM","Rprm"
"20590","TOPK","Pbk"
"20591","RPF2","Rpf2"
"20592","CCD86","Ccdc86"
"20593","CN119","MGI:1920893"
"20594","SSNA1","Ssna1"
"20595","COG8","Cog8"
"20596","WDR12","Wdr12"
"20597","CCNL2","Ccnl2"
"20598","GRASP","Tamalin"
"20599","T191C","Tmem191c"
"20600","TM183","Tmem183"
"20601","RIPL1","Rilpl1"
"20602","NIPA2","Nipa2"
"20603","HERP2","Herpud2"
"20604","THA11","Thap11"
"20605","PAQR4","Paqr4"
"20606","FADS3","Fads3"
"20607","NP1L5","Nap1l5"
"20608","SPAG4","Spag4"
"20609","RIOX1","Riox1"
"20610","EFCC1","Efcc1"
"20611","SPP2A","Sppl2a"
"20612","TACC2","Tacc2"
"20613","SRTD2","Sertad2"
"20614","TMM47","Tmem47"
"20615","CABP8","Caln1"
"20616","NOA1","Noa1"
"20617","RNAS4","Rnase4"
"20618","TRPM5","Trpm5"
"20619","PIGO","Pigo"
"20620","RL38","Rpl38"
"20621","AQP9","Aqp9"
"20622","PORCN","Porcn"
"20623","LANC2","Lancl2"
"20624","HERP1","Herpud1"
"20625","TSGA8","Tsga8"
"20626","SO1B2","Slco1b2"
"20627","SYSM","Sars2"
"20628","LT4R2","Ltb4r2"
"20629","POLH","Polh"
"20630","FGF21","Fgf21"
"20631","ZFHX4","Zfhx4"
"20632","SCO2A","Oxct2a"
"20633","CBPN","Cpn1"
"20634","CNBP1","Ctnnbip1"
"20635","P73","Tp73"
"20636","PIGB","Pigb"
"20637","Q9JJQ7","Xlr4b"
"20638","XLR5C","Xlr5c"
"20639","AKIP1","Akip1"
"20640","CK016","D7h11orf16"
"20641","ASCL3","Ascl3"
"20642","TMM9B","Tmem9b"
"20643","NRIP3","Nrip3"
"20644","SCUB2","Scube2"
"20645","BCDO1","Bco1"
"20646","P2RY4","P2ry4"
"20647","RCL1","Rcl1"
"20648","GFRA4","Gfra4"
"20649","PHAX","Phax"
"20650","SH3L1","Sh3bgrl"
"20651","CRBB3","Crybb3"
"20652","CRBA4","Cryba4"
"20653","CRBA2","Cryba2"
"20654","PROF2","Pfn2"
"20655","CCGL","Tmem37"
"20656","CCG4","Cacng4"
"20657","CCG3","Cacng3"
"20658","SCN5A","Scn5a"
"20659","PXMP4","Pxmp4"
"20660","MYOZ2","Myoz2"
"20661","ALRF2","Alyref2"
"20662","P2RX4","P2rx4"
"20663","TYDP2","Tdp2"
"20664","ST32B","Stk32b"
"20665","NSMA2","Smpd3"
"20666","DDX20","Ddx20"
"20667","IL22B","Il22b"
"20668","IL22","Il22"
"20669","TBA8","Tuba8"
"20670","UB2J1","Ube2j1"
"20671","EGFL6","Egfl6"
"20672","KLF13","Klf13"
"20673","CNGA3","Cnga3"
"20674","CNGB3","Cngb3"
"20675","PSMG1","Psmg1"
"20676","P2R3C","Ppp2r3c"
"20677","ORC3","Orc3"
"20678","MYOZ1","Myoz1"
"20679","GNA1","Gnpnat1"
"20680","BTNLA","Btnl10"
"20681","PDK2","Pdk2"
"20682","KCNQ5","Kcnq5"
"20683","SHLB1","Sh3glb1"
"20684","PRELP","Prelp"
"20685","MSGN1","Msgn1"
"20686","Q9JK62","Kcnk5"
"20687","MYG1","Myg1"
"20688","PAR6B","Pard6b"
"20689","PAR6G","Pard6g"
"20690","SPI2","Serpini2"
"20691","MLH1","Mlh1"
"20692","HSPB8","Hspb8"
"20693","PERP","Perp"
"20694","KCNQ4","Kcnq4"
"20695","TR103","Tas2r103"
"20696","GPA33","Gpa33"
"20697","UCHL3","Uchl3"
"20698","YBOX3","Ybx3"
"20699","CCL24","Ccl24"
"20700","CEND","Cend1"
"20701","AP4M1","Ap4m1"
"20702","AP3M1","Ap3m1"
"20703","SCAM5","Scamp5"
"20704","TBX21","Tbx21"
"20705","ZBT32","Zbtb32"
"20706","TREM3","Trem3"
"20707","TREM1","Trem1"
"20708","IQGA1","Iqgap1"
"20709","CLC6A","Clec6a"
"20710","NECT1","Nectin1"
"20711","RM39","Mrpl39"
"20712","CP39A","Cyp39a1"
"20713","RCAN3","Rcan3"
"20714","STX6","Stx6"
"20715","TMOD2","Tmod2"
"20716","ATR","Atr"
"20717","PKR1","Prokr1"
"20718","NDUF3","Ndufaf3"
"20719","CHP3","Tesc"
"20720","RAB37","Rab37"
"20721","ZNT7","Slc30a7"
"20722","OLIG1","Olig1"
"20723","NOVA1","Nova1"
"20724","MBNL1","Mbnl1"
"20725","DPOE3","Pole3"
"20726","CHRC1","Chrac1"
"20727","IRX5","Irx5"
"20728","HYOU1","Hyou1"
"20729","LDB3","Ldb3"
"20730","HABP4","Habp4"
"20731","TR119","Tas2r119"
"20732","TA2R4","Tas2r4"
"20733","TR105","Tas2r105"
"20734","LMX1A","Lmx1a"
"20735","ADRM1","Adrm1"
"20736","CILK1","Cilk1"
"20737","SCAM4","Scamp4"
"20738","EXTL1","Extl1"
"20739","IL20","Il20"
"20740","AR6P1","Arl6ip1"
"20741","TFR2","Tfr2"
"20742","AATF","Aatf"
"20743","NUDT5","Nudt5"
"20744","UPK3A","Upk3a"
"20745","CNOT9","Cnot9"
"20746","HIP1R","Hip1r"
"20747","Q9JKY7","Cyp2d22"
"20748","SC5A3","Slc5a3"
"20749","FMN2","Fmn2"
"20750","LPAR2","Lpar2"
"20751","SRTD1","Sertad1"
"20752","LEG8","Lgals8"
"20753","ISG20","Isg20"
"20754","BACE2","Bace2"
"20755","NCOA6","Ncoa6"
"20756","CCR10","Ccr10"
"20757","RGS1","Rgs1"
"20758","FMNL1","Fmnl1"
"20759","FUT2","Fut2"
"20760","HMGN5","Hmgn5"
"20761","GDE1","Gde1"
"20762","SCT1B","Sectm1b"
"20763","GMEB1","Gmeb1"
"20764","RFX5","Rfx5"
"20765","GLTP","Gltp"
"20766","FANCA","Fanca"
"20767","NINJ2","Ninj2"
"20768","PRG3","Prg3"
"20769","CATM","Ctsm"
"20770","CLC1B","Clec1b"
"20771","IL36A","Il36a"
"20772","MPP6","Mpp6"
"20773","MPP5","Mpp5"
"20774","CUBN","Cubn"
"20775","NECT3","Nectin3"
"20776","MSRB1","Msrb1"
"20777","SORC1","Sorcs1"
"20778","TEF","Tef"
"20779","SACS","Sacs"
"20780","GBRT","Gabrq"
"20781","TGM1","Tgm1"
"20782","TLR5","Tlr5"
"20783","PK2L2","Pkd2l2"
"20784","CAN15","Capn15"
"20785","TMOD4","Tmod4"
"20786","Q9JLI0","Akr1c12"
"20787","Q9JLI2","Col5a3"
"20788","MMEL1","Mmel1"
"20789","SCLY","Scly"
"20790","SPAG6","Spag6"
"20791","SART3","Sart3"
"20792","LITAF","Litaf"
"20793","SELK","Selenok"
"20794","AL9A1","Aldh9a1"
"20795","ELOV2","Elovl2"
"20796","ELOV1","Elovl1"
"20797","CABP5","Cabp5"
"20798","CABP2","Cabp2"
"20799","CABP1","Cabp1"
"20800","CRIM1","Crim1"
"20801","TNR19","Tnfrsf19"
"20802","ZMYM3","Zmym3"
"20803","DCLK1","Dclk1"
"20804","GRB14","Grb14"
"20805","ERMAP","Ermap"
"20806","ADA28","Adam28"
"20807","MTOR","Mtor"
"20808","CD2AP","Cd2ap"
"20809","GIT2","Git2"
"20810","Q9JLQ4","Plagl1"
"20811","S61A2","Sec61a2"
"20812","TCF23","Tcf23"
"20813","HIG1A","Higd1a"
"20814","HLPDA","Hilpda"
"20815","TREA","Treh"
"20816","TRXR2","Txnrd2"
"20817","BAG3","Bag3"
"20818","TP4AP","Trpc4ap"
"20819","CUL3","Cul3"
"20820","PNKP","Pnkp"
"20821","PR2C5","Prl2c5"
"20822","SOCS6","Socs6"
"20823","DUS14","Dusp14"
"20824","AUHM","Auh"
"20825","HIC2","Hic2"
"20826","SIGIR","Sigirr"
"20827","PIAS4","Pias4"
"20828","RABX5","Rabgef1"
"20829","NT5C","Nt5c"
"20830","PTGES","Ptges"
"20831","MINK1","Mink1"
"20832","APR","Pmaip1"
"20833","TOB2","Tob2"
"20834","CRLF1","Crlf1"
"20835","THSD1","Thsd1"
"20836","REEP6","Reep6"
"20837","KCJ10","Kcnj10"
"20838","K1B27","Klk1b27"
"20839","SRF","Srf"
"20840","ARPC3","Arpc3"
"20841","CALM4","Calm4"
"20842","CST10","Cst10"
"20843","STAP1","Stap1"
"20844","AR6P4","Arl6ip4"
"20845","SIA7F","St6galnac6"
"20846","BORG4","Cdc42ep4"
"20847","WRP73","Wrap73"
"20848","PRG4","Prg4"
"20849","UBP14","Usp14"
"20850","TGT","Qtrt1"
"20851","Q9JMA4","Klra17"
"20852","CP341","Cyp3a41b"
"20853","S6A14","Slc6a14"
"20854","GKAP1","Gkap1"
"20855","THEG","Theg"
"20856","PIWL1","Piwil1"
"20857","CNTN6","Cntn6"
"20858","INSM2","Insm2"
"20859","DNJA4","Dnaja4"
"20860","E41LB","Epb41l4b"
"20861","ZN207","Znf207"
"20862","SMBT1","Sfmbt1"
"20863","STA10","Stard10"
"20864","CHSTB","Chst11"
"20865","AP3B2","Ap3b2"
"20866","TPC2L","Trappc2l"
"20867","VTM2B","Vstm2b"
"20868","GBG13","Gng13"
"20869","DOPP1","Dolpp1"
"20870","EDF1","Edf1"
"20871","C1GLC","C1galt1c1"
"20872","TMUB1","Tmub1"
"20873","NKAI4","Nkain4"
"20874","HDGR3","Hdgfl3"
"20875","NEUR2","Neu2"
"20876","TRXR1","Txnrd1"
"20877","NEUR3","Neu3"
"20878","MY18A","Myo18a"
"20879","ECEL1","Ecel1"
"20880","TX101","Tex101"
"20881","FBXW4","Fbxw4"
"20882","B4GT5","B4galt5"
"20883","KC1E","Csnk1e"
"20884","MAGH1","Mageh1"
"20885","HAOX2","Hao2"
"20886","POLK","Polk"
"20887","PRND","Prnd"
"20888","GRP2","Rasgrp2"
"20889","GLRX1","Glrx"
"20890","RHOA","Rhoa"
"20891","LRA25","Fam89b"
"20892","ACKR1","Ackr1"
"20893","HCST","Hcst"
"20894","ACSL4","Acsl4"
"20895","CDKL2","Cdkl2"
"20896","CLN8","Cln8"
"20897","BIR1B","Naip2"
"20898","TLR4","Tlr4"
"20899","Q9QUK9","Try5"
"20900","PA2GE","Pla2g2e"
"20901","TRYG1","Tpsg1"
"20902","ITA2B","Itga2b"
"20903","SLAF1","Slamf1"
"20904","MSH5","Msh5"
"20905","PSA6","Psma6"
"20906","BLNK","Blnk"
"20907","PR3C1","Prl3c1"
"20908","TLR2","Tlr2"
"20909","DKK3","Dkk3"
"20910","CHST5","Chst5"
"20911","HPLN1","Hapln1"
"20912","TRPC4","Trpc4"
"20913","PPCE","Prep"
"20914","PIN1","Pin1"
"20915","SEM7A","Sema7a"
"20916","HEY2","Hey2"
"20917","TRIM1","Mid2"
"20918","Q9QUS9","Reg3d"
"20919","RHAG","Rhag"
"20920","TCEA2","Tcea2"
"20921","MLRA","Myl7"
"20922","FAK2","Ptk2b"
"20923","RAI2","Rai2"
"20924","PHOS","Pdc"
"20925","CAF1A","Chaf1a"
"20926","ST1B1","Sult1b1"
"20927","PHC2","Phc2"
"20928","SRCN1","Srcin1"
"20929","CD5L","Cd5l"
"20930","BIR1A","Naip1"
"20931","K1C17","Krt17"
"20932","NAGAB","Naga"
"20933","KIFC1","Kifc1"
"20934","Q9QWU6","Olfr2"
"20935","Q9QWV1","H2-Oa"
"20936","MLF1","Mlf1"
"20937","CCNT1","Ccnt1"
"20938","HOME2","Homer2"
"20939","ASAP1","Asap1"
"20940","RAD1","Rad1"
"20941","CYH1","Cyth1"
"20942","CA3A1","Clca3a1"
"20943","TRPC5","Trpc5"
"20944","SON","Son"
"20945","DGUOK","Dguok"
"20946","DPF1","Dpf1"
"20947","SALL2","Sall2"
"20948","PTF1A","Ptf1a"
"20949","CYHR1","Cyhr1"
"20950","LSM4","Lsm4"
"20951","BAT1","Slc7a9"
"20952","TRI44","Trim44"
"20953","DRG2","Drg2"
"20954","FETUB","Fetub"
"20955","ACOX2","Acox2"
"20956","F16P1","Fbp1"
"20957","LIMD1","Limd1"
"20958","HACL1","Hacl1"
"20959","DPOLL","Poll"
"20960","T53I1","Trp53inp1"
"20961","TSSP","Prss16"
"20962","TBL1X","Tbl1x"
"20963","GNMT","Gnmt"
"20964","RAE1","Chm"
"20965","ACSA","Acss2"
"20966","TINF2","Tinf2"
"20967","ITAX","Itgax"
"20968","APBB1","Apbb1"
"20969","ARL10","Arl10"
"20970","RAD18","Rad18"
"20971","COPG2","Copg2"
"20972","CPSF3","Cpsf3"
"20973","NMU","Nmu"
"20974","SH22A","Sh2d2a"
"20975","KI21B","Kif21b"
"20976","KI21A","Kif21a"
"20977","NDK7","Nme7"
"20978","ABHD2","Abhd2"
"20979","JMY","Jmy"
"20980","SHRM3","Shroom3"
"20981","TRIP4","Trip4"
"20982","MIOX","Miox"
"20983","Q9QXN7","Klrc3"
"20984","RHCG","Rhcg"
"20985","DONS","Donson"
"20986","MKRN1","Mkrn1"
"20987","C1QT1","C1qtnf1"
"20988","PDE7B","Pde7b"
"20989","PLEC","Plec"
"20990","DREB","Dbn1"
"20991","CMLO5","Cml5"
"20992","CNPY2","Cnpy2"
"20993","DAPP1","Dapp1"
"20994","EGFL7","Egfl7"
"20995","IL17B","Il17b"
"20996","CSEN","Kcnip3"
"20997","Z354B","Znf354b"
"20998","PROK2","Prok2"
"20999","PCS1N","Pcsk1n"
"21000","CBX8","Cbx8"
"21001","ING1","Ing1"
"21002","SPY2","Spry2"
"21003","SPY1","Spry1"
"21004","FBXL6","Fbxl6"
"21005","FBXW5","Fbxw5"
"21006","FSCN3","Fscn3"
"21007","LAT2","Slc7a8"
"21008","JAG1","Jag1"
"21009","PA2GX","Pla2g10"
"21010","CMC2","Slc25a13"
"21011","NUFP1","Nufip1"
"21012","ZO3","Tjp3"
"21013","EHD3","Ehd3"
"21014","XK","Xk"
"21015","PEX3","Pex3"
"21016","MACF1","Macf1"
"21017","SO1A1","Slco1a1"
"21018","NR2E3","Nr2e3"
"21019","OPN4","Opn4"
"21020","OL154","Olfr154"
"21021","ULK2","Ulk2"
"21022","INSL6","Insl6"
"21023","MYO9B","Myo9b"
"21024","FOXE3","Foxe3"
"21025","DDX25","Ddx25"
"21026","PKP3","Pkp3"
"21027","ZBP1","Zbp1"
"21028","ABCBB","Abcb11"
"21029","SNAI3","Snai3"
"21030","TSN3","Tspan3"
"21031","NAA10","Naa10"
"21032","PDZD4","Pdzd4"
"21033","PLXB3","Plxnb3"
"21034","GPR37","Gpr37"
"21035","DNS2B","Dnase2b"
"21036","NPHP1","Nphp1"
"21037","IRX4","Irx4"
"21038","ZNHI2","Znhit2"
"21039","TMM59","Tmem59"
"21040","VAPB","Vapb"
"21041","HACD1","Hacd1"
"21042","PO210","Nup210"
"21043","ACL7B","Actl7b"
"21044","ACL7A","Actl7a"
"21045","DCTP1","Dctpp1"
"21046","CASR","Casr"
"21047","TOM40","Tomm40"
"21048","CLIC4","Clic4"
"21049","DACH1","Dach1"
"21050","ADDG","Add3"
"21051","ADDB","Add2"
"21052","ADDA","Add1"
"21053","PCX1","Pcnx1"
"21054","BHA15","Bhlha15"
"21055","VKGC","Ggcx"
"21056","PLAG1","Plag1"
"21057","BC11A","Bcl11a"
"21058","JAG2","Jag2"
"21059","GOGA5","Golga5"
"21060","PKHB1","Plekhb1"
"21061","RDH11","Rdh11"
"21062","NDRG3","Ndrg3"
"21063","NDRG2","Ndrg2"
"21064","MAGD1","Maged1"
"21065","TNF14","Tnfsf14"
"21066","DNJC7","Dnajc7"
"21067","DJB12","Dnajb12"
"21068","DNJB2","Dnajb2"
"21069","DNJB9","Dnajb9"
"21070","DNJB8","Dnajb8"
"21071","DNJB7","Dnajb7"
"21072","DNJA2","Dnaja2"
"21073","SIA7E","St6galnac5"
"21074","DNJB1","Dnajb1"
"21075","DS13B","Dusp13"
"21076","H6ST3","Hs6st3"
"21077","H6ST1","Hs6st1"
"21078","RNF11","Rnf11"
"21079","KCC1B","Pnck"
"21080","HILS1","Hils1"
"21081","ABT1","Abt1"
"21082","RND2","Rnd2"
"21083","CENPH","Cenph"
"21084","TEFF2","Tmeff2"
"21085","KLK11","Klk11"
"21086","AZI2","Azi2"
"21087","MAP1A","Map1a"
"21088","ACOT3","Acot3"
"21089","ACOT2","Acot2"
"21090","WNT16","Wnt16"
"21091","GRM3","Grm3"
"21092","QKI","Qki"
"21093","PIGQ","Pigq"
"21094","PCLO","Pclo"
"21095","GAB1","Gab1"
"21096","I36RA","IL36RN"
"21097","ESM1","Esm1"
"21098","SPAST","Spast"
"21099","ADH4","Adh4"
"21100","SMK2B","Smok2b"
"21101","SMOK1","Smok1"
"21102","SMK2A","Smok2a"
"21103","DKK2","Dkk2"
"21104","PRS30","Prss30"
"21105","S39A1","Slc39a1"
"21106","MAGL2","Magel2"
"21107","E2AK4","Eif2ak4"
"21108","TOLIP","Tollip"
"21109","NAGK","Nagk"
"21110","PHTF1","Phtf1"
"21111","ANX10","Anxa10"
"21112","EXO1","Exo1"
"21113","CLC4A","Clec4a"
"21114","Q9QZ18","Olfr71"
"21115","Q9QZ19","Olfr159"
"21116","Q9QZ20","Olfr157"
"21117","Q9QZ22","Olfr155"
"21118","NFU1","Nfu1"
"21119","VNN3","Vnn3"
"21120","KCNE5","Kcne5"
"21121","SIX6","Six6"
"21122","IGB1B","Igbp1b"
"21123","SIA7A","St6galnac1"
"21124","DBF4A","Dbf4"
"21125","TNNT3","Tnnt3"
"21126","UBXN8","Ubxn8"
"21127","HSPB3","Hspb3"
"21128","DMRT1","Dmrt1"
"21129","PPM1D","Ppm1d"
"21130","DCNL1","Dcun1d1"
"21131","CP11A","Cyp11a1"
"21132","IIGP1","Iigp1"
"21133","VPS29","Vps29"
"21134","CAH5B","Ca5b"
"21135","RGS17","Rgs17"
"21136","RGS20","Rgs20"
"21137","NR4A3","Nr4a3"
"21138","ARP10","Actr10"
"21139","DCTN5","Dctn5"
"21140","TRPC3","Trpc3"
"21141","PLXC1","Plxnc1"
"21142","PKHB2","Plekhb2"
"21143","ABHD1","Abhd1"
"21144","XPF","Ercc4"
"21145","RAE2","Chml"
"21146","DIC","Slc25a10"
"21147","EIF3I","Eif3i"
"21148","CLNK","Clnk"
"21149","COPG1","Copg1"
"21150","TSNAX","Tsnax"
"21151","GPC1","Gpc1"
"21152","PPIE","Ppie"
"21153","ECSIT","Ecsit"
"21154","SERC1","Serinc1"
"21155","SERC3","Serinc3"
"21156","MFAP5","Mfap5"
"21157","BCAR3","Bcar3"
"21158","DOK3","Dok3"
"21159","RIPK3","Ripk3"
"21160","UBP21","Usp21"
"21161","DKKL1","Dkkl1"
"21162","UBQL2","Ubqln2"
"21163","DPOG2","Polg2"
"21164","CLCF1","Clcf1"
"21165","TR10B","Tnfrsf10b"
"21166","FBX17","Fbxo17"
"21167","FBX16","Fbxo16"
"21168","FBX15","Fbxo15"
"21169","FXL17","Fbxl17"
"21170","FBX8","Fbxo8"
"21171","FBX6","Fbxo6"
"21172","NPAS3","Npas3"
"21173","AFAD","Afdn"
"21174","UTS2","Uts2"
"21175","H2AY","Macroh2a1"
"21176","RNF25","Rnf25"
"21177","HIPK2","Hipk2"
"21178","CO4A4","Col4a4"
"21179","CO4A3","Col4a3"
"21180","RNF4","Rnf4"
"21181","NUMB","Numb"
"21182","SGK2","Sgk2"
"21183","HS3SB","Hs3st3b1"
"21184","NPHN","Nphs1"
"21185","SH2D3","Sh2d3c"
"21186","PA2GF","Pla2g2f"
"21187","PLAT1","Plaat1"
"21188","KR151","Krtap15-1"
"21189","UB2L6","Ube2l6"
"21190","NXT1","Nxt1"
"21191","AT11C","Atp11c"
"21192","MNX1","Mnx1"
"21193","SRR","Srr"
"21194","MYO15","Myo15a"
"21195","DERM","Dpt"
"21196","ITBP2","Itgb1bp2"
"21197","ATS5","Adamts5"
"21198","IFI2","Ifi202"
"21199","CLC5A","Clec5a"
"21200","KIME","Mvk"
"21201","CATF","Ctsf"
"21202","CATJ","Ctsj"
"21203","BIR1E","Naip5"
"21204","ZRAB2","Zranb2"
"21205","DJC12","Dnajc12"
"21206","ANGL2","Angptl2"
"21207","AMFR","Amfr"
"21208","SCNBA","Scn11a"
"21209","FHL3","Fhl3"
"21210","NUBP1","Nubp1"
"21211","NUBP2","Nubp2"
"21212","GLYG","Gyg1"
"21213","BCAM","Bcam"
"21214","AAKB1","Prkab1"
"21215","GPC6","Gpc6"
"21216","KITM","Tk2"
"21217","H17B6","Hsd17b6"
"21218","SPIT1","Spint1"
"21219","HGFA","Hgfac"
"21220","TBL2","Tbl2"
"21221","PEX14","Pex14"
"21222","CLCN2","Clcn2"
"21223","NEK3","Nek3"
"21224","LAMC3","Lamc3"
"21225","ZN346","Znf346"
"21226","PLOD2","Plod2"
"21227","BL1S6","Bloc1s6"
"21228","VAV3","Vav3"
"21229","WDR54","Wdr54"
"21230","PLOD3","Plod3"
"21231","PLOD1","Plod1"
"21232","COMP","Comp"
"21233","ZEB2","Zeb2"
"21234","NRK","Nrk"
"21235","ACOX1","Acox1"
"21236","MUCEN","Emcn"
"21237","K2C71","Krt71"
"21238","YLPM1","Ylpm1"
"21239","Q9R0K2","Olfr1264"
"21240","Q9R0K4","Olfr1508"
"21241","AT2B2","Atp2b2"
"21242","HSF4","Hsf4"
"21243","PCM1","Pcm1"
"21244","AKP8L","Akap8l"
"21245","MUC24","Cd164"
"21246","CELR2","Celsr2"
"21247","XCR1","Xcr1"
"21248","SRPX","Srpx"
"21249","PODXL","Podxl"
"21250","TPK1","Tpk1"
"21251","RAB9A","Rab9a"
"21252","S35A2","Slc35a2"
"21253","GALK1","Galk1"
"21254","SYT11","Syt11"
"21255","SYT10","Syt10"
"21256","SYT5","Syt5"
"21257","SYT8","Syt8"
"21258","SYT7","Syt7"
"21259","SYT6","Syt6"
"21260","SYT9","Syt9"
"21261","ESTD","Esd"
"21262","SMAP","Smap"
"21263","DEST","Dstn"
"21264","SC11A","Sec11a"
"21265","UCHL1","Uchl1"
"21266","SYTL4","Sytl4"
"21267","TMED2","Tmed2"
"21268","MO4L2","Morf4l2"
"21269","ARC1A","Arpc1a"
"21270","TEBP","Ptges3"
"21271","CLC4E","Clec4e"
"21272","MPU1","Mpdu1"
"21273","TRFM","Meltf"
"21274","APEL","Apln"
"21275","MMP24","Mmp24"
"21276","MMP17","Mmp17"
"21277","Q9R0T7","Try4"
"21278","IKKE","Ikbke"
"21279","SRS10","Srsf10"
"21280","Q9R0U9","Tex21"
"21281","ACHA6","Chrna6"
"21282","MED20","Med20"
"21283","ADEC1","Adamdec1"
"21284","ACOT9","Acot9"
"21285","RPGR","Rpgr"
"21286","ASIC5","Asic5"
"21287","KAD1","Ak1"
"21288","GBRG1","Gabrg1"
"21289","RHG07","Dlc1"
"21290","CAD17","Cdh17"
"21291","OAZ3","Oaz3"
"21292","GUAD","Gda"
"21293","SQOR","Sqor"
"21294","TYK2","Tyk2"
"21295","HTRA1","Htra1"
"21296","NAA80","Naa80"
"21297","ANM2","Prmt2"
"21298","S26A4","Slc26a4"
"21299","ADA18","Adam18"
"21300","AD26A","Adam26a"
"21301","ADA25","Adam25"
"21302","ADA24","Adam24"
"21303","Q9R164","Zfp111"
"21304","CBLN1","Cbln1"
"21305","ANGL3","Angptl3"
"21306","EDAR","Edar"
"21307","MTA2","Mta2"
"21308","CRY2","Cry2"
"21309","NET3","Ntn3"
"21310","COP1","Cop1"
"21311","TREX2","Trex2"
"21312","SLIT2","Slit2"
"21313","TAF7","Taf7"
"21314","DGKE","Dgke"
"21315","PR40A","Prpf40a"
"21316","5HT6R","Htr6"
"21317","FOXO1","Foxo1"
"21318","ENPP2","Enpp2"
"21319","Q9R1G6","Klra10"
"21320","CHST4","Chst4"
"21321","NSDHL","Nsdhl"
"21322","FZR1","Fzr1"
"21323","GPR34","Gpr34"
"21324","TBD","Tubd1"
"21325","CETN2","Cetn2"
"21326","MAST1","Mast1"
"21327","NALP5","Nlrp5"
"21328","CODA1","Col13a1"
"21329","PSA4","Psma4"
"21330","PSB3","Psmb3"
"21331","PSB2","Psmb2"
"21332","PSA1","Psma1"
"21333","T176B","Tmem176b"
"21334","PLP2","Plp2"
"21335","TAGL3","Tagln3"
"21336","VAS1","Atp6ap1"
"21337","LHX6","Lhx6"
"21338","TRIM3","Trim3"
"21339","B9D1","B9d1"
"21340","PIGN","Pign"
"21341","MRP6","Abcc6"
"21342","CAN7","Capn7"
"21343","SAE1","Sae1"
"21344","SEPT6","Septin6"
"21345","ADA11","Adam11"
"21346","ADA22","Adam22"
"21347","ADA23","Adam23"
"21348","RN103","Rnf103"
"21349","CALRL","Calcrl"
"21350","TIM","Timeless"
"21351","MRP5","Abcc5"
"21352","HIC1","Hic1"
"21353","PTPS","Pts"
"21354","VINEX","Sorbs3"
"21355","NBN","Nbn"
"21356","TFEB","Tfeb"
"21357","FZD9","Fzd9"
"21358","BEX1","Bex1"
"21359","KHDR3","Khdrbs3"
"21360","BMP10","Bmp10"
"21361","TPSN","Tapbp"
"21362","TRPC2","Trpc2"
"21363","HEBP1","Hebp1"
"21364","PEPL","Ppl"
"21365","Q9R2A2","Magea2"
"21366","SIA7D","St6galnac4"
"21367","MYO1C","Myo1c"
"21368","OVOL1","Ovol1"
"21369","FIZ1","Fiz1"
"21370","RAMP1","Ramp1"
"21371","MTL5","Tesmin"
"21372","FA50B","Fam50b"
"21373","Q9WTJ9","Klrc2"
"21374","NUPR1","Nupr1"
"21375","CDYL","Cdyl"
"21376","GPAA1","Gpaa1"
"21377","NFKB2","Nfkb2"
"21378","STK11","Stk11"
"21379","SPO11","Spo11"
"21380","DEFB3","Defb3"
"21381","RAB25","Rab25"
"21382","INSRR","Insrr"
"21383","LYPA2","Lypla2"
"21384","BMAL1","Arntl"
"21385","SEM6C","Sema6c"
"21386","NF2L3","Nfe2l3"
"21387","RUVB2","Ruvbl2"
"21388","GGPPS","Ggps1"
"21389","SRBP1","Srebf1"
"21390","S22AL","Slc22a21"
"21391","SPY4","Spry4"
"21392","SPDEF","Spdef"
"21393","CAD22","Cdh22"
"21394","KAD2","Ak2"
"21395","KAD3","Ak3"
"21396","VAX2","Vax2"
"21397","AKA12","Akap12"
"21398","TIM23","Timm23"
"21399","MMP16","Mmp16"
"21400","TRPV2","Trpv2"
"21401","M3K6","Map3k6"
"21402","CAD13","Cdh13"
"21403","XCT","Slc7a11"
"21404","FUT8","Fut8"
"21405","TEN1","Tenm1"
"21406","TEN2","Tenm2"
"21407","TEN3","Tenm3"
"21408","VATG2","Atp6v1g2"
"21409","PHF2","Phf2"
"21410","SCN8A","Scn8a"
"21411","MK09","Mapk9"
"21412","UBP18","Usp18"
"21413","RNF12","Rlim"
"21414","KCNE3","Kcne3"
"21415","KCNE4","Kcne4"
"21416","TFEC","Tfec"
"21417","S22A3","Slc22a3"
"21418","PRKRA","Prkra"
"21419","NRG4","Nrg4"
"21420","SKP1","Skp1"
"21421","CUL1","Cul1"
"21422","FHL5","Fhl5"
"21423","MD1L1","Mad1l1"
"21424","PDCD7","Pdcd7"
"21425","AQP5","Aqp5"
"21426","UXT","Uxt"
"21427","RBX2","Rnf7"
"21428","MBTP1","Mbtps1"
"21429","BEX2","Bex2"
"21430","BEX3","Bex3"
"21431","NRF1","Nrf1"
"21432","KHDR2","Khdrbs2"
"21433","V1BR","Avpr1b"
"21434","SPIT2","Spint2"
"21435","SNURF","Snurf"
"21436","HAOX1","Hao1"
"21437","MTHR","Mthfr"
"21438","PTN4","Ptpn4"
"21439","PFD5","Pfdn5"
"21440","SCNNB","Scnn1b"
"21441","SCNNG","Scnn1g"
"21442","MAN1","Lemd3"
"21443","NCOR2","Ncor2"
"21444","TRUA","Pus1"
"21445","ATRN","Atrn"
"21446","INCE","Incenp"
"21447","HEBP2","Hebp2"
"21448","GLPK2","Gk2"
"21449","SFRP5","Sfrp5"
"21450","LY6I","Ly6i"
"21451","TN13B","Tnfsf13b"
"21452","PDC6I","Pdcd6ip"
"21453","PROD","Prodh"
"21454","G6PT3","Slc37a2"
"21455","CCS","Ccs"
"21456","Q9WU94","Olfr545"
"21457","WIF1","Wif1"
"21458","SYFB","Farsb"
"21459","PFKAP","Pfkp"
"21460","EPM2A","Epm2a"
"21461","AKT3","Akt3"
"21462","HOIL1","Rbck1"
"21463","PYGM","Pygm"
"21464","DCTN6","Dctn6"
"21465","CLCKB","Clcnkb"
"21466","CLCKA","Clcnka"
"21467","LY6H","Ly6h"
"21468","CHIP","Stub1"
"21469","WNT8B","Wnt8b"
"21470","FAIM1","Faim"
"21471","C56D2","Cyb561d2"
"21472","NPRL2","Nprl2"
"21473","V1R49","Vmn1r49"
"21474","EGR4","Egr4"
"21475","C8AP2","Casp8ap2"
"21476","INSL5","Insl5"
"21477","TM115","Tmem115"
"21478","LHX9","Lhx9"
"21479","TRI10","Trim10"
"21480","SEM4G","Sema4g"
"21481","MIXL1","Mixl1"
"21482","MK11","Mapk11"
"21483","ORC6","Orc6"
"21484","IF4H","Eif4h"
"21485","RFC2","Rfc2"
"21486","ZBT18","Zbtb18"
"21487","OPN3","Opn3"
"21488","PD1L2","Pdcd1lg2"
"21489","M3K14","Map3k14"
"21490","ARL3","Arl3"
"21491","CITE4","Cited4"
"21492","COR1B","Coro1b"
"21493","COR1C","Coro1c"
"21494","SUCA","Suclg1"
"21495","TBK1","Tbk1"
"21496","LBX2","Lbx2"
"21497","RAMP2","Ramp2"
"21498","RAMP3","Ramp3"
"21499","PORED","Srd5a3"
"21500","UCHL5","Uchl5"
"21501","PREB","Preb"
"21502","CXL14","Cxcl14"
"21503","DEXI","Dexi"
"21504","Q9WUR0","Tinag"
"21505","ECI2","Eci2"
"21506","KAD4","Ak4"
"21507","CXA10","Gja10"
"21508","KS6A2","Rps6ka2"
"21509","CCR9","Ccr9"
"21510","HNF4G","Hnf4g"
"21511","CATZ","Ctsz"
"21512","TNIP1","Tnip1"
"21513","GANP","Mcm3ap"
"21514","ORC5","Orc5"
"21515","SIA7C","St6galnac3"
"21516","IRAG1","Irag1"
"21517","TNNI1","Tnni1"
"21518","SH3BG","Sh3bgr"
"21519","ENTP5","Entpd5"
"21520","RBMX","Rbmx"
"21521","FA50A","Fam50a"
"21522","KIF9","Kif9"
"21523","ANKR2","Ankrd2"
"21524","LOXE3","Aloxe3"
"21525","APJ","Aplnr"
"21526","GABR1","Gabbr1"
"21527","Q9WV19","Cyp2g1"
"21528","AT1A4","Atp1a4"
"21529","NFAT5","Nfat5"
"21530","ARC","Arc"
"21531","ARC1B","Arpc1b"
"21532","MPP2","Mpp2"
"21533","ABEC2","Apobec2"
"21534","GTR5","Slc2a5"
"21535","PLEK2","Plek2"
"21536","ASAH1","Asah1"
"21537","VAPA","Vapa"
"21538","GDF2","Gdf2"
"21539","GSK3B","Gsk3b"
"21540","MARH7","Marchf7"
"21541","DECR2","Decr2"
"21542","DEMA","Dmtn"
"21543","NOC2L","Noc2l"
"21544","ASB4","Asb4"
"21545","ASB3","Asb3"
"21546","ASB1","Asb1"
"21547","AP4B1","Ap4b1"
"21548","SNX1","Snx1"
"21549","NDKM","Nme4"
"21550","NDK3","Nme3"
"21551","KTNA1","Katna1"
"21552","STXB4","Stxbp4"
"21553","FPRP","Ptgfrn"
"21554","E41L3","Epb41l3"
"21555","HEY1","Hey1"
"21556","PHLA3","Phlda3"
"21557","T10B","Timm10b"
"21558","TIM9","Timm9"
"21559","TIM8A","Timm8a1"
"21560","BUB3","Bub3"
"21561","TAGL2","Tagln2"
"21562","Q9WVA7","Peg12"
"21563","NPFF","Npff"
"21564","RBPMS","Rbpms"
"21565","TLE2","Tle2"
"21566","TLE6","Tle6"
"21567","SLIT3","Slit3"
"21568","LENEP","Lenep"
"21569","CAV2","Cav2"
"21570","TRPC7","Trpc7"
"21571","SGK1","Sgk1"
"21572","S26A3","Slc26a3"
"21573","CLCN5","Clcn5"
"21574","ORNT1","Slc25a15"
"21575","AICDA","Aicda"
"21576","PACN2","Pacsin2"
"21577","PA2GD","Pla2g2d"
"21578","DPOE1","Pole"
"21579","TUSC2","Tusc2"
"21580","CLC2I","Clec2i"
"21581","LIPE","Lipg"
"21582","CARM1","Carm1"
"21583","OSR1","Osr1"
"21584","MS3L1","Msl3"
"21585","FOXO4","Foxo4"
"21586","FOXO3","Foxo3"
"21587","ANGP4","Angpt4"
"21588","FBLN5","Fbln5"
"21589","JIP1","Mapk8ip1"
"21590","KCNH3","Kcnh3"
"21591","PSD13","Psmd13"
"21592","CBPQ","Cpq"
"21593","CRBB1","Crybb1"
"21594","FBLN4","Efemp2"
"21595","ATRAP","Agtrap"
"21596","EHD1","Ehd1"
"21597","B4GT6","B4galt6"
"21598","CP46A","Cyp46a1"
"21599","MAAI","Gstz1"
"21600","AP4S1","Ap4s1"
"21601","STAT2","Stat2"
"21602","S12A7","Slc12a7"
"21603","GRK1","Grk1"
"21604","MORC1","Morc1"
"21605","EXTL3","Extl3"
"21606","CXL15","Cxcl15"
"21607","RGAP1","Racgap1"
"21608","APC7","Anapc7"
"21609","TLL2","Tll2"
"21610","AADAT","Aadat"
"21611","AP1M2","Ap1m2"
"21612","PAPOB","Papolb"
"21613","MX2","Mx2"
"21614","PMFBP","Pmfbp1"
"21615","MAGI2","Magi2"
"21616","MTNB","Apip"
"21617","FXR2","Fxr2"
"21618","ICOS","Icos"
"21619","MOK","Mok"
"21620","PRKN","Prkn"
"21621","MP2K5","Map2k5"
"21622","MK07","Mapk7"
"21623","CAH14","Ca14"
"21624","CX3C1","Cx3cr1"
"21625","NCDN","Ncdn"
"21626","M1AP","M1ap"
"21627","CHRD","Chrd"
"21628","AIRE","Aire"
"21629","GBP2","Gbp2"
"21630","S22A5","Slc22a5"
"21631","B3GT4","B3galt4"
"21632","B2L10","Bcl2l10"
"21633","CIB1","Cib1"
"21634","CH25H","Ch25h"
"21635","RAD9A","Rad9a"
"21636","SYUG","Sncg"
"21637","ADA17","Adam17"
"21638","GIPC1","Gipc1"
"21639","SRPK3","Srpk3"
"21640","CCN5","Ccn5"
"21641","ZBT22","Zbtb22"
"21642","CLD3","Cldn3"
"21643","CDC7","Cdc7"
"21644","WDR46","Wdr46"
"21645","SNF5","Smarcb1"
"21646","CELF2","Celf2"
"21647","CST9","Cst9"
"21648","BCL10","Bcl10"
"21649","CLIP2","Clip2"
"21650","Q9Z0I6","Slfn2"
"21651","Q9Z0I7","Slfn1"
"21652","NPC2","Npc2"
"21653","RECK","Reck"
"21654","NOS1","Nos1"
"21655","GDF15","Gdf15"
"21656","SLUR1","Slurp1"
"21657","VNN1","Vnn1"
"21658","TPBG","Tpbg"
"21659","S1PR4","S1pr4"
"21660","ARTN","Artn"
"21661","OC90","Oc90"
"21662","BMP15","Bmp15"
"21663","Q9Z0L6","Pth"
"21664","GGH","Ggh"
"21665","KLK4","Klk4"
"21666","CAD20","Cdh20"
"21667","LICH","Lipa"
"21668","AGRE5","Adgre5"
"21669","I18BP","Il18bp"
"21670","IF2G","Eif2s3x"
"21671","IF2H","Eif2s3y"
"21672","PALM","Palm"
"21673","TWF2","Twf2"
"21674","SUFU","Sufu"
"21675","HASP","Haspin"
"21676","ITSN1","Itsn1"
"21677","ITSN2","Itsn2"
"21678","FADS2","Fads2"
"21679","BPNT1","Bpnt1"
"21680","LHX2","Lhx2"
"21681","CLD14","Cldn14"
"21682","CLD13","Cldn13"
"21683","CLD15","Cldn15"
"21684","CLD10","Cldn10"
"21685","CLD9","Cldn9"
"21686","PRAF1","Rabac1"
"21687","PKDRE","Pkdrej"
"21688","ITB6","Itgb6"
"21689","XPR1","Xpr1"
"21690","ZO2","Tjp2"
"21691","S1PR3","S1pr3"
"21692","KCND3","Kcnd3"
"21693","KCND2","Kcnd2"
"21694","TI17B","Timm17b"
"21695","TI17A","Timm17a"
"21696","TNR16","Ngfr"
"21697","NU160","Nup160"
"21698","BORG3","Cdc42ep5"
"21699","AIFM1","Aifm1"
"21700","PDE3A","Pde3a"
"21701","DCTN3","Dctn3"
"21702","PA21B","Pla2g1b"
"21703","IRS4","Irs4"
"21704","NR1H3","Nr1h3"
"21705","SKP2","Skp2"
"21706","HEPH","Heph"
"21707","KLF5","Klf5"
"21708","CPXM1","Cpxm1"
"21709","PAR6A","Pard6a"
"21710","ADNP","Adnp"
"21711","HM20B","Hmg20b"
"21712","STAU1","Stau1"
"21713","VSIG2","Vsig2"
"21714","P5CS","Aldh18a1"
"21715","GA45G","Gadd45g"
"21716","Q9Z116","Zfp68"
"21717","Q9Z117","Zfp53"
"21718","TRMB","Mettl1"
"21719","CCL8","Ccl8"
"21720","SEM4F","Sema4f"
"21721","CR3L1","Creb3l1"
"21722","PLF4","Pf4"
"21723","LAT1","Slc7a5"
"21724","RECQ1","Recql"
"21725","HNRDL","Hnrnpdl"
"21726","3BP5","Sh3bp5"
"21727","RSPO1","Rspo1"
"21728","ROR2","Ror2"
"21729","ROR1","Ror1"
"21730","CPNE6","Cpne6"
"21731","EHMT2","Ehmt2"
"21732","Q9Z150","Zbtb12"
"21733","COG1","Cog1"
"21734","SUMO3","Sumo3"
"21735","LOXL3","Loxl3"
"21736","P2R3D","Ppp2r3d"
"21737","SHCBP","Shcbp1"
"21738","SETBP","Setbp1"
"21739","PADI4","Padi4"
"21740","PADI3","Padi3"
"21741","PADI1","Padi1"
"21742","G6PC2","G6pc2"
"21743","DYR1B","Dyrk1b"
"21744","EYA4","Eya4"
"21745","SPT4B","Supt4h1b"
"21746","Q9Z1A1","Tfg"
"21747","TBCD8","Tbc1d8"
"21748","PLCB1","Plcb1"
"21749","MD2L1","Mad2l1"
"21750","MK13","Mapk13"
"21751","PHF1","Phf1"
"21752","EIF3G","Eif3g"
"21753","ZSC12","Zscan12"
"21754","ZKSC5","Zkscan5"
"21755","ZN394","Znf394"
"21756","IKBA","Nfkbia"
"21757","GYS1","Gys1"
"21758","CNMD","Cnmd"
"21759","SAE2","Uba2"
"21760","VATC1","Atp6v1c1"
"21761","VPP1","Atp6v0a1"
"21762","TF7L1","Tcf7l1"
"21763","NEK4","Nek4"
"21764","NFS1","Nfs1"
"21765","ARI1","Arih1"
"21766","ARI2","Arih2"
"21767","APCL","Apc2"
"21768","YLAT1","Slc7a7"
"21769","SNG4","Syngr4"
"21770","DEDD","Dedd"
"21771","XLRS1","Rs1"
"21772","CA2D3","Cacna2d3"
"21773","P2RX7","P2rx7"
"21774","KS6B2","Rps6kb2"
"21775","LARG1","Large1"
"21776","RED","Ik"
"21777","ORC1","Orc1"
"21778","DX39B","Ddx39b"
"21779","SFRP4","Sfrp4"
"21780","ARI3B","Arid3b"
"21781","UN13B","Unc13b"
"21782","LGR5","Lgr5"
"21783","CD320","Cd320"
"21784","NDUA7","Ndufa7"
"21785","KANK3","Kank3"
"21786","ANGL4","Angptl4"
"21787","ABHGA","Abhd16a"
"21788","LY66D","Ly6g6d"
"21789","LY66C","Ly6g6c"
"21790","CLIC1","Clic1"
"21791","SYVC","Vars1"
"21792","BAG6","Bag6"
"21793","APOM","Apom"
"21794","CF047","D17h6s53e"
"21795","Q9Z1R9","Prss1"
"21796","BUB1B","Bub1b"
"21797","GRP1","Rasgrp1"
"21798","SEPT3","Septin3"
"21799","GAB2","Gab2"
"21800","AP3B1","Ap3b1"
"21801","TSP4","Thbs4"
"21802","DEAF1","Deaf1"
"21803","FYV1","Pikfyve"
"21804","OLF49","Olfr49"
"21805","GDF11","Gdf11"
"21806","SERP1","Serp1"
"21807","AT12A","Atp12a"
"21808","STK39","Stk39"
"21809","CCL27","Ccl27"
"21810","PTSS2","Ptdss2"
"21811","ILF3","Ilf3"
"21812","CDC45","Cdc45"
"21813","TRIP6","Trip6"
"21814","IOD2","Dio2"
"21815","USO1","Uso1"
"21816","STRAP","Strap"
"21817","Q9Z202","Klrc1"
"21818","HNRPC","Hnrnpc"
"21819","RFXK","Rfxank"
"21820","ARHG8","Net1"
"21821","DIAP3","Diaph3"
"21822","PX11B","Pex11b"
"21823","PX11A","Pex11a"
"21824","DPP6","Dpp6"
"21825","B3GN2","B3GNT2"
"21826","MOC2B","Mocs2"
"21827","CCNE2","Ccne2"
"21828","PLM","Fxyd1"
"21829","FKBP9","Fkbp9"
"21830","AEBP2","Aebp2"
"21831","UBE2A","Ube2a"
"21832","CLD8","Cldn8"
"21833","CLD7","Cldn7"
"21834","CLD6","Cldn6"
"21835","CHK2","Chek2"
"21836","SNAPN","Snapin"
"21837","RASL1","Rasal1"
"21838","TULP1","Tulp1"
"21839","RLBP1","Rlbp1"
"21840","BAZ1B","Baz1b"
"21841","PLD1","Pld1"
"21842","GP132","Gpr132"
"21843","KR121","Krtap12-1"
"21844","PDPK1","Pdpk1"
"21845","ATE1","Ate1"
"21846","DGAT1","Dgat1"
"21847","GGT5","Ggt5"
"21848","I18RA","Il18rap"
"21849","UCP5","Slc25a14"
"21850","RGR","Rgr"
"21851","E2AK3","Eif2ak3"
"21852","KS6A4","Rps6ka4"
"21853","MTMR1","Mtmr1"
"21854","MTM1","Mtm1"
"21855","UPK1B","Upk1b"
"21856","YBOX2","Ybx2"
"21857","MTMR7","Mtmr7"
"21858","MTMR9","Mtmr9"
"21859","MTMR2","Mtmr2"
"21860","GSDME","Gsdme"
"21861","MECP2","Mecp2"
"21862","MBD4","Mbd4"
"21863","MBD3","Mbd3"
"21864","MBD2","Mbd2"
"21865","MBD1","Mbd1"
"21866","ERN2","Ern2"
"21867","PPR17","Ppp1r17"
"21868","ATOH7","Atoh7"
"21869","BSCL2","Bscl2"
"21870","OASL2","Oasl2"
"21871","BCL3","Bcl3"
"21872","BNI3L","Bnip3l"
"21873","FEM1B","Fem1b"
"21874","FM1AA","Fem1aa"
"21875","SE1L1","Sel1l"
"21876","HTAI2","Htatip2"
"21877","RGS11","Rgs11"
"21878","RGS6","Rgs6"
"21879","E41L1","Epb41l1"
"21880","CLC4D","Clec4d"
"21881","GIPC2","Gipc2"
"21882","LETM1","Letm1"
"21883","FKB1B","Fkbp1b"
"21884","ROBO3","Robo3"
"21885","SUCB2","Suclg2"
"21886","SUCB1","Sucla2"
"21887","S23A1","Slc23a1"
"21888","PD2R2","Ptgdr2"
"21889","K1C16","Krt16"
"21890","MINP1","Minpp1"
"21891","CRLF3","Crlf3"
"21892","UBL3","Ubl3"
"21893","PMM2","Pmm2"
"21894","ACL6A","Actl6a"
"21895","VAMP5","Vamp5"
"21896","KNOP1","Knop1"
"21897","RM40","Mrpl40"
"21898","SEPT5","Septin5"
"21899","U119A","Unc119"
"21900","E2AK1","Eif2ak1"
"21901","T22D3","Tsc22d3"
"21902","KCNK7","Kcnk7"
"21903","KRT85","Krt85"
"21904","PSA7","Psma7"
"21905","PSA5","Psma5"
"21906","ZN292","Zfp292"
"21907","ELF4","Elf4"
"21908","PCKGC","Pck1"
"21909","HDAC6","Hdac6"
"21910","HDAC5","Hdac5"
"21911","CCNI","Ccni"
"21912","DNPEP","Dnpep"
"21913","STK25","Stk25"
"21914","GRIA4","Gria4"
"21915","GRIA3","Gria3"
"21916","HNRPF","Hnrnpf"
"21917","PSD10","Psmd10"
"21918","KEAP1","Keap1"
"21919","B4GT2","B4galt2"
"21920","HOME1","Homer1"
"21921","PLPHP","Plpbp"
"21922","MCAT","Slc25a20"
"21923","GFPT2","Gfpt2"
"21924","MYCS","Mycs"
"21925","S22A4","Slc22a4"
"21926","KCJ16","Kcnj16"
"21927","CIB2","Cib2"
"21928","SNUT1","Sart1"
"21929","CORIN","Corin"
"21930","K1C27","Krt27"
"21931","TOP3B","Top3b"
"21932","DPM2","Dpm2"
"21933","ITPR2","Itpr2"
"21934","K2C6B","Krt6b"
"21935","KCNQ2","Kcnq2"
"21936","S4R181","Ccdc166"
"21937","S4R196","Cyp2ab1"
"21938","S4R1E0","H2ab1"
"21939","S4R1G7","H2ab3"
"21940","S4R1I0","Btbd19"
"21941","S4R1L6","Mzf1"
"21942","S4R1M3","H2ab2"
"21943","OSB10","Osbpl10"
"21944","S4R1R7","Rpl9-ps1"
"21945","S4R1W1","Gm3839"
"21946","S4R1W5","Rbm6"
"21947","S4R213","Lactbl1"
"21948","S4R299","Zfp236"
"21949","S4R2K0","Pdf"
"21950","S4R2L0","Scgb2b12"
"21951","NAC3","Slc8a3"
"21952","S4R2V3","Scgb2b17"
"21953","VSTM4","Vstm4"
"21954","V9GWT9","Tcf24"
"21955","V9GWY0","Gm15013"
"21956","V9GWY9","Obox8"
"21957","V9GX04","Tmem196"
"21958","V9GX06","Gm11214"
"21959","V9GX31","Gm12728"
"21960","V9GX34","Csmd2"
"21961","V9GX35","Gm14214"
"21962","V9GX38","Gm17190"
"21963","V9GX81","Mroh6"
"21964","V9GXA7","Gm15294"
"21965","V9GXF8","Gm5269"
"21966","SLN14","Slfn14"
"21967","V9GXH0","Efcab12"
"21968","V9GXK0","Gm12117"
"21969","V9GXK1","Ccpg1os"
"21970","V9GXN5","Gm4707"
"21971","V9GXQ2","Gm17087"
"21972","V9GXQ3","Rgs21"
"21973","V9GXR0","H2-Bl"
"21974","V9GXS8","Gm11983"
"21975","W4VSN7","Gm3550"
"21976","W4VSN8","Gm5114"
"21977","W4VSN9","Rhox2d"
"21978","W4VSP0","Olfr122"
"21979","W4VSP1","Speer3"
"21980","W4VSP2","Vmn2r25"
"21981","W4VSP4","Serpinb6c"
"21982","W4VSP5","Vmn1r61"
"21983","W4VSP6","Aadacl2fm2"
"21984","W4VSP7","Gm3238"
"21985","W4VSP8","Vmn1r10"
"21986","LRIT3","Lrit3"
