"","Uniprot.Name","Gene"
"1","A0A024R1R8","ENSG00000225528"
"2","NUD4B","NUDT4B"
"3","A0A024RCN7","SNHG32"
"4","A0A075B6H5","TRBV20OR9-2"
"5","KV37","IGKV3-7"
"6","KVD42","IGKV1D-42"
"7","LV469","IGLV4-69"
"8","LV861","IGLV8-61"
"9","LV460","IGLV4-60"
"10","LVK55","IGLV11-55"
"11","LVX54","IGLV10-54"
"12","LV150","IGLV1-50"
"13","LV548","IGLV5-48"
"14","LV746","IGLV7-46"
"15","LV537","IGLV5-37"
"16","LV233","IGLV2-33"
"17","LV322","IGLV3-22"
"18","LV218","IGLV2-18"
"19","LV316","IGLV3-16"
"20","LV312","IGLV3-12"
"21","LV310","IGLV3-10"
"22","LV39","IGLV3-9"
"23","LV403","IGLV4-3"
"24","A0A075B6L2","TRGV11"
"25","A0A075B6L6","TRBV7-3"
"26","TVB19","TRBV19"
"27","TVBT1","TRBV20-1"
"28","TVBX1","TRBV24-1"
"29","TVBY1","TRBV25-1"
"30","KV228","IGKV2-28"
"31","HV364","IGHV3-64"
"32","TRGV2","TRGV2"
"33","HV404","IGHV4-4"
"34","KVD24","IGKV2D-24"
"35","TRGJ1","TRGJ1"
"36","KVD29","IGKV2D-29"
"37","KVD17","IGKV1D-17"
"38","KV127","IGKV1-27"
"39","KVD30","IGKV2D-30"
"40","KV137","IGKV1-37"
"41","TVAL2","TRAV12-2"
"42","TVA6","TRAV6"
"43","TVA91","TRAV9-1"
"44","TVA7","TRAV7"
"45","A0A075B6U6","TRAV8-7"
"46","A0A075B6U7","TRAJ23"
"47","A0A075B6U8","TRAJ12"
"48","A0A075B6U9","TRAJ2"
"49","A0A075B6V0","TRAJ16"
"50","A0A075B6V1","TRAJ43"
"51","A0A075B6V2","TRAJ21"
"52","A0A075B6V3","TRAJ48"
"53","TVA36","TRAV36DV7"
"54","A0A075B6V6","TRDJ2"
"55","A0A075B6V7","TRAJ26"
"56","A0A075B6V8","TRAJ5"
"57","A0A075B6V9","TRAJ59"
"58","A0A075B6W1","TRDJ3"
"59","A0A075B6W2","TRAJ52"
"60","A0A075B6W3","TRAJ33"
"61","A0A075B6W4","TRAJ46"
"62","TVA23","TRAV23DV6"
"63","A0A075B6W6","TRAJ27"
"64","A0A075B6W7","TRAJ38"
"65","A0A075B6W8","TRAJ17"
"66","A0A075B6W9","TRAJ53"
"67","A0A075B6X0","TRAJ45"
"68","A0A075B6X3","TRAJ32"
"69","A0A075B6X4","TRAJ28"
"70","TVA18","TRAV18"
"71","A0A075B6X7","TRAJ50"
"72","A0A075B6X8","TRAJ44"
"73","A0A075B6X9","TRAJ18"
"74","A0A075B6Y0","TRAJ49"
"75","A0A075B6Y1","TRAJ30"
"76","A0A075B6Y2","TRAJ35"
"77","TJA3","TRAJ3"
"78","A0A075B6Y4","TRAJ19"
"79","A0A075B6Y5","TRAJ47"
"80","A0A075B6Y8","TRAJ11"
"81","TJA42","TRAJ42"
"82","A0A075B6Z0","TRAJ22"
"83","A0A075B6Z1","TRAJ20"
"84","A0A075B6Z2","TRAJ56"
"85","A0A075B6Z3","TRAJ6"
"86","A0A075B6Z4","TRDJ4"
"87","A0A075B6Z5","TRAJ4"
"88","A0A075B6Z8","TRAJ25"
"89","A0A075B6Z9","TRAJ24"
"90","TJA31","TRAJ31"
"91","A0A075B702","TRAJ41"
"92","A0A075B704","TRAJ57"
"93","TRDJ1","TRDJ1"
"94","A0A075B708","TRAJ61"
"95","A0A075B709","TRAJ13"
"96","A0A075B710","TRAJ39"
"97","A0A075B711","TRAJ29"
"98","A0A075B712","TRAJ54"
"99","A0A075B713","TRAJ1"
"100","A0A075B714","TRAJ7"
"101","A0A075B734","LOC100509620"
"102","PAL4E","PPIAL4E"
"103","PAL4H","PPIAL4H"
"104","A0A075B784","USP36"
"105","A0A075B7B6","IGHV4OR15-8"
"106","A0A075B7B8","IGHV3OR16-12"
"107","A0A075B7B9","IGHD2OR15-2B"
"108","A0A075B7D0","IGHV1OR15-1"
"109","A0A075B7D4","IGKV1OR2-108"
"110","A0A075B7D8","IGHV3OR15-7"
"111","A0A075B7E0","IGHD3OR15-3B"
"112","A0A075B7E8","IGHV3OR16-13"
"113","A0A075B7F0","IGHV3OR16-10"
"114","A0A075B7F1","IGHV3OR16-8"
"115","LV545","IGLV5-45"
"116","HV432","IGHV4-30-2"
"117","KVD15","IGKV3D-15"
"118","KVD08","IGKV1D-8"
"119","TVA30","TRAV30"
"120","TVA27","TRAV27"
"121","TVA92","TRAV9-2"
"122","TVAZ1","TRAV26-1"
"123","TM265","TMEM265"
"124","KCE1B","KCNE1B"
"125","A0A087WU04","TRAJ36"
"126","NBPFJ","NBPF19"
"127","A0A087WUV0","ENSG00000233757"
"128","SPEGN","SPEGNB"
"129","TVB16","TRBV16"
"130","TBC3D","TBC1D3D"
"131","A0A087WW49","ENSG00000278263"
"132","KV240","IGKV2-40"
"133","P3URF","P3R3URF"
"134","A0A087WWU0","ENSG00000278646"
"135","A0A087WWY9","RIN3"
"136","ELB3C","ELOA3C"
"137","MEIKN","MEIKIN"
"138","TBC3I","TBC1D3I"
"139","A0A087WYE8","IGHV1OR21-1"
"140","A0A087WZ39","TRBV15"
"141","A0A087WZJ7","ZNF254"
"142","A0A087X096","TRAJ37"
"143","A0A087X0K7","TRBV17"
"144","TVB18","TRBV18"
"145","TBC3E","TBC1D3E"
"146","A0A087X1A0","ZDHHC11B"
"147","A0A087X1C1","TMSB15B"
"148","CP2D7","CYP2D7"
"149","TBC3K","TBC1D3K"
"150","A0A087X1L8","LOC102723996"
"151","D131B","DEFB131B"
"152","A0A096LNW5","ENSG00000286106"
"153","SIM26","SMIM26"
"154","CC187","CCDC187"
"155","QCR6L","UQCRHL"
"156","A0A096LPG2","ENSG00000269167"
"157","A0A096LPH7","ENSG00000280433"
"158","GVQW2","CCDC28A-AS1"
"159","A0A096LPK6","ENSG00000279493"
"160","KVD26","IGKV2D-26"
"161","KVD11","IGKV3D-11"
"162","LV552","IGLV5-52"
"163","LV332","IGLV3-32"
"164","A0A0A0MS01","TRGV10"
"165","A0A0A0MS02","TRGV1"
"166","A0A0A0MS03","TRBV5-3"
"167","A0A0A0MS04","TRBV6-7"
"168","A0A0A0MS05","TRBV5-7"
"169","A0A0A0MS06","TRBV23-1"
"170","HV145","IGHV1-45"
"171","HV349","IGHV3-49"
"172","A0A0A0MS68","GAS7"
"173","KVD21","IGKV6D-21"
"174","A0A0A0MT69","IGKJ4"
"175","TJB26","TRBJ2-6"
"176","LJ01","IGLJ1"
"177","TJB27","TRBJ2-7"
"178","A0A0A0MT82","IGLJ2"
"179","A0A0A0MT84","TRGJP2"
"180","A0A0A0MT85","IGKJ2"
"181","A0A0A0MT86","IGLJ5"
"182","TJB24","TRBJ2-4"
"183","KJ01","IGKJ1"
"184","A0A0A0MT92","IGLJ7"
"185","A0A0A0MT93","IGLJ6"
"186","TJB22","TRBJ2-2"
"187","A0A0A0MT96","IGKJ3"
"188","A0A0A0MT97","TRGJP1"
"189","A0A0A0MT99","IGLJ3"
"190","A0A0A0MTA1","IGLJ4"
"191","A0A0A0MTA2","TRBJ2-2P"
"192","A0A0A0MTA3","IGKJ5"
"193","TJB25","TRBJ2-5"
"194","TJB21","TRBJ2-1"
"195","TVA14","TRAV14DV4"
"196","TVB13","TRBV13"
"197","TVB66","TRBV6-6"
"198","TVB68","TRBV6-8"
"199","TVA83","TRAV8-3"
"200","TVA81","TRAV8-1"
"201","A0A0A6YYK4","TRBV7-1"
"202","TVA16","TRAV16"
"203","TVA19","TRAV19"
"204","POTEB","POTEB"
"205","A0A0B4J1T7","LY6G6E"
"206","LV136","IGLV1-36"
"207","TRGV5","TRGV5"
"208","TVB9","TRBV9"
"209","HV601","IGHV6-1"
"210","HV315","IGHV3-15"
"211","HV321","IGHV3-21"
"212","HV226","IGHV2-26"
"213","HV373","IGHV3-73"
"214","HV781","IGHV7-81"
"215","A0A0B4J1W7","NPIPA9"
"216","HV374","IGHV3-74"
"217","HV343","IGHV3-43"
"218","LV949","IGLV9-49"
"219","HV372","IGHV3-72"
"220","KVD43","IGKV1D-43"
"221","TJB23","TRBJ2-3"
"222","TVA2","TRAV2"
"223","TVAM2","TRAV13-2"
"224","TVA82","TRAV8-2"
"225","TVA12","TRAV1-2"
"226","TVA10","TRAV10"
"227","TVAM1","TRAV13-1"
"228","TVA3","TRAV3"
"229","TVAL1","TRAV12-1"
"230","TVA11","TRAV1-1"
"231","TVA5","TRAV5"
"232","TVA86","TRAV8-6"
"233","TVA39","TRAV39"
"234","TV381","TRAV38-1"
"235","TVAZ2","TRAV26-2"
"236","TVA41","TRAV41"
"237","TVA4","TRAV4"
"238","TVAL3","TRAV12-3"
"239","TVA24","TRAV24"
"240","TVA34","TRAV34"
"241","TVA20","TRAV20"
"242","TVA17","TRAV17"
"243","TVA25","TRAV25"
"244","TVA22","TRAV22"
"245","TVA21","TRAV21"
"246","TVA40","TRAV40"
"247","PAL4C","PPIAL4C"
"248","A0A0B4J2B6","IGHV2OR16-5"
"249","A0A0B4J2B8","IGHV1OR15-9"
"250","GAL3B","GATD3B"
"251","KVD13","IGKV1D-13"
"252","TVBL4","TRBV12-4"
"253","A0A0B4J2E5","LOC102724159"
"254","PIOS1","PIGBOS1"
"255","SIK1B","SIK1B"
"256","HV69D","IGHV1-69D"
"257","A0A0C4DGP1","ENSG00000286075"
"258","KV621","IGKV6-21"
"259","KVD20","IGKV3D-20"
"260","KVD41","IGKV6D-41"
"261","TRGV8","TRGV8"
"262","TRGV4","TRGV4"
"263","HV103","IGHV1-3"
"264","HV316","IGHV3-16"
"265","HV118","IGHV1-18"
"266","HV320","IGHV3-20"
"267","HV124","IGHV1-24"
"268","HV428","IGHV4-28"
"269","HV335","IGHV3-35"
"270","HV338","IGHV3-38"
"271","HV551","IGHV5-51"
"272","HV158","IGHV1-58"
"273","HV461","IGHV4-61"
"274","HV366","IGHV3-66"
"275","HV70D","IGHV2-70D"
"276","KVD07","IGKV3D-7"
"277","TVB54","TRBV5-4"
"278","HJ01","IGHJ1"
"279","A0A0C4DH63","TRGJP"
"280","KV108","IGKV1-8"
"281","KV224","IGKV2-24"
"282","KV109","IGKV1-9"
"283","KV106","IGKV1-6"
"284","KV112","IGKV1-12"
"285","A0A0C4DH90","IGKV3OR2-268"
"286","MOTSC","MT-RNR1"
"287","CC163","CCDC163"
"288","A0A0G2JKD1","MUC21"
"289","A0A0G2JKW9","ENSG00000257215"
"290","A0A0G2JLE6","KRTAP4-8"
"291","A0A0G2JLG4","ASIC5"
"292","A0A0G2JLJ8","IGHD5OR15-5A"
"293","A0A0G2JLM5","ENSG00000274243"
"294","A0A0G2JLQ3","ENSG00000276676"
"295","A0A0G2JLW4","ENSG00000275049"
"296","PRA33","PRAMEF33"
"297","A0A0G2JMH3","LOC107984156"
"298","A0A0G2JMH6","HLA-DRA"
"299","HV692","IGHV1-69-2"
"300","A0A0G2JMM0","ENSG00000274971"
"301","A0A0G2JMP0","ENSG00000278776"
"302","A0A0G2JMS6","ENSG00000275428"
"303","A0A0G2JMY9","LILRA3"
"304","A0A0G2JMZ2","ENSG00000275621"
"305","A0A0G2JN01","KIR3DP1"
"306","A0A0G2JN53","ENSG00000282676"
"307","A0A0G2JN68","ENSG00000278414"
"308","A0A0G2JND7","ENSG00000274063"
"309","A0A0G2JNF4","KIR2DP1"
"310","A0A0G2JNG1","ENSG00000274563"
"311","A0A0G2JNH3","ENSG00000278178"
"312","A0A0G2JNJ9","ENSG00000276253"
"313","A0A0G2JNQ3","HNRNPCL2"
"314","A0A0G2JP03","ENSG00000277596"
"315","A0A0G2JP20","PRAMEF9"
"316","A0A0G2JPB7","ENSG00000275798"
"317","A0A0G2JPC4","ENSG00000274707"
"318","A0A0G2JPF8","HNRNPCL4"
"319","A0A0G2JPN4","ENSG00000278401"
"320","A0A0G2JQ47","ENSG00000275306"
"321","A0A0G2JQF1","ENSG00000280514"
"322","A0A0G2JQZ4","ENSG00000281757"
"323","A0A0G2JRQ6","ENSG00000281759"
"324","LV539","IGLV5-39"
"325","A0A0J9YVP2","IGHJ6"
"326","A0A0J9YVP9","IGHJ5"
"327","A0A0J9YVS3","IGHJ4"
"328","HV741","IGHV7-4-1"
"329","A0A0J9YW14","IGHJ3"
"330","A0A0J9YW22","IGHD3-9"
"331","A0A0J9YW62","ENSG00000282822"
"332","A0A0J9YWD0","IGHD3-3"
"333","TX13C","TEX13C"
"334","A0A0J9YWN2","IGHJ2"
"335","TJB13","TRBJ1-3"
"336","A0A0J9YWU9","ENSG00000278082"
"337","TJB16","TRBJ1-6"
"338","TJB12","TRBJ1-2"
"339","HV64D","IGHV3-64D"
"340","A0A0J9YX57","MAGEB6B"
"341","TVB69","TRBV6-9"
"342","PMA6F","PNMA6F"
"343","TJB11","TRBJ1-1"
"344","TJB14","TRBJ1-4"
"345","TJB15","TRBJ1-5"
"346","A0A0J9YXN1","IGHD3-10"
"347","PMA6E","PNMA6E"
"348","A0A0J9YXV3","LINC00514"
"349","HV5X1","IGHV5-10-1"
"350","TVB62","TRBV6-2"
"351","TX13D","TEX13D"
"352","A0A0J9YY99","ENSG00000282150"
"353","TVBJ1","TRBV10-1"
"354","TVB65","TRBV6-5"
"355","TVB30","TRBV30"
"356","TVBK1","TRBV11-1"
"357","TVB27","TRBV27"
"358","TVB61","TRBV6-1"
"359","TVB77","TRBV7-7"
"360","TVBJ3","TRBV10-3"
"361","TVBJ2","TRBV10-2"
"362","CD3CH","CD300H"
"363","A0A0M3HER8","GOLGA6L10"
"364","A0A0R4J2F4","IRAK4"
"365","A0A0U1RQB9","IGHD5-12"
"366","GLYLB","GLYATL1B"
"367","DP2NB","DPEP2NB"
"368","A0A0U1RQG5","ENSG00000277535"
"369","KLF18","KLF18"
"370","TM275","TMEM275"
"371","CENL1","CENPVL1"
"372","CA232","C1orf232"
"373","A0A0U1RRA0","ENSG00000236782"
"374","NBDY","NBDY"
"375","CENL3","CENPVL3"
"376","LBHD2","LBHD2"
"377","MMPOS","MMP24OS"
"378","SPTOS","SPTY2D1OS"
"379","A0A0X1KG70","ENSG00000182974"
"380","A0A126GWB0","OR2A2"
"381","A0A126GWI2","OR2A25"
"382","CRYA2","CRYAA2"
"383","A0A140T8X8","MUC21"
"384","A0A140TA62","ENSG00000262748"
"385","A0A140TA64","LOC100996750"
"386","A0A140TA67","KRTAP9-6"
"387","LCE6A","LCE6A"
"388","A0A191URJ7","KIR2DL1"
"389","A0A1B0GTB2","TUNAR"
"390","CC085","C3orf85"
"391","TEX49","TEX49"
"392","A0A1B0GTE1","CNTNAP3C"
"393","A0A1B0GTG1","IQANK1"
"394","A0A1B0GTG8","ENSG00000261341"
"395","CS2IP","CSNKA2IP"
"396","A0A1B0GTH9","LOC100505841"
"397","CC201","CCDC201"
"398","TM272","TMEM272"
"399","A0A1B0GTJ6","ENSG00000268655"
"400","F237A","FAM237A"
"401","F236D","FAM236D"
"402","CT204","C20orf204"
"403","A0A1B0GTQ1","CYP2D7"
"404","MYMX","MYMX"
"405","EDD13","EDDM13"
"406","CX05A","CXorf51A"
"407","SPRR5","SPRR5"
"408","HSFX4","HSFX4"
"409","ZC11B","ZC3H11B"
"410","CTXD1","CTXND1"
"411","LMLN2","LMLN2"
"412","TEX50","TEX50"
"413","CC196","CCDC196"
"414","SIM28","SMIM28"
"415","TEX53","TEX53"
"416","C97D2","CFAP97D2"
"417","SIM32","SMIM32"
"418","CC195","CCDC195"
"419","TEX51","TEX51"
"420","CM046","C13orf46"
"421","MYCOS","MYOCOS"
"422","BRDOS","BRD3OS"
"423","PNM8C","PNMA8C"
"424","A0A1B0GUL7","ENSG00000230626"
"425","F236A","FAM236A"
"426","CS085","C19orf85"
"427","UB2L5","UBE2L5"
"428","CJ143","C10orf143"
"429","CQ113","C17orf113"
"430","A0A1B0GUV1","ENSG00000262165"
"431","TEX48","TEX48"
"432","A0A1B0GUV8","LOC102723971"
"433","SPEM3","SPEM3"
"434","SIM27","SMIM27"
"435","VAFNB","ATP6V1FNB"
"436","MRCOL","MARCOL"
"437","A0A1B0GUZ9","ENSG00000284684"
"438","GG6L7","GOLGA6L7"
"439","A0A1B0GV05","RAP1GAP2"
"440","F236B","FAM236B"
"441","RELD1","REELD1"
"442","CTXD2","CTXND2"
"443","A0A1B0GV96","ENSG00000277639"
"444","A0A1B0GVB3","ENSG00000226690"
"445","F237B","FAM237B"
"446","CC194","CCDC194"
"447","TEX54","TEX54"
"448","PRS51","PRSS51"
"449","CM042","C13orf42"
"450","IQCM","IQCM"
"451","F240A","FAM240A"
"452","A0A1B0GVL6","TMEM238L"
"453","A0A1B0GVM2","TCAF2C"
"454","ETDC","ETDC"
"455","CK097","C11orf97"
"456","CB092","C2orf92"
"457","SPAR","SPAAR"
"458","CC200","CCDC200"
"459","F240C","FAM240C"
"460","MDFI2","MDFIC2"
"461","SIM36","SMIM36"
"462","SIM35","SMIM35"
"463","LITAD","LITAFD"
"464","A0A1B0GVY2","ENSG00000283536"
"465","SIM31","SMIM31"
"466","F240B","FAM240B"
"467","MB3LB","MBD3L2B"
"468","TM269","TMEM269"
"469","A0A1B0GW15","ENSG00000283205"
"470","EXC1L","EXOC1L"
"471","SIM39","SMIM39"
"472","A0A1B0GW55","ENSG00000284298"
"473","SIM33","SMIM33"
"474","PRT1B","PRRT1B"
"475","SRTM2","SERTM2"
"476","HSFX3","HSFX3"
"477","A0A1B0GWH6","LINC00672"
"478","A0A1B0GWI6","LOC101059915"
"479","PVLEF","PVALEF"
"480","TVB76","TRBV7-6"
"481","TVB64","TRBV6-4"
"482","TVB78","TRBV7-8"
"483","TRDV1","TRDV1"
"484","TVB2","TRBV2"
"485","TVBL5","TRBV12-5"
"486","TVB74","TRBV7-4"
"487","TVB72","TRBV7-2"
"488","A0A1W2PN81","CHRNA7"
"489","A0A1W2PNU3","ENSG00000284526"
"490","A0A1W2PP81","TAF11L7"
"491","THSD8","THSD8"
"492","A0A1W2PPD8","KDM4F"
"493","A0A1W2PPE2","TAF11L4"
"494","A0A1W2PPE3","ENSG00000284188"
"495","DUXB","DUXB"
"496","GBG14","GNG14"
"497","A0A1W2PPH5","TAF11L13"
"498","A0A1W2PPK0","ENSG00000284484"
"499","A0A1W2PPL8","TAF11L14"
"500","A0A1W2PPM0","ENSG00000283963"
"501","CPHXL","CPHXL"
"502","A0A1W2PPW3","TAF11L12"
"503","A0A1W2PQ09","TAF11L11"
"504","A0A1W2PQ27","SSU72P7"
"505","A0A1W2PQ64","SSU72P5"
"506","A0A1W2PQ72","HSPA14"
"507","ERFL","ERFL"
"508","A0A1W2PQC6","SSU72P4"
"509","A0A1W2PQD8","SSU72P2"
"510","A0A1W2PQF6","ENSG00000283763"
"511","A0A1W2PQJ5","SSU72P3"
"512","A0A1W2PQL4","ENSG00000241149"
"513","A0A1W2PQM1","ENSG00000284244"
"514","A0A1W2PQU2","KANTR"
"515","GSTT4","GSTT4"
"516","TLE7","TLE7"
"517","A0A1W2PR64","TAF11L9"
"518","A0A1W2PR75","SSU72P8"
"519","A0A1W2PR80","ENSG00000284434"
"520","PERC1","PERCC1"
"521","A0A1W2PR95","ENSG00000266826"
"522","A0A1W2PRE2","ENSG00000284476"
"523","A0A1W2PRG0","ENSG00000281310"
"524","A0A1W2PRN1","ENSG00000288148"
"525","A0A1W2PRN6","LINC02218"
"526","FOXL3","FOXL3"
"527","A0A1W2PRS3","ENSG00000284169"
"528","A0A1W2PRV1","TAF11L3"
"529","PMIS2","PMIS2"
"530","A0A1Y8EI39","IGHD6-13"
"531","A0A1Y8EKQ5","IGHD6-19"
"532","A0A286YEU6","ENSG00000180042"
"533","SCGR4","SCYGR4"
"534","SCGRX","SCYGR10"
"535","SCGR1","SCYGR1"
"536","SCGR7","SCYGR7"
"537","A0A286YF18","ENSG00000284638"
"538","SCGR5","SCYGR5"
"539","TM271","TMEM271"
"540","SCGR3","SCYGR3"
"541","SCGR6","SCYGR6"
"542","SCGR2","SCYGR2"
"543","SCGR8","SCYGR8"
"544","SIM38","SMIM38"
"545","A0A2R8Y2Y2","ENSG00000226490"
"546","A0A2R8Y422","ENSG00000231767"
"547","A0A2R8Y4L2","HNRNPA1P48"
"548","A0A2R8Y4L6","OR5D3P"
"549","A0A2R8Y4M4","ENSG00000284976"
"550","OSP4B","OOSP4B"
"551","A0A2R8Y556","ENSG00000284895"
"552","A0A2R8Y5M8","ENSG00000284844"
"553","H2BE1","H2BE1"
"554","A0A2R8Y747","ENSG00000284779"
"555","A0A2R8Y7D0","TINCR"
"556","A0A2R8Y7Y5","ENSG00000284797"
"557","A0A2R8YCE0","B3GNT10"
"558","SIM41","SMIM41"
"559","A0A2R8YCY7","ENSG00000284555"
"560","A0A2R8YD15","ENSG00000285133"
"561","A0A2R8YE69","ENSG00000284912"
"562","A0A2R8YED5","OR5BS1P"
"563","A0A2R8YEG4","OR2A1"
"564","A0A2R8YEH3","LOC112268384"
"565","A0A2R8YEV3","OR2A42"
"566","OSP4A","OOSP4A"
"567","OOSP3","OOSP3"
"568","A0A2R8YFR7","ENSG00000285408"
"569","A0A2U3TZU4","OR4Q3"
"570","FXO3B","FOXO3B"
"571","A0A376A8Z9","KIR2DS5"
"572","A0A3B3IRQ3","LOC112267897"
"573","A0A3B3IRS2","LOC647264"
"574","A0A3B3IRV3","MCTS2P"
"575","A0A3B3IT33","TRIM51GP"
"576","A0A3B3IT34","ENSG00000285946"
"577","A0A3B3IT45","OR51C1P"
"578","A0A3B3IT52","LOC102724657"
"579","A0A3B3IU46","RAMACL"
"580","A0A3B3IU63","H2AL1RP"
"581","A0A494BZU2","BLACAT1"
"582","A0A494BZU4","TMEM217"
"583","A0A494BZZ5","ENSG00000170152"
"584","A0A494C030","LOC114841035"
"585","A0A494C071","ENSG00000278803"
"586","A0A494C086","SPDYE21"
"587","A0A494C0B9","ENSG00000285938"
"588","A0A494C0I6","ENSG00000286224"
"589","A0A494C0N9","ENSG00000286175"
"590","A0A494C0T7","LOC149373"
"591","A0A494C0Y3","ENSG00000286102"
"592","A0A494C0Z2","ENSG00000286014"
"593","A0A494C103","LOC112577516"
"594","A0A494C162","ENSG00000275493"
"595","A0A494C176","ENSG00000286131"
"596","A0A494C193","ENSG00000204805"
"597","A0A494C1I1","LOC728392"
"598","A0A494C1N4","ENSG00000286265"
"599","A0A494C1R9","TSPY9P"
"600","A0A499FJF3","ENSG00000282168"
"601","A0A4W9AIG4","OR2A14"
"602","TVB42","TRBV4-2"
"603","TVB31","TRBV3-1"
"604","TVB41","TRBV4-1"
"605","TVB51","TRBV5-1"
"606","TVBK2","TRBV11-2"
"607","TVB43","TRBV4-3"
"608","A0A590UJ96","ENSG00000282936"
"609","A0A590UK24","ENSG00000287585"
"610","A0A590UK83","LINC00634"
"611","TVB55","TRBV5-5"
"612","TVB56","TRBV5-6"
"613","TVB58","TRBV5-8"
"614","TVBK3","TRBV11-3"
"615","TVB14","TRBV14"
"616","TVB28","TRBV28"
"617","TVB29","TRBV29-1"
"618","TRBC2","TRBC2"
"619","A0A5F9Z9Y6","ENSG00000283716"
"620","A0A5F9ZGZ6","ENSG00000288136"
"621","A0A5F9ZH02","ENSG00000288460"
"622","A0A5F9ZH88","ENSG00000288316"
"623","A0A5F9ZHI8","ENSG00000263264"
"624","A0A5F9ZHS0","ENSG00000285976"
"625","NFILZ","NFILZ"
"626","A0A5F9ZHU2","ENSG00000288396"
"627","A0A5H1ZRR4","TRGJ2"
"628","A0A5K1VDZ0","LOC112267881"
"629","A0A5S8K742","GLRA4"
"630","A0A669KAW2","ENSG00000288529"
"631","A0A669KB04","SPDYE17"
"632","A0A669KB60","ENSG00000288570"
"633","KAL1L","KANSL1L"
"634","S12A8","SLC12A8"
"635","RBM47","RBM47"
"636","IFT56","TTC26"
"637","FR1L5","FER1L5"
"638","TM129","TMEM129"
"639","E2F8","E2F8"
"640","UBA6","UBA6"
"641","ESYT2","ESYT2"
"642","ESYT3","ESYT3"
"643","TV382","TRAV38-2DV8"
"644","TRDV2","TRDV2"
"645","TRDV3","TRDV3"
"646","MED19","MED19"
"647","UH1BL","UHRF1BP1L"
"648","POTB3","POTEB3"
"649","IGLC7","IGLC7"
"650","SHOT1","SHTN1"
"651","A0N4X2","TRAJ40"
"652","A0N4X5","TRAJ34"
"653","A0N4Z3","TRAJ14"
"654","A0N4Z7","TRAJ10"
"655","A0N4Z8","TRAJ9"
"656","PLS5","PLSCR5"
"657","DHR12","DHRS12"
"658","SC5AA","SLC5A10"
"659","TM223","TMEM223"
"660","DAPL1","DAPL1"
"661","CIB4","CIB4"
"662","TLDC2","TLDC2"
"663","SHSA3","SHISA3"
"664","TMM82","TMEM82"
"665","FEZF1","FEZF1"
"666","A20A5","ANKRD20A5P"
"667","GXLT2","GXYLT2"
"668","T120B","TMEM120B"
"669","TMM72","TMEM72"
"670","CLRN2","CLRN2"
"671","CC50C","TMEM30CP"
"672","S66AL","SLC66A1L"
"673","LNP1","LNP1"
"674","RHG10","ARHGAP10"
"675","CC189","CCDC189"
"676","IRGM","IRGM"
"677","F170A","FAM170A"
"678","KR231","KRTAP23-1"
"679","ANO9","ANO9"
"680","S22AN","SLC22A23"
"681","BICL2","BICDL2"
"682","ODAM","ODAM"
"683","ARH37","ARHGEF37"
"684","F168B","FAM168B"
"685","PXDNL","PXDNL"
"686","MEX3A","MEX3A"
"687","HACL2","ILVBL"
"688","TSN11","TSPAN11"
"689","ERIC2","ERICH2"
"690","U2QL1","UBE2QL1"
"691","CT202","C20orf202"
"692","CA226","C1orf226"
"693","NDUF8","NDUFAF8"
"694","SYCE3","SYCE3"
"695","IGS23","IGSF23"
"696","PKHG3","PLEKHG3"
"697","ELOV7","ELOVL7"
"698","MT1DP","MT1DP"
"699","GG12C","GAGE12C"
"700","NTM2F","NUTM2F"
"701","PRS38","PRSS38"
"702","SRCRL","SSC5D"
"703","FSD2","FSD2"
"704","PL8L1","PLAC8L1"
"705","YK033","-"
"706","SPD2B","SH3PXD2B"
"707","FA92A","FAM92A"
"708","ZBT7C","ZBTB7C"
"709","MACD2","MACROD2"
"710","ZC12D","ZC3H12D"
"711","SRTM1","SERTM1"
"712","FRMD3","FRMD3"
"713","AN18B","ANKRD18B"
"714","MAGBG","MAGEB16"
"715","PTPC1","PTPDC1"
"716","TTC24","TTC24"
"717","PIPSL","PIPSL"
"718","BCLA3","BCLAF3"
"719","DYTN","DYTN"
"720","CCD78","CCDC78"
"721","KV229","IGKV2-29"
"722","HFM1","HFM1"
"723","ZN320","ZNF320"
"724","WDR27","WDR27"
"725","TM213","TMEM213"
"726","NBAS","NBAS"
"727","SYTC2","TARS3"
"728","HEAT9","HEATR9"
"729","TM218","TMEM218"
"730","TESP1","TESPA1"
"731","CI170","LINC02872"
"732","SMCO3","SMCO3"
"733","HYKK","HYKK"
"734","HMX2","HMX2"
"735","F234B","FAM234B"
"736","MEIOC","MEIOC"
"737","CCD66","CCDC66"
"738","TYW5","TYW5"
"739","XKRY2","XKRY2"
"740","MBPHL","MYBPHL"
"741","CQ102","C17orf102"
"742","C144A","CCDC144A"
"743","DEND3","DENND3"
"744","TMM89","TMEM89"
"745","COLL1","CLPSL1"
"746","DCD2B","DCDC2B"
"747","FUCM","FUOM"
"748","T131L","TMEM131L"
"749","SSPO","SSPOP"
"750","OR2M5","OR2M5"
"751","VWA8","VWA8"
"752","A3KN74","GPX6"
"753","SBNO1","SBNO1"
"754","PRA22","PRAMEF22"
"755","PRA27","PRAMEF27"
"756","LAMB4","LAMB4"
"757","CG066","C7orf66"
"758","SIM30","SMIM30"
"759","CPED1","CPED1"
"760","CG077","C7orf77"
"761","ISPD","CRPPA"
"762","F221A","FAM221A"
"763","GSAP","GSAP"
"764","Z804B","ZNF804B"
"765","GTPBA","GTPBP10"
"766","LRRD1","LRRD1"
"767","YG018","-"
"768","WDR91","WDR91"
"769","KLRG2","KLRG2"
"770","RAB19","RAB19"
"771","PRS37","PRSS37"
"772","DEN11","DENND11"
"773","GRIFN","GRIFIN"
"774","BLACE","BLACE"
"775","CC14C","CDC14C"
"776","SPT48","SPATA48"
"777","MBLC1","MBLAC1"
"778","PM2P1","PMS2P1"
"779","O2A25","OR2A25"
"780","CTGEF","CTAGE15"
"781","GRD2I","GRID2IP"
"782","MTMRB","MTMR11"
"783","CTGE9","CTAGE9"
"784","SH321","SH3D21"
"785","EFCB5","EFCAB5"
"786","EME2","EME2"
"787","S35F4","SLC35F4"
"788","CE049","C5orf49"
"789","CJ040","LINC01553"
"790","LRP5L","LRP5L"
"791","PI4P2","PI4KAP2"
"792","XIRP2","XIRP2"
"793","POTEF","POTEF"
"794","FITM1","FITM1"
"795","CL18A","CLEC18A"
"796","VP37C","VPS37C"
"797","CC151","CCDC151"
"798","CFA69","CFAP69"
"799","PSB11","PSMB11"
"800","PSD1","PSD"
"801","KRBA1","KRBA1"
"802","RGSL","RGSL1"
"803","AN34B","ANKRD34B"
"804","TM189","TMEM189"
"805","F149A","FAM149A"
"806","TPC13","TRAPPC13"
"807","5HT3E","HTR3E"
"808","CNOT1","CNOT1"
"809","ARG35","ARHGEF35"
"810","CRNS1","CARNS1"
"811","MEG11","MEGF11"
"812","CDHR4","CDHR4"
"813","BDP1","BDP1"
"814","F221B","FAM221B"
"815","YD286","C5orf63"
"816","DPPA5","DPPA5"
"817","T150B","TMEM150B"
"818","ANR62","ANKRD62"
"819","RAKDN","RBAKDN"
"820","GOG8I","GOLGA8IP"
"821","PINLY","PINLYP"
"822","F172B","FAM172BP"
"823","CC88B","CCDC88B"
"824","GOG8O","GOLGA8O"
"825","MP3B2","MAP1LC3B2"
"826","KLH33","KLHL33"
"827","MA13P","MAGEA13P"
"828","VWA3A","VWA3A"
"829","SIM16","LINC00862"
"830","CB078","C2orf78"
"831","CS071","C19orf71"
"832","TR43B","TRIM43B"
"833","GEMC1","GMNC"
"834","LRCL1","LRCOL1"
"835","AN33B","ANKRD33B"
"836","IQCAL","IQCA1L"
"837","KR87P","KRT87P"
"838","TEX52","TEX52"
"839","RN222","RNF222"
"840","NKX26","NKX2-6"
"841","CB072","C2orf72"
"842","O6C74","OR6C74"
"843","U17L3","USP17L3"
"844","U17L4","USP17L4"
"845","JUNO","IZUMO1R"
"846","FA83G","FAM83G"
"847","O14I1","OR14I1"
"848","ASPD","ASPDH"
"849","LRIT2","LRIT2"
"850","PALM3","PALM3"
"851","SYN1L","SYNDIG1L"
"852","RBY1B","RBMY1B"
"853","GG12H","GAGE12H"
"854","PGP","PGP"
"855","O5H15","OR5H15"
"856","TR49B","TRIM49B"
"857","GOG6C","GOLGA6C"
"858","MT21E","METTL21EP"
"859","O6C68","OR6C68"
"860","GOG6B","GOLGA6B"
"861","UBIML","-"
"862","MADL2","MYADML2"
"863","ME3L1","MEIS3P1"
"864","TBC3B","TBC1D3B"
"865","CE051","C5orf51"
"866","TMM8B","TMEM8B"
"867","YO011","-"
"868","ZN840","ZNF840P"
"869","EPAB2","PABPN1L"
"870","F90AA","FAM90A10P"
"871","MB3L4","MBD3L4"
"872","F186A","FAM186A"
"873","BTBDH","BTBD17"
"874","F90AI","FAM90A19P"
"875","WDR97","WDR97"
"876","MB3L3","MBD3L3"
"877","PSAL","NPEPPSL1"
"878","RCCD1","RCCD1"
"879","PLHD1","PLEKHD1"
"880","GG6L4","GOLGA6L4"
"881","TM247","TMEM247"
"882","ZNAS2","ZNF503-AS2"
"883","ARRD5","ARRDC5"
"884","SWAHB","SOWAHB"
"885","F86C2","FAM86C2P"
"886","GG6L9","GOLGA6L9"
"887","CX065","CXorf65"
"888","RBY1E","RBMY1E"
"889","F181B","FAM181B"
"890","TBC3F","TBC1D3F"
"891","GG12J","GAGE12J"
"892","MRO2A","MROH2A"
"893","OR5K3","OR5K3"
"894","PR23A","PRR23A"
"895","F90AG","FAM90A17P"
"896","GG6L3","GOLGA6L3"
"897","PRXD1","PRORSD1P"
"898","P121B","POM121B"
"899","ANTRL","ANTXRL"
"900","CC182","CCDC182"
"901","NUPR2","NUPR2"
"902","OR6C6","OR6C6"
"903","F205C","FAM205C"
"904","TIKI2","TRABD2B"
"905","TM235","TMEM235"
"906","OR2W5","OR2W5"
"907","HELT","HELT"
"908","SMCO2","SMCO2"
"909","EFC10","EFCAB10"
"910","NP1L6","NAP1L6P"
"911","FBP12","FABP12"
"912","ZN316","ZNF316"
"913","GRCR2","GRXCR2"
"914","RFOX3","RBFOX3"
"915","ANKUB","ANKUB1"
"916","TCAF2","TCAF2"
"917","DPRX","DPRX"
"918","CE060","C5orf60"
"919","CFA73","CFAP73"
"920","F187A","FAM187A"
"921","PGPIL","PGPEP1L"
"922","MFS2B","MFSD2B"
"923","NEMP2","NEMP2"
"924","SDHF1","SDHAF1"
"925","FA24A","FAM24A"
"926","MGT4D","MGAT4D"
"927","TM202","TMEM202"
"928","T191C","TMEM191C"
"929","TM221","TMEM221"
"930","WIPF3","WIPF3"
"931","TLCD2","TLCD2"
"932","ZSA5C","ZSCAN5C"
"933","DC8L1","DCAF8L1"
"934","URAD","URAD"
"935","CI092","C9orf92"
"936","PCARE","PCARE"
"937","CC160","CCDC160"
"938","ANR61","ANKRD61"
"939","TRI64","TRIM64"
"940","GAG10","GAGE10"
"941","PRA25","PRAMEF25"
"942","IGLO5","IGLON5"
"943","OOEP","OOEP"
"944","MROH6","MROH6"
"945","ERIC4","ERICH4"
"946","GGT3","GGT3P"
"947","CX028","LINC01546"
"948","STRCL","STRCP1"
"949","FRG2C","FRG2C"
"950","CE052","C5orf52"
"951","O51F1","OR51F1"
"952","SMIM9","SMIM9"
"953","OR2T8","OR2T8"
"954","GLTD2","GLTPD2"
"955","DAS1","DNAJC9-AS1"
"956","SERC4","SERINC4"
"957","TV23A","TVP23A"
"958","ARL5C","ARL5C"
"959","O4C46","OR4C46"
"960","CAN8","CAPN8"
"961","DDTL","DDTL"
"962","O5H14","OR5H14"
"963","ZN860","ZNF860"
"964","TBAL3","TUBAL3"
"965","MOXD2","MOXD2P"
"966","OTOL1","OTOL1"
"967","NPB15","NPIPB15"
"968","SPE2B","SPDYE2B"
"969","FBLL1","FBLL1"
"970","EPOP","EPOP"
"971","FA47D","FAM47DP"
"972","SMHD1","SMCHD1"
"973","YK042","-"
"974","MANS4","MANSC4"
"975","HMX3","HMX3"
"976","CAST2","CASTOR2"
"977","AKD1B","ANKDD1B"
"978","CI118","C9orf118"
"979","LR14B","LRRC14B"
"980","TR64B","TRIM64B"
"981","MSGN1","MSGN1"
"982","RHG42","ARHGAP42"
"983","POTEM","POTEM"
"984","CC154","CCDC154"
"985","MYMK","MYMK"
"986","NCF1B","NCF1B"
"987","LIRA5","LILRA5"
"988","CCD69","CCDC69"
"989","GG6LA","GOLGA6L10"
"990","CBY3","CBY3"
"991","RN3P2","RRN3P2"
"992","PRS29","PRSS29P"
"993","U119B","UNC119B"
"994","F90AK","FAM90A20P"
"995","O6C70","OR6C70"
"996","LR10B","LRRC10B"
"997","CRAS1","CRYM-AS1"
"998","S15A5","SLC15A5"
"999","RN227","RNF227"
"1000","AGAP5","AGAP5"
"1001","CU037","LINC01549"
"1002","LRIQ4","LRRIQ4"
"1003","WTIP","WTIP"
"1004","SPDE5","SPDYE5"
"1005","RP1BL","-"
"1006","MB3L5","MBD3L5"
"1007","NKX63","NKX6-3"
"1008","NPIB2","NPIPB2"
"1009","IGIP","IGIP"
"1010","MET15","METTL15"
"1011","SGE2P","SAGE2P"
"1012","PRR19","PRR19"
"1013","SWAHD","SOWAHD"
"1014","ARGFX","ARGFX"
"1015","CK086","C11orf86"
"1016","LRC72","LRRC72"
"1017","CS067","C19orf67"
"1018","ZSA5B","ZSCAN5B"
"1019","F90A8","FAM90A8P"
"1020","SPDL3","-"
"1021","UNC4","UNCX"
"1022","NPB13","NPIPB13"
"1023","F166C","FAM166C"
"1024","LRR3C","LRRC3C"
"1025","CD8B2","CD8B2"
"1026","SL9P1","SLC9B1P1"
"1027","YQ041","-"
"1028","O6C65","OR6C65"
"1029","RIM3C","RIMBP3C"
"1030","TRI75","TRIM75P"
"1031","IRG1","ACOD1"
"1032","GLOD5","GLOD5"
"1033","ZN233","ZNF233"
"1034","LIPT2","LIPT2"
"1035","ASB14","ASB14"
"1036","ZNF98","ZNF98"
"1037","RASFA","RASSF10"
"1038","S22AK","SLC22A20P"
"1039","PCX2","PCNX2"
"1040","F90A7","FAM90A7P"
"1041","SH2D7","SH2D7"
"1042","TSPY2","TSPY2"
"1043","CC85C","CCDC85C"
"1044","SAC31","SAC3D1"
"1045","ARI3C","ARID3C"
"1046","TM88B","TMEM88B"
"1047","RTL1","RTL1"
"1048","RL37L","RPL37AP8"
"1049","OR5H1","OR5H1"
"1050","T200C","TMEM200C"
"1051","PC4L1","PCP4L1"
"1052","D42E2","SDR42E2"
"1053","CGB1","CGB1"
"1054","RGPD3","RGPD3"
"1055","SPDE3","SPDYE3"
"1056","SHL2B","SHISAL2B"
"1057","F223B","FAM223B"
"1058","S22AV","SLC22A31"
"1059","F74A7","FAM74A7"
"1060","O6C75","OR6C75"
"1061","OR5BL","OR5B21"
"1062","YF016","-"
"1063","F183A","FAM183A"
"1064","SHSA7","SHISA7"
"1065","AQP73","AQP7P3"
"1066","CC070","C3orf70"
"1067","YE016","-"
"1068","SIM23","SMIM23"
"1069","ELB3D","ELOA3D"
"1070","TR64C","TRIM64C"
"1071","C2C4B","C2CD4B"
"1072","TTC36","TTC36"
"1073","RFPLA","RFPL4A"
"1074","VTM2B","VSTM2B"
"1075","DUXA","DUXA"
"1076","SPDE4","SPDYE4"
"1077","TM210","TMEM210"
"1078","O2AG2","OR2AG2"
"1079","AQ12B","AQP12B"
"1080","L37A2","LRRC37A2"
"1081","ZFP92","ZFP92"
"1082","LRC30","LRRC30"
"1083","TCPQL","CCT8L1P"
"1084","CLD24","CLDN24"
"1085","LRC53","LRRC53"
"1086","CU054","LINC01548"
"1087","O6C76","OR6C76"
"1088","TR5OS","TRPC5OS"
"1089","SIG16","SIGLEC16"
"1090","FIGL2","FIGNL2"
"1091","IFM10","IFITM10"
"1092","GOG8J","GOLGA8J"
"1093","CPS4L","CPSF4L"
"1094","INY2B","INSYN2B"
"1095","TM212","TMEM212"
"1096","F170B","FAM170B"
"1097","OR5K4","OR5K4"
"1098","L37A1","LRRC37A"
"1099","DBX1","DBX1"
"1100","O52A4","OR52A4P"
"1101","I4E1B","EIF4E1B"
"1102","AXA2L","ANXA2P2"
"1103","SNTAN","SNTN"
"1104","O4C45","OR4C45"
"1105","CO6A6","COL6A6"
"1106","U633A","-"
"1107","ZN729","ZNF729"
"1108","GOG8C","GOLGA8CP"
"1109","CB081","C2orf81"
"1110","CXE1","GJE1"
"1111","SRRM3","SRRM3"
"1112","DRGX","DRGX"
"1113","IFM5","IFITM5"
"1114","P12LL","-"
"1115","O2AT4","OR2AT4"
"1116","MARHB","MARCHF11"
"1117","ZN726","ZNF726"
"1118","F90AR","FAM90A27P"
"1119","F90A9","FAM90A9P"
"1120","NTM2B","NUTM2B"
"1121","CO061","C15orf61"
"1122","RIM3B","RIMBP3B"
"1123","TTL13","TTLL13P"
"1124","S38A8","SLC38A8"
"1125","CC169","CCDC169"
"1126","DRS7C","DHRS7C"
"1127","CP096","C16orf96"
"1128","SPD16","SPDYE16"
"1129","ENO4","ENO4"
"1130","RIAD1","RIIAD1"
"1131","UBP27","USP27X"
"1132","TBB8B","TUBB8B"
"1133","ZN716","ZNF716"
"1134","ZAR1L","ZAR1L"
"1135","TTLL8","TTLL8"
"1136","NCB2L","NCBP2L"
"1137","KNCN","KNCN"
"1138","LRIQ3","LRRIQ3"
"1139","F177B","FAM177B"
"1140","BTBDB","BTBD11"
"1141","AN36A","ANKRD36"
"1142","YJEN3","YJEFN3"
"1143","GOG8A","GOLGA8A"
"1144","A30BL","ANKRD30BL"
"1145","CD047","C4orf47"
"1146","ZSWM8","ZSWIM8"
"1147","MYH7B","MYH7B"
"1148","RHG32","ARHGAP32"
"1149","DISP2","DISP2"
"1150","TBKB1","TBKBP1"
"1151","SRRM4","SRRM4"
"1152","SOBP","SOBP"
"1153","P121C","POM121C"
"1154","CF176","LINC00473"
"1155","ZN839","ZNF839"
"1156","ME3L2","MEIS3P2"
"1157","WASH1","WASHC1"
"1158","A2ML1","A2ML1"
"1159","CLM7","CD300LB"
"1160","ZN815","ZNF815P"
"1161","CO062","C15orf62"
"1162","CLCA1","CLCA1"
"1163","COLC2","COLCA2"
"1164","EFCB7","EFCAB7"
"1165","SFI1","SFI1"
"1166","ZN785","ZNF785"
"1167","ERI2","ERI2"
"1168","D11L8","DDX11L8"
"1169","YDJC","YDJC"
"1170","PP2D1","PP2D1"
"1171","GBRR3","GABRR3"
"1172","CRTP1","CYSRT1"
"1173","PM2P5","PMS2P5"
"1174","ZN850","ZNF850"
"1175","NEU1B","NEURL1B"
"1176","CQ051","LINC02693"
"1177","GOG8B","GOLGA8B"
"1178","NPIB5","NPIPB5"
"1179","LYRM9","LYRM9"
"1180","RHN2P","RHPN2P1"
"1181","SYC1L","SYCE1L"
"1182","ZN891","ZNF891"
"1183","YU005","-"
"1184","CENPX","CENPX"
"1185","ZBBX","ZBBX"
"1186","F166B","FAM166B"
"1187","CEA18","CEACAM18"
"1188","PRS47","PRSS47"
"1189","GNAT3","GNAT3"
"1190","FOXI3","FOXI3"
"1191","IQCF5","IQCF5"
"1192","R212B","RNF212B"
"1193","HMSD","HMSD"
"1194","NOTO","NOTO"
"1195","CEBOS","CEBPZOS"
"1196","YB043","-"
"1197","ZN724","ZNF724"
"1198","KRA97","KRTAP9-7"
"1199","BBIP1","BBIP1"
"1200","CL071","C12orf71"
"1201","YQ047","-"
"1202","SMTL1","SMTNL1"
"1203","YP034","-"
"1204","CQ100","C17orf100"
"1205","YB057","-"
"1206","PDZ1P","PDZK1P1"
"1207","YA034","-"
"1208","U17L5","USP17L5"
"1209","ADAS1","ADARB2-AS1"
"1210","LEG16","LGALS16"
"1211","YQ048","-"
"1212","CSKMT","CSKMT"
"1213","GS1L2","GSG1L2"
"1214","FB5L3","FABP5P3"
"1215","YV023","-"
"1216","ZN727","ZNF727"
"1217","KR161","KRTAP16-1"
"1218","Z705G","ZNF705G"
"1219","SERP3","SERPINE3"
"1220","CQ098","C17orf98"
"1221","MPTX","MPTX1"
"1222","VGLL3","VGLL3"
"1223","YH009","-"
"1224","HIG1C","HIGD1C"
"1225","KRA96","KRTAP9-6"
"1226","HPF1L","-"
"1227","YD021","-"
"1228","Z705F","ZNF705F"
"1229","HIDE1","HIDE1"
"1230","NCF1C","NCF1C"
"1231","F1712","FAM171A2"
"1232","HECA2","HEPACAM2"
"1233","ARG33","ARHGEF33"
"1234","BTNLA","BTNL10"
"1235","P20L1","PHF20L1"
"1236","BECN2","BECN2"
"1237","MEI4","MEI4"
"1238","Z705E","ZNF705E"
"1239","F90AM","FAM90A22P"
"1240","RUXGL","SNRPGP15"
"1241","EFCB8","EFCAB8"
"1242","FS2P1","FADS2B"
"1243","SNG2L","-"
"1244","TM14D","TMEM14DP"
"1245","YU008","-"
"1246","YQ019","-"
"1247","SM34A","SMIM34A"
"1248","WASH4","WASH4P"
"1249","ELAP2","ELAPOR2"
"1250","F90AC","FAM90A12P"
"1251","KR291","KRTAP29-1"
"1252","CAN14","CAPN14"
"1253","YM017","-"
"1254","GRCR1","GRXCR1"
"1255","YI036","-"
"1256","F90A5","FAM90A5P"
"1257","VSTM5","VSTM5"
"1258","YQ018","-"
"1259","YH010","-"
"1260","MAGBH","MAGEB17"
"1261","DB108","DEFB108C"
"1262","NUD19","NUDT19"
"1263","CD15L","CDRT15L2"
"1264","ZNF99","ZNF99"
"1265","F90AN","FAM90A23P"
"1266","KRA91","KRTAP9-1"
"1267","BLML","LACTBL1"
"1268","CX049","CXorf49"
"1269","TMC5B","TMCO5B"
"1270","TTC34","TTC34"
"1271","ODF3B","ODF3B"
"1272","KCNU1","KCNU1"
"1273","DCD2C","DCDC2C"
"1274","FM25E","FAM25E"
"1275","MIY4B","MINDY4B"
"1276","IQCF6","IQCF6"
"1277","FOXO6","FOXO6"
"1278","YQ037","-"
"1279","EFCB9","EFCAB9"
"1280","EVPLL","EVPLL"
"1281","LEUTX","LEUTX"
"1282","CB074","C2orf74"
"1283","GG6L6","GOLGA6L6"
"1284","PRR33","PRR33"
"1285","CP090","C16orf90"
"1286","OOSP1","OOSP1"
"1287","CO6A5","COL6A5"
"1288","IMA8","KPNA7"
"1289","MI4GD","MIF4GD"
"1290","AHRR","AHRR"
"1291","FR1L4","FER1L4"
"1292","UPK3L","UPK3BL1"
"1293","MYO1G","MYO1G"
"1294","HACD1","HACD1"
"1295","CA196","C1orf196"
"1296","FHAD1","FHAD1"
"1297","ESPN","ESPN"
"1298","SNUFL","SNURFL"
"1299","ISM1","ISM1"
"1300","NTM2E","NUTM2E"
"1301","F155A","FAM155A"
"1302","CI107","LINC00587"
"1303","IBADT","IBA57-DT"
"1304","WDR64","WDR64"
"1305","F220P","FAM220BP"
"1306","ZN487","ZNF487"
"1307","PRR32","PRR32"
"1308","KILIN","KLLN"
"1309","MRUPP","-"
"1310","R10B2","RSPH10B2"
"1311","CENP1","CENPBD1"
"1312","O11HC","OR11H12"
"1313","C1T9B","C1QTNF9B"
"1314","HGB1A","HMGB1P1"
"1315","MYO9A","MYO9A"
"1316","POTEC","POTEC"
"1317","VWC2L","VWC2L"
"1318","SMIM1","SMIM1"
"1319","CF97D","CFAP97D1"
"1320","T229A","TMEM229A"
"1321","ZBT42","ZBTB42"
"1322","KDM4E","KDM4E"
"1323","BTBDI","BTBD18"
"1324","HNRC2","HNRNPCL2"
"1325","EP2A2","EPM2A"
"1326","FM25A","FAM25A"
"1327","FM25C","FAM25C"
"1328","FM25G","FAM25G"
"1329","PATE3","PATE3"
"1330","B3KNS4","ERVK3-1"
"1331","SRRM5","SRRM5"
"1332","IQIP1","IQCJ-SCHIP1"
"1333","TM114","TMEM114"
"1334","NBPFP","NBPF26"
"1335","TM233","TMEM233"
"1336","SHSA9","SHISA9"
"1337","ZN879","ZNF879"
"1338","ZN736","ZNF736"
"1339","ZN732","ZNF732"
"1340","S31C2","SPATA31C2"
"1341","T11X1","TCP11X1"
"1342","ANR66","ANKRD66"
"1343","S14L6","SEC14L6"
"1344","TDR15","TDRD15"
"1345","GGTL3","GGTLC3"
"1346","EIFCL","EIF3CL"
"1347","TARM1","TARM1"
"1348","ERVV1","ERVV-1"
"1349","ERVV2","ERVV-2"
"1350","KCJ18","KCNJ18"
"1351","C2D4D","C2CD4D"
"1352","CJ142","LINC02881"
"1353","B7Z3J9","LOC730098"
"1354","ZN814","ZNF814"
"1355","TRDC","TRDC"
"1356","GPHRA","GPR89A"
"1357","PP13G","PPP1R3G"
"1358","KIF28","KIF28P"
"1359","B7ZLF3","LOC402624"
"1360","HNRC3","HNRNPCL3"
"1361","SHSA8","SHISA8"
"1362","F243A","FAM243A"
"1363","IGLL5","IGLL5"
"1364","TBC3L","TBC1D3L"
"1365","T150C","TMEM150C"
"1366","TCP2L","TCP10L2"
"1367","WASH3","WASH3P"
"1368","AJM1","AJM1"
"1369","TR49D","TRIM49D2"
"1370","AG1L2","ALG1L2"
"1371","U17LF","USP17L15"
"1372","CD051","C4orf51"
"1373","CE058","C5orf58"
"1374","TEX22","TEX22"
"1375","CV046","C22orf46"
"1376","CS081","C19orf81"
"1377","RAS4B","RASA4B"
"1378","UMAD1","UMAD1"
"1379","C9JA33","PALM2AKAP2"
"1380","KRBX1","KRBOX1"
"1381","F157A","FAM157A"
"1382","HSBPL","HSBP1L1"
"1383","CLD25","CLDN25"
"1384","CL097","C12orf77"
"1385","PATL2","PATL2"
"1386","PHGR1","PHGR1"
"1387","NPIB4","NPIPB4"
"1388","PRRT4","PRRT4"
"1389","TM238","TMEM238"
"1390","BTBDJ","BTBD19"
"1391","U17LA","USP17L10"
"1392","HHLA1","HHLA1"
"1393","U17LD","USP17L13"
"1394","CK095","C11orf95"
"1395","MCRI1","MCRIP1"
"1396","ZN878","ZNF878"
"1397","UL17C","USP17L12"
"1398","TM232","TMEM232"
"1399","DSA2D","-"
"1400","KBTBD","KBTBD13"
"1401","AK1BF","AKR1B15"
"1402","BHMG1","BHMG1"
"1403","ANR63","ANKRD63"
"1404","C9JUA4","ZZZ3"
"1405","ADM5","ADM5"
"1406","U17LB","USP17L11"
"1407","INAM1","INAFM1"
"1408","CK094","C11orf94"
"1409","C9JY79","SPTBN4"
"1410","PRAC2","PRAC2"
"1411","KLRF2","KLRF2"
"1412","U17LL","USP17L21"
"1413","U17LI","USP17L18"
"1414","U17LM","USP17L22"
"1415","U17LN","USP17L23"
"1416","U17LH","USP17L17"
"1417","U17LJ","USP17L19"
"1418","CFA99","CFAP99"
"1419","GOG8K","GOLGA8K"
"1420","MCIN","MCIDAS"
"1421","F90AP","FAM90A26"
"1422","CD054","C4orf54"
"1423","U17LK","USP17L20"
"1424","STMP1","STMP1"
"1425","MUC22","MUC22"
"1426","PBMU2","HCG22"
"1427","PRS46","PRSS46P"
"1428","NPB11","NPIPB11"
"1429","UPKL2","UPK3BL2"
"1430","CH087","C8orf87"
"1431","ANR65","ANKRD65"
"1432","FONG","FTCDNL1"
"1433","E7EQD3","ZNF304"
"1434","RN223","RNF223"
"1435","E7ETG2","ERN2"
"1436","Z587B","ZNF587B"
"1437","PP5D1","PPP5D1"
"1438","PROB1","PROB1"
"1439","NACAM","NACA"
"1440","PTG3L","PTGES3L"
"1441","ANHX","ANHX"
"1442","P23D1","PRR23D1"
"1443","NPIA2","NPIPA2"
"1444","NPIB6","NPIPB6"
"1445","NPIA7","NPIPA7"
"1446","NPIA5","NPIPA5"
"1447","E9PM26","MS4A7"
"1448","E9PPE9","ZBTB3"
"1449","E9PQ18","ENSG00000254469"
"1450","NDUCR","NDUFC2-KCTD14"
"1451","NPIB8","NPIPB8"
"1452","TM262","TMEM262"
"1453","CK098","C11orf98"
"1454","FND10","FNDC10"
"1455","LMO7D","LMO7DN"
"1456","CE067","C5orf67"
"1457","CQ112","LINC02876"
"1458","UBA1L","UBAP1L"
"1459","PAL4D","PPIAL4D"
"1460","CC080","C3orf80"
"1461","F227A","FAM227A"
"1462","F5H658","DHX8"
"1463","F5H8H3","STARD10"
"1464","RFAL1","RFPL4AL1"
"1465","NPIB9","NPIPB9"
"1466","GOG8N","GOLGA8N"
"1467","INSR2","INS-IGF2"
"1468","NPIA3","NPIPA3"
"1469","SUMO5","SUMO1P1"
"1470","SO1B7","SLCO1B7"
"1471","CL079","LINC01619"
"1472","G3V3W5","OR4N2"
"1473","G3V4A9","SPATA7"
"1474","G5E9R7","KRTAP4-16"
"1475","CNIPF","CNK3/IPCEF1"
"1476","TSTD3","TSTD3"
"1477","FA72C","FAM72C"
"1478","PRA26","PRAMEF26"
"1479","H0YD45","MS4A6E"
"1480","GG6LS","GOLGA6L19"
"1481","U2Q2L","UBE2Q2L"
"1482","TM250","TMEM250"
"1483","GG6LV","GOLGA6L22"
"1484","SMKR1","SMKR1"
"1485","CP097","C16orf97"
"1486","CC084","C3orf84"
"1487","ARMD2","ARMH2"
"1488","GOG8S","GOLGA8S"
"1489","MKROS","MKRN2OS"
"1490","STMD1","STMND1"
"1491","LY6L","LY6L"
"1492","GOG8T","GOLGA8T"
"1493","F229A","FAM229A"
"1494","SMLR1","SMLR1"
"1495","CO065","C15orf65"
"1496","T178B","TMEM178B"
"1497","GOG8M","GOLGA8M"
"1498","H3BT78","ULK3"
"1499","TEX46","TEX46"
"1500","CC179","CCDC179"
"1501","POTB2","POTEB2"
"1502","GOG8Q","GOLGA8Q"
"1503","TGR3L","TGFBR3L"
"1504","CRCC2","CROCC2"
"1505","CLD34","CLDN34"
"1506","CC188","CCDC188"
"1507","PANO1","PANO1"
"1508","TRI77","TRIM77"
"1509","PYAS1","PYCARD-AS1"
"1510","CS084","C19orf84"
"1511","GFY","GFY"
"1512","CCER2","CCER2"
"1513","GOG8R","GOLGA8R"
"1514","CR064","LINC01387"
"1515","J3QSC9","PLEKHG4"
"1516","CS082","ZNF561-AS1"
"1517","SIM22","SMIM22"
"1518","K7EM85","ARHGAP45"
"1519","K7ENC8","ZNF225"
"1520","IFNL4","IFNL4"
"1521","ASURF","ASDURF"
"1522","RN225","RNF225"
"1523","M0QZD8","LOC400499"
"1524","M0R1T3","KLK2"
"1525","DCDC1","DCDC1"
"1526","M0R2X0","ZNF256"
"1527","SUPYN","ERVH48-1"
"1528","OVOL3","OVOL3"
"1529","DNS2A","DNASE2"
"1530","ADAS","AGPS"
"1531","UBXN8","UBXN8"
"1532","KIF2A","KIF2A"
"1533","SGK1","SGK1"
"1534","KITM","TK2"
"1535","FZD9","FZD9"
"1536","DX39A","DDX39A"
"1537","PDLI1","PDLIM1"
"1538","BACH","ACOT7"
"1539","GPR25","GPR25"
"1540","MYO1C","MYO1C"
"1541","MYO1F","MYO1F"
"1542","SNP23","SNAP23"
"1543","HAX1","HAX1"
"1544","EYA2","EYA2"
"1545","PLM","FXYD1"
"1546","AIP","AIP"
"1547","CCL24","CCL24"
"1548","GTPB1","GTPBP1"
"1549","KCNK1","KCNK1"
"1550","LEG9","LGALS9"
"1551","STXB3","STXBP3"
"1552","MASP2","MASP2"
"1553","AP4M1","AP4M1"
"1554","ARVC","ARVCF"
"1555","SMAP","SMAP"
"1556","RB27B","RAB27B"
"1557","HRK","HRK"
"1558","AP3B1","AP3B1"
"1559","ST2B1","SULT2B1"
"1560","TLR4","TLR4"
"1561","RHOD","RHOD"
"1562","APBB1","APBB1"
"1563","LEG8","LGALS8"
"1564","NDUS8","NDUFS8"
"1565","HYAS3","HAS3"
"1566","TR10A","TNFRSF10A"
"1567","IKBE","NFKBIE"
"1568","GRM8","GRM8"
"1569","CORT","CORT"
"1570","PSD11","PSMD11"
"1571","PSD12","PSMD12"
"1572","PSMD9","PSMD9"
"1573","RN103","RNF103"
"1574","BMR1B","BMPR1B"
"1575","SIRB1","SIRPB1"
"1576","ATOX1","ATOX1"
"1577","AGRP","AGRP"
"1578","PAR3","F2RL2"
"1579","MEN1","MEN1"
"1580","CBX4","CBX4"
"1581","GET1","GET1"
"1582","PGRC1","PGRMC1"
"1583","SPT5H","SUPT5H"
"1584","TAF4","TAF4"
"1585","GPR31","GPR31"
"1586","DFFA","DFFA"
"1587","RFXAP","RFXAP"
"1588","HIP1","HIP1"
"1589","LFTY2","LEFTY2"
"1590","TULP1","TULP1"
"1591","TULP2","TULP2"
"1592","CLIC1","CLIC1"
"1593","TR11B","TNFRSF11B"
"1594","EIF3F","EIF3F"
"1595","CACB4","CACNB4"
"1596","WWP2","WWP2"
"1597","CDC7","CDC7"
"1598","ETV2","ETV2"
"1599","UPK1A","UPK1A"
"1600","BMAL1","ARNTL"
"1601","PK3CD","PIK3CD"
"1602","ODPX","PDHX"
"1603","S28A1","SLC28A1"
"1604","ST1C2","SULT1C2"
"1605","MATN2","MATN2"
"1606","EAA5","SLC1A7"
"1607","FOXE1","FOXE1"
"1608","LORF2","-"
"1609","QSOX1","QSOX1"
"1610","P2Y10","P2RY10"
"1611","DCTN6","DCTN6"
"1612","ACATN","SLC33A1"
"1613","WASL","WASL"
"1614","PDE2A","PDE2A"
"1615","FOXN3","FOXN3"
"1616","IPO5","IPO5"
"1617","RPOM","POLRMT"
"1618","EF2K","EEF2K"
"1619","CCRL2","CCRL2"
"1620","SAP18","SAP18"
"1621","EMAL1","EML1"
"1622","IF2B3","IGF2BP3"
"1623","DNM1L","DNM1L"
"1624","RTCA","RTCA"
"1625","P3C2A","PIK3C2A"
"1626","PLK4","PLK4"
"1627","SYT5","SYT5"
"1628","GFRA2","GFRA2"
"1629","LST1","LST1"
"1630","IFRD1","IFRD1"
"1631","P85B","PIK3R2"
"1632","GOLI4","GOLIM4"
"1633","MANBA","MANBA"
"1634","TRAF5","TRAF5"
"1635","AGRIN","AGRN"
"1636","PLOD2","PLOD2"
"1637","MEIS1","MEIS1"
"1638","EXOC5","EXOC5"
"1639","ELL2","ELL2"
"1640","NPT4","SLC17A3"
"1641","BT3A3","BTN3A3"
"1642","HMGN4","HMGN4"
"1643","BT3A1","BTN3A1"
"1644","NR5A2","NR5A2"
"1645","NDUA4","NDUFA4"
"1646","PSDE","PSMD14"
"1647","ZN593","ZNF593"
"1648","BIN1","BIN1"
"1649","CLD5","CLDN5"
"1650","IMA4","KPNA3"
"1651","STK25","STK25"
"1652","USP9Y","USP9Y"
"1653","BCL9","BCL9"
"1654","LAD1","LAD1"
"1655","FAAH1","FAAH"
"1656","KRIT1","KRIT1"
"1657","UPK2","UPK2"
"1658","NCHL1","CHL1"
"1659","VMA5A","VWA5A"
"1660","PESC","PES1"
"1661","DLL1","DLL1"
"1662","CAC1A","CACNA1A"
"1663","RCAS1","EBAG9"
"1664","SDCB1","SDCBP"
"1665","PITM1","PITPNM1"
"1666","MPP10","MPHOSPH10"
"1667","NOP56","NOP56"
"1668","SOX1","SOX1"
"1669","DDX3X","DDX3X"
"1670","CXCR6","CXCR6"
"1671","RNT2","RNASET2"
"1672","CCL21","CCL21"
"1673","MFNG","MFNG"
"1674","ACKR2","ACKR2"
"1675","GBRP","GABRP"
"1676","PODXL","PODXL"
"1677","FCN1","FCN1"
"1678","CCN1","CCN1"
"1679","PEX12","PEX12"
"1680","NPT3","SLC17A2"
"1681","PIR","PIR"
"1682","CCL22","CCL22"
"1683","PEX7","PEX7"
"1684","IMA3","KPNA4"
"1685","SARCO","SLN"
"1686","NET3","NTN3"
"1687","TRI38","TRIM38"
"1688","NFIB","NFIB"
"1689","E2F3","E2F3"
"1690","PPP6","PPP6C"
"1691","WN10B","WNT10B"
"1692","NDKM","NME4"
"1693","EST2","CES2"
"1694","P3C2B","PIK3C2B"
"1695","MA2B1","MAN2B1"
"1696","WNT7A","WNT7A"
"1697","F16P2","FBP2"
"1698","UBE2C","UBE2C"
"1699","ACACB","ACACB"
"1700","PDXK","PDXK"
"1701","ACOD","SCD"
"1702","DLGP1","DLGAP1"
"1703","SH2B2","SH2B2"
"1704","CLD4","CLDN4"
"1705","PLPP1","PLPP1"
"1706","PLPP3","PLPP3"
"1707","ARI1A","ARID1A"
"1708","ISLR","ISLR"
"1709","BHE40","BHLHE40"
"1710","SOCS2","SOCS2"
"1711","NRG2","NRG2"
"1712","SOCS7","SOCS7"
"1713","NCKP5","NCKAP5"
"1714","AGRB1","ADGRB1"
"1715","CDKA1","CDK2AP1"
"1716","AQP7","AQP7"
"1717","DHSD","SDHD"
"1718","PTPRT","PTPRT"
"1719","C2C2L","C2CD2L"
"1720","NEMP1","NEMP1"
"1721","ASTN1","ASTN1"
"1722","FCHO1","FCHO1"
"1723","CUX2","CUX2"
"1724","TXND9","TXNDC9"
"1725","DPYL4","DPYSL4"
"1726","SOCS3","SOCS3"
"1727","SOCS6","SOCS6"
"1728","TRAD1","TRAFD1"
"1729","COX7R","COX7A2L"
"1730","G3PT","GAPDHS"
"1731","HSPB6","HSPB6"
"1732","RHG33","ARHGAP33"
"1733","ACPM","NDUFAB1"
"1734","UBFD1","UBFD1"
"1735","C56D2","CYB561D2"
"1736","DC1I1","DYNC1I1"
"1737","CTRO","CIT"
"1738","COPE","COPE"
"1739","OR7AH","OR7A17"
"1740","RFXK","RFXANK"
"1741","NCAN","NCAN"
"1742","CTDS2","CTDSP2"
"1743","VCY1","VCY"
"1744","VCY2","BPY2"
"1745","IF1AY","EIF1AY"
"1746","PRY","PRYP4"
"1747","TYB4Y","TMSB4Y"
"1748","UTY","UTY"
"1749","XKRY","XKRY"
"1750","GBGT2","GNGT2"
"1751","BORG1","CDC42EP2"
"1752","AP3D1","AP3D1"
"1753","CCS","CCS"
"1754","CXL11","CXCL11"
"1755","GP171","GPR171"
"1756","CDX4","CDX4"
"1757","ZN195","ZNF195"
"1758","LCE2B","LCE2B"
"1759","ENPP3","ENPP3"
"1760","ABLM1","ABLIM1"
"1761","DVL1","DVL1"
"1762","DVL2","DVL2"
"1763","IDLC","DNALI1"
"1764","CHD1","CHD1"
"1765","CHD2","CHD2"
"1766","KCNK3","KCNK3"
"1767","GOSR2","GOSR2"
"1768","IRS4","IRS4"
"1769","TOR1A","TOR1A"
"1770","TOR1B","TOR1B"
"1771","STX16","STX16"
"1772","TMG1","PRRG1"
"1773","TMG2","PRRG2"
"1774","ADA10","ADAM10"
"1775","ABCD4","ABCD4"
"1776","EI24","EI24"
"1777","ENC1","ENC1"
"1778","P5I11","TP53I11"
"1779","PTGES","PTGES"
"1780","KMT2D","KMT2D"
"1781","ZN197","ZNF197"
"1782","ITBP1","ITGB1BP1"
"1783","RGPD8","RGPD8"
"1784","TRDMT","TRDMT1"
"1785","OPSX","RRH"
"1786","APAF","APAF1"
"1787","RIOK3","RIOK3"
"1788","IMPA2","IMPA2"
"1789","MP2K7","MAP2K7"
"1790","ACOT8","ACOT8"
"1791","CDIPT","CDIPT"
"1792","PDCD5","PDCD5"
"1793","ANM5","PRMT5"
"1794","NHRF1","SLC9A3R1"
"1795","TERT","TERT"
"1796","OVOL1","OVOL1"
"1797","H17B6","HSD17B6"
"1798","CHK1","CHEK1"
"1799","TR10B","TNFRSF10B"
"1800","GBRD","GABRD"
"1801","MEIS2","MEIS2"
"1802","ZN213","ZNF213"
"1803","FPGT","FPGT"
"1804","TPP1","TPP1"
"1805","GNB5","GNB5"
"1806","TCRG1","TCERG1"
"1807","NDC80","NDC80"
"1808","KIF3C","KIF3C"
"1809","NRP1","NRP1"
"1810","TNPO2","TNPO2"
"1811","TNF11","TNFSF11"
"1812","APOL1","APOL1"
"1813","HS3S1","HS3ST1"
"1814","GDF8","MSTN"
"1815","UN13B","UNC13B"
"1816","SH21B","SH2D1B"
"1817","TR10C","TNFRSF10C"
"1818","RPC1","POLR3A"
"1819","TAAR5","TAAR5"
"1820","RASM","MRAS"
"1821","CPLX1","CPLX1"
"1822","PHX2A","PHOX2A"
"1823","CAN9","CAPN9"
"1824","TSN4","TSPAN4"
"1825","PSA7","PSMA7"
"1826","RGRF2","RASGRF2"
"1827","SCAM3","SCAMP3"
"1828","PPE1","PPEF1"
"1829","PPE2","PPEF2"
"1830","PAHX","PHYH"
"1831","TR13B","TNFRSF13B"
"1832","OPLA","OPLAH"
"1833","FFAR1","FFAR1"
"1834","FFAR3","FFAR3"
"1835","AIM2","AIM2"
"1836","ZNT4","SLC30A4"
"1837","BACH1","BACH1"
"1838","BCKD","BCKDK"
"1839","IFIT3","IFIT3"
"1840","MGST3","MGST3"
"1841","GEMI2","GEMIN2"
"1842","T4S5","TM4SF5"
"1843","IRF6","IRF6"
"1844","KLF11","KLF11"
"1845","WNT9A","WNT9A"
"1846","WNT9B","WNT9B"
"1847","TX1B3","TAX1BP3"
"1848","GIPC1","GIPC1"
"1849","LIN7A","LIN7A"
"1850","PCD17","PCDH17"
"1851","IKKB","IKBKB"
"1852","RGS13","RGS13"
"1853","RGS12","RGS12"
"1854","TIM23","TIMM23"
"1855","FSCN2","FSCN2"
"1856","HAT1","HAT1"
"1857","NCTR3","NCR3"
"1858","UB2L6","UBE2L6"
"1859","CSKP","CASK"
"1860","PLD2","PLD2"
"1861","EREG","EREG"
"1862","TFEC","TFEC"
"1863","QCR8","UQCRQ"
"1864","ML12B","MYL12B"
"1865","QCR10","UQCR11"
"1866","CASQ2","CASQ2"
"1867","LECT2","LECT2"
"1868","HGS","HGS"
"1869","AURKA","AURKA"
"1870","RAB7L","RAB29"
"1871","CLGN","CLGN"
"1872","VP26C","VPS26C"
"1873","MYPT1","PPP1R12A"
"1874","S27A2","SLC27A2"
"1875","GAK","GAK"
"1876","AZIN1","AZIN1"
"1877","ZN263","ZNF263"
"1878","HNRDL","HNRNPDL"
"1879","XPO1","XPO1"
"1880","BTAF1","BTAF1"
"1881","AT2A1","ATP2A1"
"1882","PI51B","PIP5K1B"
"1883","IPP2C","PPP1R2C"
"1884","SYN3","SYN3"
"1885","ARHGA","ARHGEF10"
"1886","ZN609","ZNF609"
"1887","ZN646","ZNF646"
"1888","TRI66","TRIM66"
"1889","PDZD2","PDZD2"
"1890","SPTN2","SPTBN2"
"1891","MAST4","MAST4"
"1892","SC16A","SEC16A"
"1893","PLXB2","PLXNB2"
"1894","AREL1","AREL1"
"1895","RIMB2","RIMBP2"
"1896","KHNYN","KHNYN"
"1897","TCPR2","TECPR2"
"1898","SEM3E","SEMA3E"
"1899","SR140","U2SURP"
"1900","SET1A","SETD1A"
"1901","N4BP3","N4BP3"
"1902","TRNK1","TRANK1"
"1903","KDM6B","KDM6B"
"1904","PER2","PER2"
"1905","SYNJ2","SYNJ2"
"1906","ZBT39","ZBTB39"
"1907","SYNEM","SYNM"
"1908","ZBTB5","ZBTB5"
"1909","GRRE1","GARRE1"
"1910","KIF3B","KIF3B"
"1911","PUR4","PFAS"
"1912","MCF2L","MCF2L"
"1913","NACAD","NACAD"
"1914","ATS3","ADAMTS3"
"1915","DCLK1","DCLK1"
"1916","CE290","CEP290"
"1917","SNPH","SNPH"
"1918","ERC2","ERC2"
"1919","ANR28","ANKRD28"
"1920","ARHGB","ARHGEF11"
"1921","ZN536","ZNF536"
"1922","MRPP3","PRORP"
"1923","SMAD7","SMAD7"
"1924","IKKA","CHUK"
"1925","LSM1","LSM1"
"1926","FYB1","FYB1"
"1927","NPC1","NPC1"
"1928","TBX3","TBX3"
"1929","PLCB","AGPAT2"
"1930","DEGS1","DEGS1"
"1931","ANGP2","ANGPT2"
"1932","SCAM1","SCAMP1"
"1933","SCAM2","SCAMP2"
"1934","NPFF","NPFF"
"1935","IMA6","KPNA5"
"1936","ARC1B","ARPC1B"
"1937","ARPC2","ARPC2"
"1938","ARPC3","ARPC3"
"1939","MUSK","MUSK"
"1940","MDM4","MDM4"
"1941","BET1","BET1"
"1942","ZBT7B","ZBTB7B"
"1943","RPAC1","POLR1C"
"1944","PLS1","PLSCR1"
"1945","TIF1A","TRIM24"
"1946","LRAD4","LDLRAD4"
"1947","AXIN1","AXIN1"
"1948","PSPHL","PSPHP1"
"1949","PGRC2","PGRMC2"
"1950","TBXT","TBXT"
"1951","CETN3","CETN3"
"1952","CTDSL","CTDSPL"
"1953","VILL","VILL"
"1954","EPHB6","EPHB6"
"1955","SMAD9","SMAD9"
"1956","ADEC1","ADAMDEC1"
"1957","UBD","UBD"
"1958","ZBT22","ZBTB22"
"1959","RGL2","RGL2"
"1960","PFD6","PFDN6"
"1961","WDR46","WDR46"
"1962","GSTA4","GSTA4"
"1963","GP182","GPR182"
"1964","INE1","INE1"
"1965","NKRF","NKRF"
"1966","GNPAT","GNPAT"
"1967","KMO","KMO"
"1968","LAMA5","LAMA5"
"1969","ZN185","ZNF185"
"1970","MATN3","MATN3"
"1971","CASC3","CASC3"
"1972","RT12","MRPS12"
"1973","NDUA1","NDUFA1"
"1974","VGF","VGF"
"1975","OBRG","LEPROT"
"1976","S22A2","SLC22A2"
"1977","S22A1","SLC22A1"
"1978","CLIC2","CLIC2"
"1979","ACOX3","ACOX3"
"1980","CXX1","RTL8C"
"1981","RER1","RER1"
"1982","NPHP1","NPHP1"
"1983","SURF4","SURF4"
"1984","DFB4A","DEFB4B"
"1985","MK13","MAPK13"
"1986","ATX7","ATXN7"
"1987","SHOX","SHOX"
"1988","SPTC1","SPTLC1"
"1989","SPTC2","SPTLC2"
"1990","TELT","TCAP"
"1991","FANCG","FANCG"
"1992","OGT1","OGT"
"1993","LX15B","ALOX15B"
"1994","PPM1D","PPM1D"
"1995","GRM6","GRM6"
"1996","SIVA","SIVA1"
"1997","PMM2","PMM2"
"1998","RA51B","RAD51B"
"1999","RPC7","POLR3G"
"2000","TM9S1","TM9SF1"
"2001","INP4B","INPP4B"
"2002","CHAD","CHAD"
"2003","VA0E1","ATP6V0E1"
"2004","TRI18","MID1"
"2005","HMGB3","HMGB3"
"2006","P73","TP73"
"2007","FOXN1","FOXN1"
"2008","GPR37","GPR37"
"2009","PPM1G","PPM1G"
"2010","SHIP2","INPPL1"
"2011","FANCA","FANCA"
"2012","SOX12","SOX12"
"2013","EIF3D","EIF3D"
"2014","EIF3H","EIF3H"
"2015","MOT5","SLC16A4"
"2016","MOT6","SLC16A5"
"2017","HDAC3","HDAC3"
"2018","NVL","NVL"
"2019","BCAT2","BCAT2"
"2020","SIGL5","SIGLEC5"
"2021","TYY2","YY2"
"2022","BIRC5","BIRC5"
"2023","TMPS2","TMPRSS2"
"2024","NCAM2","NCAM2"
"2025","IPO8","IPO8"
"2026","NMDE4","GRIN2D"
"2027","STX7","STX7"
"2028","MOT7","SLC16A6"
"2029","TOX3","TOX3"
"2030","FOXP2","FOXP2"
"2031","TNC18","TNRC18"
"2032","MOT4","SLC16A3"
"2033","PINL","PIN1P1"
"2034","COPT1","SLC31A1"
"2035","COPT2","SLC31A2"
"2036","MRP3","ABCC3"
"2037","MRP4","ABCC4"
"2038","MRP5","ABCC5"
"2039","MPPD1","MPPED1"
"2040","CCL25","CCL25"
"2041","RPA34","POLR1G"
"2042","TLR3","TLR3"
"2043","MSH4","MSH4"
"2044","P4HA2","P4HA2"
"2045","SIA8E","ST8SIA5"
"2046","CCL16","CCL16"
"2047","MAGB2","MAGEB2"
"2048","MAGB3","MAGEB3"
"2049","MAGB4","MAGEB4"
"2050","TEX28","TEX28"
"2051","CAN5","CAPN5"
"2052","GLYG2","GYG2"
"2053","RGS16","RGS16"
"2054","PA2GX","PLA2G10"
"2055","YKT6","YKT6"
"2056","GSC2","GSC2"
"2057","INSI1","INSIG1"
"2058","NUP42","NUP42"
"2059","ARPC5","ARPC5"
"2060","RPB4","POLR2D"
"2061","CLOCK","CLOCK"
"2062","CFLAR","CFLAR"
"2063","FGF10","FGF10"
"2064","NKX28","NKX2-8"
"2065","DDX3Y","DDX3Y"
"2066","SOCS1","SOCS1"
"2067","MAFG","MAFG"
"2068","OGG1","OGG1"
"2069","CP27B","CYP27B1"
"2070","GPR42","GPR42"
"2071","PDPK1","PDPK1"
"2072","TPSN","TAPBP"
"2073","PER1","PER1"
"2074","ZSC9","ZSCAN9"
"2075","XLRS1","RS1"
"2076","RGS5","RGS5"
"2077","FABP7","FABP7"
"2078","R113A","RNF113A"
"2079","GR6","LINC01565"
"2080","P2RX6","P2RX6"
"2081","KDM6A","KDM6A"
"2082","CLD3","CLDN3"
"2083","FFAR2","FFAR2"
"2084","MEFV","MEFV"
"2085","KCNN4","KCNN4"
"2086","DHX15","DHX15"
"2087","SGSM2","SGSM2"
"2088","MCES","RNMT"
"2089","ZZEF1","ZZEF1"
"2090","ASAP2","ASAP2"
"2091","TET3","TET3"
"2092","FLRT2","FLRT2"
"2093","TTI1","TTI1"
"2094","PLXB1","PLXNB1"
"2095","RRP8","RRP8"
"2096","PJA2","PJA2"
"2097","SI1L1","SIPA1L1"
"2098","ZBT24","ZBTB24"
"2099","CYB5B","CYB5B"
"2100","PRP4","PRPF4"
"2101","SIA8C","ST8SIA3"
"2102","CP26A","CYP26A1"
"2103","SERA","PHGDH"
"2104","NDUS4","NDUFS4"
"2105","RHG06","ARHGAP6"
"2106","ADA12","ADAM12"
"2107","CRX","CRX"
"2108","IRAK2","IRAK2"
"2109","PHF1","PHF1"
"2110","MTLR","MLNR"
"2111","GPR39","GPR39"
"2112","MSH5","MSH5"
"2113","SEPT4","SEPTIN4"
"2114","DC1L2","DYNC1LI2"
"2115","KLK10","KLK10"
"2116","PSMD3","PSMD3"
"2117","CTR4","SLC7A4"
"2118","TEX33","TEX33"
"2119","HXC11","HOXC11"
"2120","RFOX2","RBFOX2"
"2121","PAPS1","PAPSS1"
"2122","SIAH2","SIAH2"
"2123","ZNHI1","ZNHIT1"
"2124","LEU1","DLEU1"
"2125","ZW10","ZW10"
"2126","PROD","PRODH"
"2127","SPIT1","SPINT1"
"2128","TREA","TREH"
"2129","EFS","EFS"
"2130","M3K13","MAP3K13"
"2131","B4GT5","B4GALT5"
"2132","SNUT1","SART1"
"2133","SPIT2","SPINT2"
"2134","GPAA1","GPAA1"
"2135","DAPK3","DAPK3"
"2136","TGFI1","TGFB1I1"
"2137","SRGP3","SRGAP3"
"2138","ZN264","ZNF264"
"2139","ZBT43","ZBTB43"
"2140","AP5Z1","AP5Z1"
"2141","LRRT2","LRRTM2"
"2142","HS12A","HSPA12A"
"2143","CP110","CCP110"
"2144","S14L5","SEC14L5"
"2145","ADCY6","ADCY6"
"2146","ARHG9","ARHGEF9"
"2147","ZSC12","ZSCAN12"
"2148","CTIF","CTIF"
"2149","MTSS1","MTSS1"
"2150","ATMIN","ATMIN"
"2151","VIP2","PPIP5K2"
"2152","AQP9","AQP9"
"2153","PAX4","PAX4"
"2154","M3K7","MAP3K7"
"2155","FGF16","FGF16"
"2156","DHH","DHH"
"2157","MCA3","EEF1E1"
"2158","LYRM1","LYRM1"
"2159","ZN208","ZNF208"
"2160","MSI1H","MSI1"
"2161","RIPK2","RIPK2"
"2162","ZN749","ZNF749"
"2163","HXA2","HOXA2"
"2164","HXA3","HOXA3"
"2165","RASL2","RASA4"
"2166","WDR62","WDR62"
"2167","HNRPR","HNRNPR"
"2168","PRPF3","PRPF3"
"2169","TXNL1","TXNL1"
"2170","TPD54","TPD52L2"
"2171","EMC8","EMC8"
"2172","COCH","COCH"
"2173","ERI3","ERI3"
"2174","P52K","THAP12"
"2175","AN32C","ANP32C"
"2176","GRID2","GRID2"
"2177","SYNJ1","SYNJ1"
"2178","FIBP","FIBP"
"2179","IF4G3","EIF4G3"
"2180","TBX1","TBX1"
"2181","MTG8R","CBFA2T2"
"2182","PPIH","PPIH"
"2183","KCAB3","KCNAB3"
"2184","MGA","MGAM"
"2185","MBTP2","MBTPS2"
"2186","SUV91","SUV39H1"
"2187","HTRA2","HTRA2"
"2188","KLF4","KLF4"
"2189","MS18B","OIP5"
"2190","ARK72","AKR7A2"
"2191","PROM1","PROM1"
"2192","E41L2","EPB41L2"
"2193","TGON2","TGOLN2"
"2194","CAC1G","CACNA1G"
"2195","RA51C","RAD51C"
"2196","LTOR5","LAMTOR5"
"2197","B4GA1","B4GAT1"
"2198","ADA20","ADAM20"
"2199","TNF12","TNFSF12"
"2200","S26A4","SLC26A4"
"2201","MED7","MED7"
"2202","WIPF1","WIPF1"
"2203","AT8B1","ATP8B1"
"2204","B2L11","BCL2L11"
"2205","FOXO3","FOXO3"
"2206","KCNQ3","KCNQ3"
"2207","KCNQ2","KCNQ2"
"2208","CHSTA","CHST10"
"2209","SMAD6","SMAD6"
"2210","XRCC3","XRCC3"
"2211","XRCC2","XRCC2"
"2212","TGM5","TGM5"
"2213","GON2","GNRH2"
"2214","SGCE","SGCE"
"2215","TNF14","TNFSF14"
"2216","FRS3","FRS3"
"2217","LAT","LAT"
"2218","RGS14","RGS14"
"2219","RNF13","RNF13"
"2220","CAH12","CA12"
"2221","AKA10","AKAP10"
"2222","SYT7","SYT7"
"2223","DENR","DENR"
"2224","PPIP1","PSTPIP1"
"2225","XPOT","XPOT"
"2226","HAIR","HR"
"2227","SPY2","SPRY2"
"2228","DNPH1","DNPH1"
"2229","DCX","DCX"
"2230","GALR2","GALR2"
"2231","SPY1","SPRY1"
"2232","SPY3","SPRY3"
"2233","OREX","HCRT"
"2234","OX1R","HCRTR1"
"2235","OX2R","HCRTR2"
"2236","TIM44","TIMM44"
"2237","TPPC3","TRAPPC3"
"2238","SNAI2","SNAI2"
"2239","CHM2A","CHMP2A"
"2240","FOXS1","FOXS1"
"2241","NCK2","NCK2"
"2242","PSCA","PSCA"
"2243","TSN6","TSPAN6"
"2244","PLRG1","PLRG1"
"2245","PRC1","PRC1"
"2246","RGS10","RGS10"
"2247","ZN207","ZNF207"
"2248","NDUB5","NDUFB5"
"2249","NDUB3","NDUFB3"
"2250","NDUC1","NDUFC1"
"2251","NDUA2","NDUFA2"
"2252","LDB2","LDB2"
"2253","TCF21","TCF21"
"2254","GET3","GET3"
"2255","BUB1","BUB1"
"2256","BUB3","BUB3"
"2257","PLPP2","PLPP2"
"2258","PI15","PI15"
"2259","SIGL6","SIGLEC6"
"2260","ST1B1","SULT1B1"
"2261","ACTN4","ACTN4"
"2262","MAAI","GSTZ1"
"2263","BUD23","BUD23"
"2264","TLX3","TLX3"
"2265","TRIA1","TRIAP1"
"2266","GATC","GATC"
"2267","HTSF1","HTATSF1"
"2268","ERD23","KDELR3"
"2269","CIKS","TRAF3IP2"
"2270","ITM2A","ITM2A"
"2271","CYH3","CYTH3"
"2272","AAKB2","PRKAB2"
"2273","CHP2","CHP2"
"2274","AP1G1","AP1G1"
"2275","OR1F1","OR1F1"
"2276","STX6","STX6"
"2277","SNG1","SYNGR1"
"2278","SNG2","SYNGR2"
"2279","SNG3","SYNGR3"
"2280","TLX2","TLX2"
"2281","SGTA","SGTA"
"2282","LIAS","LIAS"
"2283","ENSA","ENSA"
"2284","MCAT","SLC25A20"
"2285","SYNC","NARS1"
"2286","DYRK3","DYRK3"
"2287","KRT86","KRT86"
"2288","SPOP","SPOP"
"2289","MYO1B","MYO1B"
"2290","SSNA1","SSNA1"
"2291","PM34","SLC25A17"
"2292","CPSF5","NUDT21"
"2293","DUX1","DUX1"
"2294","LANC1","LANCL1"
"2295","STRN","STRN"
"2296","U3IP2","RRP9"
"2297","SCO2","SCO2"
"2298","HYAL3","HYAL3"
"2299","CF410","CFAP410"
"2300","AKAP8","AKAP8"
"2301","GTPB6","GTPBP6"
"2302","B3GT2","B3GALT2"
"2303","G6PT1","SLC37A4"
"2304","ANGL7","ANGPTL7"
"2305","ZBT14","ZBTB14"
"2306","IDH3B","IDH3B"
"2307","NRDC","NRDC"
"2308","CALU","CALU"
"2309","EDIL3","EDIL3"
"2310","ATP9B","ATP9B"
"2311","SAHH2","AHCYL1"
"2312","CD5L","CD5L"
"2313","S28A2","SLC28A2"
"2314","OR2T1","OR2T1"
"2315","CREB3","CREB3"
"2316","XPP2","XPNPEP2"
"2317","KIF1C","KIF1C"
"2318","TLL1","TLL1"
"2319","PRIC3","PRICKLE3"
"2320","GAS2","GAS2"
"2321","NKG2F","KLRC4"
"2322","EXTL3","EXTL3"
"2323","ORC5","ORC5"
"2324","TYOBP","TYROBP"
"2325","VEGFD","VEGFD"
"2326","CHST1","CHST1"
"2327","AIRE","AIRE"
"2328","NDUS5","NDUFS5"
"2329","EFNA2","EFNA2"
"2330","PDE6D","PDE6D"
"2331","CXL13","CXCL13"
"2332","ORC4","ORC4"
"2333","PRKY","PRKY"
"2334","PEX1","PEX1"
"2335","MFS11","MFSD11"
"2336","RAD21","RAD21"
"2337","AK1BA","AKR1B10"
"2338","TIM8A","TIMM8A"
"2339","SSX4","SSX4B"
"2340","SSX5","SSX5"
"2341","KALRN","KALRN"
"2342","DHX16","DHX16"
"2343","ZNRD2","ZNRD2"
"2344","GMFG","GMFG"
"2345","TM11D","TMPRSS11D"
"2346","MYPT2","PPP1R12B"
"2347","BNI3L","BNIP3L"
"2348","3BP5","SH3BP5"
"2349","PLIN1","PLIN1"
"2350","AGRB2","ADGRB2"
"2351","AGRB3","ADGRB3"
"2352","H6ST1","HS6ST1"
"2353","MED14","MED14"
"2354","PCDH7","PCDH7"
"2355","SOX15","SOX15"
"2356","KPRB","PRPSAP2"
"2357","FGF17","FGF17"
"2358","KLK8","KLK8"
"2359","PRKN","PRKN"
"2360","GBG7","GNG7"
"2361","SMCA5","SMARCA5"
"2362","ADCY3","ADCY3"
"2363","K0513","KIAA0513"
"2364","GRIN2","GPRIN2"
"2365","JIP4","SPAG9"
"2366","SUSD5","SUSD5"
"2367","ZN292","ZNF292"
"2368","KIF5C","KIF5C"
"2369","ST18","ST18"
"2370","NUAK1","NUAK1"
"2371","NPA1P","URB1"
"2372","ZN862","ZNF862"
"2373","MGRN1","MGRN1"
"2374","SI1L3","SIPA1L3"
"2375","ZC3H1","ZFC3H1"
"2376","TYW4","LCMT2"
"2377","TRAK2","TRAK2"
"2378","LZTS3","LZTS3"
"2379","K0556","KIAA0556"
"2380","ZN500","ZNF500"
"2381","AQR","AQR"
"2382","MAST3","MAST3"
"2383","CE104","CEP104"
"2384","L37A3","LRRC37A3"
"2385","AT10A","ATP10A"
"2386","OPA1","OPA1"
"2387","ZEB2","ZEB2"
"2388","GANP","MCM3AP"
"2389","F1891","FAM189A1"
"2390","PCDGC","PCDHGA12"
"2391","PI51C","PIP5K1C"
"2392","KIF1B","KIF1B"
"2393","MABP1","MAPKBP1"
"2394","MARH6","MARCHF6"
"2395","KDM1A","KDM1A"
"2396","TBCD4","TBC1D4"
"2397","PHLP1","PHLPP1"
"2398","TBC12","TBC1D12"
"2399","FZD6","FZD6"
"2400","NUPR1","NUPR1"
"2401","CCG3","CACNG3"
"2402","NDK8","NME2P1"
"2403","HBP1","HBP1"
"2404","GDF9","GDF9"
"2405","ZN861","ZNF861P"
"2406","NMD3B","GRIN3B"
"2407","NOBOX","NOBOX"
"2408","COX7S","COX7A2P2"
"2409","O10H2","OR10H2"
"2410","O10H3","OR10H3"
"2411","OR7C2","OR7C2"
"2412","ONEC3","ONECUT3"
"2413","AT8B3","ATP8B3"
"2414","FADS1","FADS1"
"2415","OR1I1","OR1I1"
"2416","PEPL","PPL"
"2417","GSDME","GSDME"
"2418","EVI5","EVI5"
"2419","LY75","LY75"
"2420","NRP2","NRP2"
"2421","DSCAM","DSCAM"
"2422","MA1A2","MAN1A2"
"2423","BRNP1","BRINP1"
"2424","G137B","GPR137B"
"2425","DLX3","DLX3"
"2426","ZIC3","ZIC3"
"2427","PLXC1","PLXNC1"
"2428","MPZL2","MPZL2"
"2429","ACSL4","ACSL4"
"2430","SNX3","SNX3"
"2431","CUBN","CUBN"
"2432","DOK2","DOK2"
"2433","STX10","STX10"
"2434","NPHN","NPHS1"
"2435","OGA","OGA"
"2436","ADCY9","ADCY9"
"2437","VINEX","SORBS3"
"2438","HNRPQ","SYNCRIP"
"2439","TPST1","TPST1"
"2440","PRP17","CDC40"
"2441","B4GT3","B4GALT3"
"2442","B4GT4","B4GALT4"
"2443","4EBP3","EIF4EBP3"
"2444","RNBP6","RANBP6"
"2445","CRBL2","CREBL2"
"2446","TDRD6","TDRD6"
"2447","NEMF","NEMF"
"2448","PSPN","PSPN"
"2449","CIDEA","CIDEA"
"2450","GMDS","GMDS"
"2451","FOXD2","FOXD2"
"2452","NMT2","NMT2"
"2453","CCNT1","CCNT1"
"2454","GREM1","GREM1"
"2455","BUB1B","BUB1B"
"2456","PLOD3","PLOD3"
"2457","IF4E2","EIF4E2"
"2458","ISK4","SPINK4"
"2459","CCNT2","CCNT2"
"2460","TLR5","TLR5"
"2461","TLR2","TLR2"
"2462","GFRA3","GFRA3"
"2463","DIAP1","DIAPH1"
"2464","SEP15","SELENOF"
"2465","TSN1","TSPAN1"
"2466","TSN2","TSPAN2"
"2467","TSN3","TSPAN3"
"2468","AP180","SNAP91"
"2469","EXOC3","EXOC3"
"2470","UD19","UGT1A9"
"2471","PDE8A","PDE8A"
"2472","KLH41","KLHL41"
"2473","LMX1B","LMX1B"
"2474","PLIN3","PLIN3"
"2475","FAIM3","FCMR"
"2476","MOT2","SLC16A7"
"2477","RAD1","RAD1"
"2478","REV3L","REV3L"
"2479","JAK2","JAK2"
"2480","MAFK","MAFK"
"2481","CST8","CST8"
"2482","ANM3","PRMT3"
"2483","MUSC","MSC"
"2484","PEX10","PEX10"
"2485","IMA7","KPNA6"
"2486","SRPX2","SRPX2"
"2487","YPEL1","YPEL1"
"2488","UGDH","UGDH"
"2489","TPST2","TPST2"
"2490","ABCC9","ABCC9"
"2491","LPXN","LPXN"
"2492","CTND1","CTNND1"
"2493","NCKX1","SLC24A1"
"2494","ICMT","ICMT"
"2495","CC14B","CDC14B"
"2496","MAGC1","MAGEC1"
"2497","PLPL9","PLA2G6"
"2498","EIF1B","EIF1B"
"2499","HCN1","HCN1"
"2500","SNX2","SNX2"
"2501","GALR3","GALR3"
"2502","BCE1","BCE1"
"2503","CYTIP","CYTIP"
"2504","HPGDS","HPGDS"
"2505","DPM1","DPM1"
"2506","USO1","USO1"
"2507","Z354A","ZNF354A"
"2508","FMO6","FMO6P"
"2509","S19A2","SLC19A2"
"2510","RT14","MRPS14"
"2511","TOM1","TOM1"
"2512","TBX19","TBX19"
"2513","PRA10","PRAMEF10"
"2514","PRAM4","PRAMEF4"
"2515","PRAM2","PRAMEF2"
"2516","HNRC1","HNRNPCL1"
"2517","PRA11","PRAMEF11"
"2518","H2B1K","H2BC12"
"2519","F262","PFKFB2"
"2520","CCD22","CCDC22"
"2521","PQBP1","PQBP1"
"2522","PAGE4","PAGE4"
"2523","TI17B","TIMM17B"
"2524","PRAF2","PRAF2"
"2525","DKC1","DKC1"
"2526","CAC1F","CACNA1F"
"2527","IF2P","EIF5B"
"2528","ZG16","ZG16"
"2529","TRI13","TRIM13"
"2530","GAS7","GAS7"
"2531","EDF1","EDF1"
"2532","KIN17","KIN"
"2533","DIAP2","DIAPH2"
"2534","SH21A","SH2D1A"
"2535","MMP20","MMP20"
"2536","G37L1","GPR37L1"
"2537","DNJA2","DNAJA2"
"2538","BRD4","BRD4"
"2539","CUTA","CUTA"
"2540","OPHN1","OPHN1"
"2541","RAMP1","RAMP1"
"2542","RAMP2","RAMP2"
"2543","RAMP3","RAMP3"
"2544","SHOX2","SHOX2"
"2545","NSMA","SMPD2"
"2546","TBL1X","TBL1X"
"2547","B4GT2","B4GALT2"
"2548","CATL2","CTSV"
"2549","HUS1","HUS1"
"2550","PFD1","PFDN1"
"2551","PP1RB","PPP1R11"
"2552","KCJ13","KCNJ13"
"2553","RNH1","RNASEH1"
"2554","CTNS","CTNS"
"2555","NBN","NBN"
"2556","NOL3","NOL3"
"2557","KERA","KERA"
"2558","SCN2B","SCN2B"
"2559","DTNB","DTNB"
"2560","MCE1","RNGTT"
"2561","FCG3B","FCGR3B"
"2562","LIRA1","LILRA1"
"2563","LIRB3","LILRB3"
"2564","LIRB5","LILRB5"
"2565","ABCB7","ABCB7"
"2566","MITF","MITF"
"2567","HSF2B","HSF2BP"
"2568","KI21B","KIF21B"
"2569","PLCH2","PLCH2"
"2570","SRGP2","SRGAP2"
"2571","PLXA2","PLXNA2"
"2572","CAPON","NOS1AP"
"2573","IGSF3","IGSF3"
"2574","SDC3","SDC3"
"2575","AUXI","DNAJC6"
"2576","XYLK","FAM20B"
"2577","DEN4B","DENND4B"
"2578","TMCC2","TMCC2"
"2579","EFC14","EFCAB14"
"2580","FKTN","FKTN"
"2581","LRP3","LRP3"
"2582","ADA23","ADAM23"
"2583","ADA11","ADAM11"
"2584","MTG16","CBFA2T3"
"2585","WDR1","WDR1"
"2586","FZD7","FZD7"
"2587","SLIT1","SLIT1"
"2588","SLIT3","SLIT3"
"2589","MEGF6","MEGF6"
"2590","LRP4","LRP4"
"2591","AOC2","AOC2"
"2592","ATP9A","ATP9A"
"2593","LDB3","LDB3"
"2594","N4BP1","N4BP1"
"2595","ROCK2","ROCK2"
"2596","MFA3L","MFAP3L"
"2597","CLAP2","CLASP2"
"2598","ZN623","ZNF623"
"2599","PTCD1","PTCD1"
"2600","COBL","COBL"
"2601","ASTN2","ASTN2"
"2602","CPNE3","CPNE3"
"2603","ZBED4","ZBED4"
"2604","DEPD5","DEPDC5"
"2605","ATG13","ATG13"
"2606","ICOSL","ICOSLG"
"2607","LIPA3","PPFIA3"
"2608","HIP1R","HIP1R"
"2609","OBSL1","OBSL1"
"2610","BRE1B","RNF40"
"2611","PHF2","PHF2"
"2612","ZC11A","ZC3H11A"
"2613","CLU","CLUH"
"2614","RFIP3","RAB11FIP3"
"2615","CAND2","CAND2"
"2616","T22D2","TSC22D2"
"2617","SOCS5","SOCS5"
"2618","NPHP4","NPHP4"
"2619","KDM4A","KDM4A"
"2620","DJC13","DNAJC13"
"2621","PHAR2","PHACTR2"
"2622","PP6R2","PPP6R2"
"2623","ATS4","ADAMTS4"
"2624","CNOT3","CNOT3"
"2625","CREST","SS18L1"
"2626","ANR17","ANKRD17"
"2627","SIN3B","SIN3B"
"2628","AT2C2","ATP2C2"
"2629","DNJB6","DNAJB6"
"2630","XYLB","XYLB"
"2631","PX11A","PEX11A"
"2632","LRP5","LRP5"
"2633","NPIB7","NPIPB7"
"2634","TM127","TMEM127"
"2635","COQ9","COQ9"
"2636","GGCT","GGCT"
"2637","NDUS7","NDUFS7"
"2638","SIM24","SMIM24"
"2639","Z780A","ZNF780A"
"2640","GA45B","GADD45B"
"2641","RTN2","RTN2"
"2642","NDUS2","NDUFS2"
"2643","CAD16","CDH16"
"2644","UDB11","UGT2B11"
"2645","GLRA3","GLRA3"
"2646","ZPR1","ZPR1"
"2647","UBP12","USP12"
"2648","DUS11","DUSP11"
"2649","NIPS2","NIPSNAP2"
"2650","SNN","SNN"
"2651","LRRN2","LRRN2"
"2652","SEM7A","SEMA7A"
"2653","HMMR","HMMR"
"2654","TBX10","TBX10"
"2655","LIPA2","PPFIA2"
"2656","LIPA4","PPFIA4"
"2657","CILP1","CILP"
"2658","PDCD6","PDCD6"
"2659","LX12B","ALOX12B"
"2660","GCYB2","GUCY1B2"
"2661","FKBP6","FKBP6"
"2662","ZN253","ZNF253"
"2663","TBCA","TBCA"
"2664","VATG1","ATP6V1G1"
"2665","VPS4B","VPS4B"
"2666","MPU1","MPDU1"
"2667","ENTP6","ENTPD6"
"2668","ENTP3","ENTPD3"
"2669","ENTP5","ENTPD5"
"2670","PROP1","PROP1"
"2671","ZN217","ZNF217"
"2672","BCAS1","BCAS1"
"2673","PITX3","PITX3"
"2674","TP4A3","PTP4A3"
"2675","AVIL","AVIL"
"2676","H2AY","MACROH2A1"
"2677","SH3L1","SH3BGRL"
"2678","FLNB","FLNB"
"2679","ZN737","ZNF737"
"2680","NCOR1","NCOR1"
"2681","VAMP4","VAMP4"
"2682","NDUS6","NDUFS6"
"2683","PEX14","PEX14"
"2684","TRIM3","TRIM3"
"2685","ULK1","ULK1"
"2686","TULP3","TULP3"
"2687","LAT3","SLC43A1"
"2688","GPR32","GPR32"
"2689","CISY","CS"
"2690","SPAG7","SPAG7"
"2691","RM33","MRPL33"
"2692","SC22B","SEC22B"
"2693","DEAF1","DEAF1"
"2694","PR40A","PRPF40A"
"2695","HYPM","H2AP"
"2696","TACC1","TACC1"
"2697","NDK6","NME6"
"2698","DPOLQ","POLQ"
"2699","CDC45","CDC45"
"2700","GGYF1","GIGYF1"
"2701","MSPD3","MOSPD3"
"2702","FBX24","FBXO24"
"2703","LRCH4","LRCH4"
"2704","MTX2","MTX2"
"2705","VP26A","VPS26A"
"2706","ZN254","ZNF254"
"2707","NDUB1","NDUFB1"
"2708","MPPB","PMPCB"
"2709","TECTA","TECTA"
"2710","MAF","MAF"
"2711","USH2A","USH2A"
"2712","SAP30","SAP30"
"2713","MED24","MED24"
"2714","KTNA1","KATNA1"
"2715","RDH16","RDH16"
"2716","PAGE1","PAGE1"
"2717","ERN1","ERN1"
"2718","E2F6","E2F6"
"2719","CRLF1","CRLF1"
"2720","Z324A","ZNF324"
"2721","NR1I2","NR1I2"
"2722","LGR5","LGR5"
"2723","FRAT2","FRAT2"
"2724","PSIP1","PSIP1"
"2725","ERLN1","ERLIN1"
"2726","TAD2A","TADA2A"
"2727","SUPT3","SUPT3H"
"2728","GPC4","GPC4"
"2729","NDUS3","NDUFS3"
"2730","CAH11","CA11"
"2731","SRS10","SRSF10"
"2732","GEMI","GMNN"
"2733","CLN5","CLN5"
"2734","HSBP1","HSBP1"
"2735","CLD11","CLDN11"
"2736","TNR21","TNFRSF21"
"2737","ECI2","ECI2"
"2738","KHDR3","KHDRBS3"
"2739","RMXL2","RBMXL2"
"2740","TADA3","TADA3"
"2741","TAF5L","TAF5L"
"2742","EED","EED"
"2743","BAF","BANF1"
"2744","SF3B1","SF3B1"
"2745","CSDE1","CSDE1"
"2746","ZN821","ZNF821"
"2747","DAB1","DAB1"
"2748","WBP4","WBP4"
"2749","SG2A1","SCGB2A1"
"2750","STX11","STX11"
"2751","SKAP2","SKAP2"
"2752","JERKY","JRK"
"2753","PRKRA","PRKRA"
"2754","RF1M","MTRF1"
"2755","RPC9","CRCP"
"2756","ITA10","ITGA10"
"2757","LRP6","LRP6"
"2758","KS6A5","RPS6KA5"
"2759","MED6","MED6"
"2760","MYCB2","MYCBP2"
"2761","FOXH1","FOXH1"
"2762","PGRP1","PGLYRP1"
"2763","CLC3A","CLEC3A"
"2764","KBL","GCAT"
"2765","SPAG6","SPAG6"
"2766","GCM2","GCM2"
"2767","UBP2","USP2"
"2768","NPM3","NPM3"
"2769","LYPA1","LYPLA1"
"2770","LFTY1","LEFTY1"
"2771","ERAL1","ERAL1"
"2772","DEDD","DEDD"
"2773","PRDM1","PRDM1"
"2774","REM1","REM1"
"2775","CREG1","CREG1"
"2776","UPK3A","UPK3A"
"2777","SPB7","SERPINB7"
"2778","FCN3","FCN3"
"2779","CTAG2","CTAG2"
"2780","U520","SNRNP200"
"2781","MTU1","TRMU"
"2782","TIPRL","TIPRL"
"2783","OFD1","OFD1"
"2784","TM1L1","TOM1L1"
"2785","KS6A4","RPS6KA4"
"2786","RFPL1","RFPL1"
"2787","RFPL2","RFPL2"
"2788","RFPL3","RFPL3"
"2789","SURF6","SURF6"
"2790","PPM1B","PPM1B"
"2791","ADAP1","ADAP1"
"2792","KRA58","KRTAP5-8"
"2793","UTP20","UTP20"
"2794","NU155","NUP155"
"2795","XRP2","RP2"
"2796","SCRG1","SCRG1"
"2797","CXB3","GJB3"
"2798","GPX5","GPX5"
"2799","STK16","STK16"
"2800","WDHD1","WDHD1"
"2801","CRTAP","CRTAP"
"2802","CMC1","SLC25A12"
"2803","P3C2G","PIK3C2G"
"2804","S22A3","SLC22A3"
"2805","B3GL1","B3GALNT1"
"2806","TRPA1","TRPA1"
"2807","TCEA3","TCEA3"
"2808","RA51D","RAD51D"
"2809","PALM","PALM"
"2810","RHBL1","RHBDL1"
"2811","RENR","ATP6AP2"
"2812","GRAP2","GRAP2"
"2813","RNH2A","RNASEH2A"
"2814","CD123","CDC123"
"2815","UDB17","UGT2B17"
"2816","ZMY10","ZMYND10"
"2817","PR15A","PPP1R15A"
"2818","CAN15","CAPN15"
"2819","BCAR3","BCAR3"
"2820","POP7","POP7"
"2821","RPP40","RPP40"
"2822","ZN189","ZNF189"
"2823","EIF3G","EIF3G"
"2824","EIF3J","EIF3J"
"2825","CBR3","CBR3"
"2826","CNMD","CNMD"
"2827","SPI2","SERPINI2"
"2828","PSD10","PSMD10"
"2829","CIB2","CIB2"
"2830","KLF7","KLF7"
"2831","UPK1B","UPK1B"
"2832","AP1G2","AP1G2"
"2833","FACE1","ZMPSTE24"
"2834","SC5D","SC5D"
"2835","PPR37","PPP1R37"
"2836","TPC6A","TRAPPC6A"
"2837","CEAM4","CEACAM4"
"2838","IDHC","IDH1"
"2839","GATB","GATB"
"2840","SCO1","SCO1"
"2841","CP7B1","CYP7B1"
"2842","ATRN","ATRN"
"2843","RBBP9","RBBP9"
"2844","STAM2","STAM2"
"2845","TNF13","TNFSF13"
"2846","AL1L1","ALDH1L1"
"2847","TUSC2","TUSC2"
"2848","ST1C4","SULT1C4"
"2849","GABR2","GABBR2"
"2850","MMP23","MMP23B"
"2851","RASF9","RASSF9"
"2852","DGAT1","DGAT1"
"2853","SOAT2","SOAT2"
"2854","CCNK","CCNK"
"2855","DHRS3","DHRS3"
"2856","DGKI","DGKI"
"2857","PAK3","PAK3"
"2858","PRAF3","ARL6IP5"
"2859","RGS9","RGS9"
"2860","SERF1","SERF1A"
"2861","DYSF","DYSF"
"2862","PIAS1","PIAS1"
"2863","PIAS2","PIAS2"
"2864","SPF27","BCAS2"
"2865","DCTN3","DCTN3"
"2866","BODG","BBOX1"
"2867","DNJC8","DNAJC8"
"2868","SPF30","SMNDC1"
"2869","RAD17","RAD17"
"2870","ATP5H","ATP5PD"
"2871","F155B","FAM155B"
"2872","LYZL6","LYZL6"
"2873","CABYR","CABYR"
"2874","DNJB5","DNAJB5"
"2875","TSN9","TSPAN9"
"2876","FLOT1","FLOT1"
"2877","CDKA2","CDK2AP2"
"2878","TRIO","TRIO"
"2879","ATP5L","ATP5MG"
"2880","AKAP3","AKAP3"
"2881","MPDZ","MPDZ"
"2882","SNPC5","SNAPC5"
"2883","C1QRF","C1QL1"
"2884","CBPD","CPD"
"2885","SASH3","SASH3"
"2886","OR2B3","OR2B3"
"2887","OR2J3","OR2J3"
"2888","OR2J2","OR2J2"
"2889","GLRX3","GLRX3"
"2890","KT33A","KRT33A"
"2891","KRT34","KRT34"
"2892","KRT36","KRT36"
"2893","KRT37","KRT37"
"2894","KRT38","KRT38"
"2895","RL1D1","RSL1D1"
"2896","WFS1","WFS1"
"2897","ANXA9","ANXA9"
"2898","CLPX","CLPX"
"2899","NCTR1","NCR1"
"2900","SEGN","SCGN"
"2901","CDKL5","CDKL5"
"2902","NEBL","NEBL"
"2903","ERIT1","ERC2-IT1"
"2904","NEUL1","NEURL1"
"2905","S14L2","SEC14L2"
"2906","STC2","STC2"
"2907","ERG24","TM7SF2"
"2908","RNF8","RNF8"
"2909","SYUG","SNCG"
"2910","CIAO1","CIAO1"
"2911","PDE5A","PDE5A"
"2912","DFFB","DFFB"
"2913","CCN5","CCN5"
"2914","ZFAN5","ZFAND5"
"2915","RGS20","RGS20"
"2916","S22A5","SLC22A5"
"2917","PDE9A","PDE9A"
"2918","GAGE7","GAGE7"
"2919","BEST1","BEST1"
"2920","FGF18","FGF18"
"2921","SRP72","SRP72"
"2922","JTB","JTB"
"2923","CYTF","CST7"
"2924","OR7C1","OR7C1"
"2925","OR7AA","OR7A10"
"2926","DXO","DXO"
"2927","TRPM2","TRPM2"
"2928","DDAH1","DDAH1"
"2929","RECQ4","RECQL4"
"2930","RECQ5","RECQL5"
"2931","RMP","URI1"
"2932","B3GA3","B3GAT3"
"2933","ST17B","STK17B"
"2934","ECM2","ECM2"
"2935","LY6H","LY6H"
"2936","MTA2","MTA2"
"2937","DPM2","DPM2"
"2938","AQP8","AQP8"
"2939","CNTN5","CNTN5"
"2940","UBP1","USP1"
"2941","AL1A2","ALDH1A2"
"2942","STK10","STK10"
"2943","ACL6B","ACTL6B"
"2944","KPCD3","PRKD3"
"2945","GFPT2","GFPT2"
"2946","RGS11","RGS11"
"2947","TPPP","TPPP"
"2948","BAIP3","BAIAP3"
"2949","SLIT2","SLIT2"
"2950","ATG12","ATG12"
"2951","NOL4","NOL4"
"2952","KBTBB","KBTBD11"
"2953","LTN1","LTN1"
"2954","AT10B","ATP10B"
"2955","TOM70","TOMM70"
"2956","PKHG5","PLEKHG5"
"2957","IPO13","IPO13"
"2958","DDHD2","DDHD2"
"2959","MYO1D","MYO1D"
"2960","TOX4","TOX4"
"2961","RHBT1","RHOBTB1"
"2962","DEND","DDN"
"2963","MICA2","MICAL2"
"2964","K0754","KIAA0754"
"2965","SC24D","SEC24D"
"2966","NFASC","NFASC"
"2967","ST65G","SUPT7L"
"2968","FCSD2","FCHSD2"
"2969","UFL1","UFL1"
"2970","SRBS2","SORBS2"
"2971","TMCC1","TMCC1"
"2972","PHF14","PHF14"
"2973","SASH1","SASH1"
"2974","CSCL1","TMEM63A"
"2975","FARP2","FARP2"
"2976","UBXN7","UBXN7"
"2977","KLH18","KLHL18"
"2978","ZN432","ZNF432"
"2979","LRIG2","LRIG2"
"2980","TOX","TOX"
"2981","SUN1","SUN1"
"2982","PLPHP","PLPBP"
"2983","ERLN2","ERLIN2"
"2984","PRP6","PRPF6"
"2985","DKK1","DKK1"
"2986","AGRL1","ADGRL1"
"2987","ABCA8","ABCA8"
"2988","PCF11","PCF11"
"2989","FRYL","FRYL"
"2990","NFAT5","NFAT5"
"2991","ENDD1","ENDOD1"
"2992","CDK14","CDK14"
"2993","GLCE","GLCE"
"2994","GLSK","GLS"
"2995","HAUS5","HAUS5"
"2996","ABLM3","ABLIM3"
"2997","SLIK3","SLITRK3"
"2998","RNF37","UBOX5"
"2999","FBX21","FBXO21"
"3000","KDM4B","KDM4B"
"3001","RHBT3","RHOBTB3"
"3002","SO2B1","SLCO2B1"
"3003","SOGA1","SOGA1"
"3004","UBP19","USP19"
"3005","WDR47","WDR47"
"3006","TRI37","TRIM37"
"3007","AP2A2","AP2A2"
"3008","SC31A","SEC31A"
"3009","CMTA2","CAMTA2"
"3010","CSTN1","CLSTN1"
"3011","CE152","CEP152"
"3012","FA13A","FAM13A"
"3013","ARHGF","ARHGEF15"
"3014","SLIK5","SLITRK5"
"3015","HEXI1","HEXIM1"
"3016","SOX30","SOX30"
"3017","OR2F2","OR2F2"
"3018","OR6B1","OR6B1"
"3019","O4F21","OR4F21"
"3020","SEM3D","SEMA3D"
"3021","UPP2","UPP2"
"3022","OR2A4","OR2A4"
"3023","ZO3","TJP3"
"3024","INMT","INMT"
"3025","DIRA1","DIRAS1"
"3026","RPP14","RPP14"
"3027","CCNB2","CCNB2"
"3028","KCNK2","KCNK2"
"3029","YIF1A","YIF1A"
"3030","UBR5","UBR5"
"3031","REC8","REC8"
"3032","FSBP","FSBP"
"3033","ALX3","ALX3"
"3034","AGFG2","AGFG2"
"3035","PRS23","PRSS23"
"3036","NKX22","NKX2-2"
"3037","SCAF4","SCAF4"
"3038","ZN202","ZNF202"
"3039","S1PR2","S1PR2"
"3040","NDUB6","NDUFB6"
"3041","MFN2","MFN2"
"3042","DUS14","DUSP14"
"3043","SPN1","SNUPN"
"3044","TNF15","TNFSF15"
"3045","RIMB1","TSPOAP1"
"3046","ARK73","AKR7A3"
"3047","UBE4B","UBE4B"
"3048","NXPH2","NXPH2"
"3049","NXPH3","NXPH3"
"3050","NXPH4","NXPH4"
"3051","ZFPL1","ZFPL1"
"3052","ELP1","ELP1"
"3053","UBL3","UBL3"
"3054","GBRAP","GABARAP"
"3055","NDUA3","NDUFA3"
"3056","NDUB4","NDUFB4"
"3057","NDUB8","NDUFB8"
"3058","CDRT1","CDRT1"
"3059","SCEL","SCEL"
"3060","GAAS1","GAS8-AS1"
"3061","NDUB2","NDUFB2"
"3062","CAC1H","CACNA1H"
"3063","NDUA7","NDUFA7"
"3064","VAMP5","VAMP5"
"3065","UNC5C","UNC5C"
"3066","OAZ2","OAZ2"
"3067","CSPG5","CSPG5"
"3068","RTN3","RTN3"
"3069","KLHL2","KLHL2"
"3070","RCBT2","RCBTB2"
"3071","ZN205","ZNF205"
"3072","LETM1","LETM1"
"3073","PCDH8","PCDH8"
"3074","EPN2","EPN2"
"3075","STBD1","STBD1"
"3076","LERL1","LEPROTL1"
"3077","ZRAB2","ZRANB2"
"3078","SNX4","SNX4"
"3079","OR5F1","OR5F1"
"3080","OR6A2","OR6A2"
"3081","ZWINT","ZWINT"
"3082","VENTX","VENTX"
"3083","LC7L3","LUC7L3"
"3084","KI20A","KIF20A"
"3085","APOL3","APOL3"
"3086","LRAT","LRAT"
"3087","SPDEF","SPDEF"
"3088","KIF4A","KIF4A"
"3089","MBD4","MBD4"
"3090","MTMR5","SBF1"
"3091","GOSR1","GOSR1"
"3092","KAT7","KAT7"
"3093","MRP6","ABCC6"
"3094","I18RA","IL18RAP"
"3095","GA45G","GADD45G"
"3096","UCP5","SLC25A14"
"3097","KCNH1","KCNH1"
"3098","ATE1","ATE1"
"3099","PDE8B","PDE8B"
"3100","5HT3B","HTR3B"
"3101","GRP1","RASGRP1"
"3102","TNKS1","TNKS"
"3103","CCDB1","CCNDBP1"
"3104","LYPD3","LYPD3"
"3105","KCNK5","KCNK5"
"3106","VAPB","VAPB"
"3107","RASL1","RASAL1"
"3108","SNAPN","SNAPIN"
"3109","MPZL1","MPZL1"
"3110","NDUC2","NDUFC2"
"3111","NDUAA","NDUFA10"
"3112","FKBP9","FKBP9"
"3113","CELF2","CELF2"
"3114","6PGL","PGLS"
"3115","PAPS2","PAPSS2"
"3116","ABCBB","ABCB11"
"3117","SIX3","SIX3"
"3118","SMC2","SMC2"
"3119","ATG7","ATG7"
"3120","TACC2","TACC2"
"3121","TRI16","TRIM16"
"3122","SYFM","FARS2"
"3123","ZBT7A","ZBTB7A"
"3124","OR2C1","OR2C1"
"3125","LYPA2","LYPLA2"
"3126","IPO7","IPO7"
"3127","ARI2","ARIH2"
"3128","CXB5","GJB5"
"3129","TFIP8","TNFAIP8"
"3130","M3K6","MAP3K6"
"3131","CCN4","CCN4"
"3132","CCN6","CCN6"
"3133","GDF11","GDF11"
"3134","SLU7","SLU7"
"3135","BMP10","BMP10"
"3136","AGM1","PGM3"
"3137","GCNT3","GCNT3"
"3138","MOCS3","MOCS3"
"3139","PKHA9","PLEKHA8P1"
"3140","RPGF3","RAPGEF3"
"3141","UTS2","UTS2"
"3142","CD2B2","CD2BP2"
"3143","MED26","MED26"
"3144","ZFYV9","ZFYVE9"
"3145","CNIH1","CNIH1"
"3146","TNF6B","TNFRSF6B"
"3147","ZIC2","ZIC2"
"3148","TIAF1","TIAF1"
"3149","BRI3","BRI3"
"3150","SOX14","SOX14"
"3151","DEXI","DEXI"
"3152","SVIL","SVIL"
"3153","PIGN","PIGN"
"3154","PPN","PAPLN"
"3155","BAG4","BAG4"
"3156","AHSA1","AHSA1"
"3157","NPT2B","SLC34A2"
"3158","APOM","APOM"
"3159","LCA5L","LCA5L"
"3160","ATS2","ADAMTS2"
"3161","CXB6","GJB6"
"3162","PARN","PARN"
"3163","TGDS","TGDS"
"3164","PSMG1","PSMG1"
"3165","MATN4","MATN4"
"3166","LARG1","LARGE1"
"3167","FMNL1","FMNL1"
"3168","SGPL1","SGPL1"
"3169","CLD7","CLDN7"
"3170","SNG4","SYNGR4"
"3171","SIX6","SIX6"
"3172","CNEP1","CTDNEP1"
"3173","ABCA1","ABCA1"
"3174","NSA2","NSA2"
"3175","G6PE","H6PD"
"3176","CLD9","CLDN9"
"3177","SC24A","SEC24A"
"3178","SC24B","SEC24B"
"3179","AGRL2","ADGRL2"
"3180","VNN1","VNN1"
"3181","VNN2","VNN2"
"3182","CLD14","CLDN14"
"3183","NPTXR","NPTXR"
"3184","CBX6","CBX6"
"3185","PRAM1","PRAMEF1"
"3186","PRA12","PRAMEF12"
"3187","GTR10","SLC2A10"
"3188","NADK","NADK"
"3189","TYDP2","TDP2"
"3190","CA105","C1orf105"
"3191","SFT2B","SFT2D2"
"3192","MPC2","MPC2"
"3193","CV031","C22orf31"
"3194","MET18","METTL18"
"3195","ETHE1","ETHE1"
"3196","ACSL3","ACSL3"
"3197","KLF8","KLF8"
"3198","RPA1","POLR1A"
"3199","PCNT","PCNT"
"3200","YETS4","YEATS4"
"3201","DUS4L","DUS4L"
"3202","ADCY5","ADCY5"
"3203","ZBT11","ZBTB11"
"3204","AN32D","ANP32D"
"3205","CNOT4","CNOT4"
"3206","STABP","STAMBP"
"3207","NET1","NTN1"
"3208","FSTL3","FSTL3"
"3209","CPSF4","CPSF4"
"3210","NFAC1","NFATC1"
"3211","DIRA3","DIRAS3"
"3212","NTR2","NTSR2"
"3213","VATG2","ATP6V1G2"
"3214","ASML","ASMTL"
"3215","ECEL1","ECEL1"
"3216","CDS2","CDS2"
"3217","EYA4","EYA4"
"3218","K2C75","KRT75"
"3219","CEP43","CEP43"
"3220","PPR3D","PPP1R3D"
"3221","BRD1","BRD1"
"3222","APBB3","APBB3"
"3223","RPP29","POP4"
"3224","LY86","LY86"
"3225","HERC2","HERC2"
"3226","CXL14","CXCL14"
"3227","RAB3D","RAB3D"
"3228","ERR2","ESRRB"
"3229","SNP29","SNAP29"
"3230","CRTAM","CRTAM"
"3231","CPNE6","CPNE6"
"3232","PM2P2","PMS2P2"
"3233","OXSR1","OXSR1"
"3234","GGPPS","GGPS1"
"3235","FGF19","FGF19"
"3236","LDOC1","LDOC1"
"3237","SEM4F","SEMA4F"
"3238","RAB36","RAB36"
"3239","HS74L","HSPA4L"
"3240","PTBP3","PTBP3"
"3241","TBCD8","TBC1D8"
"3242","IL33","IL33"
"3243","STR3N","STARD3NL"
"3244","LSM8","LSM8"
"3245","ZN682","ZNF682"
"3246","AP2A1","AP2A1"
"3247","WIZ","WIZ"
"3248","DDX58","DDX58"
"3249","ZMYM6","ZMYM6"
"3250","STAU1","STAU1"
"3251","GPR75","GPR75"
"3252","TTC4","TTC4"
"3253","NDST3","NDST3"
"3254","TM50A","TMEM50A"
"3255","CAVN2","CAVIN2"
"3256","CER1","CER1"
"3257","BAG2","BAG2"
"3258","BAG3","BAG3"
"3259","M4K4","MAP4K4"
"3260","DCMC","MLYCD"
"3261","QORL1","CRYZL1"
"3262","AIFM1","AIFM1"
"3263","CLD1","CLDN1"
"3264","CLIC3","CLIC3"
"3265","EMAL2","EML2"
"3266","LATS1","LATS1"
"3267","GNA14","GNA14"
"3268","GLP2R","GLP2R"
"3269","ANGL1","ANGPTL1"
"3270","GUC1C","GUCA1C"
"3271","UCP4","SLC25A27"
"3272","NUD14","NUDT14"
"3273","TSN13","TSPAN13"
"3274","TSN15","TSPAN15"
"3275","TSN12","TSPAN12"
"3276","BPNT1","BPNT1"
"3277","SNAI1","SNAI1"
"3278","FADS2","FADS2"
"3279","DDAH2","DDAH2"
"3280","G6B","MPIG6B"
"3281","LY66C","LY6G6C"
"3282","LY66D","LY6G6D"
"3283","ABHGA","ABHD16A"
"3284","GPAN1","GPANK1"
"3285","CF047","C6orf47"
"3286","FRITZ","WDPCP"
"3287","TXD12","TXNDC12"
"3288","DLGP3","DLGAP3"
"3289","NOE2","OLFM2"
"3290","TRUB2","TRUB2"
"3291","ECD","ECD"
"3292","MOT3","SLC16A8"
"3293","OR2H2","OR2H2"
"3294","TTLL1","TTLL1"
"3295","EPPI","EPPIN"
"3296","SYF2","SYF2"
"3297","CBX7","CBX7"
"3298","TGM3L","TGM6"
"3299","TBX18","TBX18"
"3300","EOMES","EOMES"
"3301","NCTR2","NCR2"
"3302","TBX6","TBX6"
"3303","ONEC2","ONECUT2"
"3304","FTCD","FTCD"
"3305","ITGBL","ITGBL1"
"3306","FBLN4","EFEMP2"
"3307","SG1D1","SCGB1D1"
"3308","SG1D2","SCGB1D2"
"3309","LGI1","LGI1"
"3310","BY55","CD160"
"3311","BMP15","BMP15"
"3312","IGSF6","IGSF6"
"3313","S1PR4","S1PR4"
"3314","RECK","RECK"
"3315","MBD3","MBD3"
"3316","TOP3B","TOP3B"
"3317","TCL1B","TCL1B"
"3318","NUDT3","NUDT3"
"3319","F107A","FAM107A"
"3320","CH25H","CH25H"
"3321","AGR2","AGR2"
"3322","DRC4","GAS8"
"3323","APCL","APC2"
"3324","PTTG1","PTTG1"
"3325","I18BP","IL18BP"
"3326","BCL10","BCL10"
"3327","NDUBA","NDUFB10"
"3328","PPR17","PPP1R17"
"3329","CX001","CXorf1"
"3330","HAND1","HAND1"
"3331","CLPT1","CLPTM1"
"3332","ZBED1","ZBED1"
"3333","MOC2B","MOCS2"
"3334","TOM40","TOMM40"
"3335","NAPSA","NAPSA"
"3336","PX11B","PEX11B"
"3337","PAK4","PAK4"
"3338","WNT11","WNT11"
"3339","DNAL4","DNAL4"
"3340","CHK2","CHEK2"
"3341","APBA3","APBA3"
"3342","ACL6A","ACTL6A"
"3343","CCNE2","CCNE2"
"3344","B3GT4","B3GALT4"
"3345","NSD2","NSD2"
"3346","HMHB1","HMHB1"
"3347","CYB","MT-CYB"
"3348","CYB5","CYB5A"
"3349","ADH1B","ADH1B"
"3350","ADH1G","ADH1C"
"3351","LDHA","LDHA"
"3352","AL1A1","ALDH1A1"
"3353","DHE3","GLUD1"
"3354","DYR","DHFR"
"3355","NB5R3","CYB5R3"
"3356","GSHR","GSR"
"3357","COX1","MT-CO1"
"3358","COX2","MT-CO2"
"3359","COX3","MT-CO3"
"3360","PH4H","PAH"
"3361","SODC","SOD1"
"3362","CERU","CP"
"3363","FA8","F8"
"3364","OTC","OTC"
"3365","F13A","F13A1"
"3366","PNPH","PNP"
"3367","HPRT","HPRT1"
"3368","AATM","GOT2"
"3369","ABL1","ABL1"
"3370","EGFR","EGFR"
"3371","MOS","MOS"
"3372","PGK1","PGK1"
"3373","KAD1","AK1"
"3374","LALBA","LALBA"
"3375","THRB","F2"
"3376","C1R","C1R"
"3377","HPT","HP"
"3378","HPTR","HPR"
"3379","FA9","F9"
"3380","FA10","F10"
"3381","CFAD","CFD"
"3382","PLMN","PLG"
"3383","FA12","F12"
"3384","UROK","PLAU"
"3385","TPA","PLAT"
"3386","CFAB","CFB"
"3387","RENI","REN"
"3388","ADA","ADA"
"3389","ATP6","MT-ATP6"
"3390","CAH1","CA1"
"3391","CAH2","CA2"
"3392","ASSY","ASS1"
"3393","OAS1","OAS1"
"3394","ISK1","SPINK1"
"3395","ANT3","SERPINC1"
"3396","A1AT","SERPINA1"
"3397","AACT","SERPINA3"
"3398","ANGT","AGT"
"3399","A2MG","A2M"
"3400","CO3","C3"
"3401","CO5","C5"
"3402","TIMP1","TIMP1"
"3403","CYTC","CST3"
"3404","CYTS","CST4"
"3405","CYTN","CST1"
"3406","CYTA","CSTA"
"3407","KNG1","KNG1"
"3408","FOS","FOS"
"3409","MYC","MYC"
"3410","RASN","NRAS"
"3411","RASH","HRAS"
"3412","RASK","KRAS"
"3413","PDGFB","PDGFB"
"3414","LDLR","LDLR"
"3415","EGF","EGF"
"3416","TGFA","TGFA"
"3417","TGFB1","TGFB1"
"3418","NGF","NGF"
"3419","GON1","GNRH1"
"3420","ANF","NPPA"
"3421","NEU1","OXT"
"3422","NEU2","AVP"
"3423","COLI","POMC"
"3424","PENK","PENK"
"3425","PDYN","PDYN"
"3426","GLHA","CGA"
"3427","TSHB","TSHB"
"3428","FSHB","FSHB"
"3429","LSHB","LHB"
"3430","PRL","PRL"
"3431","SOMA","GH1"
"3432","SOM2","GH2"
"3433","CALC","CALCA"
"3434","THYG","TG"
"3435","PTHY","PTH"
"3436","GLUC","GCG"
"3437","VIP","VIP"
"3438","SLIB","GHRH"
"3439","PAHO","PPY"
"3440","NPY","NPY"
"3441","INS","INS"
"3442","IGF2","IGF2"
"3443","GAST","GAST"
"3444","TNFB","LTA"
"3445","TNFA","TNF"
"3446","IFNA1","IFNA1"
"3447","IFNA2","IFNA2"
"3448","IFN10","IFNA10"
"3449","IFNA7","IFNA7"
"3450","IFN21","IFNA21"
"3451","IFNA5","IFNA5"
"3452","IFN14","IFNA14"
"3453","IFN17","IFNA17"
"3454","IFNB","IFNB1"
"3455","IFNG","IFNG"
"3456","IL1A","IL1A"
"3457","IL1B","IL1B"
"3458","EPO","EPO"
"3459","IL2RA","IL2RA"
"3460","IGJ","JCHAIN"
"3461","KVD33","IGKV1D-33"
"3462","KV133","IGKV1-33"
"3463","KV139","IGKV1-39"
"3464","KV117","IGKV1-17"
"3465","KVD16","IGKV1D-16"
"3466","KV105","IGKV1-5"
"3467","KVD12","IGKV1D-12"
"3468","KVD40","IGKV2D-40"
"3469","KVD28","IGKV2D-28"
"3470","KV320","IGKV3-20"
"3471","KV315","IGKV3-15"
"3472","LV144","IGLV1-44"
"3473","LV147","IGLV1-47"
"3474","LV151","IGLV1-51"
"3475","LV140","IGLV1-40"
"3476","LV214","IGLV2-14"
"3477","LV223","IGLV2-23"
"3478","LV211","IGLV2-11"
"3479","LV208","IGLV2-8"
"3480","LV319","IGLV3-19"
"3481","LV301","IGLV3-1"
"3482","LV325","IGLV3-25"
"3483","LV327","IGLV3-27"
"3484","LV657","IGLV6-57"
"3485","CD4","CD4"
"3486","CD8A","CD8A"
"3487","TVBL3","TRBV12-3"
"3488","TVA84","TRAV8-4"
"3489","HV169","IGHV1-69"
"3490","HV146","IGHV1-46"
"3491","HV311","IGHV3-11"
"3492","HV348","IGHV3-48"
"3493","HV323","IGHV3-23"
"3494","HV313","IGHV3-13"
"3495","HV353","IGHV3-53"
"3496","HV330","IGHV3-30"
"3497","HV333","IGHV3-33"
"3498","HV307","IGHV3-7"
"3499","HV309","IGHV3-9"
"3500","HV270","IGHV2-70"
"3501","HV205","IGHV2-5"
"3502","HV439","IGHV4-39"
"3503","HV459","IGHV4-59"
"3504","PIGR","PIGR"
"3505","IGKC","IGKC"
"3506","TRAC","TRAC"
"3507","TRBC1","TRBC1"
"3508","IGHE","IGHE"
"3509","IGHG1","IGHG1"
"3510","IGHG2","IGHG2"
"3511","IGHG3","IGHG3"
"3512","IGHG4","IGHG4"
"3513","IGHM","IGHM"
"3514","IGHA1","IGHA1"
"3515","IGHA2","IGHA2"
"3516","IGHD","IGHD"
"3517","HLAB","HLA-B"
"3518","HLAH","HLA-H"
"3519","DRA","HLA-DRA"
"3520","DQA2","HLA-DQA2"
"3521","DQA1","HLA-DQA1"
"3522","DRB","HLA-DRB1"
"3523","DQB1","HLA-DQB1"
"3524","HBAZ","HBZ"
"3525","HBD","HBD"
"3526","HBE","HBE1"
"3527","MYG","MB"
"3528","CO1A1","COL1A1"
"3529","CO2A1","COL2A1"
"3530","CO3A1","COL3A1"
"3531","CO4A1","COL4A1"
"3532","CRYAA","CRYAA"
"3533","CRYAB","CRYAB"
"3534","K1C14","KRT14"
"3535","K2C6A","KRT6A"
"3536","LMNA","LMNA"
"3537","SPTA1","SPTA1"
"3538","TNNC2","TNNC2"
"3539","APOA1","APOA1"
"3540","APOE","APOE"
"3541","APOA2","APOA2"
"3542","APOC1","APOC1"
"3543","APOC2","APOC2"
"3544","APOC3","APOC3"
"3545","FIBA","FGA"
"3546","FIBB","FGB"
"3547","FIBG","FGG"
"3548","MBP","MBP"
"3549","MYP2","PMP2"
"3550","ACHA","CHRNA1"
"3551","GLPA","GYPA"
"3552","B3AT","SLC4A1"
"3553","CRP","CRP"
"3554","SAMP","APCS"
"3555","C1QA","C1QA"
"3556","C1QB","C1QB"
"3557","C1QC","C1QC"
"3558","CO9","C9"
"3559","APOH","APOH"
"3560","A2GL","LRG1"
"3561","FINC","FN1"
"3562","RET4","RBP4"
"3563","AMBP","AMBP"
"3564","A1AG1","ORM1"
"3565","FETUA","AHSG"
"3566","TTHY","TTR"
"3567","ALBU","ALB"
"3568","FETA","AFP"
"3569","VTDB","GC"
"3570","CXCL7","PPBP"
"3571","PLF4","PF4"
"3572","CXL10","CXCL10"
"3573","TFR1","TFRC"
"3574","TRFE","TF"
"3575","TRFL","LTF"
"3576","HEMO","HPX"
"3577","FRIL","FTL"
"3578","FRIH","FTH1"
"3579","MT2","MT2A"
"3580","STAT","STATH"
"3581","PRPC","PRH1"
"3582","PRB2","PRB2"
"3583","SMR3B","SMR3B"
"3584","OSTCN","BGLAP"
"3585","ESR1","ESR1"
"3586","NU1M","MT-ND1"
"3587","NU2M","MT-ND2"
"3588","NU3M","MT-ND3"
"3589","NU4LM","MT-ND4L"
"3590","NU4M","MT-ND4"
"3591","NU5M","MT-ND5"
"3592","NU6M","MT-ND6"
"3593","ATP8","MT-ATP8"
"3594","ANGI","ANG"
"3595","FA11","F11"
"3596","KLKB1","KLKB1"
"3597","MMP1","MMP1"
"3598","MIS","AMH"
"3599","SLPI","SLPI"
"3600","TRGV3","TRGV3"
"3601","TRGC2","TRGC2"
"3602","OPSB","OPN1SW"
"3603","OPSR","OPN1LW"
"3604","OPSG","OPN1MW"
"3605","C4BPA","C4BPA"
"3606","VTNC","VTN"
"3607","HMDH","HMGCR"
"3608","CATA","CAT"
"3609","RAF1","RAF1"
"3610","TDT","DNTT"
"3611","PA21B","PLA2G1B"
"3612","GLCM","GBA"
"3613","FUCO","FUCA1"
"3614","PROC","PROC"
"3615","ALDOA","ALDOA"
"3616","CYTB","CSTB"
"3617","ANXA1","ANXA1"
"3618","PDGFA","PDGFA"
"3619","REL2","RLN2"
"3620","APOB","APOB"
"3621","COL","CLPS"
"3622","CSF2","CSF2"
"3623","GCR","NR3C1"
"3624","TFF1","TFF1"
"3625","PRIO","PRNP"
"3626","SODM","SOD2"
"3627","LCAT","LCAT"
"3628","OAT","OAT"
"3629","KITH","TK1"
"3630","HRG","HRG"
"3631","MYCN","MYCN"
"3632","MAS","MAS1"
"3633","LV743","IGLV7-43"
"3634","THY1","THY1"
"3635","A1BG","A1BG"
"3636","HG2A","CD74"
"3637","CD3D","CD3D"
"3638","K2C6B","KRT6B"
"3639","K2C1","KRT1"
"3640","S100B","S100B"
"3641","VWF","VWF"
"3642","SHBG","SHBG"
"3643","SEMG1","SEMG1"
"3644","PRP1","PRB1"
"3645","TBB4A","TUBB4A"
"3646","G3P","GAPDH"
"3647","ARLY","ASL"
"3648","KV116","IGKV1-16"
"3649","KVD39","IGKV1D-39"
"3650","KV311","IGKV3-11"
"3651","TVB79","TRBV7-9"
"3652","TVA29","TRAV29DV5"
"3653","HLAA","HLA-A"
"3654","DPB1","HLA-DPB1"
"3655","HSP1","PRM1"
"3656","PRM2","PRM2"
"3657","ERBB2","ERBB2"
"3658","WNT1","WNT1"
"3659","NTRK1","NTRK1"
"3660","CPNS1","CAPNS1"
"3661","P53","TP53"
"3662","MT1A","MT1A"
"3663","MT1E","MT1E"
"3664","MT1F","MT1F"
"3665","AMY1","AMY1A"
"3666","AMYP","AMY2A"
"3667","HSPB1","HSPB1"
"3668","CP1A1","CYP1A1"
"3669","REL1","RLN1"
"3670","TYSY","TYMS"
"3671","CY24B","CYBB"
"3672","RPN1","RPN1"
"3673","RPN2","RPN2"
"3674","GNAI2","GNAI2"
"3675","H2A1B","H2AC8"
"3676","B3A2","SLC4A2"
"3677","GLPC","GYPC"
"3678","IFNW1","IFNW1"
"3679","IFNA6","IFNA6"
"3680","IFNA4","IFNA4"
"3681","IFN16","IFNA16"
"3682","IGF1","IGF1"
"3683","AT1A1","ATP1A1"
"3684","AT1B1","ATP1B1"
"3685","SCG1","CHGB"
"3686","ALDOB","ALDOB"
"3687","A4","APP"
"3688","ARGI1","ARG1"
"3689","APOD","APOD"
"3690","ALDH2","ALDH2"
"3691","CP17A","CYP17A1"
"3692","ITB3","ITGB3"
"3693","ITB2","ITGB2"
"3694","CP11A","CYP11A1"
"3695","S10A8","S100A8"
"3696","INHA","INHA"
"3697","IL4","IL4"
"3698","IL5","IL5"
"3699","HMGN1","HMGN1"
"3700","PAI2","SERPINB2"
"3701","PAI1","SERPINE1"
"3702","KPCG","PRKCG"
"3703","ADT2","SLC25A5"
"3704","IPSP","SERPINA5"
"3705","IC1","SERPING1"
"3706","CFAI","CFI"
"3707","F13B","F13B"
"3708","ISG15","ISG15"
"3709","LEG2","LGALS2"
"3710","PERM","MPO"
"3711","PCCA","PCCA"
"3712","PCCB","PCCB"
"3713","CP1A2","CYP1A2"
"3714","CP2E1","CYP2E1"
"3715","PPBT","ALPL"
"3716","PPB1","ALPP"
"3717","IF2A","EIF2S1"
"3718","HMGN2","HMGN2"
"3719","FGF1","FGF1"
"3720","IL6","IL6"
"3721","EDN1","EDN1"
"3722","ICAM1","ICAM1"
"3723","RLA1","RPLP1"
"3724","RLA2","RPLP2"
"3725","RLA0","RPLP0"
"3726","7B2","SCG5"
"3727","JUN","JUN"
"3728","FABPH","FABP3"
"3729","RPC4","POLR3D"
"3730","REG1A","REG1A"
"3731","TETN","CLEC3B"
"3732","LA","SSB"
"3733","AT5G1","ATP5MC1"
"3734","DQB2","HLA-DQB2"
"3735","THBG","SERPINA7"
"3736","HEP2","SERPIND1"
"3737","AP2A","TFAP2A"
"3738","ITB1","ITGB1"
"3739","KPCB","PRKCB"
"3740","K1C18","KRT18"
"3741","K2C8","KRT8"
"3742","CRBA1","CRYBA1"
"3743","CASB","CSN2"
"3744","CALB1","CALB1"
"3745","MYL1","MYL1"
"3746","HEPS","HPN"
"3747","CO5A2","COL5A2"
"3748","GLPB","GYPB"
"3749","CD1A","CD1A"
"3750","CD5","CD5"
"3751","DCUP","UROD"
"3752","UD2B4","UGT2B4"
"3753","INSR","INSR"
"3754","LCK","LCK"
"3755","FYN","FYN"
"3756","CHLE","BCHE"
"3757","AGAL","GLA"
"3758","CCKN","CCK"
"3759","KV230","IGKV2-30"
"3760","KV401","IGKV4-1"
"3761","KV502","IGKV5-2"
"3762","HV434","IGHV4-34"
"3763","DOA","HLA-DOA"
"3764","GELS","GSN"
"3765","RB","RB1"
"3766","PRGR","PGR"
"3767","PTMA","PTMA"
"3768","CDK1","CDK1"
"3769","ATPB","ATP5F1B"
"3770","CO2","C2"
"3771","S10A9","S100A9"
"3772","S10A6","S100A6"
"3773","APOA4","APOA4"
"3774","CD2","CD2"
"3775","IF4E","EIF4E"
"3776","CEAM5","CEACAM5"
"3777","KCRM","CKM"
"3778","ENOA","ENO1"
"3779","FCER2","FCER2"
"3780","PYGL","PYGL"
"3781","G6PI","GPI"
"3782","DPOLB","POLB"
"3783","NPM","NPM1"
"3784","TPM3","TPM3"
"3785","ITAV","ITGAV"
"3786","CRF","CRH"
"3787","LIPL","LPL"
"3788","HEXA","HEXA"
"3789","KLK1","KLK1"
"3790","H2B1J","H2BC11"
"3791","GDN","SERPINE2"
"3792","LIPG","LIPF"
"3793","HYEP","EPHX1"
"3794","TY3H","TH"
"3795","ACBP","DBI"
"3796","FABPL","FABP1"
"3797","LDHB","LDHB"
"3798","NFL","NEFL"
"3799","NFM","NEFM"
"3800","CENPB","CENPB"
"3801","PERT","TPO"
"3802","GPX1","GPX1"
"3803","TRBM","THBD"
"3804","PGK2","PGK2"
"3805","PROS","PROS1"
"3806","PDIA1","P4HB"
"3807","KLK3","KLK3"
"3808","H10","H1-0"
"3809","ASGR1","ASGR1"
"3810","ASGR2","ASGR2"
"3811","ACYP1","ACYP1"
"3812","CRGC","CRYGC"
"3813","CRGB","CRYGB"
"3814","CRGD","CRYGD"
"3815","ADH1A","ADH1A"
"3816","FES","FES"
"3817","CSF1R","CSF1R"
"3818","CATD","CTSD"
"3819","ANXA2","ANXA2"
"3820","CO8A","C8A"
"3821","CO8B","C8B"
"3822","GP1BA","GP1BA"
"3823","CO8G","C8G"
"3824","CAN1","CAPN1"
"3825","TBB5","TUBB"
"3826","MT1B","MT1B"
"3827","CAH3","CA3"
"3828","INVO","IVL"
"3829","TRY1","PRSS1"
"3830","TRY2","PRSS2"
"3831","GRP","GRP"
"3832","CASK","CSN3"
"3833","ACHG","CHRNG"
"3834","ADRB2","ADRB2"
"3835","PGS2","DCN"
"3836","SAP","PSAP"
"3837","HEXB","HEXB"
"3838","CATL1","CTSL"
"3839","PROF1","PFN1"
"3840","PMGE","BPGM"
"3841","APT","APRT"
"3842","CD3E","CD3E"
"3843","SYEP","EPRS1"
"3844","CATB","CTSB"
"3845","LDHC","LDHC"
"3846","HS90A","HSP90AA1"
"3847","GALT","GALT"
"3848","HNRPC","HNRNPC"
"3849","UROM","UMOD"
"3850","QCR6","UQCRH"
"3851","LAMB1","LAMB1"
"3852","YES","YES1"
"3853","LYN","LYN"
"3854","RET","RET"
"3855","TPM2","TPM2"
"3856","FUMH","FH"
"3857","PSPB","SFTPB"
"3858","ERCC1","ERCC1"
"3859","TSP1","THBS1"
"3860","RNAS1","RNASE1"
"3861","CXB1","GJB1"
"3862","SP1","SP1"
"3863","ZFY","ZFY"
"3864","IGF1R","IGF1R"
"3865","OPSD","RHO"
"3866","MSMB","MSMB"
"3867","CO1A2","COL1A2"
"3868","ANXA6","ANXA6"
"3869","RHOC","RHOC"
"3870","TNR16","NGFR"
"3871","GLI1","GLI1"
"3872","ACM2","CHRM2"
"3873","ACM4","CHRM4"
"3874","DAF","CD55"
"3875","MDR1","ABCB1"
"3876","CBG","SERPINA6"
"3877","4F2","SLC3A2"
"3878","CEL2A","CELA2A"
"3879","CEL2B","CELA2B"
"3880","MCR","NR3C2"
"3881","BGLR","GUSB"
"3882","PFKAM","PFKM"
"3883","HS90B","HSP90AB1"
"3884","SRPRA","SRPRA"
"3885","ASNS","ASNS"
"3886","ELNE","ELANE"
"3887","SYPH","SYP"
"3888","MMP2","MMP2"
"3889","MMP3","MMP3"
"3890","GSTA1","GSTA1"
"3891","SODE","SOD3"
"3892","CATG","CTSG"
"3893","ADH4","ADH4"
"3894","HEM3","HMBS"
"3895","NEP","MME"
"3896","INHBA","INHBA"
"3897","MGP","MGP"
"3898","ITA2B","ITGA2B"
"3899","APOA","LPA"
"3900","ODPA","PDHA1"
"3901","PLEK","PLEK"
"3902","CD14","CD14"
"3903","CO4A2","COL4A2"
"3904","CY1","CYC1"
"3905","PTPRC","PTPRC"
"3906","RU2B","SNRPB2"
"3907","MET","MET"
"3908","TRFM","MELTF"
"3909","ADRB1","ADRB1"
"3910","MYL3","MYL3"
"3911","CFAH","CFH"
"3912","FGF4","FGF4"
"3913","RU17","SNRNP70"
"3914","HCK","HCK"
"3915","FCG3A","FCGR3A"
"3916","ITA5","ITGA5"
"3917","NFIC","NFIC"
"3918","VIME","VIM"
"3919","CP3A4","CYP3A4"
"3920","CP21A","CYP21A2"
"3921","A2AP","SERPINF2"
"3922","IL3","IL3"
"3923","RS17","RPS17"
"3924","FA7","F7"
"3925","K1C19","KRT19"
"3926","K2C7","KRT7"
"3927","GNAI3","GNAI3"
"3928","ANXA5","ANXA5"
"3929","K1C16","KRT16"
"3930","IBP1","IGFBP1"
"3931","STS","STS"
"3932","CEL3B","CELA3B"
"3933","RSSA","RPSA"
"3934","IL6RA","IL6R"
"3935","5HT1A","HTR1A"
"3936","ABHD2","ABHD2"
"3937","ACM5","CHRM5"
"3938","ADA2A","ADRA2A"
"3939","ROS1","ROS1"
"3940","NMB","NMB"
"3941","CD63","CD63"
"3942","PKHD1","PKHD1"
"3943","RM03","MRPL3"
"3944","SNRPA","SNRPA"
"3945","HXD4","HOXD4"
"3946","HXC4","HOXC4"
"3947","FGF2","FGF2"
"3948","HXB5","HOXB5"
"3949","PO2F2","POU2F2"
"3950","CEL3A","CELA3A"
"3951","ENOG","ENO2"
"3952","HBAT","HBQ1"
"3953","THIK","ACAA1"
"3954","P3","SLC10A3"
"3955","SRP19","SRP19"
"3956","DOPO","DBH"
"3957","GSTA2","GSTA2"
"3958","GSTP1","GSTP1"
"3959","CYTT","CST2"
"3960","RU1C","SNRPC"
"3961","MMP7","MMP7"
"3962","MMP10","MMP10"
"3963","CD48","CD48"
"3964","VILI","VIL1"
"3965","GROA","CXCL1"
"3966","LEG1","LGALS1"
"3967","DHPR","QDPR"
"3968","HMGB1","HMGB1"
"3969","STP1","TNP1"
"3970","RET1","RBP1"
"3971","PAEP","PAEP"
"3972","F16P1","FBP1"
"3973","GNAO","GNAO1"
"3974","SPRC","SPARC"
"3975","GSTM1","GSTM1"
"3976","TPM1","TPM1"
"3977","CLCA","CLTA"
"3978","CLCB","CLTB"
"3979","ANXA4","ANXA4"
"3980","INHBB","INHBB"
"3981","CN37","CNP"
"3982","WNT2","WNT2"
"3983","CD7","CD7"
"3984","IG2R","GIG44"
"3985","HMOX1","HMOX1"
"3986","CSF1","CSF1"
"3987","PGFRB","PDGFRB"
"3988","DLDH","DLD"
"3989","HXB7","HOXB7"
"3990","HXC6","HOXC6"
"3991","ROA1","HNRNPA1"
"3992","RU2A","SNRPA1"
"3993","CATH","CTSH"
"3994","COX6C","COX6C"
"3995","GIP","GIP"
"3996","SECR","SCT"
"3997","CD3G","CD3G"
"3998","TACD2","TACSTD2"
"3999","FGR","FGR"
"4000","LPH","LCT"
"4001","C1S","C1S"
"4002","PARP1","PARP1"
"4003","DPOLA","POLA1"
"4004","IFI6","IFI6"
"4005","IFIT2","IFIT2"
"4006","IFIT1","IFIT1"
"4007","LOX5","ALOX5"
"4008","CSF3","CSF3"
"4009","PPBI","ALPI"
"4010","UCHL1","UCHL1"
"4011","FURIN","FURIN"
"4012","LKHA4","LTA4H"
"4013","ALDOC","ALDOC"
"4014","NUDT7","NUDT7"
"4015","NUD17","NUDT17"
"4016","FREM3","FREM3"
"4017","RB40L","RAB40AL"
"4018","CO4A","C4A"
"4019","CO4B","C4B_2"
"4020","NPS","NPS"
"4021","H2AZ","H2AZ1"
"4022","H2A1","H2AC13"
"4023","H2BFM","H2BW2"
"4024","WEE2","WEE2"
"4025","TFPT","TFPT"
"4026","CC175","CCDC175"
"4027","SBK2","SBK2"
"4028","SBK3","SBK3"
"4029","F163B","FAM163B"
"4030","CTXN2","CTXN2"
"4031","FBSP1","FBXO45"
"4032","CT47B","CT47B1"
"4033","NBPF7","NBPF7"
"4034","F86B2","FAM86B2"
"4035","CT18","VENTXP1"
"4036","CT62","CT62"
"4037","KRA14","KRTAP1-4"
"4038","H2AB1","H2AB1"
"4039","H2AB2","H2AB2"
"4040","OR4A8","OR4A8"
"4041","O5AL1","OR5AL1"
"4042","OR4Q2","OR4Q2"
"4043","OR5G3","OR5G3"
"4044","O5AC1","OR5AC1"
"4045","O10J4","OR10J4"
"4046","OR4E1","OR4E1"
"4047","O52Z1","OR52Z1"
"4048","BNIP5","BNIP5"
"4049","TSN19","TSPAN19"
"4050","ZGLP1","ZGLP1"
"4051","AN34C","ANKRD34C"
"4052","BCL8","NBEAP1"
"4053","LIGO3","LINGO3"
"4054","OST4","OST4"
"4055","F153B","FAM153B"
"4056","KRA23","KRTAP2-3"
"4057","U17L7","USP17L7"
"4058","U17L8","USP17L8"
"4059","CC159","CCDC159"
"4060","ISK8","SPINK8"
"4061","SFTA3","SFTA3"
"4062","RHF2B","RHOXF2B"
"4063","IQCF3","IQCF3"
"4064","ACSM4","ACSM4"
"4065","CLC2L","CLEC2L"
"4066","OR8U8","OR8U8"
"4067","T191B","TMEM191B"
"4068","OR8U9","OR8U9"
"4069","OR9G9","OR9G9"
"4070","CISD3","CISD3"
"4071","RBY1D","RBMY1D"
"4072","RFL3S","RFPL3S"
"4073","SLN14","SLFN14"
"4074","UCRIL","UQCRFS1P1"
"4075","ARMS2","ARMS2"
"4076","S35G4","SLC35G4"
"4077","S35G6","SLC35G6"
"4078","OR2T7","OR2T7"
"4079","O56A5","OR56A5"
"4080","ATX1L","ATXN1L"
"4081","FMAS1","FRMD6-AS1"
"4082","TM253","TMEM253"
"4083","ELFN1","ELFN1"
"4084","ASA2B","ASAH2B"
"4085","ZH11B","ZDHHC11B"
"4086","FA87A","FAM87A"
"4087","CF217","LINC00271"
"4088","F90AJ","FAM90A15P"
"4089","SP202","SUPT20HL2"
"4090","SC11B","SEC11B"
"4091","DC8L2","DCAF8L2"
"4092","ME15P","METTL15P1"
"4093","PRR29","PRR29"
"4094","CC172","CCDC172"
"4095","F90AD","FAM90A13P"
"4096","F90AE","FAM90A14P"
"4097","F90AO","FAM90A24P"
"4098","TBC3H","TBC1D3H"
"4099","ZN688","ZNF688"
"4100","CCYL3","CCNYL3"
"4101","FHL19","FTH1P19"
"4102","ZN806","ZNF806"
"4103","FA66E","FAM66E"
"4104","CJ052","LINC00614"
"4105","CI014","LINC00032"
"4106","PIRT","PIRT"
"4107","BAAS2","BAALC-AS2"
"4108","CECR9","CECR9"
"4109","MS3L2","MSL3P1"
"4110","C1T9A","C1QTNF9"
"4111","DANCR","DANCR"
"4112","F91A2","LINC00869"
"4113","PA24B","PLA2G4B"
"4114","JMJD7","JMJD7"
"4115","S31D3","SPATA31D3"
"4116","F228B","FAM228B"
"4117","YJ018","-"
"4118","YT014","-"
"4119","R10B1","RSPH10B"
"4120","PATE4","PATE4"
"4121","MYZAP","MYZAP"
"4122","GRL1A","POLR2M"
"4123","TLXNB","TLX1NB"
"4124","ZN735","ZNF735"
"4125","PAB4L","PABPC4L"
"4126","UBFL1","UBTFL1"
"4127","UBFL6","UBTFL6"
"4128","CC079","LINC02877"
"4129","OCM2","OCM2"
"4130","ONCO","OCM"
"4131","TRGC1","TRGC1"
"4132","IGLC6","IGLC6"
"4133","EBLN1","EBLN1"
"4134","F200B","FAM200B"
"4135","ZSA5D","ZSCAN5DP"
"4136","GKN3","GKN3P"
"4137","IGLC1","IGLC1"
"4138","GPHRB","GPR89B"
"4139","DERPC","DERPC"
"4140","CTF8","CHTF8"
"4141","PRR35","PRR35"
"4142","NHLC4","NHLRC4"
"4143","DR4L1","DHRS4L1"
"4144","ZN853","ZNF853"
"4145","ZN883","ZNF883"
"4146","GST2","GSTT2"
"4147","GSTT2","GSTT2B"
"4148","Z286B","ZNF286B"
"4149","ZCC18","ZCCHC18"
"4150","GOG6D","GOLGA6D"
"4151","TB15A","TMSB15A"
"4152","TB15B","TMSB15B"
"4153","CFC1B","CFC1B"
"4154","CFC1","CFC1"
"4155","POTEI","POTEI"
"4156","POTEJ","POTEJ"
"4157","SP9","SP9"
"4158","CTGE8","CTAGE8"
"4159","F157B","FAM157B"
"4160","F157C","FAM157C"
"4161","UBB","UBB"
"4162","UBC","UBC"
"4163","F106C","FAM106C"
"4164","Z705D","ZNF705D"
"4165","Z705B","ZNF705B"
"4166","SPDE6","SPDYE6"
"4167","TRI49","TRIM49"
"4168","TR49C","TRIM49C"
"4169","HMN1","MTRNR2L1"
"4170","HMN2","MTRNR2L2"
"4171","HMN3","MTRNR2L3"
"4172","HMN4","MTRNR2L4"
"4173","HMN5","MTRNR2L5"
"4174","HMN6","MTRNR2L6"
"4175","HMN7","MTRNR2L7"
"4176","HMN8","MTRNR2L8"
"4177","HMN9","MTRNR2L9"
"4178","HMN10","MTRNR2L10"
"4179","ZN865","ZNF865"
"4180","ZN888","ZNF888"
"4181","DU4L2","DUX4L2"
"4182","DU4L3","DUX4L3"
"4183","DU4L4","DUX4L4"
"4184","DU4L5","DUX4L5"
"4185","DU4L6","DUX4L6"
"4186","DU4L7","DUX4L7"
"4187","GOG8H","GOLGA8H"
"4188","S352B","SLC35E2B"
"4189","S35E2","SLC35E2A"
"4190","GG12F","GAGE12F"
"4191","GG12G","GAGE12G"
"4192","GG12I","GAGE12I"
"4193","ST3L1","STAG3L1"
"4194","ST3L2","STAG3L2"
"4195","ST3L3","STAG3L3"
"4196","TSPY3","TSPY3"
"4197","TSPY4","TSPY4"
"4198","TSPY8","TSPY8"
"4199","TSPYA","TSPY10"
"4200","PRS56","PRSS56"
"4201","LIMS3","LIMS3"
"4202","LIMS4","LIMS4"
"4203","SPGOS","SPART-AS1"
"4204","AKAI1","AKAIN1"
"4205","PNM6A","PNMA6A"
"4206","CC166","CCDC166"
"4207","D10OS","DNAH10OS"
"4208","RN224","RNF224"
"4209","SMIM6","SMIM6"
"4210","TPC2A","TRAPPC2"
"4211","TPC2B","TRAPPC2B"
"4212","PT100","PET100"
"4213","SIM13","SMIM13"
"4214","RGPD1","RGPD1"
"4215","RGPD2","RGPD2"
"4216","RBY1A","RBMY1A1"
"4217","RBY1C","RBMY1C"
"4218","PEPA4","PGA4"
"4219","PEPA3","PGA3"
"4220","PEPA5","PGA5"
"4221","THEGL","THEGL"
"4222","RD3L","RD3L"
"4223","SAA1","SAA1"
"4224","SAA2","SAA2"
"4225","SRG2C","SRGAP2C"
"4226","GIMD1","GIMD1"
"4227","TPBGL","TPBGL"
"4228","MPC1L","MPC1L"
"4229","A14EL","ARL14EPL"
"4230","S31C1","SPATA31C1"
"4231","ZN728","ZNF728"
"4232","SIM18","SMIM18"
"4233","SIM17","SMIM17"
"4234","M1BL1","MT1HL1"
"4235","NPIA8","NPIPA8"
"4236","P23D2","PRR23D2"
"4237","CH088","C8orf88"
"4238","ELA","APELA"
"4239","SETLP","SETSIP"
"4240","CSH1","CSH1"
"4241","CSH2","CSH2"
"4242","ST1A3","SULT1A3"
"4243","ST1A4","SULT1A4"
"4244","HMN12","MTRNR2L12"
"4245","SRG2B","SRGAP2B"
"4246","INAM2","INAFM2"
"4247","CH089","C8orf89"
"4248","HNRC4","HNRNPCL4"
"4249","SG1C2","SCGB1C2"
"4250","AT8OS","ATXN8OS"
"4251","AA3R","ADORA3"
"4252","TMIG3","TMIGD3"
"4253","MLN","MRLN"
"4254","OR83P","OR8G3P"
"4255","F231L","-"
"4256","CT456","CT45A6"
"4257","CT455","CT45A5"
"4258","CT45A","CT45A10"
"4259","CT457","CT45A7"
"4260","CT458","CT45A8"
"4261","CT459","CT45A9"
"4262","HS71A","HSPA1A"
"4263","HS71B","HSPA1B"
"4264","PYDC4","NLRP2B"
"4265","SIML1","SMIM10L1"
"4266","SIL2A","SMIM10L2A"
"4267","SIL2B","SMIM10L2B"
"4268","CC086","C3orf86"
"4269","C1C1L","C1GALT1C1L"
"4270","PAL4F","PPIAL4F"
"4271","PAL4G","PPIAL4G"
"4272","U2AF5","U2AF1L5"
"4273","OPSG2","OPN1MW2"
"4274","OPSG3","OPN1MW3"
"4275","CBSL","CBSL"
"4276","OR5H8","OR5H8"
"4277","O13C7","OR13C7"
"4278","O12D1","OR12D1"
"4279","DWORF","STRIT1"
"4280","CGB3","CGB8"
"4281","CGB7","CGB7"
"4282","ENOL","CDIPTOSP"
"4283","CC192","CCDC192"
"4284","IGLC2","IGLC2"
"4285","IGLC3","IGLC3"
"4286","HD101","IGHD1-1"
"4287","HV108","IGHV1-8"
"4288","HVC33","IGHV3-30-3"
"4289","HVC05","IGHV3-30-5"
"4290","HV43D","IGHV3-43D"
"4291","HVD34","IGHV4-30-4"
"4292","HV431","IGHV4-31"
"4293","HVD82","IGHV4-38-2"
"4294","KV113","IGKV1-13"
"4295","CALM1","CALM1"
"4296","CALM2","CALM2"
"4297","CALM3","CALM3"
"4298","T225B","TMEM225B"
"4299","SLUR2","SLURP2"
"4300","LYNX1","LYNX1"
"4301","F236C","FAM236C"
"4302","VSXL2","VSIG10L2"
"4303","D130B","DEFB130B"
"4304","D130A","DEFB130A"
"4305","M14OS","MED14OS"
"4306","VSIG8","VSIG8"
"4307","SNH28","SNHG28"
"4308","SCHI1","SCHIP1"
"4309","RPAC2","POLR1D"
"4310","ZN723","ZNF723"
"4311","ECE2","ECE2"
"4312","EFMT4","EEF1AKMT4"
"4313","EFCE2","EEF1AKMT4-ECE2"
"4314","TMDD1","TMDD1"
"4315","SM34B","SMIM34B"
"4316","NBPFK","NBPF20"
"4317","NBPF9","NBPF9"
"4318","TVA35","TRAV35"
"4319","CB27A","C2orf27A"
"4320","CB27B","C2orf27B"
"4321","TVB63","TRBV6-3"
"4322","TBA3C","TUBA3C"
"4323","TBA3D","TUBA3D"
"4324","CX05B","CXorf51B"
"4325","GAL3A","GATD3A"
"4326","CENL2","CENPVL2"
"4327","TDB01","TRBD1"
"4328","H3Y1","H3Y1"
"4329","NT2NB","NOTCH2NLB"
"4330","NT2NC","NOTCH2NLC"
"4331","H3Y2","H3Y2"
"4332","ETDB","ETDB"
"4333","PR20G","PRR20G"
"4334","F243B","FAM243B"
"4335","TRDD1","TRDD1"
"4336","NPY42","NPY4R2"
"4337","KVD37","IGKV1D-37"
"4338","SPD11","SPDYE11"
"4339","TRAR2","TRA"
"4340","TRBR2","TRB"
"4341","GLI2","GLI2"
"4342","GLI3","GLI3"
"4343","ZN875","ZNF875"
"4344","ZSC22","ZSCAN22"
"4345","TZAP","ZBTB48"
"4346","GLI4","GLI4"
"4347","PYY","PYY"
"4348","CALCB","CALCB"
"4349","ADX","FDX1"
"4350","RAP2A","RAP2A"
"4351","SRGN","SRGN"
"4352","GRAB","GZMB"
"4353","IL8","CXCL8"
"4354","CCL3","CCL3"
"4355","RNAS2","RNASE2"
"4356","RO60","RO60"
"4357","PRB4","PRB4"
"4358","COX8A","COX8A"
"4359","MYB","MYB"
"4360","MYBA","MYBL1"
"4361","MYBB","MYBL2"
"4362","LYAG","GAA"
"4363","POK10","ERVK-10"
"4364","ANDR","AR"
"4365","RARA","RARA"
"4366","RRAS","RRAS"
"4367","HLAC","HLA-C"
"4368","ACRO","ACR"
"4369","ARAF","ARAF"
"4370","H14","H1-4"
"4371","BCL2","BCL2"
"4372","OSTP","SPP1"
"4373","ODP2","DLAT"
"4374","ARRS","SAG"
"4375","PTPRF","PTPRF"
"4376","NR2F6","NR2F6"
"4377","COT1","NR2F1"
"4378","THIO","TXN"
"4379","TGFB3","TGFB3"
"4380","COX5B","COX5B"
"4381","PPGB","CTSA"
"4382","MGST1","MGST1"
"4383","CP2C8","CYP2C8"
"4384","CP2D6","CYP2D6"
"4385","TAU","MAPT"
"4386","CO7","C7"
"4387","KAP0","PRKAR1A"
"4388","CMGA","CHGA"
"4389","TFPI1","TFPI"
"4390","PPBN","ALPG"
"4391","PF4V","PF4V1"
"4392","KIT","KIT"
"4393","RET3","RBP3"
"4394","HEM4","UROS"
"4395","CD28","CD28"
"4396","FGF6","FGF6"
"4397","ESTD","ESD"
"4398","CH60","HSPD1"
"4399","RARB","RARB"
"4400","THA","THRA"
"4401","THB","THRB"
"4402","CLUS","CLU"
"4403","MCF2","MCF2"
"4404","GHR","GHR"
"4405","IRF1","IRF1"
"4406","HPLN1","HAPLN1"
"4407","MLRV","MYL2"
"4408","CD8B","CD8B"
"4409","IAPP","IAPP"
"4410","BIP","HSPA5"
"4411","LAMC1","LAMC1"
"4412","CD37","CD37"
"4413","MYH3","MYH3"
"4414","PNMT","PNMT"
"4415","PPAL","ACP2"
"4416","MTAP2","MAP2"
"4417","HSP7C","HSPA8"
"4418","LIPC","LIPC"
"4419","EGR2","EGR2"
"4420","GTR1","SLC2A1"
"4421","GTR2","SLC2A2"
"4422","GTR3","SLC2A3"
"4423","41","EPB41"
"4424","UMPS","UMPS"
"4425","ODPB","PDHB"
"4426","ODB2","DBT"
"4427","ITAM","ITGAM"
"4428","PYGB","PYGB"
"4429","PYGM","PYGM"
"4430","MBL2","MBL2"
"4431","ACM1","CHRM1"
"4432","ACHB","CHRNB1"
"4433","RALA","RALA"
"4434","RALB","RALB"
"4435","ARY2","NAT2"
"4436","BCR","BCR"
"4437","SPTB1","SPTB"
"4438","LAMP1","LAMP1"
"4439","ERG","ERG"
"4440","PIM1","PIM1"
"4441","ACADM","ACADM"
"4442","FGFR1","FGFR1"
"4443","TOP1","TOP1"
"4444","TOP2A","TOP2A"
"4445","G6PD","G6PD"
"4446","UBL4A","UBL4A"
"4447","PSG1","PSG1"
"4448","PSG2","PSG2"
"4449","VDR","VDR"
"4450","ERR1","ESRRA"
"4451","FGF3","FGF3"
"4452","GNAT1","GNAT1"
"4453","PYC","PC"
"4454","CP2A6","CYP2A6"
"4455","CP19A","CYP19A1"
"4456","DMD","DMD"
"4457","C1TC","MTHFD1"
"4458","CETP","CETP"
"4459","PERE","EPX"
"4460","UTER","SCGB1A1"
"4461","PSPC","SFTPC"
"4462","CP2C9","CYP2C9"
"4463","MPRI","IGF2R"
"4464","ADHX","ADH5"
"4465","KPSH1","PSKH1"
"4466","CDK4","CDK4"
"4467","SRF","SRF"
"4468","CD20","MS4A1"
"4469","CRGA","CRYGA"
"4470","PRPS2","PRPS2"
"4471","CD79A","CD79A"
"4472","DCOR","ODC1"
"4473","PABP1","PABPC1"
"4474","PCNA","PCNA"
"4475","VPREB","VPREB1"
"4476","FGF5","FGF5"
"4477","K2C3","KRT3"
"4478","NFH","NEFH"
"4479","CX6A1","COX6A1"
"4480","HARS1","HARS1"
"4481","FABPI","FABP2"
"4482","COBA1","COL11A1"
"4483","CO6A1","COL6A1"
"4484","CO6A2","COL6A2"
"4485","CO6A3","COL6A3"
"4486","ADT1","SLC25A4"
"4487","ADT3","SLC25A6"
"4488","FA5","F5"
"4489","IMDH2","IMPDH2"
"4490","TPR","TPR"
"4491","RLBP1","RLBP1"
"4492","PTHR","PTHLH"
"4493","PIP","PIP"
"4494","KCRB","CKB"
"4495","FCGR1","FCGR1A"
"4496","FCG2A","FCGR2A"
"4497","FCERA","FCER1A"
"4498","ANXA3","ANXA3"
"4499","MYCL","MYCL"
"4500","MYCP1","MYCLP1"
"4501","KCRU","CKMT1B"
"4502","GRAA","GZMA"
"4503","BMP2","BMP2"
"4504","BMP4","BMP4"
"4505","BMP3","BMP3"
"4506","ODBA","BCKDHA"
"4507","ECP","RNASE3"
"4508","SKI","SKI"
"4509","SKIL","SKIL"
"4510","ACTN1","ACTN1"
"4511","ACE","ACE"
"4512","MYL4","MYL4"
"4513","CADH1","CDH1"
"4514","DEF4","DEFA4"
"4515","MOTI","MLN"
"4516","MYH1","MYH1"
"4517","MYH7","MYH7"
"4518","SRC","SRC"
"4519","PEPD","PEPD"
"4520","XRCC6","XRCC6"
"4521","LYL1","LYL1"
"4522","XRCC5","XRCC5"
"4523","UNG","UNG"
"4524","NR2C1","NR2C1"
"4525","COX41","COX4I1"
"4526","IFM1","IFITM1"
"4527","HEM1","ALAS1"
"4528","GP1BB","GP1BB"
"4529","IL7","IL7"
"4530","CCL4","CCL4"
"4531","GILT","IFI30"
"4532","MYF5","MYF5"
"4533","HXD8","HOXD8"
"4534","TDGF1","TDGF1"
"4535","LAMP2","LAMP2"
"4536","RINI","RNH1"
"4537","BMP1","BMP1"
"4538","CY24A","CYBA"
"4539","CCL2","CCL2"
"4540","CCL5","CCL5"
"4541","SCG2","SCG2"
"4542","MYH6","MYH6"
"4543","MYH8","MYH8"
"4544","CFTR","CFTR"
"4545","CP4B1","CYP4B1"
"4546","NCAM1","NCAM1"
"4547","ICAM2","ICAM2"
"4548","CSPG2","VCAN"
"4549","ITA4","ITGA4"
"4550","RARG","RARG"
"4551","AT1A3","ATP1A3"
"4552","EF2","EEF2"
"4553","MT1G","MT1G"
"4554","K1C10","KRT10"
"4555","K1C13","KRT13"
"4556","K2C5","KRT5"
"4557","PDIA4","PDIA4"
"4558","CO6","C6"
"4559","P4HA1","P4HA1"
"4560","ZNF35","ZNF35"
"4561","PPA5","ACP5"
"4562","CEAM1","CEACAM1"
"4563","TCTP","TPT1"
"4564","HEM2","ALAD"
"4565","ONCM","OSM"
"4566","TF","F3"
"4567","PRG2","PRG2"
"4568","HLAE","HLA-E"
"4569","DRB4","HLA-DRB4"
"4570","DOB","HLA-DOB"
"4571","PLSL","LCP1"
"4572","PLST","PLS3"
"4573","ACPH","APEH"
"4574","ETFA","ETFA"
"4575","TNNT1","TNNT1"
"4576","GYS1","GYS1"
"4577","KAP2","PRKAR2A"
"4578","SC5A1","SLC5A1"
"4579","ANXA8","ANXA8"
"4580","ENOB","ENO3"
"4581","COBA2","COL11A2"
"4582","ADRB3","ADRB3"
"4583","T2FB","GTF2F2"
"4584","HRES1","HRES1"
"4585","CD59","CD59"
"4586","CC130","CCDC130"
"4587","MTDC","MTHFD2"
"4588","3BHS1","HSD3B1"
"4589","DHB1","HSD17B1"
"4590","CATE","CTSE"
"4591","GFAP","GFAP"
"4592","EDN3","EDN3"
"4593","LYAM1","SELL"
"4594","MIF","MIF"
"4595","FOLR2","FOLR2"
"4596","CD99","CD99"
"4597","HGF","HGF"
"4598","PERF","PRF1"
"4599","GLU2B","PRKCSH"
"4600","IRF2","IRF2"
"4601","HCLS1","HCLS1"
"4602","FPPS","FDPS"
"4603","TRI27","TRIM27"
"4604","CBPM","CPM"
"4605","CX7A2","COX7A2"
"4606","SUIS","SI"
"4607","AT1B2","ATP1B2"
"4608","DRD2","DRD2"
"4609","NID1","NID1"
"4610","AK1A1","AKR1A1"
"4611","PA2GA","PLA2G2A"
"4612","NCF1","NCF1"
"4613","INSRR","INSRR"
"4614","KPYM","PKM"
"4615","ACYP2","ACYP2"
"4616","ENPL","HSP90B1"
"4617","CCNB1","CCNB1"
"4618","MYL6B","MYL6B"
"4619","HXB3","HOXB3"
"4620","HXB2","HOXB2"
"4621","HXB1","HOXB1"
"4622","GLUT4","SLC2A4"
"4623","RSMB","SNRPB"
"4624","TYRO","TYR"
"4625","IDE","IDE"
"4626","GPIX","GP9"
"4627","IL1R1","IL1R1"
"4628","MMP9","MMP9"
"4629","IL2RB","IL2RB"
"4630","CX6B1","COX6B1"
"4631","PO2F1","POU2F1"
"4632","HNRPL","HNRNPL"
"4633","GBRA1","GABRA1"
"4634","SYDC","DARS1"
"4635","I23O1","IDO1"
"4636","OXDA","DAO"
"4637","ETS1","ETS1"
"4638","PLAK","JUP"
"4639","QCR7","UQCRB"
"4640","LIF","LIF"
"4641","ETS2","ETS2"
"4642","BRAF","BRAF"
"4643","CBPA1","CPA1"
"4644","CBPB1","CPB1"
"4645","CBPA3","CPA3"
"4646","FABP4","FABP4"
"4647","GLNA","GLUL"
"4648","ALDR","AKR1B1"
"4649","AMPN","ANPEP"
"4650","PVR","PVR"
"4651","RAC2","RAC2"
"4652","CBPN","CPN1"
"4653","ERF3A","GSPT1"
"4654","MYOD1","MYOD1"
"4655","MYOG","MYOG"
"4656","IL9","IL9"
"4657","PGAM2","PGAM2"
"4658","INGR1","IFNGR1"
"4659","ARSA","ARSA"
"4660","B4GT1","B4GALT1"
"4661","PPAP","ACP3"
"4662","EZRI","EZR"
"4663","VATB1","ATP6V1B1"
"4664","FOLR1","FOLR1"
"4665","ATF2","ATF2"
"4666","UCHL3","UCHL3"
"4667","KCNE1","KCNE1"
"4668","CD19","CD19"
"4669","FOSL1","FOSL1"
"4670","FOSL2","FOSL2"
"4671","GLPE","GYPE"
"4672","PGDH","HPGD"
"4673","VAV","VAV1"
"4674","ELN","ELN"
"4675","CSF2R","CSF2RA"
"4676","AREG","AREG"
"4677","HIS1","HTN1"
"4678","HIS3","HTN3"
"4679","MCP","CD46"
"4680","NDKA","NME1"
"4681","C11B1","CYP11B1"
"4682","NQO1","NQO1"
"4683","GNS","GNS"
"4684","ZNF44","ZNF44"
"4685","ZN250","ZNF250"
"4686","VEGFA","VEGFA"
"4687","PHKG2","PHKG2"
"4688","CD1E","CD1E"
"4689","CD1D","CD1D"
"4690","IGLL1","IGLL1"
"4691","ZEP1","HIVEP1"
"4692","ARSB","ARSB"
"4693","PAX1","PAX1"
"4694","RS2","RPS2"
"4695","CHIN","CHN1"
"4696","ITF2","TCF4"
"4697","SIAT1","ST6GAL1"
"4698","RAG1","RAG1"
"4699","TFE2","TCF3"
"4700","DESP","DSP"
"4701","RFA2","RPA2"
"4702","MUC1","MUC1"
"4703","COX7C","COX7C"
"4704","GATA1","GATA1"
"4705","TIMP2","TIMP2"
"4706","LOX15","ALOX15"
"4707","ANPRA","NPR1"
"4708","CD44","CD44"
"4709","NQO2","NQO2"
"4710","H2AX","H2AX"
"4711","LYAM3","SELP"
"4712","PGCA","ACAN"
"4713","F261","PFKFB1"
"4714","ITB4","ITGB4"
"4715","LEUK","SPN"
"4716","CBR1","CBR1"
"4717","ANK1","ANK1"
"4718","ACADS","ACADS"
"4719","CREB1","CREB1"
"4720","LIPP","PNLIP"
"4721","PGFRA","PDGFRA"
"4722","GDC","SLC25A16"
"4723","BGAL","GLB1"
"4724","PECA1","PECAM1"
"4725","PP2BB","PPP3CB"
"4726","NCK1","NCK1"
"4727","GCFC2","GCFC2"
"4728","KCNA2","KCNA2"
"4729","H15","H1-5"
"4730","H13","H1-3"
"4731","H12","H1-2"
"4732","CTLA4","CTLA4"
"4733","ZN823","ZNF823"
"4734","EPCAM","EPCAM"
"4735","NCPR","POR"
"4736","BGAT","ABO"
"4737","DPEP1","DPEP1"
"4738","EPB42","EPB42"
"4739","MGMT","MGMT"
"4740","PRLR","PRLR"
"4741","TSHR","TSHR"
"4742","PDE6A","PDE6A"
"4743","NEC2","PCSK2"
"4744","GBB3","GNB3"
"4745","CRIS2","CRISP2"
"4746","LYAM2","SELE"
"4747","FER","FER"
"4748","AT2A2","ATP2A2"
"4749","CL3L1","CCL3L1"
"4750","UD2B7","UGT2B7"
"4751","CD36","CD36"
"4752","ANFB","NPPB"
"4753","CBPE","CPE"
"4754","IL7RA","IL7R"
"4755","PLCG2","PLCG2"
"4756","FAAA","FAH"
"4757","STMN1","STMN1"
"4758","YBOX3","YBX3"
"4759","ZFX","ZFX"
"4760","ZNF12","ZNF12"
"4761","ZNF14","ZNF14"
"4762","ZN708","ZNF708"
"4763","ZNF16","ZNF16"
"4764","ZNF17","ZNF17"
"4765","ZNF18","ZNF18"
"4766","ZNF19","ZNF19"
"4767","ZNF20","ZNF20"
"4768","ZN182","ZNF182"
"4769","ZNF22","ZNF22"
"4770","ZNF23","ZNF23"
"4771","ZNF24","ZNF24"
"4772","ZKSC1","ZKSCAN1"
"4773","ZNF25","ZNF25"
"4774","ZNF26","ZNF26"
"4775","ZN37A","ZNF37A"
"4776","ZNF28","ZNF28"
"4777","ZNF3","ZNF3"
"4778","ZNF43","ZNF43"
"4779","ZNF30","ZNF30"
"4780","ZSC20","ZSCAN20"
"4781","ZNF32","ZNF32"
"4782","NAGAB","NAGA"
"4783","HSP76","HSPA6"
"4784","RHOQ","RHOQ"
"4785","HMGA1","HMGA1"
"4786","ZNF7","ZNF7"
"4787","ZNF8","ZNF8"
"4788","TMM11","TMEM11"
"4789","AATC","GOT1"
"4790","INAR1","IFNAR1"
"4791","BPI","BPI"
"4792","KPCA","PRKCA"
"4793","JUNB","JUNB"
"4794","ITA2","ITGA2"
"4795","CXA1","GJA1"
"4796","ANPRC","NPR3"
"4797","ASM","SMPD1"
"4798","UBF1","UBTF"
"4799","HXB8","HOXB8"
"4800","HXB9","HOXB9"
"4801","HXB4","HOXB4"
"4802","HXB6","HOXB6"
"4803","AK1C4","AKR1C4"
"4804","JUND","JUND"
"4805","CTRB1","CTRB1"
"4806","KCRS","CKMT2"
"4807","TAL1","TAL1"
"4808","ATF7","ATF7"
"4809","NDUB7","NDUFB7"
"4810","SYN1","SYN1"
"4811","KAPCA","PRKACA"
"4812","TYRP1","TYRP1"
"4813","CAN2","CAPN2"
"4814","KCNA6","KCNA6"
"4815","DESM","DES"
"4816","CEBPB","CEBPB"
"4817","NEUM","GAP43"
"4818","HLAG","HLA-G"
"4819","PTN2","PTPN2"
"4820","DCAM","AMD1"
"4821","ATTY","TAT"
"4822","TPH1","TPH1"
"4823","ACHB2","CHRNB2"
"4824","PYRG1","CTPS1"
"4825","EGLN","ENG"
"4826","DDX5","DDX5"
"4827","PFKAL","PFKL"
"4828","XBP1","XBP1"
"4829","SAP3","GM2A"
"4830","CR1","CR1"
"4831","LEG3","LGALS3"
"4832","IBP3","IGFBP3"
"4833","SPI1","SPI1"
"4834","VGFR1","FLT1"
"4835","PRS6A","PSMC3"
"4836","TCPA","TCP1"
"4837","PTN1","PTPN1"
"4838","LOX12","ALOX12"
"4839","IBP2","IGFBP2"
"4840","ERCC2","ERCC2"
"4841","BMP7","BMP7"
"4842","RL35A","RPL35A"
"4843","ITB5","ITGB5"
"4844","ARF4","ARF4"
"4845","ADA2B","ADRA2B"
"4846","RL7","RPL7"
"4847","EGR1","EGR1"
"4848","VINC","VCL"
"4849","GPX2","GPX2"
"4850","S5A1","SRD5A1"
"4851","LBP","LBP"
"4852","PTPRA","PTPRA"
"4853","ARY1","NAT1"
"4854","GBRB1","GABRB1"
"4855","GBRG2","GABRG2"
"4856","PACA","ADCYAP1"
"4857","IL1RA","IL1RN"
"4858","CNRG","PDE6G"
"4859","ITB6","ITGB6"
"4860","RHCE","RHCE"
"4861","SON","SON"
"4862","NELFE","NELFE"
"4863","RL17","RPL17"
"4864","LAG3","LAG3"
"4865","PGAM1","PGAM1"
"4866","RCC1","RCC1"
"4867","ADA2C","ADRA2C"
"4868","SDC1","SDC1"
"4869","ATF1","ATF1"
"4870","ATF3","ATF3"
"4871","ATF4","ATF4"
"4872","ATF6A","ATF6"
"4873","DNLI1","LIG1"
"4874","ATP5J","ATP5PF"
"4875","XRCC1","XRCC1"
"4876","K1C15","KRT15"
"4877","K2C4","KRT4"
"4878","AMD","PAM"
"4879","CADH2","CDH2"
"4880","TSN8","TSPAN8"
"4881","GNAZ","GNAZ"
"4882","GNAT2","GNAT2"
"4883","C11B2","CYP11B2"
"4884","ML12A","MYL12A"
"4885","DCHS","HDC"
"4886","PLCG1","PLCG1"
"4887","UD16","UGT1A6"
"4888","EPOR","EPOR"
"4889","TNNI1","TNNI1"
"4890","LFA3","CD58"
"4891","VCAM1","VCAM1"
"4892","NUCL","NCL"
"4893","HXK1","HK1"
"4894","RPB3","POLR2C"
"4895","RPAB1","POLR2E"
"4896","CD53","CD53"
"4897","NDUV2","NDUFV2"
"4898","ELK1","ELK1"
"4899","TNNI3","TNNI3"
"4900","TNR1A","TNFRSF1A"
"4901","GGT1","GGT1"
"4902","ERCC3","ERCC3"
"4903","RO52","TRIM21"
"4904","TFEB","TFEB"
"4905","E2AK2","EIF2AK2"
"4906","FUT1","FUT1"
"4907","TFE3","TFE3"
"4908","WT1","WT1"
"4909","HME2","EN2"
"4910","SPEE","SRM"
"4911","SL9A1","SLC9A1"
"4912","A1AG2","ORM2"
"4913","CSK22","CSNK2A2"
"4914","RXRA","RXRA"
"4915","AOC1","AOC1"
"4916","ITIH2","ITIH2"
"4917","ITIH1","ITIH1"
"4918","CEL","CEL"
"4919","NFKB1","NFKB1"
"4920","CXCL2","CXCL2"
"4921","CXCL3","CXCL3"
"4922","NCF2","NCF2"
"4923","FST","FST"
"4924","ELAF","PI3"
"4925","AMY2B","AMY2B"
"4926","TYPH","TYMP"
"4927","AT2B1","ATP2B1"
"4928","CR2","CR2"
"4929","DPA1","HLA-DPA1"
"4930","IF2B","EIF2S2"
"4931","TCO1","TCN1"
"4932","TCO2","TCN2"
"4933","ANXA7","ANXA7"
"4934","SDHL","SDS"
"4935","CD33","CD33"
"4936","PEPC","PGC"
"4937","KLK2","KLK2"
"4938","ISK2","SPINK2"
"4939","CAP7","AZU1"
"4940","TBP","TBP"
"4941","TRYB2","TPSB2"
"4942","CCNA2","CCNA2"
"4943","PO3F3","POU3F3"
"4944","PO3F2","POU3F2"
"4945","CD22","CD22"
"4946","BTF3","BTF3"
"4947","AL5AP","ALOX5AP"
"4948","ACM3","CHRM3"
"4949","TNR1B","TNFRSF1B"
"4950","RAB3A","RAB3A"
"4951","RAB3B","RAB3B"
"4952","RAB4A","RAB4A"
"4953","RAB5A","RAB5A"
"4954","RAB6A","RAB6A"
"4955","TKN1","TAC1"
"4956","MCH","PMCH"
"4957","NR1D1","NR1D1"
"4958","TRH","TRH"
"4959","PRVA","PVALB"
"4960","MSH3","MSH3"
"4961","MX1","MX1"
"4962","MX2","MX2"
"4963","ANPRB","NPR2"
"4964","PSB1","PSMB1"
"4965","MPRD","M6PR"
"4966","ATP4A","ATP4A"
"4967","H2A1D","H2AC7"
"4968","COX5A","COX5A"
"4969","LMNB1","LMNB1"
"4970","ITAL","ITGAL"
"4971","ITAX","ITGAX"
"4972","DDC","DDC"
"4973","GRAH","GZMH"
"4974","HXA5","HOXA5"
"4975","PZP","PZP"
"4976","BCL3","BCL3"
"4977","MIME","OGN"
"4978","NTF3","NTF3"
"4979","MAK","MAK"
"4980","EDN2","EDN2"
"4981","CAN3","CAPN3"
"4982","IL11","IL11"
"4983","ICAL","CAST"
"4984","CP2B6","CYP2B6"
"4985","CP3A5","CYP3A5"
"4986","HNF1A","HNF1A"
"4987","EFNA1","EFNA1"
"4988","IMDH1","IMPDH1"
"4989","A1ATR","SERPINA2"
"4990","CO9A1","COL9A1"
"4991","C4BPB","C4BPB"
"4992","CP2A7","CYP2A7"
"4993","CO5A1","COL5A1"
"4994","MAG","MAG"
"4995","NEBU","NEB"
"4996","FILA","FLG"
"4997","ASPG","AGA"
"4998","RASA1","RASA1"
"4999","PHOS","PDC"
"5000","PTMS","PTMS"
"5001","CD3Z","CD247"
"5002","PRPS3","PRPS1L1"
"5003","CD11B","CDK11B"
"5004","ENDOU","ENDOU"
"5005","MAL","MAL"
"5006","FUT3","FUT3"
"5007","PTN","PTN"
"5008","GSTM3","GSTM3"
"5009","VATB2","ATP6V1B2"
"5010","VATC1","ATP6V1C1"
"5011","CSRP1","CSRP1"
"5012","FLNA","FLNA"
"5013","NF1","NF1"
"5014","AOFA","MAOA"
"5015","ACOC","ACO1"
"5016","MDR3","ABCB4"
"5017","NK2R","TACR2"
"5018","S1PR1","S1PR1"
"5019","FPR1","FPR1"
"5020","ZNF10","ZNF10"
"5021","SPYA","AGXT"
"5022","CNR1","CNR1"
"5023","SYT1","SYT1"
"5024","TNAP3","TNFAIP3"
"5025","SCF","KITLG"
"5026","5NTD","NT5E"
"5027","SAT1","SAT1"
"5028","TAF1","TAF1"
"5029","GPDA","GPD1"
"5030","EPHA1","EPHA1"
"5031","DRD1","DRD1"
"5032","C5AR1","C5AR1"
"5033","TA2R","TBXA2R"
"5034","MK","MDK"
"5035","ZP3","ZP3"
"5036","MSRE","MSR1"
"5037","FGF7","FGF7"
"5038","VDAC1","VDAC1"
"5039","FGFR2","FGFR2"
"5040","PGS1","BGN"
"5041","SIAL","IBSP"
"5042","RYR1","RYR1"
"5043","CD72","CD72"
"5044","ERBB3","ERBB3"
"5045","SDHB","SDHB"
"5046","DRD4","DRD4"
"5047","DRD5","DRD5"
"5048","CD9","CD9"
"5049","MATN1","MATN1"
"5050","ODBB","BCKDHB"
"5051","COMT","COMT"
"5052","TGM2","TGM2"
"5053","KCNA3","KCNA3"
"5054","BMP5","BMP5"
"5055","BMP6","BMP6"
"5056","MUTA","MMUT"
"5057","OSBP1","OSBP"
"5058","PIMT","PCMT1"
"5059","PERL","LPO"
"5060","FUT4","FUT4"
"5061","FBRL","FBL"
"5062","RS4Y1","RPS4Y1"
"5063","PUR2","GART"
"5064","TENX","TNXB"
"5065","CADH3","CDH3"
"5066","PUR6","PAICS"
"5067","IL10","IL10"
"5068","ACES","ACHE"
"5069","IDS","IDS"
"5070","NLTP","SCP2"
"5071","UD11","UGT1A1"
"5072","UD14","UGT1A4"
"5073","UBA1","UBA1"
"5074","GPX3","GPX3"
"5075","CCL1","CCL1"
"5076","NDKB","NME2"
"5077","ENPP1","ENPP1"
"5078","USF1","USF1"
"5079","FGFR4","FGFR4"
"5080","KCNA4","KCNA4"
"5081","KCNA5","KCNA5"
"5082","GALA","GAL"
"5083","H1T","H1-6"
"5084","SPR1B","SPRR1B"
"5085","SPR2E","SPRR2E"
"5086","SPR2D","SPRR2D"
"5087","HEM0","ALAS2"
"5088","ADRO","FDXR"
"5089","FGFR3","FGFR3"
"5090","KAPCG","PRKACG"
"5091","ROA2","HNRNPA2B1"
"5092","RFX1","RFX1"
"5093","CCNO","CCNO"
"5094","CALB2","CALB2"
"5095","CP7A1","CYP7A1"
"5096","CBL","CBL"
"5097","IBP4","IGFBP4"
"5098","KAPCB","PRKACB"
"5099","QCR2","UQCRC2"
"5100","GTR5","SLC2A5"
"5101","TGM1","TGM1"
"5102","NR4A1","NR4A1"
"5103","CAH4","CA4"
"5104","GNLY","GNLY"
"5105","AAAD","AADAC"
"5106","CPN2","CPN2"
"5107","EVI2A","EVI2A"
"5108","HEMH","FECH"
"5109","LSHR","LHCGR"
"5110","PROZ","PROZ"
"5111","MMP8","MMP8"
"5112","MRC1","MRC1"
"5113","CRYGS","CRYGS"
"5114","XPA","XPA"
"5115","HV102","IGHV1-2"
"5116","AMPD1","AMPD1"
"5117","EST1","CES1"
"5118","FBLN1","FBLN1"
"5119","TCEA1","TCEA1"
"5120","PGH1","PTGS1"
"5121","ITA6","ITGA6"
"5122","SFPQ","SFPQ"
"5123","TBG1","TUBG1"
"5124","KELL","KEL"
"5125","CAH6","CA6"
"5126","PPIB","PPIB"
"5127","S10A1","S100A1"
"5128","SRCH","HRC"
"5129","KALM","ANOS1"
"5130","MAOM","ME2"
"5131","GCSP","GLDC"
"5132","SYWC","WARS1"
"5133","RS3","RPS3"
"5134","MYF6","MYF6"
"5135","GLRA1","GLRA1"
"5136","GLRA2","GLRA2"
"5137","GCSH","GCSH"
"5138","CBLN1","CBLN1"
"5139","KS6B1","RPS6KB1"
"5140","JAK1","JAK1"
"5141","PTPRB","PTPRB"
"5142","PTPRD","PTPRD"
"5143","PTPRE","PTPRE"
"5144","PTPRG","PTPRG"
"5145","PTPRZ","PTPRZ1"
"5146","LORI","LORICRIN"
"5147","SP100","SP100"
"5148","CRCM","MCC"
"5149","TNFL4","TNFSF4"
"5150","NFYA","NFYA"
"5151","OMGP","OMG"
"5152","SAHH","AHCY"
"5153","H2B1O","H2BC17"
"5154","COF1","CFL1"
"5155","BDNF","BDNF"
"5156","ANFC","NPPC"
"5157","IF4B","EIF4B"
"5158","HAP40","F8A1"
"5159","AT2B4","ATP2B4"
"5160","IP3KA","ITPKA"
"5161","DGKA","DGKA"
"5162","PAX7","PAX7"
"5163","PAX3","PAX3"
"5164","VAMP1","VAMP1"
"5165","GATA2","GATA2"
"5166","GATA3","GATA3"
"5167","CPT2","CPT2"
"5168","KTHY","DTYMK"
"5169","RIR1","RRM1"
"5170","PRPH2","PRPH2"
"5171","FSHR","FSHR"
"5172","CMA1","CMA1"
"5173","SC6A2","SLC6A2"
"5174","IL32","IL32"
"5175","LAMA2","LAMA2"
"5176","GBRR1","GABRR1"
"5177","FCAR","FCAR"
"5178","PRTN3","PRTN3"
"5179","ZBT25","ZBTB25"
"5180","ALAT1","GPT"
"5181","CX7A1","COX7A1"
"5182","COX7B","COX7B"
"5183","MMP11","MMP11"
"5184","CCND1","CCND1"
"5185","RAE1","CHM"
"5186","CRHBP","CRHBP"
"5187","ERD21","KDELR1"
"5188","IL4RA","IL4R"
"5189","CP3A7","CYP3A7"
"5190","COT2","NR2F2"
"5191","GA45A","GADD45A"
"5192","EDNRB","EDNRB"
"5193","EF1B","EEF1B2"
"5194","AT5F1","ATP5PB"
"5195","THAS","TBXAS1"
"5196","AKAP5","AKAP5"
"5197","IBP6","IGFBP6"
"5198","IBP5","IGFBP5"
"5199","PPAC","ACP1"
"5200","KPCL","PRKCH"
"5201","THIL","ACAT1"
"5202","TENA","TNC"
"5203","MYL9","MYL9"
"5204","DNAS1","DNASE1"
"5205","CCNC","CCNC"
"5206","CCNE1","CCNE1"
"5207","CP2F1","CYP2F1"
"5208","RPB1","POLR2A"
"5209","CDK2","CDK2"
"5210","HRH2","HRH2"
"5211","CXCR1","CXCR1"
"5212","CXCR2","CXCR2"
"5213","APC","APC"
"5214","CD24","CD24"
"5215","CO8A2","COL8A2"
"5216","FPR3","FPR3"
"5217","FPR2","FPR2"
"5218","GUC2C","GUCY2C"
"5219","ARBK1","GRK2"
"5220","ADA1D","ADRA1D"
"5221","EDNRA","EDNRA"
"5222","NK1R","TACR1"
"5223","PTAFR","PTAFR"
"5224","ACKR3","ACKR3"
"5225","PAR1","F2R"
"5226","MYP0","MPZ"
"5227","MCM3","MCM3"
"5228","NFYB","NFYB"
"5229","ZA2G","AZGP1"
"5230","THTM","MPST"
"5231","LAMA1","LAMA1"
"5232","RS12","RPS12"
"5233","BRD2","BRD2"
"5234","TNR6","FAS"
"5235","TYY1","YY1"
"5236","DNJB1","DNAJB1"
"5237","DNJB2","DNAJB2"
"5238","ATPA","ATP5F1A"
"5239","MT3","MT3"
"5240","CATS","CTSS"
"5241","PSA1","PSMA1"
"5242","PSA2","PSMA2"
"5243","PSA3","PSMA3"
"5244","PSA4","PSMA4"
"5245","RBTN2","LMO2"
"5246","RBTN1","LMO1"
"5247","S100P","S100P"
"5248","UCP1","UCP1"
"5249","NPY1R","NPY1R"
"5250","CO5A3","COL5A3"
"5251","TNR5","CD40"
"5252","IKBA","NFKBIA"
"5253","ITA3","ITGA3"
"5254","ITB7","ITGB7"
"5255","ITB8","ITGB8"
"5256","PTX3","PTX3"
"5257","MOES","MSN"
"5258","PTN3","PTPN3"
"5259","DDX6","DDX6"
"5260","CTNA2","CTNNA2"
"5261","DNMT1","DNMT1"
"5262","PAX6","PAX6"
"5263","U2AF2","U2AF2"
"5264","KRA59","KRTAP5-9"
"5265","RL13","RPL13"
"5266","RAE2","CHML"
"5267","ELAV4","ELAVL4"
"5268","ASPX","ACRV1"
"5269","3BHS2","HSD3B2"
"5270","IVD","IVD"
"5271","CNTF","CNTF"
"5272","S10A4","S100A4"
"5273","MGAT1","MGAT1"
"5274","HMGB2","HMGB2"
"5275","PTBP1","PTBP1"
"5276","SYTC","TARS1"
"5277","SYVC","VARS1"
"5278","EF1G","EEF1G"
"5279","TTP","ZFP36"
"5280","PPLA","PLN"
"5281","NKG2A","KLRC1"
"5282","NKG2C","KLRC2"
"5283","NKG2D","KLRK1"
"5284","CD27","CD27"
"5285","FKBP2","FKBP2"
"5286","HGFL","MST1"
"5287","IL3RA","IL3RA"
"5288","CNTFR","CNTFR"
"5289","CRBB3","CRYBB3"
"5290","AVR2A","ACVR2A"
"5291","STOM","STOM"
"5292","KAD4","AK4"
"5293","PON1","PON1"
"5294","ANX13","ANXA13"
"5295","AOFB","MAOB"
"5296","1433T","YWHAQ"
"5297","IF","CBLIF"
"5298","MK03","MAPK3"
"5299","MARK3","MARK3"
"5300","VATL","ATP6V0C"
"5301","G0S2","G0S2"
"5302","CALL3","CALML3"
"5303","DPP4","DPP4"
"5304","GDF1","GDF1"
"5305","ARNT","ARNT"
"5306","CERS1","CERS1"
"5307","RL10","RPL10"
"5308","CO8A1","COL8A1"
"5309","RFA1","RPA1"
"5310","APEX1","APEX1"
"5311","CD82","CD82"
"5312","DCK","DCK"
"5313","PYR1","CAD"
"5314","CALR","CALR"
"5315","PDE4A","PDE4A"
"5316","MAP4","MAP4"
"5317","CALX","CANX"
"5318","PROP","CFP"
"5319","IL1R2","IL1R2"
"5320","P85A","PIK3R1"
"5321","IP3KB","ITPKB"
"5322","AOAH","AOAH"
"5323","PSB8","PSMB8"
"5324","PSB9","PSMB9"
"5325","PSA5","PSMA5"
"5326","DMA","HLA-DMA"
"5327","DMB","HLA-DMB"
"5328","PIT1","POU1F1"
"5329","PSB4","PSMB4"
"5330","PSB6","PSMB6"
"5331","PSB5","PSMB5"
"5332","GSTM2","GSTM2"
"5333","5HT1D","HTR1D"
"5334","5HT1B","HTR1B"
"5335","5HT2A","HTR2A"
"5336","ABCD3","ABCD3"
"5337","TMOD1","TMOD1"
"5338","ITPI2","ITPRID2"
"5339","LYOX","LOX"
"5340","ELK4","ELK4"
"5341","CYTD","CST5"
"5342","PEX2","PEX2"
"5343","CLAT","CHAT"
"5344","ACADL","ACADL"
"5345","NDUS1","NDUFS1"
"5346","ADH6","ADH6"
"5347","5HT2C","HTR2C"
"5348","NMBR","NMBR"
"5349","DPOD1","POLD1"
"5350","TEAD1","TEAD1"
"5351","HXD9","HOXD9"
"5352","HXD10","HOXD10"
"5353","MSX1","MSX1"
"5354","SMCA1","SMARCA1"
"5355","GBRB3","GABRB3"
"5356","GBRR2","GABRR2"
"5357","MK01","MAPK1"
"5358","DUS1","DUSP1"
"5359","5HT1E","HTR1E"
"5360","GRAN","GCA"
"5361","MZF1","MZF1"
"5362","RXRB","RXRB"
"5363","ERCC5","ERCC5"
"5364","RBL1","RBL1"
"5365","GRN","GRN"
"5366","PTPRM","PTPRM"
"5367","AMPL","LAP3"
"5368","DHI1","HSD11B1"
"5369","CD34","CD34"
"5370","CD38","CD38"
"5371","TNR8","TNFRSF8"
"5372","CD1B","CD1B"
"5373","CD1C","CD1C"
"5374","CXB2","GJB2"
"5375","S10A2","S100A2"
"5376","PTN4","PTPN4"
"5377","T2EA","GTF2E1"
"5378","T2EB","GTF2E2"
"5379","NEC1","PCSK1"
"5380","PCSK6","PCSK6"
"5381","TPP2","TPP2"
"5382","IMPA1","IMPA1"
"5383","AA2AR","ADORA2A"
"5384","AA2BR","ADORA2B"
"5385","CCN2","CCN2"
"5386","EPHA2","EPHA2"
"5387","EPHA3","EPHA3"
"5388","EPHA8","EPHA8"
"5389","EPHB2","EPHB2"
"5390","PTN6","PTPN6"
"5391","SHC1","SHC1"
"5392","NK3R","TACR3"
"5393","3MG","MPG"
"5394","RABP2","CRABP2"
"5395","ARI4A","ARID4A"
"5396","KDM5A","KDM5A"
"5397","LTK","LTK"
"5398","S100G","S100G"
"5399","CO4A5","COL4A5"
"5400","TKT","TKT"
"5401","IL12A","IL12A"
"5402","IL12B","IL12B"
"5403","CASP1","CASP1"
"5404","NOS3","NOS3"
"5405","NOS1","NOS1"
"5406","SPB3","SERPINB3"
"5407","LMOD1","LMOD1"
"5408","RBMS1","RBMS1"
"5409","PML","PML"
"5410","TYK2","TYK2"
"5411","KAIN","SERPINA4"
"5412","EF1D","EEF1D"
"5413","OAS2","OAS2"
"5414","RABP1","CRABP1"
"5415","ODPAT","PDHA2"
"5416","CD40L","CD40LG"
"5417","MARCS","MARCKS"
"5418","AQP1","AQP1"
"5419","CNGA1","CNGA1"
"5420","GNA11","GNA11"
"5421","AL4A1","ALDH4A1"
"5422","PBLD","PBLD"
"5423","ERP29","ERP29"
"5424","PRDX6","PRDX6"
"5425","BLVRB","BLVRB"
"5426","PRDX5","PRDX5"
"5427","DOPD","DDT"
"5428","GFRP","GCHFR"
"5429","PRDX3","PRDX3"
"5430","ATPD","ATP5F1D"
"5431","RL12","RPL12"
"5432","ECHM","ECHS1"
"5433","KCY","CMPK1"
"5434","PEBP1","PEBP1"
"5435","PDIA3","PDIA3"
"5436","2AAA","PPP2R1A"
"5437","2AAB","PPP2R1B"
"5438","CD6","CD6"
"5439","CDC27","CDC27"
"5440","FCERG","FCER1G"
"5441","CCND2","CCND2"
"5442","CCND3","CCND3"
"5443","WEE1","WEE1"
"5444","MIP","MIP"
"5445","MPIP1","CDC25A"
"5446","MPIP2","CDC25B"
"5447","MPIP3","CDC25C"
"5448","PPIF","PPIF"
"5449","T4S1","TM4SF1"
"5450","BKRB2","BDKRB2"
"5451","NKTR","NKTR"
"5452","NMT1","NMT1"
"5453","HLAF","HLA-F"
"5454","V2R","AVPR2"
"5455","HMOX2","HMOX2"
"5456","PURA2","ADSS2"
"5457","UFO","AXL"
"5458","SC6A1","SLC6A1"
"5459","ACHA5","CHRNA5"
"5460","AMRP","LRPAP1"
"5461","TSPO","TSPO"
"5462","AA1R","ADORA1"
"5463","GRPR","GRPR"
"5464","AGTR1","AGTR1"
"5465","OXYR","OXTR"
"5466","PUR8","ADSL"
"5467","KPYR","PKLR"
"5468","CLIP1","CLIP1"
"5469","SORCN","SRI"
"5470","GNA15","GNA15"
"5471","GSTT1","GSTT1"
"5472","ILEU","SERPINB1"
"5473","GCH1","GCH1"
"5474","SL7A1","SLC7A1"
"5475","AL1B1","ALDH1B1"
"5476","AL3A1","ALDH3A1"
"5477","SSR1","SSTR1"
"5478","SSR2","SSTR2"
"5479","RPB2","POLR2B"
"5480","ACHB4","CHRNB4"
"5481","5HT1F","HTR1F"
"5482","OR1E1","OR1E1"
"5483","O10J1","OR10J1"
"5484","GNRHR","GNRHR"
"5485","CALCR","CALCR"
"5486","NTR1","NTSR1"
"5487","NEUT","NTS"
"5488","LCN1","LCN1"
"5489","SDHA","SDHA"
"5490","COR1A","CORO1A"
"5491","GDIA","GDI1"
"5492","S10A7","S100A7"
"5493","MK04","MAPK4"
"5494","METK2","MAT2A"
"5495","S5A2","SRD5A2"
"5496","HXD3","HOXD3"
"5497","HXA10","HOXA10"
"5498","HXA6","HOXA6"
"5499","HXA7","HOXA7"
"5500","HXA9","HOXA9"
"5501","HXA11","HOXA11"
"5502","HXA13","HOXA13"
"5503","HXC8","HOXC8"
"5504","HXC9","HOXC9"
"5505","HXC12","HOXC12"
"5506","HXC13","HOXC13"
"5507","HXD11","HOXD11"
"5508","TLX1","TLX1"
"5509","KAP1","PRKAR1B"
"5510","KAP3","PRKAR2B"
"5511","CPSM","CPS1"
"5512","RIR2","RRM2"
"5513","CD52","CD52"
"5514","FGF9","FGF9"
"5515","SSR4","SSTR4"
"5516","CASQ1","CASQ1"
"5517","SDC4","SDC4"
"5518","TIA1","TIA1"
"5519","FMO4","FMO4"
"5520","FMO3","FMO3"
"5521","ZEP2","HIVEP2"
"5522","SC5A2","SLC5A2"
"5523","SC6A6","SLC6A6"
"5524","GBRA5","GABRA5"
"5525","SC6A4","SLC6A4"
"5526","DNJA1","DNAJA1"
"5527","AKT1","AKT1"
"5528","AKT2","AKT2"
"5529","IL2RG","IL2RG"
"5530","QCR1","UQCRC1"
"5531","3HIDH","HIBADH"
"5532","PUR9","ATIC"
"5533","ABC3A","APOBEC3A"
"5534","HNRH3","HNRNPH3"
"5535","HNRH1","HNRNPH1"
"5536","CASPE","CASP14"
"5537","1433B","YWHAB"
"5538","1433S","SFN"
"5539","STIP1","STIP1"
"5540","S10AB","S100A11"
"5541","FCG2B","FCGR2B"
"5542","FCG2C","FCGR2C"
"5543","CEAM8","CEACAM8"
"5544","L1CAM","L1CAM"
"5545","I5P2","INPP5B"
"5546","PRDX2","PRDX2"
"5547","ARRB2","ARRB2"
"5548","GLPK","GK"
"5549","CCKAR","CCKAR"
"5550","GASR","CCKBR"
"5551","VIPR1","VIPR1"
"5552","OTX1","OTX1"
"5553","OTX2","OTX2"
"5554","MC4R","MC4R"
"5555","CCR1","CCR1"
"5556","BRS3","BRS3"
"5557","CCR7","CCR7"
"5558","GP183","GPR183"
"5559","ACHA3","CHRNA3"
"5560","GRK4","GRK4"
"5561","CXCR5","CXCR5"
"5562","FOXN2","FOXN2"
"5563","CDD","CDA"
"5564","DCTD","DCTD"
"5565","P5CR1","PYCR1"
"5566","NAC1","SLC8A1"
"5567","GBP1","GBP1"
"5568","GBP2","GBP2"
"5569","ELF1","ELF1"
"5570","SSR3","SSTR3"
"5571","HPPD","HPD"
"5572","TF2H1","GTF2H1"
"5573","STX2","STX2"
"5574","IFNA8","IFNA8"
"5575","DSG3","DSG3"
"5576","IL3RB","CSF2RB"
"5577","CGL","CTH"
"5578","ICAM3","ICAM3"
"5579","RL9","RPL9P8"
"5580","CD70","CD70"
"5581","TNFL8","TNFSF8"
"5582","MC5R","MC5R"
"5583","C2TA","CIITA"
"5584","ACSL1","ACSL1"
"5585","CADH5","CDH5"
"5586","KINH","KIF5B"
"5587","CSTF2","CSTF2"
"5588","LSP1","LSP1"
"5589","CP2CI","CYP2C18"
"5590","CP2CJ","CYP2C19"
"5591","DUT","DUT"
"5592","GCYA2","GUCY1A2"
"5593","MRP1","ABCC1"
"5594","CKS2","CKS2"
"5595","CD80","CD80"
"5596","S10A5","S100A5"
"5597","S10A3","S100A3"
"5598","H2B1B","H2BC3"
"5599","ABCD1","ABCD1"
"5600","MA1A1","MAN1A1"
"5601","ERD22","KDELR2"
"5602","TTK","TTK"
"5603","MCM4","MCM4"
"5604","MCM5","MCM5"
"5605","MCM7","MCM7"
"5606","GALNS","GALNS"
"5607","RNAS4","RNASE4"
"5608","NTF4","NTF4"
"5609","SDC2","SDC2"
"5610","CD68","CD68"
"5611","BMP8B","BMP8B"
"5612","GLYC","SHMT1"
"5613","GLYM","SHMT2"
"5614","GBRA3","GABRA3"
"5615","EVI2B","EVI2B"
"5616","HYES","EPHX2"
"5617","RYK","RYK"
"5618","HS71L","HSPA1L"
"5619","HSP74","HSPA4"
"5620","GRK5","GRK5"
"5621","MPI","MPI"
"5622","5HT7R","HTR7"
"5623","CNR2","CNR2"
"5624","TRFR","TRHR"
"5625","OR1D2","OR1D2"
"5626","PE2R1","PTGER1"
"5627","CRFR1","CRHR1"
"5628","TRY3","PRSS3"
"5629","GPC1","GPC1"
"5630","BTC","BTC"
"5631","PROF2","PFN2"
"5632","UBP6","USP6"
"5633","CXA4","GJA4"
"5634","CAH5A","CA5A"
"5635","CAH8","CA8"
"5636","CTNA1","CTNNA1"
"5637","CTNB1","CTNNB1"
"5638","IL13","IL13"
"5639","BMI1","BMI1"
"5640","PCGF2","PCGF2"
"5641","NOS2","NOS2"
"5642","PHB","PHB"
"5643","PTN7","PTPN7"
"5644","SPB6","SERPINB6"
"5645","MERL","NF2"
"5646","RADI","RDX"
"5647","RECO","RCVRN"
"5648","RFA3","RPA3"
"5649","SFTPD","SFTPD"
"5650","RFC4","RFC4"
"5651","RFC2","RFC2"
"5652","RFC1","RFC1"
"5653","RL22","RPL22"
"5654","T2FA","GTF2F1"
"5655","SPRE","SPR"
"5656","ADML","ADM"
"5657","SPR1A","SPRR1A"
"5658","SPR2B","SPRR2B"
"5659","SPR2A","SPRR2A"
"5660","SSR5","SSTR5"
"5661","ADA1A","ADRA1A"
"5662","PGH2","PTGS2"
"5663","HRH1","HRH1"
"5664","ADA1B","ADRA1B"
"5665","OPRM","OPRM1"
"5666","RORA","RORA"
"5667","PE2R4","PTGER4"
"5668","MAS1L","MAS1L"
"5669","APJ","APLNR"
"5670","TSP2","THBS2"
"5671","TSP4","THBS4"
"5672","HXD12","HOXD12"
"5673","HXD13","HOXD13"
"5674","DRD3","DRD3"
"5675","IDUA","IDUA"
"5676","SCN1A","SCN1A"
"5677","SCN4A","SCN4A"
"5678","UD13","UGT1A3"
"5679","UD15","UGT1A5"
"5680","CBS","CBS"
"5681","CLCN1","CLCN1"
"5682","K1C9","KRT9"
"5683","SAA4","SAA4"
"5684","UBIM","FAU"
"5685","MSX2","MSX2"
"5686","FBN1","FBN1"
"5687","FBN2","FBN2"
"5688","HXK4","GCK"
"5689","PCKGC","PCK1"
"5690","IRS1","IRS1"
"5691","GDE","AGL"
"5692","G6PC","G6PC"
"5693","MYH9","MYH9"
"5694","MYH10","MYH10"
"5695","TIE1","TIE1"
"5696","COPB2","COPB2"
"5697","ACTN2","ACTN2"
"5698","SOAT1","SOAT1"
"5699","ADDA","ADD1"
"5700","ADDB","ADD2"
"5701","BASI","BSG"
"5702","TIMP3","TIMP3"
"5703","ARBK2","GRK3"
"5704","FUS","FUS"
"5705","DDIT3","DDIT3"
"5706","NU214","NUP214"
"5707","DEK","DEK"
"5708","CYLC1","CYLC1"
"5709","ATP7B","ATP7B"
"5710","HNF1B","HNF1B"
"5711","SOX5","SOX5"
"5712","SOX6","SOX6"
"5713","SOX18","SOX18"
"5714","SOX11","SOX11"
"5715","MYH11","MYH11"
"5716","GLRX1","GLRX"
"5717","ZNF93","ZNF93"
"5718","CHKA","CHKA"
"5719","PPM1A","PPM1A"
"5720","ALS","IGFALS"
"5721","AHR","AHR"
"5722","K1C20","KRT20"
"5723","K22E","KRT2"
"5724","PDE6B","PDE6B"
"5725","HMGCL","HMGCL"
"5726","VGFR3","FLT4"
"5727","VGFR2","KDR"
"5728","PRS7","PSMC2"
"5729","MOT8","SLC16A2"
"5730","CH3L1","CHI3L1"
"5731","GGT2","GGT2"
"5732","GGT5","GGT5"
"5733","CXA5","GJA5"
"5734","CXG1","GJC1"
"5735","TCF7","TCF7"
"5736","ARL2","ARL2"
"5737","ARL3","ARL3"
"5738","TRI23","TRIM23"
"5739","MP2K2","MAP2K2"
"5740","ZNF76","ZNF76"
"5741","UDB10","UGT2B10"
"5742","ATPG","ATP5F1C"
"5743","VATE1","ATP6V1E1"
"5744","ACHA7","CHRNA7"
"5745","HEM6","CPOX"
"5746","ARRC","ARR3"
"5747","RL4","RPL4"
"5748","8ODP","NUDT1"
"5749","LONM","LONP1"
"5750","PGM1","PGM1"
"5751","PP1G","PPP1CC"
"5752","FLT3","FLT3"
"5753","BMR1A","BMPR1A"
"5754","ACV1B","ACVR1B"
"5755","TGFR1","TGFBR1"
"5756","GNL1","GNL1"
"5757","TNR3","LTBR"
"5758","SPB5","SERPINB5"
"5759","RPB9","POLR2I"
"5760","PEDF","SERPINF1"
"5761","SRBP1","SREBF1"
"5762","ODO2","DLST"
"5763","GMPR1","GMPR"
"5764","GPX4","GPX4"
"5765","FHR2","CFHR2"
"5766","ACVL1","ACVRL1"
"5767","DHB3","HSD17B3"
"5768","DHB2","HSD17B2"
"5769","SCNNA","SCNN1A"
"5770","SRP14","SRP14"
"5771","TGFR2","TGFBR2"
"5772","NUP62","NUP62"
"5773","PPARG","PPARG"
"5774","HPCL1","HPCAL1"
"5775","FDFT","FDFT1"
"5776","ZEB1","ZEB1"
"5777","PIGA","PIGA"
"5778","V1AR","AVPR1A"
"5779","TAGL2","TAGLN2"
"5780","TALDO","TALDO1"
"5781","SYUA","SNCA"
"5782","ETFB","ETFB"
"5783","RBMX","RBMX"
"5784","BRCA1","BRCA1"
"5785","GNAL","GNAL"
"5786","COIL","COIL"
"5787","VKGC","GGCX"
"5788","INGR2","IFNGR2"
"5789","HYALP","SPAM1"
"5790","ITAE","ITGAE"
"5791","LICH","LIPA"
"5792","VATA","ATP6V1A"
"5793","GRP75","HSPA9"
"5794","IF4A3","EIF4A3"
"5795","SMBP2","IGHMBP2"
"5796","CDN1A","CDKN1A"
"5797","RS19","RPS19"
"5798","RL3","RPL3"
"5799","COFA1","COL15A1"
"5800","COIA1","COL18A1"
"5801","GRIK1","GRIK1"
"5802","MPV17","MPV17"
"5803","OST48","DDOST"
"5804","AN32A","ANP32A"
"5805","FEN1","FEN1"
"5806","PA2G5","PLA2G5"
"5807","CUX1","CUX1"
"5808","MMP12","MMP12"
"5809","GDNF","GDNF"
"5810","CAPG","CAPG"
"5811","CAP2","CAP2"
"5812","TYRP2","DCT"
"5813","ADCY8","ADCY8"
"5814","IL6RB","IL6ST"
"5815","GPV","GP5"
"5816","CEAM3","CEACAM3"
"5817","CEAM6","CEACAM6"
"5818","TACT","CD96"
"5819","NCYM","MYCNOS"
"5820","TXLNA","TXLNA"
"5821","TPO","THPO"
"5822","TCPZ","CCT6A"
"5823","TPOR","MPL"
"5824","CD79B","CD79B"
"5825","NNMT","NNMT"
"5826","IFI27","IFI27"
"5827","PSB10","PSMB10"
"5828","CTRL","CTRL"
"5829","VHL","VHL"
"5830","ADH7","ADH7"
"5831","PBX1","PBX1"
"5832","PBX2","PBX2"
"5833","PBX3","PBX3"
"5834","RL13A","RPL13A"
"5835","ARL1","ARL1"
"5836","ARL4A","ARL4A"
"5837","MLH1","MLH1"
"5838","STAT3","STAT3"
"5839","UBP8","USP8"
"5840","PEX19","PEX19"
"5841","S26A3","SLC26A3"
"5842","MDHC","MDH1"
"5843","MDHM","MDH2"
"5844","IL15","IL15"
"5845","RFC5","RFC5"
"5846","RFC3","RFC3"
"5847","ECHA","HADHA"
"5848","PMEL","PMEL"
"5849","CCNF","CCNF"
"5850","IF2G","EIF2S3"
"5851","ID1","ID1"
"5852","OPRD","OPRD1"
"5853","OPRK","OPRK1"
"5854","OPRX","OPRL1"
"5855","LEP","LEP"
"5856","ETV5","ETV5"
"5857","ETV3","ETV3"
"5858","CASR","CASR"
"5859","AQP2","AQP2"
"5860","BCL6","BCL6"
"5861","CETN2","CETN2"
"5862","ETV6","ETV6"
"5863","EIF2D","EIF2D"
"5864","OX2G","CD200"
"5865","MNDA","MNDA"
"5866","PERI","PRPH"
"5867","RGS2","RGS2"
"5868","WNT5A","WNT5A"
"5869","PTGDS","PTGDS"
"5870","BUD31","BUD31"
"5871","SOX3","SOX3"
"5872","UBA7","UBA7"
"5873","NAA10","NAA10"
"5874","KDM5C","KDM5C"
"5875","P2RY2","P2RY2"
"5876","HNF4A","HNF4A"
"5877","IPP2","PPP1R2"
"5878","ABEC1","APOBEC1"
"5879","CSK","CSK"
"5880","PLPL4","PNPLA4"
"5881","GARS","GARS1"
"5882","SYIC","IARS1"
"5883","NBL1","NBL1"
"5884","TNFL9","TNFSF9"
"5885","M3K8","MAP3K8"
"5886","FOLR3","FOLR3"
"5887","S19A1","SLC19A1"
"5888","EIF1","EIF1"
"5889","PACR","ADCYAP1R1"
"5890","VIPR2","VIPR2"
"5891","GRM5","GRM5"
"5892","5HT2B","HTR2B"
"5893","CCR2","CCR2"
"5894","TSN7","TSPAN7"
"5895","KPCI","PRKCI"
"5896","MC3R","MC3R"
"5897","ELK3","ELK3"
"5898","ACTY","ACTR1B"
"5899","CD86","CD86"
"5900","ECI1","ECI1"
"5901","ASIP","ASIP"
"5902","LAP2A","TMPO"
"5903","STAT1","STAT1"
"5904","STAT6","STAT6"
"5905","STA5A","STAT5A"
"5906","GRIA1","GRIA1"
"5907","GRIA2","GRIA2"
"5908","GRIA3","GRIA3"
"5909","MTREX","MTREX"
"5910","AK1C3","AKR1C3"
"5911","RHG25","ARHGAP25"
"5912","PK3CA","PIK3CA"
"5913","PK3CB","PIK3CB"
"5914","MTOR","MTOR"
"5915","PI4KA","PI4KA"
"5916","HUTH","HAL"
"5917","EPS15","EPS15"
"5918","AF9","MLLT3"
"5919","CASP3","CASP3"
"5920","CASP2","CASP2"
"5921","DPP6","DPP6"
"5922","RS27","RPS27"
"5923","MATK","MATK"
"5924","TEC","TEC"
"5925","TXK","TXK"
"5926","ABL2","ABL2"
"5927","FRK","FRK"
"5928","HELZ","HELZ"
"5929","CNDD3","NCAPD3"
"5930","RBM34","RBM34"
"5931","I12R1","IL12RB1"
"5932","LIFR","LIFR"
"5933","LPPRC","LRPPRC"
"5934","THIM","ACAA2"
"5935","RL35","RPL35"
"5936","WASP","WAS"
"5937","CDN2A","CDKN2A"
"5938","CDN2B","CDKN2B"
"5939","CDN2C","CDKN2C"
"5940","PCP","PRCP"
"5941","CXCL5","CXCL5"
"5942","NSG1","NSG1"
"5943","HD","HTT"
"5944","ECE1","ECE1"
"5945","MTHR","MTHFR"
"5946","EAA1","SLC1A3"
"5947","EAA2","SLC1A2"
"5948","EAA3","SLC1A1"
"5949","SATT","SLC1A4"
"5950","GDF5","GDF5"
"5951","LIS1","PAFAH1B1"
"5952","GUC1A","GUCA1A"
"5953","PF2R","PTGFR"
"5954","PE2R3","PTGER3"
"5955","PE2R2","PTGER2"
"5956","PI2R","PTGIR"
"5957","MUC18","MCAM"
"5958","DCC","DCC"
"5959","CACP","CRAT"
"5960","CAH7","CA7"
"5961","GLP1R","GLP1R"
"5962","CATO","CTSO"
"5963","CATK","CTSK"
"5964","MATR3","MATR3"
"5965","MSH2","MSH2"
"5966","GRK6","GRK6"
"5967","BTD","BTD"
"5968","ETV4","ETV4"
"5969","GPDM","GPD2"
"5970","SSRA","SSR1"
"5971","SSRB","SSR2"
"5972","CRBB2","CRYBB2"
"5973","RAD52","RAD52"
"5974","AL3B1","ALDH3B1"
"5975","NR4A2","NR4A2"
"5976","MAGA1","MAGEA1"
"5977","MAGA2","MAGEA2"
"5978","MAGA3","MAGEA3"
"5979","MAGA4","MAGEA4"
"5980","MAGA5","MAGEA5"
"5981","MAGA6","MAGEA6"
"5982","MAGA8","MAGEA8"
"5983","MAGA9","MAGEA9B"
"5984","MAGAA","MAGEA10"
"5985","MAGAB","MAGEA11"
"5986","MAGAC","MAGEA12"
"5987","MAGB1","MAGEB1"
"5988","PTN9","PTPN9"
"5989","ZAP70","ZAP70"
"5990","KSYK","SYK"
"5991","RANG","RANBP1"
"5992","TNR4","TNFRSF4"
"5993","NAMPT","NAMPT"
"5994","KI2L1","KIR2DL1"
"5995","KI2L2","KIR2DL2"
"5996","KI2L3","KIR2DL3"
"5997","KI3L1","KIR3DL1"
"5998","KI3L2","KIR3DL2"
"5999","KI2S2","KIR2DS2"
"6000","KI2S4","KIR2DS4"
"6001","AFAM","AFM"
"6002","LPAR6","LPAR6"
"6003","ACHA4","CHRNA4"
"6004","PRS6B","PSMC4"
"6005","GATA4","GATA4"
"6006","NKX21","NKX2-1"
"6007","EFTS","TSFM"
"6008","TNNT3","TNNT3"
"6009","TNNT2","TNNT2"
"6010","ACY2","ASPA"
"6011","MMP13","MMP13"
"6012","ABCG1","ABCG1"
"6013","PPIC","PPIC"
"6014","VDAC2","VDAC2"
"6015","ACDSB","ACADSB"
"6016","CBX5","CBX5"
"6017","UBP5","USP5"
"6018","MK08","MAPK8"
"6019","MK09","MAPK9"
"6020","MP2K4","MAP2K4"
"6021","KI67","MKI67"
"6022","KPB2","PHKA2"
"6023","KPB1","PHKA1"
"6024","S15A1","SLC15A1"
"6025","RAGP1","RANGAP1"
"6026","RECQ1","RECQL"
"6027","NOP2","NOP2"
"6028","GPR3","GPR3"
"6029","GPR1","GPR1"
"6030","CCR10","CCR10"
"6031","GPR4","GPR4"
"6032","XCR1","XCR1"
"6033","GPR6","GPR6"
"6034","5HT3A","HTR3A"
"6035","ATRX","ATRX"
"6036","CRK","CRK"
"6037","CRKL","CRKL"
"6038","IF2M","MTIF2"
"6039","BAG6","BAG6"
"6040","GSTM5","GSTM5"
"6041","NSF","NSF"
"6042","CDN1B","CDKN1B"
"6043","NOTC1","NOTCH1"
"6044","ASMT","ASMT"
"6045","BKRB1","BDKRB1"
"6046","IEX1","IER3"
"6047","SO1A2","SLCO1A2"
"6048","MP2K3","MAP2K3"
"6049","BRCC3","BRCC3"
"6050","RL27A","RPL27A"
"6051","RL5","RPL5"
"6052","RL21","RPL21"
"6053","RL28","RPL28"
"6054","RS9","RPS9"
"6055","RS5","RPS5"
"6056","RS10","RPS10"
"6057","MAP1B","MAP1B"
"6058","GNPI1","GNPDA1"
"6059","NEDD4","NEDD4"
"6060","YAP1","YAP1"
"6061","UTRO","UTRN"
"6062","IQGA1","IQGAP1"
"6063","3HAO","HAAO"
"6064","GLYG","GYG1"
"6065","STT3A","STT3A"
"6066","GALR1","GALR1"
"6067","MSS4","RABIF"
"6068","CASA1","CSN1S1"
"6069","PA24A","PLA2G4A"
"6070","RPGP1","RAP1GAP"
"6071","CAZA2","CAPZA2"
"6072","CAPZB","CAPZB"
"6073","GPR12","GPR12"
"6074","RGR","RGR"
"6075","IF1AX","EIF1AX"
"6076","GBRA2","GABRA2"
"6077","GBRB2","GABRB2"
"6078","GLR","GCGR"
"6079","SCTR","SCTR"
"6080","OMP","OMP"
"6081","OR3A1","OR3A1"
"6082","OR3A4","OR3A4P"
"6083","OR1D4","OR1D4"
"6084","OR1E2","OR1E2"
"6085","OR3A3","OR3A3"
"6086","OR1G1","OR1G1"
"6087","OR3A2","OR3A2"
"6088","AL1A3","ALDH1A3"
"6089","SYQ","QARS1"
"6090","5HT5A","HTR5A"
"6091","P2RY1","P2RY1"
"6092","V1BR","AVPR1B"
"6093","CDX1","CDX1"
"6094","RL29","RPL29"
"6095","ID4","ID4"
"6096","LEG7","LGALS7B"
"6097","MT4","MT4"
"6098","NPTX2","NPTX2"
"6099","TISD","ZFP36L2"
"6100","UCRI","UQCRFS1"
"6101","XDH","XDH"
"6102","XCL1","XCL1"
"6103","TNFL6","FASLG"
"6104","SC6A8","SLC6A8"
"6105","MTR1A","MTNR1A"
"6106","ATPO","ATP5PO"
"6107","KCNJ1","KCNJ1"
"6108","KCNJ4","KCNJ4"
"6109","KCNJ6","KCNJ6"
"6110","CBPA2","CPA2"
"6111","GRIA4","GRIA4"
"6112","LIMS1","LIMS1"
"6113","GLIP1","GLIPR1"
"6114","SDF1","CXCL12"
"6115","S6A12","SLC6A12"
"6116","S6A11","SLC6A11"
"6117","SC6A9","SLC6A9"
"6118","NPBW1","NPBWR1"
"6119","NPBW2","NPBWR2"
"6120","PPCE","PREP"
"6121","MAOX","ME1"
"6122","CXA8","GJA8"
"6123","GLRB","GLRB"
"6124","GBRA4","GABRA4"
"6125","IREB2","IREB2"
"6126","AT5G3","ATP5MC3"
"6127","T4S4","TM4SF4"
"6128","REG1B","REG1B"
"6129","TFPI2","TFPI2"
"6130","LEPR","LEPR"
"6131","RFX2","RFX2"
"6132","RFX3","RFX3"
"6133","RFX5","RFX5"
"6134","PI42A","PIP4K2A"
"6135","SOX2","SOX2"
"6136","SOX9","SOX9"
"6137","RXRG","RXRG"
"6138","COPD","ARCN1"
"6139","AL3B2","ALDH3B2"
"6140","LSS","LSS"
"6141","PP2BC","PPP3CC"
"6142","GSH1","GCLC"
"6143","GSH0","GCLM"
"6144","CD151","CD151"
"6145","PCP4","PCP4"
"6146","KCNJ5","KCNJ5"
"6147","GIPR","GIPR"
"6148","KCNC1","KCNC1"
"6149","KCNJ3","KCNJ3"
"6150","INAR2","IFNAR2"
"6151","NRIP1","NRIP1"
"6152","TPC10","TRAPPC10"
"6153","PSMD8","PSMD8"
"6154","SPB4","SERPINB4"
"6155","SPB10","SERPINB10"
"6156","PRC2A","PRRC2A"
"6157","GSHB","GSS"
"6158","TCPE","CCT5"
"6159","NMU","NMU"
"6160","PTSS1","PTDSS1"
"6161","EAA4","SLC1A6"
"6162","K2C6C","KRT6C"
"6163","NEST","NES"
"6164","HSP13","HSPA13"
"6165","GCST","AMT"
"6166","KC1A","CSNK1A1"
"6167","KC1D","CSNK1D"
"6168","IDHP","IDH2"
"6169","PK3CG","PIK3CG"
"6170","PIPNB","PITPNB"
"6171","MASP1","MASP1"
"6172","HSP77","HSPA7"
"6173","LHX1","LHX1"
"6174","CCN3","CCN3"
"6175","B3A3","SLC4A3"
"6176","SL9A3","SLC9A3"
"6177","T23O","TDO2"
"6178","TNNI2","TNNI2"
"6179","AGRE5","ADGRE5"
"6180","TRPC1","TRPC1"
"6181","DPOD2","POLD2"
"6182","MRP","MARCKSL1"
"6183","HCAR3","HCAR3"
"6184","PAXI","PXN"
"6185","CAMLG","CAMLG"
"6186","NR2C2","NR2C2"
"6187","MAPK2","MAPKAPK2"
"6188","NPY2R","NPY2R"
"6189","DNSL1","DNASE1L1"
"6190","AL9A1","ALDH9A1"
"6191","PTH2R","PTH2R"
"6192","RL34","RPL34"
"6193","TGM4","TGM4"
"6194","SPIT3","SPINT3"
"6195","CX3C1","CX3CR1"
"6196","RPIA","RPIA"
"6197","LMAN1","LMAN1"
"6198","NRAM1","SLC11A1"
"6199","NRAM2","SLC11A2"
"6200","MTR1B","MTNR1B"
"6201","NASP","NASP"
"6202","FMO5","FMO5"
"6203","FAS","FASN"
"6204","PO3F4","POU3F4"
"6205","CDK8","CDK8"
"6206","FNTA","FNTA"
"6207","FNTB","FNTB"
"6208","DHYS","DHPS"
"6209","TCPG","CCT3"
"6210","RM19","MRPL19"
"6211","ARRB1","ARRB1"
"6212","EFTU","TUFM"
"6213","AMPH","AMPH"
"6214","AL7A1","ALDH7A1"
"6215","UB2R1","CDC34"
"6216","INPP","INPP1"
"6217","CY561","CYB561"
"6218","DHE4","GLUD2"
"6219","CENPA","CENPA"
"6220","CENPF","CENPF"
"6221","SRP09","SRP9"
"6222","UBE2A","UBE2A"
"6223","PCY1A","PCYT1A"
"6224","SYAC","AARS1"
"6225","SYCC","CARS1"
"6226","SYHM","HARS2"
"6227","SYSC","SARS1"
"6228","PPM1F","PPM1F"
"6229","DGKG","DGKG"
"6230","TTPA","TTPA"
"6231","HXA1","HOXA1"
"6232","EVX1","EVX1"
"6233","MA2A2","MAN2A2"
"6234","PRI1","PRIM1"
"6235","PRI2","PRIM2"
"6236","CASP4","CASP4"
"6237","KC1E","CSNK1E"
"6238","STAR","STAR"
"6239","CXCR3","CXCR3"
"6240","PRLHR","PRLHR"
"6241","GPR15","GPR15"
"6242","ARL4D","ARL4D"
"6243","CTCF","CTCF"
"6244","CEBPA","CEBPA"
"6245","CEBPD","CEBPD"
"6246","PSB3","PSMB3"
"6247","PSB2","PSMB2"
"6248","MCM2","MCM2"
"6249","TSP3","THBS3"
"6250","COMP","COMP"
"6251","ACADV","ACADVL"
"6252","YLPM1","YLPM1"
"6253","ACOT2","ACOT2"
"6254","VPS41","VPS41"
"6255","TMEDA","TMED10"
"6256","RBM25","RBM25"
"6257","NUMB","NUMB"
"6258","RGS6","RGS6"
"6259","CLK1","CLK1"
"6260","CLK2","CLK2"
"6261","CLK3","CLK3"
"6262","PLGF","PGF"
"6263","VEGFB","VEGFB"
"6264","VEGFC","VEGFC"
"6265","PSN1","PSEN1"
"6266","EI2BB","EIF2B2"
"6267","FLT3L","FLT3LG"
"6268","HINT1","HINT1"
"6269","TIG1","RARRES1"
"6270","FHIT","FHIT"
"6271","NU153","NUP153"
"6272","RBP2","RANBP2"
"6273","RGS19","RGS19"
"6274","RGS3","RGS3"
"6275","RGS4","RGS4"
"6276","RGS7","RGS7"
"6277","PSN2","PSEN2"
"6278","TSC2","TSC2"
"6279","NDUV1","NDUFV1"
"6280","GSK3A","GSK3A"
"6281","GSK3B","GSK3B"
"6282","STK19","STK19"
"6283","TAF6","TAF6"
"6284","KLK7","KLK7"
"6285","GRAK","GZMK"
"6286","ST1E1","SULT1E1"
"6287","IOD1","DIO1"
"6288","MCSP","SMCP"
"6289","5NTC","NT5C2"
"6290","SPS1","SEPHS1"
"6291","SEPP1","SELENOP"
"6292","ZN165","ZNF165"
"6293","CAMP","CAMP"
"6294","MTHFS","MTHFS"
"6295","GUAA","GMPS"
"6296","DNLI3","LIG3"
"6297","DNLI4","LIG4"
"6298","CDN1C","CDKN1C"
"6299","MRE11","MRE11"
"6300","ENTP1","ENTPD1"
"6301","AGTR2","AGTR2"
"6302","KHK","KHK"
"6303","RET2","RBP2"
"6304","HNMT","HNMT"
"6305","GNAQ","GNAQ"
"6306","GBG4","GNG4"
"6307","GBG10","GNG10"
"6308","IDH3A","IDH3A"
"6309","MNX1","MNX1"
"6310","MEOX1","MEOX1"
"6311","MEOX2","MEOX2"
"6312","ST1A1","SULT1A1"
"6313","ST1A2","SULT1A2"
"6314","CRIP1","CRIP1"
"6315","MMP14","MMP14"
"6316","PPOX","PPOX"
"6317","NPY4R","NPY4R"
"6318","GDIB","GDI2"
"6319","EMD","EMD"
"6320","5HT6R","HTR6"
"6321","CPT1A","CPT1A"
"6322","GATM","GATM"
"6323","S26A2","SLC26A2"
"6324","SPB8","SERPINB8"
"6325","SPB9","SERPINB9"
"6326","SERPH","SERPINH1"
"6327","LHX2","LHX2"
"6328","CSRP3","CSRP3"
"6329","PDLI4","PDLIM4"
"6330","F10A1","ST13"
"6331","MXI1","MXI1"
"6332","PEX5","PEX5"
"6333","ERF","ERF"
"6334","ETV1","ETV1"
"6335","VASP","VASP"
"6336","ASCL1","ASCL1"
"6337","DYN2","DNM2"
"6338","MAP2","METAP2"
"6339","AP4A","NUDT2"
"6340","TNF10","TNFSF10"
"6341","TUB","TUB"
"6342","CDK7","CDK7"
"6343","TOB1","TOB1"
"6344","BPL1","HLCS"
"6345","KNTC1","KNTC1"
"6346","RASF2","RASSF2"
"6347","CDK9","CDK9"
"6348","LRBA","LRBA"
"6349","R144A","RNF144A"
"6350","BCAM","BCAM"
"6351","PPT1","PPT1"
"6352","RL14","RPL14"
"6353","TCPQ","CCT8"
"6354","TCPD","CCT4"
"6355","AT1A2","ATP1A2"
"6356","ANX11","ANXA11"
"6357","PAPOA","PAPOLA"
"6358","FXR1","FXR1"
"6359","FXR2","FXR2"
"6360","GRAM","GZMM"
"6361","RAB5C","RAB5C"
"6362","RAB7A","RAB7A"
"6363","RAB9A","RAB9A"
"6364","RAB13","RAB13"
"6365","RAB28","RAB28"
"6366","RB27A","RAB27A"
"6367","PDE6C","PDE6C"
"6368","FABP6","FABP6"
"6369","ATP4B","ATP4B"
"6370","SCNNB","SCNN1B"
"6371","SCNNG","SCNN1G"
"6372","SCNND","SCNN1D"
"6373","PLCD1","PLCD1"
"6374","DAP1","DAP"
"6375","RT29","DAP3"
"6376","RORG","RORC"
"6377","BLK","BLK"
"6378","DUS3","DUSP3"
"6379","INSL3","INSL3"
"6380","ZNF80","ZNF80"
"6381","ZNF81","ZNF81"
"6382","MMP15","MMP15"
"6383","MMP16","MMP16"
"6384","NOVA1","NOVA1"
"6385","ZNF83","ZNF83"
"6386","ZNF84","ZNF84"
"6387","DNA2","DNA2"
"6388","SMCA2","SMARCA2"
"6389","SMCA4","SMARCA4"
"6390","IDH3G","IDH3G"
"6391","GALK1","GALK1"
"6392","SSRD","SSR4"
"6393","BAP31","BCAP31"
"6394","P2RX1","P2RX1"
"6395","TPMT","TPMT"
"6396","P2RY4","P2RY4"
"6397","BRCA2","BRCA2"
"6398","CP2J2","CYP2J2"
"6399","RENBP","RENBP"
"6400","MECP2","MECP2"
"6401","HCFC1","HCFC1"
"6402","IRAK1","IRAK1"
"6403","CAV2","CAV2"
"6404","AL3A2","ALDH3A2"
"6405","SSDH","ALDH5A1"
"6406","GPC3","GPC3"
"6407","DHB4","HSD17B4"
"6408","PSMD7","PSMD7"
"6409","UB2D1","UBE2D1"
"6410","CCL11","CCL11"
"6411","GPM6A","GPM6A"
"6412","CCR3","CCR3"
"6413","CCR4","CCR4"
"6414","CCR5","CCR5"
"6415","CCR6","CCR6"
"6416","CCR8","CCR8"
"6417","CCR9","CCR9"
"6418","SUOX","SUOX"
"6419","SPHM","SGSH"
"6420","ARSD","ARSD"
"6421","ARSL","ARSL"
"6422","STA5B","STAT5B"
"6423","APLP1","APLP1"
"6424","UBP11","USP11"
"6425","ZN157","ZNF157"
"6426","KCNQ1","KCNQ1"
"6427","CLCN2","CLCN2"
"6428","CLCN3","CLCN3"
"6429","CLCN4","CLCN4"
"6430","CLCN5","CLCN5"
"6431","CLCN6","CLCN6"
"6432","CLCN7","CLCN7"
"6433","CLCKA","CLCNKA"
"6434","CLCKB","CLCNKB"
"6435","PLXA3","PLXNA3"
"6436","DYLT3","DYNLT3"
"6437","VAMP7","VAMP7"
"6438","GP143","GPR143"
"6439","XK","XK"
"6440","KS6A3","RPS6KA3"
"6441","BMX","BMX"
"6442","ZNF41","ZNF41"
"6443","ZN75D","ZNF75D"
"6444","AFF2","AFF2"
"6445","PRKX","PRKX"
"6446","AFF1","AFF1"
"6447","AFF3","AFF3"
"6448","ADCY7","ADCY7"
"6449","GUC2F","GUCY2F"
"6450","NR0B1","NR0B1"
"6451","TKTL1","TKTL1"
"6452","AK1D1","AKR1D1"
"6453","HDGF","HDGF"
"6454","CDR1","CDR1"
"6455","TDGF3","TDGF1P3"
"6456","CASP5","CASP5"
"6457","LUM","LUM"
"6458","PRELP","PRELP"
"6459","CNN1","CNN1"
"6460","CCNH","CCNH"
"6461","MAT1","MNAT1"
"6462","NEK2","NEK2"
"6463","NEK3","NEK3"
"6464","NEK4","NEK4"
"6465","CCNG1","CCNG1"
"6466","UB2E1","UBE2E1"
"6467","NDUA8","NDUFA8"
"6468","ROA3","HNRNPA3"
"6469","FUT6","FUT6"
"6470","MYOM1","MYOM1"
"6471","RND2","RND2"
"6472","6PGD","PGD"
"6473","HNRPM","HNRNPM"
"6474","IMA1","KPNA2"
"6475","IMA5","KPNA1"
"6476","NCBP2","NCBP2"
"6477","GDS1","RAP1GDS1"
"6478","JAK3","JAK3"
"6479","DGKE","DGKE"
"6480","RPAB3","POLR2H"
"6481","RPB11","POLR2J"
"6482","MP2K6","MAP2K6"
"6483","GDIR1","ARHGDIA"
"6484","GDIR2","ARHGDIB"
"6485","CTR2","SLC7A2"
"6486","AGFG1","AGFG1"
"6487","HNRPF","HNRNPF"
"6488","STAT2","STAT2"
"6489","TF2AA","GTF2A1"
"6490","T2AG","GTF2A2"
"6491","MSH6","MSH6"
"6492","KIF11","KIF11"
"6493","VAV2","VAV2"
"6494","ZN133","ZNF133"
"6495","ZN136","ZNF136"
"6496","ZN140","ZNF140"
"6497","ZN131","ZNF131"
"6498","ZN132","ZNF132"
"6499","ZN134","ZNF134"
"6500","ZN135","ZNF135"
"6501","ZN137","ZNF137P"
"6502","ZN138","ZNF138"
"6503","ZN142","ZNF142"
"6504","ZN143","ZNF143"
"6505","RBM5","RBM5"
"6506","CHIO","CHN2"
"6507","RIDA","RIDA"
"6508","SPSY","SMS"
"6509","HXK2","HK2"
"6510","HXK3","HK3"
"6511","EFNA3","EFNA3"
"6512","EFNA4","EFNA4"
"6513","EFNB2","EFNB2"
"6514","EFNA5","EFNA5"
"6515","RM12","MRPL12"
"6516","STC1","STC1"
"6517","DGKQ","DGKQ"
"6518","NDST1","NDST1"
"6519","NDST2","NDST2"
"6520","THOP1","THOP1"
"6521","AK1C2","AKR1C2"
"6522","CAZA1","CAPZA1"
"6523","HMGA2","HMGA2"
"6524","CRIP2","CRIP2"
"6525","PDX1","PDX1"
"6526","NUP98","NUP98"
"6527","GBX2","GBX2"
"6528","NKX25","NKX2-5"
"6529","LBX1","LBX1"
"6530","NAR1","ART1"
"6531","BIEA","BLVRA"
"6532","TXTP","SLC25A1"
"6533","PPP5","PPP5C"
"6534","PLK1","PLK1"
"6535","DAPK1","DAPK1"
"6536","ARFP2","ARFIP2"
"6537","ARFP1","ARFIP1"
"6538","NUDT6","NUDT6"
"6539","NUBP1","NUBP1"
"6540","ACLY","ACLY"
"6541","CO4A4","COL4A4"
"6542","FOSB","FOSB"
"6543","CEBPG","CEBPG"
"6544","MAP11","METAP1"
"6545","SUCA","SUCLG1"
"6546","MVD1","MVD"
"6547","PGTB1","PGGT1B"
"6548","PGTB2","RABGGTB"
"6549","COPB","COPB1"
"6550","COPA","COPA"
"6551","CATC","CTSC"
"6552","LIMK1","LIMK1"
"6553","LIMK2","LIMK2"
"6554","CRBA2","CRYBA2"
"6555","CRBA4","CRYBA4"
"6556","CRBB1","CRYBB1"
"6557","CLH2","CLTCL1"
"6558","AP3M2","AP3M2"
"6559","AP2S1","AP2S1"
"6560","CCHL","HCCS"
"6561","ITA8","ITGA8"
"6562","MK12","MAPK12"
"6563","MK10","MAPK10"
"6564","SC5A3","SLC5A3"
"6565","PTTG","PTTG1IP"
"6566","RPAB4","POLR2K"
"6567","TTC3","TTC3"
"6568","RCAN1","RCAN1"
"6569","SMTN","SMTN"
"6570","PLAT3","PLAAT3"
"6571","MOT1","SLC16A1"
"6572","IST1","IST1"
"6573","SC24C","SEC24C"
"6574","TCP4","SUB1"
"6575","DPOG1","POLG"
"6576","ICLN","CLNS1A"
"6577","CRIS1","CRISP1"
"6578","CRIS3","CRISP3"
"6579","BLM","BLM"
"6580","SYRC","RARS1"
"6581","HIRA","HIRA"
"6582","VMAT1","SLC18A1"
"6583","ATX3","ATXN3"
"6584","ATX1","ATXN1"
"6585","HAP1","HAP1"
"6586","ATN1","ATN1"
"6587","TERF1","TERF1"
"6588","PMS1","PMS1"
"6589","PMS2","PMS2"
"6590","CACB3","CACNB3"
"6591","CA2D1","CACNA2D1"
"6592","MYOM2","MYOM2"
"6593","LIPR1","PNLIPRP1"
"6594","LIPR2","PNLIPRP2"
"6595","OAZ1","OAZ1"
"6596","SYYC","YARS1"
"6597","UBP14","USP14"
"6598","AAKG1","PRKAG1"
"6599","AAPK2","PRKAA2"
"6600","HSP72","HSPA2"
"6601","BCAT1","BCAT1"
"6602","AT12A","ATP12A"
"6603","AT1B3","ATP1B3"
"6604","ATNG","FXYD2"
"6605","RD23A","RAD23A"
"6606","RD23B","RAD23B"
"6607","PDE1A","PDE1A"
"6608","EPHB3","EPHB3"
"6609","EPHA5","EPHA5"
"6610","EPHB4","EPHB4"
"6611","EPHB1","EPHB1"
"6612","EPHA4","EPHA4"
"6613","DVLP1","DVL1P1"
"6614","ARSF","ARSF"
"6615","ANAG","NAGLU"
"6616","GALC","GALC"
"6617","KAD2","AK2"
"6618","PRRX1","PRRX1"
"6619","GAS1","GAS1"
"6620","PTN5","PTPN5"
"6621","GYS2","GYS2"
"6622","NRL","NRL"
"6623","EMP1","EMP1"
"6624","EMP2","EMP2"
"6625","EMP3","EMP3"
"6626","UDB15","UGT2B15"
"6627","HMCS2","HMGCS2"
"6628","P5CS","ALDH18A1"
"6629","SNAA","NAPA"
"6630","ADPRH","ADPRH"
"6631","SLUR1","SLURP1"
"6632","MFAP2","MFAP2"
"6633","AIF1","AIF1"
"6634","IF5","EIF5"
"6635","S12A2","SLC12A2"
"6636","S12A3","SLC12A3"
"6637","PSMD4","PSMD4"
"6638","DRG2","DRG2"
"6639","GEM","GEM"
"6640","RAD","RRAD"
"6641","NR1H2","NR1H2"
"6642","APOC4","APOC4"
"6643","PLTP","PLTP"
"6644","XPO2","CSE1L"
"6645","BI1","TMBIM6"
"6646","AQP5","AQP5"
"6647","TERA","VCP"
"6648","IOD3","DIO3"
"6649","FGF8","FGF8"
"6650","MFAP1","MFAP1"
"6651","MFAP3","MFAP3"
"6652","MFAP4","MFAP4"
"6653","ECHB","HADHB"
"6654","PAR2","F2RL1"
"6655","AQP4","AQP4"
"6656","UCN1","UCN"
"6657","INHBC","INHBC"
"6658","GDF10","GDF10"
"6659","MANF","MANF"
"6660","MTP","MTTP"
"6661","NCKPL","NCKAP1L"
"6662","AFAD","AFDN"
"6663","AF10","MLLT10"
"6664","AF17","MLLT6"
"6665","ELL","ELL"
"6666","BRPF1","BRPF1"
"6667","NP1L1","NAP1L1"
"6668","CASP7","CASP7"
"6669","CASP9","CASP9"
"6670","CASP6","CASP6"
"6671","GP2","GP2"
"6672","ADK","ADK"
"6673","DSRAD","ADAR"
"6674","LAMB2","LAMB2"
"6675","CDN2D","CDKN2D"
"6676","CADH4","CDH4"
"6677","CADH6","CDH6"
"6678","CADH8","CDH8"
"6679","CAD11","CDH11"
"6680","CAD12","CDH12"
"6681","CAD13","CDH13"
"6682","CAD15","CDH15"
"6683","FOXG1","FOXG1"
"6684","FOXA1","FOXA1"
"6685","FOXA3","FOXA3"
"6686","TPD52","TPD52"
"6687","LMIP","LIM2"
"6688","ANM2","PRMT2"
"6689","PKNX1","PKNOX1"
"6690","SEC13","SEC13"
"6691","NH2L1","SNU13"
"6692","PAX9","PAX9"
"6693","CCL23","CCL23"
"6694","CCL18","CCL18"
"6695","PSA","NPEPPS"
"6696","ALR","GFER"
"6697","HNRH2","HNRNPH2"
"6698","XG","XG"
"6699","SCOT1","OXCT1"
"6700","SH3BG","SH3BGR"
"6701","UCP2","UCP2"
"6702","SUMO3","SUMO3"
"6703","EIF3B","EIF3B"
"6704","RAG2","RAG2"
"6705","FCGRN","FCGRT"
"6706","UCP3","UCP3"
"6707","BID","BID"
"6708","ATPK","ATP5MF"
"6709","GFRA1","GFRA1"
"6710","DLX1","DLX1"
"6711","DLX5","DLX5"
"6712","DLX6","DLX6"
"6713","TPTE","TPTE"
"6714","NDUV3","NDUFV3"
"6715","RRP1","RRP1"
"6716","SYMC","MARS1"
"6717","ITA1","ITGA1"
"6718","CATW","CTSW"
"6719","ARP19","ARPP19"
"6720","MAZ","MAZ"
"6721","CMC4","CMC4"
"6722","MTCP1","MTCP1"
"6723","TCL1A","TCL1A"
"6724","DPOE2","POLE2"
"6725","P2RX3","P2RX3"
"6726","AP1S2","AP1S2"
"6727","ATP68","ATP5MPL"
"6728","ATP5E","ATP5F1E"
"6729","ATP5I","ATP5ME"
"6730","LEG4","LGALS4"
"6731","HDAC4","HDAC4"
"6732","IF6","EIF6"
"6733","CAV3","CAV3"
"6734","CTBP2","CTBP2"
"6735","DSCR4","DSCR4"
"6736","NDUA6","NDUFA6"
"6737","TM50B","TMEM50B"
"6738","ARL4C","ARL4C"
"6739","PEX3","PEX3"
"6740","NDK5","NME5"
"6741","PER3","PER3"
"6742","SOX10","SOX10"
"6743","KCNQ4","KCNQ4"
"6744","WNT3","WNT3"
"6745","WNT3A","WNT3A"
"6746","WNT4","WNT4"
"6747","WNT7B","WNT7B"
"6748","RP1","RP1"
"6749","NETR","PRSS12"
"6750","CLD15","CLDN15"
"6751","CLD6","CLDN6"
"6752","CLD8","CLDN8"
"6753","CLD12","CLDN12"
"6754","CLD17","CLDN17"
"6755","BACE1","BACE1"
"6756","EP3B","EDDM3B"
"6757","CLD18","CLDN18"
"6758","CLD20","CLDN20"
"6759","GSC","GSC"
"6760","DHB7","HSD17B7"
"6761","BCAR1","BCAR1"
"6762","STX17","STX17"
"6763","NRG3","NRG3"
"6764","RBM11","RBM11"
"6765","H2BFS","H2BS1"
"6766","PIGP","PIGP"
"6767","DSCR6","RIPPLY3"
"6768","G6PT2","SLC37A1"
"6769","HUNK","HUNK"
"6770","SIK1","SIK1"
"6771","RWD2B","RWDD2B"
"6772","PRD15","PRDM15"
"6773","SOX8","SOX8"
"6774","UBS3A","UBASH3A"
"6775","CF298","CFAP298"
"6776","M3KCL","MAP3K7CL"
"6777","RIPK4","RIPK4"
"6778","WDR4","WDR4"
"6779","TBX4","TBX4"
"6780","SCND1","SCAND1"
"6781","JAM2","JAM2"
"6782","TMM33","TMEM33"
"6783","NAC3","SLC8A3"
"6784","SYJ2B","SYNJ2BP"
"6785","GEMI4","GEMIN4"
"6786","EVC","EVC"
"6787","KLF3","KLF3"
"6788","PCBP3","PCBP3"
"6789","PCBP4","PCBP4"
"6790","TMPS3","TMPRSS3"
"6791","RAB38","RAB38"
"6792","CAR18","CARD18"
"6793","RAB25","RAB25"
"6794","CORO7","CORO7"
"6795","TCTA","TCTA"
"6796","CLD2","CLDN2"
"6797","NU107","NUP107"
"6798","GSDMD","GSDMD"
"6799","SNX16","SNX16"
"6800","RGS8","RGS8"
"6801","SELB","EEFSEC"
"6802","CXA9","GJA9"
"6803","FBXW4","FBXW4"
"6804","KCNKA","KCNK10"
"6805","CABP4","CABP4"
"6806","SESN2","SESN2"
"6807","SESN3","SESN3"
"6808","FOXL2","FOXL2"
"6809","ISK7","SPINK7"
"6810","EPIPL","EPPK1"
"6811","INHBE","INHBE"
"6812","OR1D5","OR1D5"
"6813","OR2B6","OR2B6"
"6814","OR4D2","OR4D2"
"6815","O10A3","OR10A3"
"6816","O12D2","OR12D2"
"6817","LOXL3","LOXL3"
"6818","PROK1","PROK1"
"6819","VSX2","VSX2"
"6820","ZN121","ZNF121"
"6821","ANTR2","ANTXR2"
"6822","MLF1","MLF1"
"6823","ATS12","ADAMTS12"
"6824","NXPH1","NXPH1"
"6825","CLRN1","CLRN1"
"6826","FAM3B","FAM3B"
"6827","CU058","C21orf58"
"6828","SI11A","SMIM11A"
"6829","CU067","LINC01547"
"6830","CU042","LINC00158"
"6831","MTPN","MTPN"
"6832","FXYD7","FXYD7"
"6833","FXYD8","FXYD6P3"
"6834","YBEY","YBEY"
"6835","EVA1C","EVA1C"
"6836","S26A5","SLC26A5"
"6837","TIRAP","TIRAP"
"6838","RHBL3","RHBDL3"
"6839","H2B1D","H2BC5"
"6840","DSCR9","DSCR9"
"6841","DSC10","DSCR10"
"6842","RTP1","RTP1"
"6843","CU082","LINC00310"
"6844","CU084","LINC00313"
"6845","NLRP6","NLRP6"
"6846","NAL11","NLRP11"
"6847","NAL12","NLRP12"
"6848","NALP5","NLRP5"
"6849","BRAS2","BRWD1-AS2"
"6850","B3AS1","B3GALT5-AS1"
"6851","CHM4P","CHMP4BP1"
"6852","TSAS2","TSPEAR-AS2"
"6853","CU093","LINC00315"
"6854","STAR6","STARD6"
"6855","DAOA","DAOA"
"6856","RAB15","RAB15"
"6857","TPPP2","TPPP2"
"6858","ATS20","ADAMTS20"
"6859","T2R38","TAS2R38"
"6860","T2R39","TAS2R39"
"6861","T2R40","TAS2R40"
"6862","T2R41","TAS2R41"
"6863","T2R43","TAS2R43"
"6864","T2R31","TAS2R31"
"6865","T2R45","TAS2R45"
"6866","T2R46","TAS2R46"
"6867","T2R30","TAS2R30"
"6868","T2R19","TAS2R19"
"6869","T2R20","TAS2R20"
"6870","T2R50","TAS2R50"
"6871","T2R60","TAS2R60"
"6872","FXYD4","FXYD4"
"6873","DEF1","DEFA1"
"6874","DEF3","DEFA3"
"6875","GBG2","GNG2"
"6876","MNARL","MINAR2"
"6877","AP3S2","AP3S2"
"6878","GPX6","GPX6"
"6879","SELV","SELENOV"
"6880","Z280A","ZNF280A"
"6881","BPIB3","BPIFB3"
"6882","BPIB4","BPIFB4"
"6883","D131A","DEFB131A"
"6884","LIRA4","LILRA4"
"6885","DJB13","DNAJB13"
"6886","OR2B8","OR2B8P"
"6887","ZN445","ZNF445"
"6888","MCCD1","MCCD1"
"6889","KR121","KRTAP12-1"
"6890","KR122","KRTAP12-2"
"6891","ARPC4","ARPC4"
"6892","ELOF1","ELOF1"
"6893","APC15","ANAPC15"
"6894","HILS1","H1-9P"
"6895","KR10A","KRTAP10-10"
"6896","DEFB1","DEFB1"
"6897","CD81","CD81"
"6898","SC61G","SEC61G"
"6899","RNAS9","RNASE9"
"6900","TPIS","TPI1"
"6901","MYPR","PLP1"
"6902","EIF3E","EIF3E"
"6903","NANO2","NANOS2"
"6904","NANO3","NANOS3"
"6905","KR123","KRTAP12-3"
"6906","KR124","KRTAP12-4"
"6907","KR101","KRTAP10-1"
"6908","KR102","KRTAP10-2"
"6909","KR103","KRTAP10-3"
"6910","KR105","KRTAP10-5"
"6911","KR106","KRTAP10-6"
"6912","KR104","KRTAP10-4"
"6913","KR107","KRTAP10-7"
"6914","KR108","KRTAP10-8"
"6915","KR109","KRTAP10-9"
"6916","KR10B","KRTAP10-11"
"6917","KR10C","KRTAP10-12"
"6918","SC61B","SEC61B"
"6919","PTEN","PTEN"
"6920","EFC1","ERVFC1"
"6921","SYCY2","ERVFRD-1"
"6922","ERB1","ERVPABLB-1"
"6923","PP4C","PPP4C"
"6924","GBRL2","GABARAPL2"
"6925","IL2","IL2"
"6926","ROMO1","ROMO1"
"6927","UB2G2","UBE2G2"
"6928","CTXN1","CTXN1"
"6929","EFC2","ERVFC1-1"
"6930","MYL6","MYL6"
"6931","PROF3","PFN3"
"6932","ACTB","ACTB"
"6933","RAC3","RAC3"
"6934","C1QT8","C1QTNF8"
"6935","IF4A1","EIF4A1"
"6936","ZP1","ZP1"
"6937","RS20","RPS20"
"6938","SNP25","SNAP25"
"6939","PRPS1","PRPS1"
"6940","GPR85","GPR85"
"6941","PSA6","PSMA6"
"6942","S10AA","S100A10"
"6943","CDC42","CDC42"
"6944","DEST","DSTN"
"6945","GMFB","GMFB"
"6946","KTDAP","KRTDAP"
"6947","RAB8A","RAB8A"
"6948","SPCS3","SPCS3"
"6949","SRP54","SRP54"
"6950","RAB4B","RAB4B"
"6951","RAB2A","RAB2A"
"6952","RAB5B","RAB5B"
"6953","CKS1","CKS1B"
"6954","RAB10","RAB10"
"6955","CXCR4","CXCR4"
"6956","UB2D3","UBE2D3"
"6957","UBC12","UBE2M"
"6958","UBE2K","UBE2K"
"6959","UBE2N","UBE2N"
"6960","RAB14","RAB14"
"6961","ZC3H6","ZC3H6"
"6962","ARP3","ACTR3"
"6963","ARP2","ACTR2"
"6964","ACTZ","ACTR1A"
"6965","TM258","TMEM258"
"6966","CSN2","COPS2"
"6967","ARF3","ARF3"
"6968","RPAB2","POLR2F"
"6969","ABCE1","ABCE1"
"6970","RAP1B","RAP1B"
"6971","RAP2B","RAP2B"
"6972","YPEL3","YPEL3"
"6973","MAX","MAX"
"6974","RS3A","RPS3A"
"6975","RL26","RPL26"
"6976","STX1B","STX1B"
"6977","SMS","SST"
"6978","PSME3","PSME3"
"6979","HAND2","HAND2"
"6980","RL15","RPL15"
"6981","MGN","MAGOH"
"6982","FGF12","FGF12"
"6983","RL27","RPL27"
"6984","OSTN","OSTN"
"6985","ISL1","ISL1"
"6986","VA0D1","ATP6V0D1"
"6987","PHS","PCBD1"
"6988","RL37A","RPL37A"
"6989","ENVT1","ERVS71-1"
"6990","ENK21","ERVK-21"
"6991","ENK11","ERVK11-1"
"6992","RE113","HERVK_113"
"6993","REC04","HERV-K104"
"6994","REC16","ERVK-16"
"6995","RHOA","RHOA"
"6996","RND3","RND3"
"6997","NAA20","NAA20"
"6998","NCALD","NCALD"
"6999","CH10","HSPE1"
"7000","S61A1","SEC61A1"
"7001","LYSC","LYZ"
"7002","SIA8F","ST8SIA6"
"7003","PFD3","VBP1"
"7004","STXB1","STXBP1"
"7005","B2MG","B2M"
"7006","DAD1","DAD1"
"7007","TGFB2","TGFB2"
"7008","NPC2","NPC2"
"7009","COPZ1","COPZ1"
"7010","IPKA","PKIA"
"7011","RL37","RPL37"
"7012","GBG11","GNG11"
"7013","SUMO2","SUMO2"
"7014","UFM1","UFM1"
"7015","DCAF7","DCAF7"
"7016","WDR5","WDR5"
"7017","AP1S1","AP1S1"
"7018","LMO4","LMO4"
"7019","NTF2","NUTF2"
"7020","HNRPK","HNRNPK"
"7021","1433G","YWHAG"
"7022","UBP46","USP46"
"7023","RRAS2","RRAS2"
"7024","TIM10","TIMM10"
"7025","TSN5","TSPAN5"
"7026","RS7","RPS7"
"7027","PP1A","PPP1CA"
"7028","PP1B","PPP1CB"
"7029","NCS1","NCS1"
"7030","PRS4","PSMC1"
"7031","PRS8","PSMC5"
"7032","RS8","RPS8"
"7033","RS15A","RPS15A"
"7034","RS16","RPS16"
"7035","UB2G1","UBE2G1"
"7036","UBE2H","UBE2H"
"7037","1433E","YWHAE"
"7038","RS14","RPS14"
"7039","RS23","RPS23"
"7040","RS18","RPS18"
"7041","RS29","RPS29"
"7042","RS13","RPS13"
"7043","RS11","RPS11"
"7044","RUXE","SNRPE"
"7045","RUXF","SNRPF"
"7046","RUXG","SNRPG"
"7047","LSM3","LSM3"
"7048","LSM6","LSM6"
"7049","SMD1","SNRPD1"
"7050","SMD2","SNRPD2"
"7051","SMD3","SNRPD3"
"7052","BTG1","BTG1"
"7053","TYB4","TMSB4X"
"7054","ARF6","ARF6"
"7055","PRS10","PSMC6"
"7056","SELT","SELENOT"
"7057","TBPL1","TBPL1"
"7058","RL7A","RPL7A"
"7059","RPB7","POLR2G"
"7060","RB11A","RAB11A"
"7061","ERF1","ETF1"
"7062","LCN6","LCN6"
"7063","ERR3","ESRRG"
"7064","CNBP","CNBP"
"7065","GA113","HERVK_113"
"7066","YPEL5","YPEL5"
"7067","RS4X","RPS4X"
"7068","PP2AB","PPP2CB"
"7069","ACTA","ACTA2"
"7070","RHOB","RHOB"
"7071","RL23A","RPL23A"
"7072","RS6","RPS6"
"7073","VISL1","VSNL1"
"7074","H4","H4C12"
"7075","H2B1C","H2BC8"
"7076","RAB1A","RAB1A"
"7077","RAN","RAN"
"7078","RL23","RPL23"
"7079","RAP1A","RAP1A"
"7080","UB2D2","UBE2D2"
"7081","RS15","RPS15"
"7082","RS24","RPS24"
"7083","RS25","RPS25"
"7084","RS26","RPS26"
"7085","RS28","RPS28"
"7086","GBB1","GNB1"
"7087","RPAB5","POLR2L"
"7088","RBX1","RBX1"
"7089","GBB2","GNB2"
"7090","RL30","RPL30"
"7091","RL39","RPL39"
"7092","RL31","RPL31"
"7093","RL10A","RPL10A"
"7094","RL32","RPL32"
"7095","RL11","RPL11"
"7096","RL8","RPL8"
"7097","PPIA","PPIA"
"7098","FKB1A","FKBP1A"
"7099","RL41","RPL41"
"7100","BLCAP","BLCAP"
"7101","CCG7","CACNG7"
"7102","RS27A","RPS27A"
"7103","RL40","UBA52"
"7104","GRB2","GRB2"
"7105","TRA2B","TRA2B"
"7106","RAC1","RAC1"
"7107","AP2B1","AP2B1"
"7108","VAMP2","VAMP2"
"7109","GNAI1","GNAI1"
"7110","CANB1","PPP3R1"
"7111","1433Z","YWHAZ"
"7112","VP113","HERVK_113"
"7113","VPK04","HERV-K104"
"7114","POK9","ERVK-9"
"7115","PO113","HERVK_113"
"7116","POK8","ERVK-8"
"7117","POK7","ERVK-7"
"7118","POK25","ERVK-25"
"7119","GAK24","ERVK-24"
"7120","UBE2B","UBE2B"
"7121","2ABA","PPP2R2A"
"7122","RSMN","SNRPN"
"7123","SUMO1","SUMO1"
"7124","DYL1","DYNLL1"
"7125","DYLT1","DYNLT1"
"7126","RL38","RPL38"
"7127","SKP1","SKP1"
"7128","GBG1","GNGT1"
"7129","GBG3","GNG3"
"7130","GBG5","GNG5"
"7131","RS21","RPS21"
"7132","IF5A1","EIF5A"
"7133","RACK1","RACK1"
"7134","KCNJ2","KCNJ2"
"7135","ACTG","ACTG1"
"7136","ACTH","ACTG2"
"7137","SPT4H","SUPT4H1"
"7138","UBC9","UBE2I"
"7139","SELW","SELENOW"
"7140","TYB10","TMSB10"
"7141","TNNC1","TNNC1"
"7142","PP2AA","PPP2CA"
"7143","YBOX1","YBX1"
"7144","SC11A","SEC11A"
"7145","CSK2B","CSNK2B"
"7146","TPM4","TPM4"
"7147","ACTC","ACTC1"
"7148","UB2L3","UBE2L3"
"7149","EF1A1","EEF1A1"
"7150","FKB1B","FKBP1B"
"7151","ACTS","ACTA1"
"7152","TBA1B","TUBA1B"
"7153","TBA4A","TUBA4A"
"7154","TBB4B","TUBB4B"
"7155","CSK21","CSNK2A1"
"7156","PA1B2","PAFAH1B2"
"7157","H31","H3C10"
"7158","UBX2A","UBXN2A"
"7159","HBB","HBB"
"7160","NOMO3","NOMO3"
"7161","HBG1","HBG1"
"7162","HBG2","HBG2"
"7163","HBA","HBA2"
"7164","CXAR","CXADR"
"7165","F193A","FAM193A"
"7166","3BP2","SH3BP2"
"7167","NOP14","NOP14"
"7168","RNF4","RNF4"
"7169","IGBP1","IGBP1"
"7170","SHPS1","SIRPA"
"7171","ADAM8","ADAM8"
"7172","CP4F2","CYP4F2"
"7173","SERB","PSPH"
"7174","RBM6","RBM6"
"7175","GPC5","GPC5"
"7176","GBRE","GABRE"
"7177","PITX1","PITX1"
"7178","IF4G2","EIF4G2"
"7179","RPP38","RPP38"
"7180","RPP30","RPP30"
"7181","GTF2I","GTF2I"
"7182","ASIC1","ASIC1"
"7183","DLG4","DLG4"
"7184","PI42B","PIP4K2B"
"7185","CNTP1","CNTNAP1"
"7186","CTG1B","CTAG1B"
"7187","SRPK2","SRPK2"
"7188","ABCA4","ABCA4"
"7189","PHC1","PHC1"
"7190","NKX32","NKX3-2"
"7191","KC1G2","CSNK1G2"
"7192","CLD10","CLDN10"
"7193","TCPB","CCT2"
"7194","OLR1","OLR1"
"7195","S35A2","SLC35A2"
"7196","S35A1","SLC35A1"
"7197","S35B1","SLC35B1"
"7198","KRT83","KRT83"
"7199","KRT85","KRT85"
"7200","PRAME","PRAME"
"7201","CCNA1","CCNA1"
"7202","RAE1L","RAE1"
"7203","BT3A2","BTN3A2"
"7204","IRX5","IRX5"
"7205","IRX6","IRX6"
"7206","IRX4","IRX4"
"7207","IRX1","IRX1"
"7208","IRX3","IRX3"
"7209","GSTO1","GSTO1"
"7210","X3CL1","CX3CL1"
"7211","PO6F2","POU6F2"
"7212","NKX61","NKX6-1"
"7213","JAG1","JAG1"
"7214","KCJ10","KCNJ10"
"7215","RELN","RELN"
"7216","DEN2B","DENND2B"
"7217","PRKDC","PRKDC"
"7218","ADA17","ADAM17"
"7219","BL1S1","BLOC1S1"
"7220","SRPX","SRPX"
"7221","ARGI2","ARG2"
"7222","BTG2","BTG2"
"7223","ELF3","ELF3"
"7224","NTH","NTHL1"
"7225","I13R1","IL13RA1"
"7226","CCL20","CCL20"
"7227","MAP1A","MAP1A"
"7228","CRADD","CRADD"
"7229","PHEX","PHEX"
"7230","RED1","ADARB1"
"7231","DRB3","HLA-DRB3"
"7232","PRR3","PRR3"
"7233","CCL8","CCL8"
"7234","CCL7","CCL7"
"7235","PHLD","GPLD1"
"7236","CXCL6","CXCL6"
"7237","NGAL","LCN2"
"7238","M3K9","MAP3K9"
"7239","IN35","IFI35"
"7240","MT1H","MT1H"
"7241","MT1X","MT1X"
"7242","NUCB2","NUCB2"
"7243","DHI2","HSD11B2"
"7244","DLK1","DLK1"
"7245","GABT","ABAT"
"7246","S10AC","S100A12"
"7247","BASP1","BASP1"
"7248","LV321","IGLV3-21"
"7249","SIM1","SIM1"
"7250","HEPC","HAMP"
"7251","GPSM2","GPSM2"
"7252","PRRP","PRLH"
"7253","F189B","FAM189B"
"7254","D103A","DEFB103B"
"7255","DCD","DCD"
"7256","SSBP2","SSBP2"
"7257","TMF1","TMF1"
"7258","BAT1","SLC7A9"
"7259","CRUM1","CRB1"
"7260","RT22","MRPS22"
"7261","RT25","MRPS25"
"7262","RT10","MRPS10"
"7263","RT35","MRPS35"
"7264","RT05","MRPS5"
"7265","RT36","MRPS36"
"7266","RT11","MRPS11"
"7267","RT15","MRPS15"
"7268","RT21","MRPS21"
"7269","RT34","MRPS34"
"7270","RT06","MRPS6"
"7271","RT09","MRPS9"
"7272","HMGN5","HMGN5"
"7273","SARNP","SARNP"
"7274","RET5","RBP5"
"7275","ATL3","ADAMTSL3"
"7276","HTRA4","HTRA4"
"7277","HTRA3","HTRA3"
"7278","LACTB","LACTB"
"7279","LSM11","LSM11"
"7280","COG7","COG7"
"7281","RL24","RPL24"
"7282","OX26","QRFP"
"7283","TXN4A","TXNL4A"
"7284","RL36A","RPL36A"
"7285","CBX1","CBX1"
"7286","SMAD3","SMAD3"
"7287","HPCA","HPCA"
"7288","ARF1","ARF1"
"7289","ARF5","ARF5"
"7290","ERH","ERH"
"7291","RHOG","RHOG"
"7292","RL19","RPL19"
"7293","SERF2","SERF2"
"7294","SRSF3","SRSF3"
"7295","MXRA7","MXRA7"
"7296","H33","H3-3A"
"7297","SKOR1","SKOR1"
"7298","FOXK1","FOXK1"
"7299","RHG08","ARHGAP8"
"7300","PRR5","PRR5"
"7301","HTD2","HTD2"
"7302","AAS1","ADORA2A-AS1"
"7303","ZBED6","ZBED6"
"7304","PR20E","PRR20E"
"7305","PR20C","PRR20C"
"7306","PR20D","PRR20D"
"7307","PR20B","PRR20B"
"7308","PR20A","PRR20A"
"7309","CCZ1B","CCZ1B"
"7310","CCZ1","CCZ1"
"7311","TSG6","TNFAIP6"
"7312","ENTK","TMPRSS15"
"7313","SHC2","SHC2"
"7314","DAB2","DAB2"
"7315","MUC5A","MUC5AC"
"7316","FBLN2","FBLN2"
"7317","IDD","DGCR2"
"7318","VLDLR","VLDLR"
"7319","PGBM","HSPG2"
"7320","PKD1","PKD1"
"7321","LRP2","LRP2"
"7322","ZXDA","ZXDA"
"7323","ZXDB","ZXDB"
"7324","XIAP","XIAP"
"7325","RHG04","ARHGAP4"
"7326","EFNB1","EFNB1"
"7327","FAM3A","FAM3A"
"7328","FGD1","FGD1"
"7329","RBM10","RBM10"
"7330","FOXO4","FOXO4"
"7331","RBM3","RBM3"
"7332","ZN200","ZNF200"
"7333","CP4F8","CYP4F8"
"7334","AT2C1","ATP2C1"
"7335","AT11A","ATP11A"
"7336","AT8B2","ATP8B2"
"7337","CYC","CYCS"
"7338","2ABB","PPP2R2B"
"7339","EM55","MPP1"
"7340","HXA4","HOXA4"
"7341","TFAM","TFAM"
"7342","PIPNA","PITPNA"
"7343","METK1","MAT1A"
"7344","MPCP","SLC25A3"
"7345","VIGLN","HDLBP"
"7346","TF2B","GTF2B"
"7347","HXC5","HOXC5"
"7348","CDK3","CDK3"
"7349","CDKL1","CDKL1"
"7350","CDK6","CDK6"
"7351","CDK5","CDK5"
"7352","CDK16","CDK16"
"7353","CDK17","CDK17"
"7354","PURA","PURA"
"7355","BORG5","CDC42EP1"
"7356","FANCC","FANCC"
"7357","NDP","NDP"
"7358","CLH1","CLTC"
"7359","HSF1","HSF1"
"7360","NFKB2","NFKB2"
"7361","FKBP3","FKBP3"
"7362","PLCB2","PLCB2"
"7363","REEP5","REEP5"
"7364","DHSO","SORD"
"7365","HNRPU","HNRNPU"
"7366","MYPC1","MYBPC1"
"7367","PSG9","PSG9"
"7368","PSG4","PSG4"
"7369","PSG6","PSG6"
"7370","ECT2L","ECT2L"
"7371","B4GN1","B4GALNT1"
"7372","CAC1B","CACNA1B"
"7373","IRF9","IRF9"
"7374","MDM2","MDM2"
"7375","BEX3","BEX3"
"7376","PLIN5","PLIN5"
"7377","PRCD","PRCD"
"7378","PDE1B","PDE1B"
"7379","U2AF1","U2AF1"
"7380","SPTB2","SPTBN1"
"7381","TIAR","TIAL1"
"7382","E2F1","E2F1"
"7383","INSM1","INSM1"
"7384","SET","SET"
"7385","IL9R","IL9R"
"7386","SCN7A","SCN7A"
"7387","SRSF2","SRSF2"
"7388","CD83","CD83"
"7389","FOXK2","FOXK2"
"7390","RUNX1","RUNX1"
"7391","RELB","RELB"
"7392","IL5RA","IL5RA"
"7393","FCERB","MS4A2"
"7394","GALK2","GALK2"
"7395","AMPD3","AMPD3"
"7396","AMPD2","AMPD2"
"7397","MLRA","MYL7"
"7398","PMP22","PMP22"
"7399","DIAC","CTBS"
"7400","FABP5","FABP5"
"7401","ANK2","ANK2"
"7402","CAP1","CAP1"
"7403","DEF5","DEFA5"
"7404","DEF6","DEFA6"
"7405","TSPY1","TSPY1"
"7406","MYT1","MYT1"
"7407","FLI1","FLI1"
"7408","K22O","KRT76"
"7409","HMCS1","HMGCS1"
"7410","IFM3","IFITM3"
"7411","IFM2","IFITM2"
"7412","ILRL1","IL1RL1"
"7413","LAT1","SLC7A5"
"7414","NC2B","DR1"
"7415","TFAP4","TFAP4"
"7416","CAC1D","CACNA1D"
"7417","ACTHR","MC2R"
"7418","MSHR","MC1R"
"7419","FMO1","FMO1"
"7420","EXOSX","EXOSC10"
"7421","OTUD4","OTUD4"
"7422","PFKAP","PFKP"
"7423","AT2B2","ATP2B2"
"7424","SATB1","SATB1"
"7425","XPC","XPC"
"7426","EWS","EWSR1"
"7427","CDR2","CDR2"
"7428","PO4F1","POU4F1"
"7429","PO5F1","POU5F1"
"7430","SPIB","SPIB"
"7431","BNC1","BNC1"
"7432","CO4A3","COL4A3"
"7433","SC6A3","SLC6A3"
"7434","OCRL","OCRL"
"7435","PLCB3","PLCB3"
"7436","ROR1","ROR1"
"7437","ROR2","ROR2"
"7438","TAGL","TAGLN"
"7439","AK17A","AKAP17A"
"7440","MYL5","MYL5"
"7441","MEF2A","MEF2A"
"7442","MEF2B","MEF2B"
"7443","NAAA","NAAA"
"7444","SP2","SP2"
"7445","RHAG","RHAG"
"7446","GCYA1","GUCY1A1"
"7447","PYRD","DHODH"
"7448","GCYB1","GUCY1B1"
"7449","KPCE","PRKCE"
"7450","RHD","RHD"
"7451","ODO1","OGDH"
"7452","CX6A2","COX6A2"
"7453","TNR17","TNFRSF17"
"7454","CENPE","CENPE"
"7455","KIF23","KIF23"
"7456","CNTN2","CNTN2"
"7457","MMSA","ALDH6A1"
"7458","NRG1","NRG1"
"7459","CP27A","CYP27A1"
"7460","PLGB","PLGLB2"
"7461","BDH","BDH1"
"7462","ID2","ID2"
"7463","SEMG2","SEMG2"
"7464","ZNF45","ZNF45"
"7465","CO7A1","COL7A1"
"7466","APBA1","APBA1"
"7467","DSG1","DSG1"
"7468","SP4","SP4"
"7469","SP3","SP3"
"7470","DSC2","DSC2"
"7471","MUC3A","MUC3A"
"7472","OC90","OC90"
"7473","ID3","ID3"
"7474","H11","H1-1"
"7475","RL18A","RPL18A"
"7476","PAX5","PAX5"
"7477","IRF8","IRF8"
"7478","HEN1","NHLH1"
"7479","HEN2","NHLH2"
"7480","CACB1","CACNB1"
"7481","GHRHR","GHRHR"
"7482","GCNT1","GCNT1"
"7483","GUC2A","GUCA2A"
"7484","MP2K1","MAP2K1"
"7485","TIE2","TEK"
"7486","M3K10","MAP3K10"
"7487","FKBP4","FKBP4"
"7488","PLOD1","PLOD1"
"7489","MUC2","MUC2"
"7490","NUCB1","NUCB1"
"7491","RASF7","RASSF7"
"7492","GUC2D","GUCY2D"
"7493","RL6","RPL6"
"7494","TOP2B","TOP2B"
"7495","CP4AB","CYP4A11"
"7496","CREB5","CREB5"
"7497","AKA12","AKAP12"
"7498","PAX2","PAX2"
"7499","M2OM","SLC25A11"
"7500","FHR3","CFHR3"
"7501","DYST","DST"
"7502","GSTM4","GSTM4"
"7503","HHEX","HHEX"
"7504","PO3F1","POU3F1"
"7505","CREM","CREM"
"7506","ENL","MLLT1"
"7507","MECOM","MECOM"
"7508","GNA12","GNA12"
"7509","CAV1","CAV1"
"7510","ACY1","ACY1"
"7511","KMT2A","KMT2A"
"7512","TGBR3","TGFBR3"
"7513","TNAP2","TNFAIP2"
"7514","PPARD","PPARD"
"7515","CENPC","CENPC"
"7516","LMNB2","LMNB2"
"7517","PTPS","PTS"
"7518","ROM1","ROM1"
"7519","TFF2","TFF2"
"7520","UPAR","PLAUR"
"7521","KIME","MVK"
"7522","PTH1R","PTH1R"
"7523","ERCC6","ERCC6"
"7524","TAP1","TAP1"
"7525","TAP2","TAP2"
"7526","FHR1","CFHR1"
"7527","COAA1","COL10A1"
"7528","CEBPZ","CEBPZ"
"7529","KCNC4","KCNC4"
"7530","EVX2","EVX2"
"7531","ZNF85","ZNF85"
"7532","ZN117","ZNF117"
"7533","HSF2","HSF2"
"7534","ZNF92","ZNF92"
"7535","ZNF90","ZNF90"
"7536","ARI5A","ARID5A"
"7537","PRB3","PRB3"
"7538","TF65","RELA"
"7539","UBXN1","UBXN1"
"7540","GLGB","GBE1"
"7541","FOLH1","FOLH1"
"7542","IF4G1","EIF4G1"
"7543","ATP7A","ATP7A"
"7544","P","OCA2"
"7545","K1C17","KRT17"
"7546","NOTC2","NOTCH2"
"7547","TLE1","TLE1"
"7548","TLE2","TLE2"
"7549","TLE3","TLE3"
"7550","TLE4","TLE4"
"7551","EMX1","EMX1"
"7552","EMX2","EMX2"
"7553","HGFA","HGFAC"
"7554","KPCT","PRKCQ"
"7555","LGUL","GLO1"
"7556","ACVR1","ACVR1"
"7557","AK1C1","AKR1C1"
"7558","SSBP","SSBP1"
"7559","ACHE","CHRNE"
"7560","REL","REL"
"7561","MUC24","CD164"
"7562","RON","MST1R"
"7563","1433F","YWHAH"
"7564","PLP2","PLP2"
"7565","CSTF1","CSTF1"
"7566","SRY","SRY"
"7567","ICA69","ICA1"
"7568","UBE3A","UBE3A"
"7569","DYN1","DNM1"
"7570","MAD1","MXD1"
"7571","PTN12","PTPN12"
"7572","EGR4","EGR4"
"7573","LEG10","CLC"
"7574","DCE2","GAD2"
"7575","FAK1","PTK2"
"7576","LIPS","LIPE"
"7577","ZNF91","ZNF91"
"7578","KPCZ","PRKCZ"
"7579","ZBT16","ZBTB16"
"7580","SRS11","SRSF11"
"7581","NMDZ1","GRIN1"
"7582","EF1A2","EEF1A2"
"7583","KPCD","PRKCD"
"7584","CALD1","CALD1"
"7585","COEA1","COL14A1"
"7586","RN5A","RNASEL"
"7587","ACHB3","CHRNB3"
"7588","DUS2","DUSP2"
"7589","HME1","EN1"
"7590","FOLC","FPGS"
"7591","VMAT2","SLC18A2"
"7592","STP2","TNP2"
"7593","ZP2","ZP2"
"7594","MBTD1","MBTD1"
"7595","F86JP","FAM86JP"
"7596","EMAL5","EML5"
"7597","LRC63","LRRC63"
"7598","CTSL2","CTDSPL2"
"7599","DEUP1","DEUP1"
"7600","F16A1","FAM160A1"
"7601","ITIH3","ITIH3"
"7602","AT5G2","ATP5MC2"
"7603","PTN11","PTPN11"
"7604","KDSR","KDSR"
"7605","REG3A","REG3A"
"7606","BTK","BTK"
"7607","P2R3A","PPP2R3A"
"7608","PUR1","PPAT"
"7609","GFPT1","GFPT1"
"7610","WIT1","WT1-AS"
"7611","EXOS9","EXOSC9"
"7612","AOXA","AOX1"
"7613","PSME1","PSME1"
"7614","SUH","RBPJ"
"7615","MEF2C","MEF2C"
"7616","P5F1B","POU5F1B"
"7617","TYRO3","TYRO3"
"7618","CCG1","CACNG1"
"7619","MTG8","RUNX1T1"
"7620","APLP2","APLP2"
"7621","NPT2A","SLC34A1"
"7622","ST2A1","SULT2A1"
"7623","GABPA","GABPA"
"7624","GABP1","GABPB1"
"7625","RING1","RING1"
"7626","RAD51","RAD51"
"7627","TNFC","LTB"
"7628","PAX8","PAX8"
"7629","ZN33A","ZNF33A"
"7630","ZN33B","ZNF33B"
"7631","FMR1","FMR1"
"7632","FMOD","FMOD"
"7633","PRDX1","PRDX1"
"7634","EGR3","EGR3"
"7635","SOX4","SOX4"
"7636","ACHD","CHRND"
"7637","CDK18","CDK18"
"7638","TNR9","TNFRSF9"
"7639","RL18","RPL18"
"7640","C1QBP","C1QBP"
"7641","CKAP4","CKAP4"
"7642","AMPE","ENPEP"
"7643","COGA1","COL16A1"
"7644","CD69","CD69"
"7645","ZO1","TJP1"
"7646","TRHY","TCHH"
"7647","CXCL9","CXCL9"
"7648","PIGF","PIGF"
"7649","PDE4B","PDE4B"
"7650","TISB","ZFP36L1"
"7651","NKG2E","KLRC3"
"7652","DERM","DPT"
"7653","BSPH1","BSPH1"
"7654","SPAG1","SPAG1"
"7655","KRA11","KRTAP1-1"
"7656","TFF3","TFF3"
"7657","KHDR1","KHDRBS1"
"7658","DLX2","DLX2"
"7659","SCN1B","SCN1B"
"7660","BAX","BAX"
"7661","B2CL1","BCL2L1"
"7662","MCL1","MCL1"
"7663","SLC31","SLC3A1"
"7664","DPOE1","POLE"
"7665","KLC1","KLC1"
"7666","PPARA","PPARA"
"7667","SOS1","SOS1"
"7668","SOS2","SOS2"
"7669","ACK1","TNK2"
"7670","LRP1","LRP1"
"7671","SRSF1","SRSF1"
"7672","RHG01","ARHGAP1"
"7673","CP24A","CYP24A1"
"7674","ACTN3","ACTN3"
"7675","FOXM1","FOXM1"
"7676","RGS1","RGS1"
"7677","TLE5","TLE5"
"7678","SRSF4","SRSF4"
"7679","PCDH1","PCDH1"
"7680","TGM3","TGM3"
"7681","PP2BA","PPP3CA"
"7682","DHX9","DHX9"
"7683","QOR","CRYZ"
"7684","CACB2","CACNB2"
"7685","I10R2","IL10RB"
"7686","DDR1","DDR1"
"7687","S20A2","SLC20A2"
"7688","GOGA3","GOLGA3"
"7689","GOGA2","GOLGA2"
"7690","LG3BP","LGALS3BP"
"7691","LOXL1","LOXL1"
"7692","ECHP","EHHADH"
"7693","MFGM","MFGE8"
"7694","ADCY2","ADCY2"
"7695","CP4F3","CYP4F3"
"7696","PDE4C","PDE4C"
"7697","DEMA","DMTN"
"7698","PDE4D","PDE4D"
"7699","DSC1","DSC1"
"7700","HDHD1","PUDP"
"7701","TICN1","SPOCK1"
"7702","SG11B","SPAG11B"
"7703","CLM6","CD300C"
"7704","CD47","CD47"
"7705","PPID","PPID"
"7706","ADCY1","ADCY1"
"7707","FGL1","FGL1"
"7708","ITK","ITK"
"7709","SSRP1","SSRP1"
"7710","RBL2","RBL2"
"7711","CAMP2","CAMSAP2"
"7712","SPIR1","SPIRE1"
"7713","SLFN5","SLFN5"
"7714","GOG8F","GOLGA8F"
"7715","ZN844","ZNF844"
"7716","MZT1","MZT1"
"7717","ACSM1","ACSM1"
"7718","ACS2A","ACSM2A"
"7719","S38AB","SLC38A11"
"7720","MB214","MAB21L4"
"7721","VAC14","VAC14"
"7722","ZN616","ZNF616"
"7723","F27E3","FAM27E3"
"7724","ZN543","ZNF543"
"7725","SIG14","SIGLEC14"
"7726","NSUN2","NSUN2"
"7727","DMPK","DMPK"
"7728","DMWD","DMWD"
"7729","RBBP4","RBBP4"
"7730","NCBP1","NCBP1"
"7731","MGAT3","MGAT3"
"7732","MGT5A","MGAT5"
"7733","ABCC8","ABCC8"
"7734","KCNA1","KCNA1"
"7735","EP300","EP300"
"7736","AHNK","AHNAK"
"7737","ZN415","ZNF415"
"7738","R51A2","RAD51AP2"
"7739","GOG8D","GOLGA8DP"
"7740","IFFO1","IFFO1"
"7741","ZN763","ZNF763"
"7742","NIPA4","NIPAL4"
"7743","KLH30","KLHL30"
"7744","RIPP1","RIPPLY1"
"7745","EGFEM","EGFEM1P"
"7746","NTCP7","SLC10A7"
"7747","TBC8B","TBC1D8B"
"7748","ZNFS1","ZNF252P-AS1"
"7749","FCHO2","FCHO2"
"7750","YA037","HSD52"
"7751","ARL16","ARL16"
"7752","CQ067","C17orf67"
"7753","CB080","C2orf80"
"7754","ABD18","ABHD18"
"7755","SPEM2","SPEM2"
"7756","DIK1C","DIPK1C"
"7757","CCD15","CCDC15"
"7758","TMM62","TMEM62"
"7759","ELP6","ELP6"
"7760","LR74A","LRRC74A"
"7761","PLCX2","PLCXD2"
"7762","SYCN","SYCN"
"7763","LMOD3","LMOD3"
"7764","RGF1B","RASGEF1B"
"7765","SMAGP","SMAGP"
"7766","APOBR","APOBR"
"7767","INCA1","INCA1"
"7768","CQ091","MIR22HG"
"7769","CS057","C19orf57"
"7770","DYH14","DNAH14"
"7771","ADIG","ADIG"
"7772","HSP7E","HSPA14"
"7773","SCRN3","SCRN3"
"7774","TM267","TMEM267"
"7775","K2012","KIAA2012"
"7776","CGNL1","CGNL1"
"7777","YL016","-"
"7778","CC173","CCDC173"
"7779","FP100","FAAP100"
"7780","YC023","-"
"7781","MESP2","MESP2"
"7782","ZN816","ZNF816"
"7783","LTOR4","LAMTOR4"
"7784","U17LO","USP17L27"
"7785","FABP9","FABP9"
"7786","NEXN","NEXN"
"7787","PJVK","PJVK"
"7788","MGAT2","MGAT2"
"7789","GALT2","GALNT2"
"7790","GALT1","GALNT1"
"7791","AP1B1","AP1B1"
"7792","CPSF1","CPSF1"
"7793","MN1","MN1"
"7794","DBP","DBP"
"7795","TEF","TEF"
"7796","BST1","BST1"
"7797","BST2","BST2"
"7798","MPPA","PMPCA"
"7799","KRIP1","KLKP1"
"7800","FUT2","FUT2"
"7801","FUT5","FUT5"
"7802","FUT7","FUT7"
"7803","SIA4A","ST3GAL1"
"7804","SIAT6","ST3GAL3"
"7805","SIA4C","ST3GAL4"
"7806","KIF1A","KIF1A"
"7807","SCRN1","SCRN1"
"7808","HMGX3","HMGXB3"
"7809","TMM94","TMEM94"
"7810","WASC5","WASHC5"
"7811","NU160","NUP160"
"7812","SCAP","SCAP"
"7813","SRBP2","SREBF2"
"7814","ARHG5","ARHGEF5"
"7815","FOXO1","FOXO1"
"7816","TBL3","TBL3"
"7817","TF3C1","GTF3C1"
"7818","KCMA1","KCNMA1"
"7819","TWF1","TWF1"
"7820","HYAL1","HYAL1"
"7821","PNRC1","PNRC1"
"7822","ASPH","ASPH"
"7823","CETN1","CETN1"
"7824","TCP10","TCP10L3"
"7825","TFCP2","TFCP2"
"7826","AKP13","AKAP13"
"7827","FBLN3","EFEMP1"
"7828","KCNH2","KCNH2"
"7829","TROAP","TROAP"
"7830","TROP","TRO"
"7831","SNF5","SMARCB1"
"7832","RB40B","RAB40B"
"7833","BPTF","BPTF"
"7834","CDC20","CDC20"
"7835","ZP4","ZP4"
"7836","PO4F2","POU4F2"
"7837","KIF5A","KIF5A"
"7838","FSTL1","FSTL1"
"7839","STX4","STX4"
"7840","GRSF1","GRSF1"
"7841","M4K2","MAP4K2"
"7842","M3K12","MAP3K12"
"7843","NFIA","NFIA"
"7844","CNTN1","CNTN1"
"7845","CAD17","CDH17"
"7846","MERTK","MERTK"
"7847","TCF15","TCF15"
"7848","SFSWA","SFSWAP"
"7849","CHD3","CHD3"
"7850","SF3A3","SF3A3"
"7851","NMDE1","GRIN2A"
"7852","DPYD","DPYD"
"7853","SEPR","FAP"
"7854","COX10","COX10"
"7855","TP53B","TP53BP1"
"7856","OVGP1","OVGP1"
"7857","HYAL2","HYAL2"
"7858","TM115","TMEM115"
"7859","IFRD2","IFRD2"
"7860","TRI26","TRIM26"
"7861","ZN155","ZNF155"
"7862","AIMP1","AIMP1"
"7863","ILF2","ILF2"
"7864","ILF3","ILF3"
"7865","LMAN2","LMAN2"
"7866","NTCP2","SLC10A2"
"7867","IRAG2","IRAG2"
"7868","PTPRJ","PTPRJ"
"7869","KLRB1","KLRB1"
"7870","PTN13","PTPN13"
"7871","ELAV2","ELAVL2"
"7872","EPS8","EPS8"
"7873","TRAP1","TRAP1"
"7874","TRAF2","TRAF2"
"7875","BFSP1","BFSP1"
"7876","FOXF1","FOXF1"
"7877","FOXF2","FOXF2"
"7878","FOXC1","FOXC1"
"7879","FOXD4","FOXD4"
"7880","FOXI1","FOXI1"
"7881","FOXL1","FOXL1"
"7882","ANK3","ANK3"
"7883","DLG1","DLG1"
"7884","TAF10","TAF10"
"7885","MYO1E","MYO1E"
"7886","GNDS","RALGDS"
"7887","NFAC3","NFATC3"
"7888","PP1R8","PPP1R8"
"7889","TP4A2","PTP4A2"
"7890","ABR","ABR"
"7891","NPRL3","NPRL3"
"7892","SEC20","BNIP1"
"7893","BNIP2","BNIP2"
"7894","BNIP3","BNIP3"
"7895","NFX1","NFX1"
"7896","HSPB3","HSPB3"
"7897","CSTF3","CSTF3"
"7898","TSN31","TSPAN31"
"7899","GRIK2","GRIK2"
"7900","GRIK3","GRIK3"
"7901","IL24","IL24"
"7902","TIAM1","TIAM1"
"7903","ECH1","ECH1"
"7904","AF1Q","MLLT11"
"7905","RHG05","ARHGAP5"
"7906","PLA2R","PLA2R1"
"7907","MALL","MALL"
"7908","AKAP6","AKAP6"
"7909","PRDM2","PRDM2"
"7910","STRN3","STRN3"
"7911","CDC16","CDC16"
"7912","STK4","STK4"
"7913","FLII","FLII"
"7914","PSG7","PSG7"
"7915","TRI32","TRIM32"
"7916","COASY","COASY"
"7917","TRDN","TRDN"
"7918","MKRN3","MKRN3"
"7919","GAGE1","GAGE1"
"7920","GAG2B","GAGE2B"
"7921","GAGE5","GAGE5"
"7922","GAGE6","GAGE6"
"7923","BAGE1","BAGE"
"7924","BIRC1","NAIP"
"7925","TRAF1","TRAF1"
"7926","RM28","MRPL28"
"7927","ACACA","ACACA"
"7928","PDIA2","PDIA2"
"7929","PAFA","PLA2G7"
"7930","LCP2","LCP2"
"7931","CSN1","GPS1"
"7932","IFT88","IFT88"
"7933","SPP24","SPP2"
"7934","ZBT17","ZBTB17"
"7935","ZN154","ZNF154"
"7936","UBP4","USP4"
"7937","CAF1A","CHAF1A"
"7938","CAF1B","CHAF1B"
"7939","PDZ1I","PDZK1IP1"
"7940","TRAF3","TRAF3"
"7941","DUS4","DUSP4"
"7942","DAZ2","DAZ2"
"7943","KLF10","KLF10"
"7944","RED","IK"
"7945","MTAP","MTAP"
"7946","REST","REST"
"7947","RLF","RLF"
"7948","AAPK1","PRKAA1"
"7949","NR1H3","NR1H3"
"7950","LIPA1","PPFIA1"
"7951","CACO2","CALCOCO2"
"7952","EI2BE","EIF2B5"
"7953","BAMBI","BAMBI"
"7954","TADBP","TARDBP"
"7955","ROA0","HNRNPA0"
"7956","PAK1","PAK1"
"7957","AIMP2","AIMP2"
"7958","RFA4","RPA4"
"7959","FADD","FADD"
"7960","PRDX4","PRDX4"
"7961","MP2K5","MAP2K5"
"7962","MK07","MAPK7"
"7963","CATR1","CATR1"
"7964","PAK2","PAK2"
"7965","S13A2","SLC13A2"
"7966","CBX3","CBX3"
"7967","STK3","STK3"
"7968","STX5","STX5"
"7969","CBLB","CBLB"
"7970","PSMD2","PSMD2"
"7971","MMRN1","MMRN1"
"7972","DUS8","DUSP8"
"7973","MYBPH","MYBPH"
"7974","DDX10","DDX10"
"7975","TBX2","TBX2"
"7976","SEM3B","SEMA3B"
"7977","ERCC8","ERCC8"
"7978","DNJC3","DNAJC3"
"7979","PAPP1","PAPPA"
"7980","NMDE2","GRIN2B"
"7981","GPS2","GPS2"
"7982","SBP1","SELENBP1"
"7983","CHIT1","CHIT1"
"7984","NDK3","NME3"
"7985","M3K1","MAP3K1"
"7986","KGP2","PRKG2"
"7987","SLAP1","SLA"
"7988","KLRD1","KLRD1"
"7989","SRSF9","SRSF9"
"7990","SRSF5","SRSF5"
"7991","SRSF6","SRSF6"
"7992","NOGG","NOG"
"7993","GRM1","GRM1"
"7994","MD2L1","MAD2L1"
"7995","PD2R","PTGDR"
"7996","I15RA","IL15RA"
"7997","TIF1B","TRIM28"
"7998","DHRS2","DHRS2"
"7999","SEM3F","SEMA3F"
"8000","STX3","STX3"
"8001","RIG","RIG"
"8002","G3BP1","G3BP1"
"8003","STF1","NR5A1"
"8004","CLN3","CLN3"
"8005","NMI","NMI"
"8006","SLAF1","SLAMF1"
"8007","SG2A2","SCGB2A2"
"8008","KCAB2","KCNAB2"
"8009","GPR17","GPR17"
"8010","PTK7","PTK7"
"8011","SKP2","SKP2"
"8012","PABP4","PABPC4"
"8013","ATM","ATM"
"8014","DMP1","DMP1"
"8015","CD5R2","CDK5R2"
"8016","GRB10","GRB10"
"8017","BIK","BIK"
"8018","CRFR2","CRHR2"
"8019","IFIT5","IFIT5"
"8020","SGCG","SGCG"
"8021","MTA1","MTA1"
"8022","PTPRS","PTPRS"
"8023","UT1","SLC14A1"
"8024","SP140","SP140"
"8025","EIF3I","EIF3I"
"8026","ITAD","ITGAD"
"8027","KLF1","KLF1"
"8028","CENPR","ITGB3BP"
"8029","PPIL2","PPIL2"
"8030","ZN177","ZNF177"
"8031","MFAP5","MFAP5"
"8032","2A5G","PPP2R5C"
"8033","CTBP1","CTBP1"
"8034","AP3B2","AP3B2"
"8035","MPP3","MPP3"
"8036","PDE3B","PDE3B"
"8037","PHLP","PDCL"
"8038","JIP2","MAPK8IP2"
"8039","PLD1","PLD1"
"8040","MB211","MAB21L1"
"8041","TARB1","TARBP1"
"8042","ZN211","ZNF211"
"8043","PM2P3","PMS2P3"
"8044","MYO7A","MYO7A"
"8045","UB2V1","UBE2V1"
"8046","RM49","MRPL49"
"8047","DC1I2","DYNC1I2"
"8048","BT1A1","BTN1A1"
"8049","ORC1","ORC1"
"8050","ORC2","ORC2"
"8051","ILK","ILK"
"8052","MSLN","MSLN"
"8053","IKZF1","IKZF1"
"8054","NNTM","NNT"
"8055","SNTA1","SNTA1"
"8056","SNTB2","SNTB2"
"8057","XRCC4","XRCC4"
"8058","PPIG","PPIG"
"8059","TCOF","TCOF1"
"8060","U119A","UNC119"
"8061","S39A6","SLC39A6"
"8062","MKRN4","MKRN4P"
"8063","SF3B2","SF3B2"
"8064","OS9","OS9"
"8065","GOGA4","GOLGA4"
"8066","HAP28","PDAP1"
"8067","ADAM9","ADAM9"
"8068","ADA15","ADAM15"
"8069","TMED1","TMED1"
"8070","LSAMP","LSAMP"
"8071","FKBP5","FKBP5"
"8072","TUSC3","TUSC3"
"8073","MYO9B","MYO9B"
"8074","FOXE3","FOXE3"
"8075","ROCK1","ROCK1"
"8076","FZD5","FZD5"
"8077","NFAC2","NFATC2"
"8078","TNK1","TNK1"
"8079","TOP3A","TOP3A"
"8080","DRP2","DRP2"
"8081","MADCA","MADCAM1"
"8082","IL18R","IL18R1"
"8083","GAB1","GAB1"
"8084","SMAD4","SMAD4"
"8085","SNPC2","SNAPC2"
"8086","VPP3","TCIRG1"
"8087","BIRC3","BIRC3"
"8088","BIRC2","BIRC2"
"8089","GPM6B","GPM6B"
"8090","PICAL","PICALM"
"8091","MAMD1","MAMLD1"
"8092","MTM1","MTM1"
"8093","SQSTM","SQSTM1"
"8094","MED21","MED21"
"8095","MTX1","MTX1"
"8096","NAB1","NAB1"
"8097","TRPC3","TRPC3"
"8098","NAR3","ART3"
"8099","TBB3","TUBB3"
"8100","ASAH1","ASAH1"
"8101","BFSP2","BFSP2"
"8102","OLIG2","OLIG2"
"8103","PNOC","PNOC"
"8104","AQP6","AQP6"
"8105","PPR1A","PPP1R1A"
"8106","PRP4B","PRPF4B"
"8107","PIN1","PIN1"
"8108","SERC3","SERINC3"
"8109","ATR","ATR"
"8110","CROC4","C1orf61"
"8111","4EBP1","EIF4EBP1"
"8112","4EBP2","EIF4EBP2"
"8113","RIPK1","RIPK1"
"8114","HDAC1","HDAC1"
"8115","KCC2B","CAMK2B"
"8116","KCC2G","CAMK2G"
"8117","KCC2D","CAMK2D"
"8118","DCTN2","DCTN2"
"8119","NDF1","NEUROD1"
"8120","PKD2","PKD2"
"8121","ULA1","NAE1"
"8122","IRF5","IRF5"
"8123","TDG","TDG"
"8124","LAPM5","LAPTM5"
"8125","ITPK1","ITPK1"
"8126","SNW1","SNW1"
"8127","DGKZ","DGKZ"
"8128","IQGA2","IQGAP2"
"8129","MTR1L","GPR50"
"8130","STIM1","STIM1"
"8131","GRAP","GRAP"
"8132","SEM5A","SEMA5A"
"8133","TRA2A","TRA2A"
"8134","SNX1","SNX1"
"8135","KRR1","KRR1"
"8136","OR5I1","OR5I1"
"8137","OR2F1","OR2F1"
"8138","PEX6","PEX6"
"8139","DNSL3","DNASE1L3"
"8140","PWP1","PWP1"
"8141","MTMR1","MTMR1"
"8142","MTMR2","MTMR2"
"8143","MTMR3","MTMR3"
"8144","CUL1","CUL1"
"8145","CUL2","CUL2"
"8146","CUL3","CUL3"
"8147","CUL4A","CUL4A"
"8148","CUL4B","CUL4B"
"8149","S12A1","SLC12A1"
"8150","ASPP2","TP53BP2"
"8151","DYR1A","DYRK1A"
"8152","FCL","TSTA3"
"8153","CAD18","CDH18"
"8154","PTC1","PTCH1"
"8155","RAB31","RAB31"
"8156","RAB32","RAB32"
"8157","5HT4R","HTR4"
"8158","TPBG","TPBG"
"8159","FHL1","FHL1"
"8160","FHL3","FHL3"
"8161","I10R1","IL10RA"
"8162","PM2PB","PMS2P11"
"8163","RIN1","RIN1"
"8164","ITA7","ITGA7"
"8165","AAMP","AAMP"
"8166","ALKB1","ALKBH1"
"8167","CAC1S","CACNA1S"
"8168","RAPSN","RAPSN"
"8169","AVR2B","ACVR2B"
"8170","MOGS","MOGS"
"8171","AT1A4","ATP1A4"
"8172","CD166","ALCAM"
"8173","LAMB3","LAMB3"
"8174","LAMC2","LAMC2"
"8175","RUNX3","RUNX3"
"8176","THOC5","THOC5"
"8177","NCOA4","NCOA4"
"8178","APOF","APOF"
"8179","APR","PMAIP1"
"8180","ARFRP","ARFRP1"
"8181","SHRM2","SHROOM2"
"8182","ITA9","ITGA9"
"8183","SPTN1","SPTAN1"
"8184","ENPP2","ENPP2"
"8185","NOG2","GNL2"
"8186","AUHM","AUH"
"8187","BACD2","TNFAIP1"
"8188","PKP1","PKP1"
"8189","DX39B","DDX39B"
"8190","BLMH","BLMH"
"8191","EXOS2","EXOSC2"
"8192","BMPR2","BMPR2"
"8193","MOBP","MOBP"
"8194","PTK6","PTK6"
"8195","SNTB1","SNTB1"
"8196","TBB2A","TUBB2A"
"8197","KLF9","KLF9"
"8198","KLF5","KLF5"
"8199","TF2H2","GTF2H2"
"8200","TF2H3","GTF2H3"
"8201","BYST","BYSL"
"8202","C1D","C1D"
"8203","RPGF1","RAPGEF1"
"8204","IDI1","IDI1"
"8205","CAC1C","CACNA1C"
"8206","CAYP1","CAPS"
"8207","CALI","CCIN"
"8208","PDE7A","PDE7A"
"8209","RUNX2","RUNX2"
"8210","PEBB","CBFB"
"8211","NFYC","NFYC"
"8212","CNCG","PDE6H"
"8213","RGRF1","RASGRF1"
"8214","KGP1","PRKG1"
"8215","CEAM7","CEACAM7"
"8216","KCNC3","KCNC3"
"8217","CDK13","CDK13"
"8218","IL16","IL16"
"8219","CKAP5","CKAP5"
"8220","CIRBP","CIRBP"
"8221","KCC1A","CAMK1"
"8222","COTL1","COTL1"
"8223","CNGB1","CNGB1"
"8224","CO4A6","COL4A6"
"8225","BAAT","BAAT"
"8226","CO9A3","COL9A3"
"8227","CO9A2","COL9A2"
"8228","COX17","COX17"
"8229","RB33A","RAB33A"
"8230","CYLC2","CYLC2"
"8231","CCNI","CCNI"
"8232","HNRPD","HNRNPD"
"8233","TOB2","TOB2"
"8234","SCRB2","SCARB2"
"8235","NID2","NID2"
"8236","LRP8","LRP8"
"8237","IL18","IL18"
"8238","DPYS","DPYS"
"8239","DAG1","DAG1"
"8240","VEZF1","VEZF1"
"8241","PDE1C","PDE1C"
"8242","DSG2","DSG2"
"8243","DGCR6","DGCR6"
"8244","TRI29","TRIM29"
"8245","VGLL4","VGLL4"
"8246","BOP1","BOP1"
"8247","UBE4A","UBE4A"
"8248","SRTD2","SERTAD2"
"8249","SEPT6","SEPTIN6"
"8250","TRI14","TRIM14"
"8251","KEAP1","KEAP1"
"8252","URB2","URB2"
"8253","DHX34","DHX34"
"8254","MORC3","MORC3"
"8255","SAFB2","SAFB2"
"8256","EIF3A","EIF3A"
"8257","FA53B","FAM53B"
"8258","DELE1","DELE1"
"8259","ARHG7","ARHGEF7"
"8260","EFR3A","EFR3A"
"8261","UBP2L","UBAP2L"
"8262","SPIDR","SPIDR"
"8263","SCRIB","SCRIB"
"8264","GIT2","GIT2"
"8265","SREC","SCARF1"
"8266","IKKE","IKBKE"
"8267","MLEC","MLEC"
"8268","TTL12","TTLL12"
"8269","MPP2","MPP2"
"8270","DPOA2","POLA2"
"8271","DOC2A","DOC2A"
"8272","DOC2B","DOC2B"
"8273","DOCK1","DOCK1"
"8274","TFDP1","TFDP1"
"8275","TFDP2","TFDP2"
"8276","SIM2","SIM2"
"8277","WRN","WRN"
"8278","FHL2","FHL2"
"8279","DPYL1","CRMP1"
"8280","DPYL3","DPYSL3"
"8281","ICT1","MRPL58"
"8282","BTG3","BTG3"
"8283","ZMYM3","ZMYM3"
"8284","DCTN1","DCTN1"
"8285","DYHC1","DYNC1H1"
"8286","RCAN2","RCAN2"
"8287","NPAT","NPAT"
"8288","E2F2","E2F2"
"8289","LY6D","LY6D"
"8290","IL27B","EBI3"
"8291","EI2BA","EIF2B1"
"8292","EPAG","DIAPH2-AS1"
"8293","IF4A2","EIF4A2"
"8294","ELOA1","ELOA"
"8295","SELPL","SELPLG"
"8296","MAP7","MAP7"
"8297","AGRE1","ADGRE1"
"8298","SRC8","CTTN"
"8299","NUCG","ENDOG"
"8300","FLOT2","FLOT2"
"8301","RCN2","RCN2"
"8302","TRI25","TRIM25"
"8303","ENR1","ERV3-1"
"8304","FAK2","PTK2B"
"8305","FASTK","FASTK"
"8306","FGL2","FGL2"
"8307","FLNC","FLNC"
"8308","FKBP8","FKBP8"
"8309","FA50A","FAM50A"
"8310","MYPC2","MYBPC2"
"8311","GPR18","GPR18"
"8312","FRG1","FRG1"
"8313","FZD2","FZD2"
"8314","GNA13","GNA13"
"8315","GAMT","GAMT"
"8316","GALE","GALE"
"8317","GGTL2","GGTLC2"
"8318","LRC32","LRRC32"
"8319","GAS6","GAS6"
"8320","GCKR","GCKR"
"8321","CSHL","CSHL1"
"8322","GLPK3","GK3P"
"8323","GLPK2","GK2"
"8324","GRM2","GRM2"
"8325","PDE3A","PDE3A"
"8326","GALT3","GALNT3"
"8327","GP176","GPR176"
"8328","PIGH","PIGH"
"8329","CAPR1","CAPRIN1"
"8330","GRB14","GRB14"
"8331","GRB7","GRB7"
"8332","BECN1","BECN1"
"8333","HES1","HES1"
"8334","SLBP","SLBP"
"8335","NF2L1","NFE2L1"
"8336","RBM39","RBM39"
"8337","KCJ12","KCNJ12"
"8338","EP3A","EDDM3A"
"8339","WFDC2","WFDC2"
"8340","CASL","NEDD9"
"8341","FGFP1","FGFBP1"
"8342","SPRL1","SPARCL1"
"8343","FAT1","FAT1"
"8344","HABP2","HABP2"
"8345","SCN5A","SCN5A"
"8346","KT33B","KRT33B"
"8347","HIC1","HIC1"
"8348","HLTF","HLTF"
"8349","K1H2","KRT32"
"8350","KRT81","KRT81"
"8351","ERG1","SQLE"
"8352","HNF4G","HNF4G"
"8353","S29A2","SLC29A2"
"8354","GBX1","GBX1"
"8355","PDIA5","PDIA5"
"8356","KPRA","PRPSAP1"
"8357","DHX8","DHX8"
"8358","SEM3A","SEMA3A"
"8359","DMC1","DMC1"
"8360","MCM6","MCM6"
"8361","HS902","HSP90AA2P"
"8362","ITPR2","ITPR2"
"8363","ITPR3","ITPR3"
"8364","DSC3","DSC3"
"8365","ELAV3","ELAVL3"
"8366","MAD4","MXD4"
"8367","ZN266","ZNF266"
"8368","ZN345","ZNF345"
"8369","ZN267","ZNF267"
"8370","ZN268","ZNF268"
"8371","ZN234","ZNF234"
"8372","ZN235","ZNF235"
"8373","ZN460","ZNF460"
"8374","ZN273","ZNF273"
"8375","NBR1","NBR1"
"8376","ID2B","ID2B"
"8377","IHH","IHH"
"8378","ITIH4","ITIH4"
"8379","I11RA","IL11RA"
"8380","I13R2","IL13RA2"
"8381","INSL4","INSL4"
"8382","I5P1","INPP5A"
"8383","ITPR1","ITPR1"
"8384","RASA3","RASA3"
"8385","PLSI","PLS1"
"8386","IRF3","IRF3"
"8387","KCJ11","KCNJ11"
"8388","TM187","TMEM187"
"8389","LAGE3","LAGE3"
"8390","K0100","KIAA0100"
"8391","TRIPC","TRIP12"
"8392","PUM1","PUM1"
"8393","ESPL1","ESPL1"
"8394","MDC1","MDC1"
"8395","EPN4","CLINT1"
"8396","KANK1","KANK1"
"8397","TTLL4","TTLL4"
"8398","MELK","MELK"
"8399","KCTD2","KCTD2"
"8400","SMC1A","SMC1A"
"8401","RRP1B","RRP1B"
"8402","NCOA6","NCOA6"
"8403","GSE1","GSE1"
"8404","DIP2A","DIP2A"
"8405","RRP5","PDCD11"
"8406","PSF1","GINS1"
"8407","BMS1","BMS1"
"8408","LPIN1","LPIN1"
"8409","UBP10","USP10"
"8410","K0087","KIAA0087"
"8411","MESD","MESD"
"8412","GANAB","GANAB"
"8413","RFTN1","RFTN1"
"8414","MBTP1","MBTPS1"
"8415","SSPN","SSPN"
"8416","KCNB1","KCNB1"
"8417","KCAB1","KCNAB1"
"8418","MFS10","MFSD10"
"8419","2A5D","PPP2R5D"
"8420","LBR","LBR"
"8421","COG2","COG2"
"8422","GNMT","GNMT"
"8423","PTCA","PTPRCAP"
"8424","MVP","MVP"
"8425","STAT4","STAT4"
"8426","LTBP1","LTBP1"
"8427","LTBP2","LTBP2"
"8428","ICAM4","ICAM4"
"8429","HLX","HLX"
"8430","CBX2","CBX2"
"8431","GOGB1","GOLGB1"
"8432","CASP8","CASP8"
"8433","ZN846","ZNF846"
"8434","SMCO1","SMCO1"
"8435","NAA30","NAA30"
"8436","FXYD3","FXYD3"
"8437","KIF22","KIF22"
"8438","MEF2D","MEF2D"
"8439","GRM7","GRM7"
"8440","GRM3","GRM3"
"8441","GRM4","GRM4"
"8442","CHD4","CHD4"
"8443","LASP1","LASP1"
"8444","STAR3","STARD3"
"8445","PO6F1","POU6F1"
"8446","ARI5B","ARID5B"
"8447","MTF1","MTF1"
"8448","CRYM","CRYM"
"8449","MYPC3","MYBPC3"
"8450","PTGR1","PTGR1"
"8451","NPT1","SLC17A1"
"8452","NC2A","DRAP1"
"8453","ZN169","ZNF169"
"8454","NFAC4","NFATC4"
"8455","NFIX","NFIX"
"8456","SL9A5","SLC9A5"
"8457","KI3S1","KIR3DS1"
"8458","KI2S3","KIR2DS3"
"8459","KI2S5","KIR2DS5"
"8460","KI2S1","KIR2DS1"
"8461","GPNMB","GPNMB"
"8462","NMDE3","GRIN2C"
"8463","RB39A","RAB39A"
"8464","ZN638","ZNF638"
"8465","NTCP","SLC10A1"
"8466","IMB1","KPNB1"
"8467","NOLC1","NOLC1"
"8468","NUMA1","NUMA1"
"8469","OPCM","OPCML"
"8470","ODFP1","ODF1"
"8471","COJA1","COL19A1"
"8472","NR1I3","NR1I3"
"8473","NR1D2","NR1D2"
"8474","PSME4","PSME4"
"8475","CUL7","CUL7"
"8476","NWD1","NWD1"
"8477","SHPRH","SHPRH"
"8478","SLMAP","SLMAP"
"8479","GAPD1","GAPVD1"
"8480","T132D","TMEM132D"
"8481","RHG19","ARHGAP19"
"8482","FRPD4","FRMPD4"
"8483","CLCA4","CLCA4"
"8484","K2C72","KRT72"
"8485","UBX2B","UBXN2B"
"8486","AT7L3","ATXN7L3"
"8487","MF13A","MFSD13A"
"8488","NAA25","NAA25"
"8489","CP072","C16orf72"
"8490","FAKD3","FASTKD3"
"8491","HECAM","HEPACAM"
"8492","MELT","VEPH1"
"8493","RTP5","RTP5"
"8494","T132B","TMEM132B"
"8495","CND2","NCAPH"
"8496","PAF15","PCLAF"
"8497","SPCS2","SPCS2"
"8498","EMC2","EMC2"
"8499","FL2D","WTAP"
"8500","PSMD6","PSMD6"
"8501","HERP1","HERPUD1"
"8502","LAP4A","LAPTM4A"
"8503","MD2BP","MAD2L1BP"
"8504","MO4L2","MORF4L2"
"8505","ABRX2","ABRAXAS2"
"8506","SEPT2","SEPTIN2"
"8507","SART3","SART3"
"8508","CND1","NCAPD2"
"8509","SUZ12","SUZ12"
"8510","EXOS7","EXOSC7"
"8511","TNIP1","TNIP1"
"8512","ACAP1","ACAP1"
"8513","U5S1","EFTUD2"
"8514","SYLM","LARS2"
"8515","R3HD1","R3HDM1"
"8516","HERC3","HERC3"
"8517","TRAM2","TRAM2"
"8518","SNX17","SNX17"
"8519","DAZP2","DAZAP2"
"8520","JOS1","JOSD1"
"8521","AR6P1","ARL6IP1"
"8522","RB3GP","RAB3GAP1"
"8523","S39AE","SLC39A14"
"8524","SYK","KARS1"
"8525","SETB1","SETDB1"
"8526","LRC14","LRRC14"
"8527","MLC1","MLC1"
"8528","RRS1","RRS1"
"8529","IQCB1","IQCB1"
"8530","ARHG6","ARHGEF6"
"8531","K0040","KIAA0040"
"8532","DPOD3","POLD3"
"8533","IF4H","EIF4H"
"8534","ACAP2","ACAP2"
"8535","KIF14","KIF14"
"8536","BRD3","BRD3"
"8537","WDR43","WDR43"
"8538","POSTN","POSTN"
"8539","ACOX1","ACOX1"
"8540","OXA1L","OXA1L"
"8541","OZF","ZNF146"
"8542","EEA1","EEA1"
"8543","P2RY6","P2RY6"
"8544","CD5R1","CDK5R1"
"8545","NCF4","NCF4"
"8546","PDIA6","PDIA6"
"8547","PA1B3","PAFAH1B3"
"8548","RAGE","AGER"
"8549","PLCL1","PLCL1"
"8550","PCOC1","PCOLCE"
"8551","PDCD1","PDCD1"
"8552","PDK1","PDK1"
"8553","PDK2","PDK2"
"8554","PDK3","PDK3"
"8555","PEA15","PEA15"
"8556","PGM5","PGM5"
"8557","EBP","EBP"
"8558","PMVK","PMVK"
"8559","CDK10","CDK10"
"8560","KPCD1","PRKD1"
"8561","PLCB4","PLCB4"
"8562","PLEC","PLEC"
"8563","PCM1","PCM1"
"8564","NOMO1","NOMO1"
"8565","PON2","PON2"
"8566","PON3","PON3"
"8567","TCAL1","TCEAL1"
"8568","2A5A","PPP2R5A"
"8569","2A5B","PPP2R5B"
"8570","IPYR","PPA1"
"8571","TEBP","PTGES3"
"8572","PLGA","PLGLA"
"8573","PGFRL","PDGFRL"
"8574","STK38","STK38"
"8575","NECT1","NECTIN1"
"8576","NONO","NONO"
"8577","PSG5","PSG5"
"8578","PTPRR","PTPRR"
"8579","PTPA","PTPA"
"8580","PTPRK","PTPRK"
"8581","PWP2","PWP2"
"8582","NKX11","NKX1-1"
"8583","NADC","QPRT"
"8584","RABE1","RABEP1"
"8585","RASA2","RASA2"
"8586","RAB35","RAB35"
"8587","RNPS1","RNPS1"
"8588","RBBP5","RBBP5"
"8589","RCN1","RCN1"
"8590","ERBB4","ERBB4"
"8591","IRF4","IRF4"
"8592","RBP1","RALBP1"
"8593","PO4F3","POU4F3"
"8594","K1H1","KRT31"
"8595","ZMY11","ZMYND11"
"8596","ANKR1","ANKRD1"
"8597","E2F5","E2F5"
"8598","L2GL1","LLGL1"
"8599","LRC41","LRRC41"
"8600","KS6A2","RPS6KA2"
"8601","TTF1","TTF1"
"8602","TMED2","TMED2"
"8603","PCBP1","PCBP1"
"8604","PCBP2","PCBP2"
"8605","ELOC","ELOC"
"8606","ELOB","ELOB"
"8607","EPHA7","EPHA7"
"8608","RHEB","RHEB"
"8609","UBE3C","UBE3C"
"8610","TOM20","TOMM20"
"8611","ANGP1","ANGPT1"
"8612","MTFR1","MTFR1"
"8613","P2Y14","P2RY14"
"8614","DHC24","DHCR24"
"8615","SF3B3","SF3B3"
"8616","PUM3","PUM3"
"8617","DLGP5","DLGAP5"
"8618","TLR1","TLR1"
"8619","RSU1","RSU1"
"8620","NR6A1","NR6A1"
"8621","RYR3","RYR3"
"8622","RBY1F","RBMY1F"
"8623","CNN3","CNN3"
"8624","KS6A1","RPS6KA1"
"8625","SAFB1","SAFB"
"8626","SF3B4","SF3B4"
"8627","SF3A2","SF3A2"
"8628","SYCP1","SYCP1"
"8629","RBMS2","RBMS2"
"8630","PP1R7","PPP1R7"
"8631","SC23A","SEC23A"
"8632","SC23B","SEC23B"
"8633","CYH1","CYTH1"
"8634","SF3A1","SF3A1"
"8635","SHB","SHB"
"8636","SHH","SHH"
"8637","NR0B2","NR0B2"
"8638","STIL","STIL"
"8639","SIX1","SIX1"
"8640","SKIV2","SKIV2L"
"8641","FCN2","FCN2"
"8642","GUSP1","GUSBP1"
"8643","RGN","RGN"
"8644","SP17","SPA17"
"8645","SPHAR","SPHAR"
"8646","CDSN","CDSN"
"8647","SURF1","SURF1"
"8648","SURF2","SURF2"
"8649","MED22","MED22"
"8650","SSXT","SS18"
"8651","TAF5","TAF5"
"8652","TAF13","TAF13"
"8653","TAF11","TAF11"
"8654","TAF7","TAF7"
"8655","PAQRB","MMD"
"8656","TERF2","TERF2"
"8657","MARE2","MAPRE2"
"8658","TCEA2","TCEA2"
"8659","TEAD4","TEAD4"
"8660","TEAD2","TEAD2"
"8661","TESK1","TESK1"
"8662","TAF1C","TAF1C"
"8663","TAF1A","TAF1A"
"8664","BGH3","TGFBI"
"8665","TGIF1","TGIF1"
"8666","NCOA2","NCOA2"
"8667","NHRF2","SLC9A3R2"
"8668","DIXC1","DIXDC1"
"8669","OR1Q1","OR1Q1"
"8670","OR4D1","OR4D1"
"8671","OR8G1","OR8G1"
"8672","OR1C1","OR1C1"
"8673","OR8B8","OR8B8"
"8674","OR7A5","OR7A5"
"8675","TRADD","TRADD"
"8676","TRAM1","TRAM1"
"8677","TSN","TSN"
"8678","TRBP2","TARBP2"
"8679","SF01","SF1"
"8680","CIP4","TRIP10"
"8681","TRIPB","TRIP11"
"8682","PCH2","TRIP13"
"8683","OASL","OASL"
"8684","MED1","MED1"
"8685","ZNHI3","ZNHIT3"
"8686","TRIP4","TRIP4"
"8687","HMGN3","HMGN3"
"8688","JHD2C","JMJD1C"
"8689","IKBB","NFKBIB"
"8690","TRIP6","TRIP6"
"8691","TRYB1","TPSAB1"
"8692","RHOH","RHOH"
"8693","TWST1","TWIST1"
"8694","PTN14","PTPN14"
"8695","MARE1","MAPRE1"
"8696","U2AFL","ZRSR2P1"
"8697","U2AFM","ZRSR2"
"8698","ZN174","ZNF174"
"8699","ALX1","ALX1"
"8700","ATX8","ATXN8"
"8701","DLG2","DLG2"
"8702","T22D1","TSC22D1"
"8703","ELAV1","ELAVL1"
"8704","LT4R1","LTB4R"
"8705","ELF2","ELF2"
"8706","KISS1","KISS1"
"8707","PI5PA","INPP5J"
"8708","NSDHL","NSDHL"
"8709","NAB2","NAB2"
"8710","OGR1","GPR68"
"8711","CEBPE","CEBPE"
"8712","MYLK","MYLK"
"8713","TAB1","TAB1"
"8714","HERC1","HERC1"
"8715","AAAT","SLC1A5"
"8716","MK11","MAPK11"
"8717","GPR19","GPR19"
"8718","NPY5R","NPY5R"
"8719","CD226","CD226"
"8720","EFNB3","EFNB3"
"8721","RAB30","RAB30"
"8722","SPEG","SPEG"
"8723","MLF2","MLF2"
"8724","ZKSC8","ZKSCAN8"
"8725","MPPD2","MPPED2"
"8726","CH3L2","CHI3L2"
"8727","NDF2","NEUROD2"
"8728","TOM34","TOMM34"
"8729","NCOA1","NCOA1"
"8730","SMAD2","SMAD2"
"8731","SMAD1","SMAD1"
"8732","MSMO1","MSMO1"
"8733","ITSN1","ITSN1"
"8734","TBCE","TBCE"
"8735","TBCC","TBCC"
"8736","NPTX1","NPTX1"
"8737","UB2V2","UBE2V2"
"8738","ACHA2","CHRNA2"
"8739","ACHA6","CHRNA6"
"8740","CYTM","CST6"
"8741","STK11","STK11"
"8742","STXB2","STXBP2"
"8743","CC85B","CCDC85B"
"8744","GRK1","GRK1"
"8745","VAMP3","VAMP3"
"8746","KCNJ8","KCNJ8"
"8747","NEDD8","NEDD8"
"8748","CLUL1","CLUL1"
"8749","ADIRF","ADIRF"
"8750","ADIPO","ADIPOQ"
"8751","UT2","SLC14A2"
"8752","USF2","USF2"
"8753","SCN9A","SCN9A"
"8754","CAC1E","CACNA1E"
"8755","F1892","FAM189A2"
"8756","VAS1","ATP6AP1"
"8757","VPS72","VPS72"
"8758","RB11B","RAB11B"
"8759","EZH2","EZH2"
"8760","ZFHX3","ZFHX3"
"8761","ZIC1","ZIC1"
"8762","ZBTB6","ZBTB6"
"8763","ZN141","ZNF141"
"8764","ZNF56","ZNF56"
"8765","ZNF77","ZNF77"
"8766","ZNF79","ZNF79"
"8767","ZNF67","ZNF726P1"
"8768","ZYX","ZYX"
"8769","ZN124","ZNF124"
"8770","MCHL1","PMCHL1"
"8771","HSPB2","HSPB2"
"8772","GRIK4","GRIK4"
"8773","ETFD","ETFDH"
"8774","SYUB","SNCB"
"8775","SEPT7","SEPTIN7"
"8776","ADRM1","ADRM1"
"8777","CCDC6","CCDC6"
"8778","ENOX2","ENOX2"
"8779","UAP1","UAP1"
"8780","NF2L2","NFE2L2"
"8781","E2F4","E2F4"
"8782","IBP7","IGFBP7"
"8783","CNGA2","CNGA2"
"8784","CNGA3","CNGA3"
"8785","NTRK3","NTRK3"
"8786","KCA10","KCNA10"
"8787","PDCD2","PDCD2"
"8788","S15A2","SLC15A2"
"8789","AINX","INA"
"8790","LAMA4","LAMA4"
"8791","PROL4","PRR4"
"8792","SSX1","SSX1"
"8793","SSX2","SSX2"
"8794","EXT1","EXT1"
"8795","PSMD5","PSMD5"
"8796","GBRA6","GABRA6"
"8797","TENXA","TNXA"
"8798","GRIK5","GRIK5"
"8799","PKN1","PKN1"
"8800","PKN2","PKN2"
"8801","TAF12","TAF12"
"8802","ASIC2","ASIC2"
"8803","NNAT","NNAT"
"8804","RPE65","RPE65"
"8805","BATF","BATF"
"8806","CRY1","CRY1"
"8807","CSRP2","CSRP2"
"8808","DDB1","DDB1"
"8809","SNPC1","SNAPC1"
"8810","HLF","HLF"
"8811","2A5E","PPP2R5E"
"8812","GP162","GPR162"
"8813","MK14","MAPK14"
"8814","RM23","MRPL23"
"8815","CDC37","CDC37"
"8816","B2LA1","BCL2A1"
"8817","PCSK7","PCSK7"
"8818","IL17","IL17A"
"8819","LY6E","LY6E"
"8820","DPYL2","DPYSL2"
"8821","PSG3","PSG3"
"8822","KCMB1","KCNMB1"
"8823","TAL2","TAL2"
"8824","U1SBP","SNRNP35"
"8825","SYPL1","SYPL1"
"8826","KCC4","CAMK4"
"8827","CART","CARTPT"
"8828","ACKR1","ACKR1"
"8829","VACHT","SLC18A3"
"8830","RBBP7","RBBP7"
"8831","C3AR","C3AR1"
"8832","M3K11","MAP3K11"
"8833","SGCB","SGCB"
"8834","SGCA","SGCA"
"8835","ZNF74","ZNF74"
"8836","CCNG2","CCNG2"
"8837","TAF9","TAF9"
"8838","FRDA","FXN"
"8839","ZN239","ZNF239"
"8840","CALRL","CALCRL"
"8841","LPAL2","LPAL2"
"8842","ECM1","ECM1"
"8843","BAK","BAK1"
"8844","NREP","NREP"
"8845","SNAT","AANAT"
"8846","NKG7","NKG7"
"8847","CTF1","CTF1"
"8848","NTRK2","NTRK2"
"8849","NFE2","NFE2"
"8850","STX1A","STX1A"
"8851","OCLN","OCLN"
"8852","MEA1","MEA1"
"8853","CCL14","CCL14"
"8854","SRSF7","SRSF7"
"8855","CPSF6","CPSF6"
"8856","OBF1","POU2AF1"
"8857","TAZ","TAZ"
"8858","SMN","SMN2"
"8859","DREB","DBN1"
"8860","MAPK3","MAPKAPK3"
"8861","PTGIS","PTGIS"
"8862","NFIL3","NFIL3"
"8863","TBR1","TBR1"
"8864","PRSS8","PRSS8"
"8865","MOG","MOG"
"8866","PDK4","PDK4"
"8867","MAR1","MLANA"
"8868","NRF1","NRF1"
"8869","FSCN1","FSCN1"
"8870","MK06","MAPK6"
"8871","GUC2B","GUCA2B"
"8872","CCL15","CCL15"
"8873","HIF1A","HIF1A"
"8874","IF16","IFI16"
"8875","CDKN3","CDKN3"
"8876","ZSC26","ZSCAN26"
"8877","AMHR2","AMHR2"
"8878","MIA","MIA"
"8879","FOXD1","FOXD1"
"8880","CP1B1","CYP1B1"
"8881","DUS5","DUSP5"
"8882","H31T","H3-4"
"8883","CP2AD","CYP2A13"
"8884","DECR","DECR1"
"8885","MA2A1","MAN2A1"
"8886","NDUA5","NDUFA5"
"8887","KYNU","KYNU"
"8888","AT2B3","ATP2B3"
"8889","CEGT","UGCG"
"8890","CLPP","CLPP"
"8891","DGKD","DGKD"
"8892","THTR","TST"
"8893","UBE2S","UBE2S"
"8894","QPCT","QPCT"
"8895","GSTA3","GSTA3"
"8896","KAT1","KYAT1"
"8897","KGUA","GUK1"
"8898","GLO2","HAGH"
"8899","H2A2C","H2AC20"
"8900","H2B2E","H2BC21"
"8901","LAMA3","LAMA3"
"8902","CAH9","CA9"
"8903","NDUA9","NDUFA9"
"8904","MAON","ME3"
"8905","RTN1","RTN1"
"8906","PHKG1","PHKG1"
"8907","MEP1A","MEP1A"
"8908","MEP1B","MEP1B"
"8909","PPR3A","PPP1R3A"
"8910","PCKGM","PCK2"
"8911","PTN21","PTPN21"
"8912","PTPRO","PTPRO"
"8913","DUS6","DUSP6"
"8914","DUS7","DUSP7"
"8915","UPP1","UPP1"
"8916","DDR2","DDR2"
"8917","HCDH","HADH"
"8918","SIA4B","ST3GAL2"
"8919","PTPRN","PTPRN"
"8920","CP51A","CYP51A1"
"8921","UGPA","UGP2"
"8922","AOC3","AOC3"
"8923","DGUOK","DGUOK"
"8924","VATF","ATP6V1F"
"8925","LTC4S","LTC4S"
"8926","F263","PFKFB3"
"8927","F264","PFKFB4"
"8928","CDO1","CDO1"
"8929","CGT","UGT8"
"8930","TRXR1","TXNRD1"
"8931","TPD53","TPD52L1"
"8932","MIC60","IMMT"
"8933","TATD3","TATDN3"
"8934","F187B","FAM187B"
"8935","IMPG1","IMPG1"
"8936","RHG44","ARHGAP44"
"8937","ZN827","ZNF827"
"8938","CMAS1","C21orf62-AS1"
"8939","RTL8B","RTL8B"
"8940","LONF1","LONRF1"
"8941","EX3L4","EXOC3L4"
"8942","SYT16","SYT16"
"8943","ODAPH","ODAPH"
"8944","KCD19","KCTD19"
"8945","TPRXL","TPRXL"
"8946","CC142","CCDC142"
"8947","FA98C","FAM98C"
"8948","TIGD6","TIGD6"
"8949","NKPD1","NKPD1"
"8950","LIPR3","PNLIPRP3"
"8951","GEN","GEN1"
"8952","COOA1","COL24A1"
"8953","CPEB4","CPEB4"
"8954","LY6K","LY6K"
"8955","DOK7","DOK7"
"8956","ZSWM7","ZSWIM7"
"8957","ECSCR","ECSCR"
"8958","IQCJ","IQCJ"
"8959","WHAL1","WHAMMP3"
"8960","T183B","TMEM183B"
"8961","KNOP1","KNOP1"
"8962","SC5AC","SLC5A12"
"8963","DOXA1","DUOXA1"
"8964","DOXA2","DUOXA2"
"8965","HNRL2","HNRNPUL2"
"8966","LONF2","LONRF2"
"8967","MSMP","MSMP"
"8968","CSPP1","CSPP1"
"8969","INSC","INSC"
"8970","SAMTR","BMT2"
"8971","YC018","-"
"8972","CCB42","-"
"8973","ESRG","ESRG"
"8974","ISK13","SPINK13"
"8975","F110C","FAM110C"
"8976","LRC36","LRRC36"
"8977","SKDA1","SKIDA1"
"8978","IZUM4","IZUMO4"
"8979","SWI5","SWI5"
"8980","T132A","TMEM132A"
"8981","TM241","TMEM241"
"8982","INF2","INF2"
"8983","MICB","MICB"
"8984","MICA","MICA"
"8985","PDS5A","PDS5A"
"8986","CL12B","CLEC12B"
"8987","LRC26","LRRC26"
"8988","RSPO4","RSPO4"
"8989","MOONR","KIAA0753"
"8990","RN151","RNF151"
"8991","RFX7","RFX7"
"8992","QSER1","QSER1"
"8993","CL16A","CLEC16A"
"8994","GSG1","GSG1"
"8995","KI26B","KIF26B"
"8996","PRS53","PRSS53"
"8997","K1109","KIAA1109"
"8998","ZN423","ZNF423"
"8999","KIF7","KIF7"
"9000","ISX","ISX"
"9001","RHG31","ARHGAP31"
"9002","ZN630","ZNF630"
"9003","RN3P1","RRN3P1"
"9004","CCD27","CCDC27"
"9005","MTHSD","MTHFSD"
"9006","TBC28","TBC1D28"
"9007","ODFP4","ODF4"
"9008","CE064","C5orf64"
"9009","MGAL","MGAM2"
"9010","FA83E","FAM83E"
"9011","K1C24","KRT24"
"9012","AAK1","AAK1"
"9013","CQ058","C17orf58"
"9014","KIZ","KIZ"
"9015","CCD96","CCDC96"
"9016","MPEG1","MPEG1"
"9017","WASC4","WASHC4"
"9018","MRAS1","MRGPRG-AS1"
"9019","TM266","TMEM266"
"9020","SPKAP","SPHKAP"
"9021","EX3L2","EXOC3L2"
"9022","ABCB5","ABCB5"
"9023","SHRM1","SHROOM1"
"9024","SC5A9","SLC5A9"
"9025","S35G1","SLC35G1"
"9026","HYAL4","HYAL4"
"9027","SWAHA","SOWAHA"
"9028","ZN181","ZNF181"
"9029","ZN674","ZNF674"
"9030","RGS21","RGS21"
"9031","SPRE3","SPRED3"
"9032","RSPO1","RSPO1"
"9033","TECT1","TCTN1"
"9034","CTC1","CTC1"
"9035","SGSM1","SGSM1"
"9036","ERC6L","ERCC6L"
"9037","CB068","C2orf68"
"9038","PARP6","PARP6"
"9039","PRSR3","PROSER3"
"9040","TSR1","TSR1"
"9041","VMAC","VMAC"
"9042","RGPA2","RALGAPA2"
"9043","D19L1","DPY19L1"
"9044","LIN41","TRIM71"
"9045","RPEL1","RPEL1"
"9046","ZXDC","ZXDC"
"9047","MP17L","MPV17L"
"9048","TYSD1","TYSND1"
"9049","TMM44","TMEM44"
"9050","INSY1","INSYN1"
"9051","IAH1","IAH1"
"9052","ALG11","ALG11"
"9053","TXIP1","TSNAXIP1"
"9054","CCD57","CCDC57"
"9055","KIF19","KIF19"
"9056","PWP3A","PWWP3A"
"9057","SMTL2","SMTNL2"
"9058","VWC2","VWC2"
"9059","QRIC1","QRICH1"
"9060","TUSC1","TUSC1"
"9061","GOG7B","GOLGA7B"
"9062","SMU1","SMU1"
"9063","ATG2A","ATG2A"
"9064","ZN800","ZNF800"
"9065","ASTE1","ASTE1"
"9066","HKDC1","HKDC1"
"9067","KLH40","KLHL40"
"9068","PRIC4","PRICKLE4"
"9069","C19L2","CWF19L2"
"9070","WSCD2","WSCD2"
"9071","MST1L","MST1L"
"9072","COSA1","COL28A1"
"9073","FHOD3","FHOD3"
"9074","KIF4B","KIF4B"
"9075","IF2GL","EIF2S3B"
"9076","CR1L","CR1L"
"9077","AP5B1","AP5B1"
"9078","LR75B","LRRC75B"
"9079","CTU2","CTU2"
"9080","SKOR2","SKOR2"
"9081","PRTG","PRTG"
"9082","ZN284","ZNF284"
"9083","LETM2","LETM2"
"9084","CEA16","CEACAM16"
"9085","KLH38","KLHL38"
"9086","TM249","TMEM249"
"9087","FR1L6","FER1L6"
"9088","GAB4","GAB4"
"9089","S4A8","SLC4A8"
"9090","UVSSA","UVSSA"
"9091","DRB5","HLA-DRB5"
"9092","HFE","HFE"
"9093","TR16L","TRIM16L"
"9094","DB136","DEFB136"
"9095","DB135","DEFB135"
"9096","DB133","DEFB133"
"9097","DB116","DEFB116"
"9098","DB115","DEFB115"
"9099","DB114","DEFB114"
"9100","DB113","DEFB113"
"9101","DB112","DEFB112"
"9102","DB110","DEFB110"
"9103","DB109","DEFB109B"
"9104","ANO4","ANO4"
"9105","ZN699","ZNF699"
"9106","BTBDG","BTBD16"
"9107","PGGHG","PGGHG"
"9108","CO032","C15orf32"
"9109","F214A","FAM214A"
"9110","MYLK3","MYLK3"
"9111","ZN750","ZNF750"
"9112","LRRF1","LRRFIP1"
"9113","PGPS1","PGS1"
"9114","CR021","C18orf21"
"9115","P3H1","P3H1"
"9116","TRM5","TRMT5"
"9117","EMAL3","EML3"
"9118","RA1L2","HNRNPA1L2"
"9119","CL074","C12orf74"
"9120","PLPR5","PLPPR5"
"9121","NDUF6","NDUFAF6"
"9122","RFX4","RFX4"
"9123","LRRK1","LRRK1"
"9124","RPA43","POLR1F"
"9125","CNPY1","CNPY1"
"9126","GFOD2","GFOD2"
"9127","SMI21","SMIM21"
"9128","EDRF1","EDRF1"
"9129","BEAN1","BEAN1"
"9130","F161A","FAM161A"
"9131","LEG9B","LGALS9B"
"9132","PROX2","PROX2"
"9133","NBPF1","NBPF1"
"9134","NBPF8","NBPF8"
"9135","M4A18","MS4A18"
"9136","CK091","C11orf91"
"9137","BSH","BSX"
"9138","YK041","-"
"9139","ACOT6","ACOT6"
"9140","PTHD3","PTCHD3"
"9141","ZN829","ZNF829"
"9142","NSN5B","NSUN5P1"
"9143","TMM95","TMEM95"
"9144","PCGF3","PCGF3"
"9145","SNAI3","SNAI3"
"9146","SOAT","SLC10A6"
"9147","MAJIN","MAJIN"
"9148","ZN791","ZNF791"
"9149","ANR55","ANKRD55"
"9150","INAVA","INAVA"
"9151","CEA21","CEACAM21"
"9152","MA7D1","MAP7D1"
"9153","ZN792","ZNF792"
"9154","UAP1L","UAP1L1"
"9155","S2535","SLC25A35"
"9156","PKHG6","PLEKHG6"
"9157","ASTRB","GRAMD1B"
"9158","CB076","C2orf76"
"9159","ALKB6","ALKBH6"
"9160","RHGBB","ARHGAP11B"
"9161","CHD9","CHD9"
"9162","UBP41","USP41"
"9163","KR251","KRTAP25-1"
"9164","KR213","KRTAP21-3"
"9165","KR192","KRTAP19-2"
"9166","KR198","KRTAP19-8"
"9167","KR211","KRTAP21-1"
"9168","KR212","KRTAP21-2"
"9169","KR203","KRTAP20-3"
"9170","KR202","KRTAP20-2"
"9171","KR204","KRTAP20-4"
"9172","KR201","KRTAP20-1"
"9173","KRA61","KRTAP6-1"
"9174","KRA62","KRTAP6-2"
"9175","KRA63","KRTAP6-3"
"9176","KR222","KRTAP22-2"
"9177","KR196","KRTAP19-6"
"9178","KR195","KRTAP19-5"
"9179","KR194","KRTAP19-4"
"9180","KR151","KRTAP15-1"
"9181","KR134","KRTAP13-4"
"9182","KR271","KRTAP27-1"
"9183","KR241","KRTAP24-1"
"9184","ADPRM","ADPRM"
"9185","TKFC","TKFC"
"9186","LSM12","LSM12"
"9187","TBC25","TBC1D25"
"9188","RGL3","RGL3"
"9189","IPIL2","ITPRIPL2"
"9190","CC50B","TMEM30B"
"9191","ZN528","ZNF528"
"9192","PUS10","PUS10"
"9193","KR221","KRTAP22-1"
"9194","MUCL3","MUCL3"
"9195","ADCK5","ADCK5"
"9196","WDR72","WDR72"
"9197","PA24E","PLA2G4E"
"9198","C144B","CCDC144B"
"9199","ZSC23","ZSCAN23"
"9200","PIGY","PIGY"
"9201","OD3L2","ODF3L2"
"9202","DC4L1","DCAF4L1"
"9203","HSDL1","HSDL1"
"9204","SHSL1","SHISAL1"
"9205","CC036","C3orf36"
"9206","LRIT3","LRIT3"
"9207","AR13B","ARL13B"
"9208","ZN718","ZNF718"
"9209","TTLL9","TTLL9"
"9210","T10IP","TSGA10IP"
"9211","CA157","LINC00303"
"9212","S2552","SLC25A52"
"9213","KR133","KRTAP13-3"
"9214","ZIK1","ZIK1"
"9215","SP6","SP6"
"9216","AL1L2","ALDH1L2"
"9217","UD3A2","UGT3A2"
"9218","K2C71","KRT71"
"9219","ELB3B","ELOA3B"
"9220","P12L1","POM121L1P"
"9221","FX4L6","FOXD4L6"
"9222","MOGT2","MOGAT2"
"9223","KR197","KRTAP19-7"
"9224","PTHB1","BBS9"
"9225","GON4L","GON4L"
"9226","GNPTA","GNPTAB"
"9227","MGT5B","MGAT5B"
"9228","GRDN","CCDC88A"
"9229","TDRG1","TDRG1"
"9230","T176B","TMEM176B"
"9231","TBRG1","TBRG1"
"9232","RABL6","RABL6"
"9233","VMA21","VMA21"
"9234","TBB8","TUBB8"
"9235","OTOGL","OTOGL"
"9236","AX2R","ANXA2R"
"9237","F174B","FAM174B"
"9238","TIM50","TIMM50"
"9239","ZN260","ZNF260"
"9240","KBTBC","KBTBD12"
"9241","GVQW3","GVQW3"
"9242","LEXM","LEXM"
"9243","LEGL","LGALSL"
"9244","ZN568","ZNF568"
"9245","SP201","SUPT20HL1"
"9246","ETDA","ETDA"
"9247","AMZ1","AMZ1"
"9248","ZACN","ZACN"
"9249","PAR15","PARP15"
"9250","PAR14","PARP14"
"9251","FBAS1","FBXL19-AS1"
"9252","CC153","CCDC153"
"9253","PKHN1","PLEKHN1"
"9254","CP100","CFAP100"
"9255","CRFM7","CHRFAM7A"
"9256","ZN404","ZNF404"
"9257","TIGIT","TIGIT"
"9258","AKD1A","ANKDD1A"
"9259","RN212","RNF212"
"9260","CL036","LINC01559"
"9261","S36A2","SLC36A2"
"9262","USH1G","USH1G"
"9263","S36A3","SLC36A3"
"9264","MMEL1","MMEL1"
"9265","FUT11","FUT11"
"9266","TRI60","TRIM60"
"9267","SPDE7","SPDYE7P"
"9268","SPDE2","SPDYE2"
"9269","ASAS1","ASB16-AS1"
"9270","SPAS1","SPATS1"
"9271","CLM2","CD300E"
"9272","NRN1L","NRN1L"
"9273","SV2C","SV2C"
"9274","PLK5","PLK5"
"9275","LONF3","LONRF3"
"9276","YJ016","-"
"9277","SLNL1","SLFNL1"
"9278","ZN672","ZNF672"
"9279","GLTL6","GALNTL6"
"9280","GLYR1","GLYR1"
"9281","Z876P","ZNF876P"
"9282","CCD14","CCDC14"
"9283","CH034","C8orf34"
"9284","ZFP69","ZFP69"
"9285","ZBED5","ZBED5"
"9286","CDNF","CDNF"
"9287","F135B","FAM135B"
"9288","MTEF2","MTERF2"
"9289","TTC31","TTC31"
"9290","CRY2","CRY2"
"9291","CE022","C5orf22"
"9292","L37A5","LRRC37A5P"
"9293","COX19","COX19"
"9294","MAP9","MAP9"
"9295","CERKL","CERKL"
"9296","GPR33","GPR33"
"9297","C2CD3","C2CD3"
"9298","1A1L2","ACCSL"
"9299","RIC1","RIC1"
"9300","GTDC1","GTDC1"
"9301","KMT5B","KMT5B"
"9302","MINY4","MINDY4"
"9303","VP26B","VPS26B"
"9304","H1AS1","H1-10-AS1"
"9305","SC2B2","SCGB2B2"
"9306","CSMT1","CCSMST1"
"9307","LARP7","LARP7"
"9308","ERFE","ERFE"
"9309","GGTA1","GGTA1P"
"9310","NAKD2","NADK2"
"9311","F229B","FAM229B"
"9312","SL9C1","SLC9C1"
"9313","HYDIN","HYDIN"
"9314","C27C1","CYP27C1"
"9315","CC152","CCDC152"
"9316","SRCRM","-"
"9317","PCDP1","CFAP221"
"9318","DUS28","DUSP28"
"9319","KCD21","KCTD21"
"9320","CCD40","CCDC40"
"9321","MCMD2","MCMDC2"
"9322","HSF5","HSF5"
"9323","GXLT1","GXYLT1"
"9324","FBX43","FBXO43"
"9325","ACSF3","ACSF3"
"9326","GRPL2","GLIPR1L2"
"9327","PPCEL","PREPL"
"9328","PTN20","PTPN20"
"9329","CDON","CDON"
"9330","TM52B","TMEM52B"
"9331","TB10B","TBC1D10B"
"9332","TPRN","TPRN"
"9333","ANO6","ANO6"
"9334","F106A","FAM106A"
"9335","IQCC","IQCC"
"9336","NKAI1","NKAIN1"
"9337","PLCH1","PLCH1"
"9338","FIL1L","FILIP1L"
"9339","ACSF4","AASDH"
"9340","SVEP1","SVEP1"
"9341","DNAL1","DNAL1"
"9342","CTXN3","CTXN3"
"9343","ARI4B","ARID4B"
"9344","AARD","AARD"
"9345","DB134","DEFB134"
"9346","RM51","MRPL51"
"9347","S22A6","SLC22A6"
"9348","A20A4","ANKRD20A4P"
"9349","GAG13","GAGE13"
"9350","GAG2E","GAGE2E"
"9351","GRAP1","GRIPAP1"
"9352","CBWD6","CBWD6"
"9353","Z658B","ZNF658B"
"9354","TM119","TMEM119"
"9355","BCL7A","BCL7A"
"9356","MSS51","MSS51"
"9357","CCD58","CCDC58"
"9358","HIG2B","HIGD2B"
"9359","FWCH1","FLYWCH1"
"9360","AMOT","AMOT"
"9361","AT135","ATP13A5"
"9362","AT134","ATP13A4"
"9363","CF099","C6orf99"
"9364","SYTL3","SYTL3"
"9365","KHDC1","KHDC1"
"9366","F74A3","FAM74A3"
"9367","PAP1L","PABPC1L"
"9368","CN028","C14orf28"
"9369","TIGD2","TIGD2"
"9370","ABCAB","ABCA11P"
"9371","TM155","TMEM155"
"9372","GREB1","GREB1"
"9373","FNDC1","FNDC1"
"9374","MBRL","TMEM259"
"9375","SL9B1","SLC9B1"
"9376","VWA3B","VWA3B"
"9377","CCD38","CCDC38"
"9378","MORN2","MORN2"
"9379","PAN2","PAN2"
"9380","MIDN","MIDN"
"9381","CD046","C4orf46"
"9382","S39AC","SLC39A12"
"9383","PKDCC","PKDCC"
"9384","ZCPW2","ZCWPW2"
"9385","LRC24","LRRC24"
"9386","LIN52","LIN52"
"9387","VAS1L","ATP6AP1L"
"9388","RFTN2","RFTN2"
"9389","KR132","KRTAP13-2"
"9390","FA98B","FAM98B"
"9391","EPC2","EPC2"
"9392","RHG29","ARHGAP29"
"9393","CN177","C14orf177"
"9394","CE027","LINC01554"
"9395","Z585B","ZNF585B"
"9396","CC184","CCDC184"
"9397","SBK1","SBK1"
"9398","SPT45","SPATA45"
"9399","LUZP6","LUZP6"
"9400","PDCD4","PDCD4"
"9401","SEZ6","SEZ6"
"9402","FND3B","FNDC3B"
"9403","TIGD5","TIGD5"
"9404","CRTC2","CRTC2"
"9405","GPAT3","GPAT3"
"9406","LRC23","LRRC23"
"9407","CEP55","CEP55"
"9408","NCBP3","NCBP3"
"9409","MPPE1","MPPE1"
"9410","QORX","TP53I3"
"9411","ZC21C","ZC2HC1C"
"9412","CD017","C4orf17"
"9413","TM35A","TMEM35A"
"9414","HIKES","HIKESHI"
"9415","ORML2","ORMDL2"
"9416","ACSM3","ACSM3"
"9417","IF44L","IFI44L"
"9418","KLH12","KLHL12"
"9419","PHLA2","PHLDA2"
"9420","CTL4","SLC44A4"
"9421","PDLI3","PDLIM3"
"9422","ZN394","ZNF394"
"9423","PKHO1","PLEKHO1"
"9424","PAR10","PARP10"
"9425","DHB12","HSD17B12"
"9426","GLE1","GLE1"
"9427","SNUT2","USP39"
"9428","KLH22","KLHL22"
"9429","AGK","AGK"
"9430","SETMR","SETMAR"
"9431","TYW2","TRMT12"
"9432","AK40L","ANKRD40CL"
"9433","PLA1A","PLA1A"
"9434","AKIR2","AKIRIN2"
"9435","LACB2","LACTB2"
"9436","P5CR3","PYCR3"
"9437","CCD92","CCDC92"
"9438","KLH26","KLHL26"
"9439","EIPR1","EIPR1"
"9440","UNC50","UNC50"
"9441","BOREA","CDCA8"
"9442","SMUG1","SMUG1"
"9443","SWAHC","SOWAHC"
"9444","LBH","LBH"
"9445","TEX44","TEX44"
"9446","RHG15","ARHGAP15"
"9447","T4S20","TM4SF20"
"9448","FAKD1","FASTKD1"
"9449","FBLN7","FBLN7"
"9450","ANR39","ANKRD39"
"9451","APRV1","ASPRV1"
"9452","KCP3","KRTCAP3"
"9453","RAB6D","RAB6D"
"9454","BOLA3","BOLA3"
"9455","TM177","TMEM177"
"9456","CB083","C2orf83"
"9457","COBL1","COBLL1"
"9458","PRR30","PRR30"
"9459","H1BP3","HS1BP3"
"9460","TAF1B","TAF1B"
"9461","CYBR1","CYBRD1"
"9462","IN80D","INO80D"
"9463","C2CD6","C2CD6"
"9464","WDR81","WDR81"
"9465","SGO2","SGO2"
"9466","ACTBL","ACTBL2"
"9467","CCD93","CCDC93"
"9468","M17L2","MPV17L2"
"9469","CE047","C5orf47"
"9470","LARGN","PRR16"
"9471","Z385B","ZNF385B"
"9472","CC157","CCDC157"
"9473","SPIN4","SPIN4"
"9474","ESCO2","ESCO2"
"9475","EAPP","EAPP"
"9476","PYDC2","PYDC2"
"9477","M3K19","MAP3K19"
"9478","TPT1L","-"
"9479","OCAD2","OCIAD2"
"9480","SFT2C","SFT2D3"
"9481","TDR12","TDRD12"
"9482","KHD3L","KHDC3L"
"9483","PCOTH","PCOTH"
"9484","PAN3","PAN3"
"9485","NADL2","NAALADL2"
"9486","SDK2","SDK2"
"9487","PKHG4","PLEKHG4"
"9488","BRDT","BRDT"
"9489","ENPLL","HSP90B2P"
"9490","H90B4","HSP90AB4P"
"9491","H90B3","HSP90AB3P"
"9492","H90B2","HSP90AB2P"
"9493","HS905","HSP90AA5P"
"9494","HS904","HSP90AA4P"
"9495","SY14L","SYT14P1"
"9496","AWAT1","AWAT1"
"9497","DCAF6","DCAF6"
"9498","RUN3A","RUNDC3A"
"9499","R39L5","RPL39P5"
"9500","TNI3K","TNNI3K"
"9501","SPRN","SPRN"
"9502","TM41B","TMEM41B"
"9503","CC178","CCDC178"
"9504","SGMR2","TMEM97"
"9505","ODFP2","ODF2"
"9506","TM128","TMEM128"
"9507","YIF1B","YIF1B"
"9508","AG10A","ALG10"
"9509","OXLD1","OXLD1"
"9510","CS054","C19orf54"
"9511","S45A4","SLC45A4"
"9512","CAVN4","CAVIN4"
"9513","LRC10","LRRC10"
"9514","YV018","-"
"9515","F133B","FAM133B"
"9516","ZN326","ZNF326"
"9517","CD048","C4orf48"
"9518","CI116","C9orf116"
"9519","TTMP","TTMP"
"9520","NOM1","NOM1"
"9521","AN20B","ANKRD20A8P"
"9522","ZN805","ZNF805"
"9523","FSIP2","FSIP2"
"9524","DALD3","DALRD3"
"9525","ZC12A","ZC3H12A"
"9526","FILA2","FLG2"
"9527","UROL1","UMODL1"
"9528","CT452","CT45A2"
"9529","ISK9","SPINK9"
"9530","IGS11","IGSF11"
"9531","MEST","MEST"
"9532","ZN628","ZNF628"
"9533","RIPL1","RILPL1"
"9534","PDZ11","PDZD11"
"9535","CMPK2","CMPK2"
"9536","ZN542","ZNF542P"
"9537","TRI61","TRIM61"
"9538","CENPW","CENPW"
"9539","CAR16","CARD16"
"9540","DJC21","DNAJC21"
"9541","SGO1","SGO1"
"9542","ACBG2","ACSBG2"
"9543","PRRT3","PRRT3"
"9544","ZRAB3","ZRANB3"
"9545","ESCO1","ESCO1"
"9546","ZN789","ZNF789"
"9547","FBX48","FBXO48"
"9548","ARSH","ARSH"
"9549","ARSJ","ARSJ"
"9550","ARSI","ARSI"
"9551","RNS13","RNASE13"
"9552","RNS12","RNASE12"
"9553","RNS10","RNASE10"
"9554","VWA2","VWA2"
"9555","XKR9","XKR9"
"9556","XKR7","XKR7"
"9557","XKR6","XKR6"
"9558","XKR4","XKR4"
"9559","XKR3","XKR3"
"9560","TP8L3","TNFAIP8L3"
"9561","HERC4","HERC4"
"9562","NMS","NMS"
"9563","PIGG","PIGG"
"9564","FREM1","FREM1"
"9565","AR13A","ARL13A"
"9566","KKLC1","CT83"
"9567","BM2KL","BMP2KL"
"9568","S2553","SLC25A53"
"9569","BCORL","BCORL1"
"9570","TFDP3","TFDP3"
"9571","BEX5","BEX5"
"9572","T11X2","TCP11X2"
"9573","ZMAT1","ZMAT1"
"9574","TCAL5","TCEAL5"
"9575","TAF7L","TAF7L"
"9576","PWP3B","PWWP3B"
"9577","ARMX4","ARMCX4"
"9578","PP6R3","PPP6R3"
"9579","DCA17","DCAF17"
"9580","FSCB","FSCB"
"9581","DDX6L","DDX60L"
"9582","FA47C","FAM47C"
"9583","FIGN","FIGN"
"9584","ZN766","ZNF766"
"9585","MKS3","TMEM67"
"9586","K2026","KIAA2026"
"9587","MTX3","MTX3"
"9588","RABL3","RABL3"
"9589","TECRL","TECRL"
"9590","FA76B","FAM76B"
"9591","COQ5","COQ5"
"9592","SH319","SH3D19"
"9593","ZN667","ZNF667"
"9594","TM196","TMEM196"
"9595","ZC12B","ZC3H12B"
"9596","CT451","CT45A1"
"9597","DMRTC","DMRTC1B"
"9598","NHSL2","NHSL2"
"9599","RTL5","RTL5"
"9600","MDH1B","MDH1B"
"9601","CF226","C6orf226"
"9602","TTC32","TTC32"
"9603","AG10B","ALG10B"
"9604","CRUM2","CRB2"
"9605","DB121","DEFB121"
"9606","EMC4","EMC4"
"9607","M4A13","MS4A13"
"9608","ZN311","ZNF311"
"9609","RS26L","RPS26P11"
"9610","ZN831","ZNF831"
"9611","NOMO2","NOMO2"
"9612","AN36C","ANKRD36C"
"9613","SYEM","EARS2"
"9614","CC038","C3orf38"
"9615","EFMT2","EEF1AKMT2"
"9616","CT47A","CT47A7"
"9617","AKAP4","AKAP4"
"9618","PYY3","PYY3"
"9619","CF100","LINC01556"
"9620","PAP1M","PABPC1L2B"
"9621","OR2BB","OR2B11"
"9622","GSAML","GCSAML"
"9623","PPM1J","PPM1J"
"9624","MTUS2","MTUS2"
"9625","TC1D4","TCTEX1D4"
"9626","TGO1","MIA3"
"9627","FA47A","FAM47A"
"9628","GGEE3","PAGE2B"
"9629","CX066","CXorf66"
"9630","O10J3","OR10J3"
"9631","T255A","TMEM255A"
"9632","PREP","PITRM1"
"9633","RGPS1","RALGPS1"
"9634","NHLC3","NHLRC3"
"9635","PSMG4","PSMG4"
"9636","WDR44","WDR44"
"9637","INT6L","INTS6L"
"9638","DOC11","DOCK11"
"9639","FGD3","FGD3"
"9640","KHDCL","KHDC1L"
"9641","MEIG1","MEIG1"
"9642","EFHC2","EFHC2"
"9643","PRC2B","PRRC2B"
"9644","RAB41","RAB41"
"9645","KLF17","KLF17"
"9646","PLAC9","PLAC9"
"9647","AMER1","AMER1"
"9648","TJAP1","TJAP1"
"9649","LRC73","LRRC73"
"9650","RRP12","RRP12"
"9651","COA6","COA6"
"9652","WDR38","WDR38"
"9653","TOIP1","TOR1AIP1"
"9654","CEP78","CEP78"
"9655","CBWD3","CBWD3"
"9656","CI152","C9orf152"
"9657","SYAM","AARS2"
"9658","DRC5","TCTE1"
"9659","CF157","CFAP157"
"9660","TOR2A","TOR2A"
"9661","IQEC2","IQSEC2"
"9662","SOLH1","SOHLH1"
"9663","KCNT1","KCNT1"
"9664","PAGE3","PAGE3"
"9665","FA78A","FAM78A"
"9666","TEX30","TEX30"
"9667","KRBX4","KRBOX4"
"9668","SPIN3","SPIN3"
"9669","FRPD3","FRMPD3"
"9670","PCID2","PCID2"
"9671","ZN484","ZNF484"
"9672","ZN506","ZNF506"
"9673","EFHC1","EFHC1"
"9674","HABP4","HABP4"
"9675","CA141","C1orf141"
"9676","CAHM4","CALHM4"
"9677","GNAS1","GNAS"
"9678","ACL10","ACTL10"
"9679","DOP1","DOP1A"
"9680","F209B","FAM209B"
"9681","F209A","FAM209A"
"9682","SIRB2","SIRPB2"
"9683","UE2NL","UBE2NL"
"9684","MIIP","MIIP"
"9685","MET24","METTL24"
"9686","TMM31","TMEM31"
"9687","GASP1","GPRASP1"
"9688","K1755","KIAA1755"
"9689","EPHAA","EPHA10"
"9690","CLU1O","CLLU1-AS1"
"9691","CLLU1","CLLU1"
"9692","POLS2","PRSS36"
"9693","S27A3","SLC27A3"
"9694","SAMD9","SAMD9"
"9695","DGKK","DGKK"
"9696","COL12","COLEC12"
"9697","CYTSB","SPECC1"
"9698","RNFT1","RNFT1"
"9699","S35D3","SLC35D3"
"9700","CD158","CCDC158"
"9701","NKAPL","NKAPL"
"9702","CDKL4","CDKL4"
"9703","ZN569","ZNF569"
"9704","P4R3B","PPP4R3B"
"9705","SPXN5","SPANXN5"
"9706","SPXN4","SPANXN4"
"9707","SPXN3","SPANXN3"
"9708","SPXN2","SPANXN2"
"9709","SPDYC","SPDYC"
"9710","SPDYA","SPDYA"
"9711","FBX47","FBXO47"
"9712","WIPI3","WDR45B"
"9713","WIPI1","WIPI1"
"9714","ENTP8","ENTPD8"
"9715","EOGT","EOGT"
"9716","CATL3","CTSL3P"
"9717","FFAR4","FFAR4"
"9718","YI024","-"
"9719","SMAG2","SAMD4B"
"9720","BRM1L","BRMS1L"
"9721","NTCP5","SLC10A5"
"9722","PAPAS","PAPPA-AS1"
"9723","NEXMI","NEXMIF"
"9724","RTP2","RTP2"
"9725","CL12A","CLEC12A"
"9726","TCHL1","TCHHL1"
"9727","TBCEL","TBCEL"
"9728","TDIF2","DNTTIP2"
"9729","ACER2","ACER2"
"9730","H2B2F","H2BC18"
"9731","DCA10","DCAF10"
"9732","RBG1L","RABGAP1L"
"9733","PA2GC","PLA2G2C"
"9734","PPR29","ELFN2"
"9735","TTC38","TTC38"
"9736","CAHM6","CALHM6"
"9737","F74A1","FAM74A1"
"9738","ERIC3","ERICH3"
"9739","COX20","COX20"
"9740","CBWD5","CBWD5"
"9741","EXOS6","EXOSC6"
"9742","RBM48","RBM48"
"9743","LRRK2","LRRK2"
"9744","PPM1L","PPM1L"
"9745","TM201","TMEM201"
"9746","CA167","C1orf167"
"9747","LY66F","LY6G6F"
"9748","A20A2","ANKRD20A2P"
"9749","CF136","C6orf136"
"9750","ATAT","ATAT1"
"9751","SNP47","SNAP47"
"9752","VAX1","VAX1"
"9753","SH24B","SH2D4B"
"9754","CJ120","C10orf120"
"9755","CA200","PIK3CD-AS1"
"9756","MF14B","MFSD14B"
"9757","WAC2D","WASHC2D"
"9758","TI23B","TIMM23B"
"9759","NU188","NUP188"
"9760","PHYD1","PHYHD1"
"9761","TT39A","TTC39A"
"9762","MANEA","MANEA"
"9763","TSBP1","TSBP1"
"9764","LY65C","LY6G5C"
"9765","MUC21","MUC21"
"9766","HP1B3","HP1BP3"
"9767","SAPC1","SAPCD1"
"9768","SYVM","VARS2"
"9769","SIM40","SMIM40"
"9770","TM240","TMEM240"
"9771","PERM1","PERM1"
"9772","CA100","C1orf100"
"9773","ZBT41","ZBTB41"
"9774","KMCP1","SLC25A30"
"9775","ZMYM1","ZMYM1"
"9776","DACT2","DACT2"
"9777","CE170","CEP170"
"9778","ARH","LDLRAP1"
"9779","PR15B","PPP1R15B"
"9780","TMM69","TMEM69"
"9781","PRA14","PRAMEF14"
"9782","PRA19","PRAMEF19"
"9783","CJ055","C10orf55"
"9784","ODR4","ODR4"
"9785","PKHS1","PLEKHS1"
"9786","ZN678","ZNF678"
"9787","SNPC4","SNAPC4"
"9788","DNLZ","DNLZ"
"9789","COAS1","COL5A1-AS1"
"9790","NOL9","NOL9"
"9791","S1A7B","S100A7L2"
"9792","CTSRE","CATSPERE"
"9793","F201A","FAM201A"
"9794","FRPD1","FRMPD1"
"9795","CLVS2","CLVS2"
"9796","NHSL1","NHSL1"
"9797","CI050","C9orf50"
"9798","CF141","C6orf141"
"9799","GLYL3","GLYATL3"
"9800","LRAD2","LDLRAD2"
"9801","BEND6","BEND6"
"9802","FREM2","FREM2"
"9803","CE85L","CEP85L"
"9804","CELF3","CELF3"
"9805","SZT2","SZT2"
"9806","HYI","HYI"
"9807","CI129","C9orf129"
"9808","F120S","FAM120AOS"
"9809","MORN1","MORN1"
"9810","ZN362","ZNF362"
"9811","TPRGL","TPRG1L"
"9812","C2D1B","CC2D1B"
"9813","CA220","C1orf220"
"9814","TEX35","TEX35"
"9815","SPT46","SPATA46"
"9816","CFA70","CFAP70"
"9817","FBP1L","FNBP1L"
"9818","MARH8","MARCHF8"
"9819","CC122","CCDC122"
"9820","FA83B","FAM83B"
"9821","CF132","C6orf132"
"9822","UBX11","UBXN11"
"9823","SYRM","RARS2"
"9824","DCST1","DCST1"
"9825","DCST2","DCST2"
"9826","AXDN1","AXDND1"
"9827","THEM4","THEM4"
"9828","EYS","EYS"
"9829","CHCH9","CHCHD2P9"
"9830","F182A","FAM182A"
"9831","FKB15","FKBP15"
"9832","AKND1","AKNAD1"
"9833","S35F1","SLC35F1"
"9834","ZEP3","HIVEP3"
"9835","NCMAP","NCMAP"
"9836","DDX59","DDX59"
"9837","ZC3HD","ZC3H13"
"9838","TPC3L","TRAPPC3L"
"9839","UTF1","UTF1"
"9840","CI114","SPOUT1"
"9841","TM273","TMEM273"
"9842","TRML2","TREML2"
"9843","OTUD3","OTUD3"
"9844","ARMD3","ARMH3"
"9845","AKCL1","AKR1C8P"
"9846","ATD3C","ATAD3C"
"9847","CCYL2","CCNYL2"
"9848","DPS1","PDSS1"
"9849","ARMC4","ARMC4"
"9850","MPP7","MPP7"
"9851","NHRF3","PDZK1"
"9852","F182B","FAM182B"
"9853","CSCL2","TMEM63B"
"9854","GPTC4","GPATCH4"
"9855","LRIF1","LRIF1"
"9856","MRP7","ABCC10"
"9857","BVAS1","BVES-AS1"
"9858","CAF17","IBA57"
"9859","CXG2","GJC2"
"9860","HECD3","HECTD3"
"9861","RBM20","RBM20"
"9862","GT253","CERCAM"
"9863","TMTC4","TMTC4"
"9864","ZFY27","ZFYVE27"
"9865","SFRP5","SFRP5"
"9866","CSC10","MIR1915HG"
"9867","CF052","C6orf52"
"9868","UBR4","UBR4"
"9869","T170B","TMEM170B"
"9870","SYC2L","SYCP2L"
"9871","ARTN","ARTN"
"9872","CA194","C1orf194"
"9873","LCE3C","LCE3C"
"9874","LCE3E","LCE3E"
"9875","STXB5","STXBP5"
"9876","ZN684","ZNF684"
"9877","A4AS1","ADAMTSL4-AS1"
"9878","SWT1","SWT1"
"9879","CCNJ","CCNJ"
"9880","CF118","C6orf118"
"9881","SKT","KIAA1217"
"9882","CC183","CCDC183"
"9883","RHG21","ARHGAP21"
"9884","BEND3","BEND3"
"9885","CAMP1","CAMSAP1"
"9886","AGRF1","ADGRF1"
"9887","ZN648","ZNF648"
"9888","RM02","MRPL2"
"9889","CFA58","CFAP58"
"9890","CJ062","C10orf62"
"9891","AVPI1","AVPI1"
"9892","AT7L2","ATXN7L2"
"9893","DCA12","DCAF12"
"9894","UBAP2","UBAP2"
"9895","GNTK","IDNK"
"9896","EMARD","ERMARD"
"9897","CF122","LINC00242"
"9898","TPT2L","TPTE2P1"
"9899","PHF19","PHF19"
"9900","QSPP","C9orf64"
"9901","F162B","FAM162B"
"9902","GPC6A","GPRC6A"
"9903","LRAD1","LDLRAD1"
"9904","ZFAS1","ZNF22-AS1"
"9905","KPRP","KPRP"
"9906","XP32","XP32"
"9907","LCE1C","LCE1C"
"9908","LCE1D","LCE1D"
"9909","LCE1E","LCE1E"
"9910","LCE1F","LCE1F"
"9911","IFT1B","IFIT1B"
"9912","KIF24","KIF24"
"9913","ADIPL","C1QTNF12"
"9914","DIK1A","DIPK1A"
"9915","LITD1","L1TD1"
"9916","KANK4","KANK4"
"9917","F27D1","FAM27D1"
"9918","LCE1A","LCE1A"
"9919","LCE1B","LCE1B"
"9920","TMM78","TMEM78"
"9921","SYT6","SYT6"
"9922","CA185","C1orf185"
"9923","GORAB","GORAB"
"9924","ZN618","ZNF618"
"9925","TSTD2","TSTD2"
"9926","GP158","GPR158"
"9927","PRR9","PRR9"
"9928","LELP1","LELP1"
"9929","ER6L2","ERCC6L2"
"9930","PPR26","PPP1R26"
"9931","ACBD5","ACBD5"
"9932","F102B","FAM102B"
"9933","HENMT","HENMT1"
"9934","RBM26","RBM26"
"9935","DOAS1","DOCK8-AS1"
"9936","IER5L","IER5L"
"9937","ATD3B","ATAD3B"
"9938","F102A","FAM102A"
"9939","PI5L1","PIP5KL1"
"9940","ARM12","ARMC12"
"9941","WLS","WLS"
"9942","CCD18","CCDC18"
"9943","TEDM1","TEDDM1"
"9944","RN187","RNF187"
"9945","INT11","INTS11"
"9946","CPTP","CPTP"
"9947","LCE3A","LCE3A"
"9948","LCE3B","LCE3B"
"9949","LCE4A","LCE4A"
"9950","LCE2A","LCE2A"
"9951","LCE2C","LCE2C"
"9952","LCE2D","LCE2D"
"9953","HES5","HES5"
"9954","TTC22","TTC22"
"9955","RIPP2","RIPPLY2"
"9956","NBPFC","NBPF12"
"9957","SL9C2","SLC9C2"
"9958","UT14C","UTP14C"
"9959","DCAF8","DCAF8"
"9960","CODA1","COL13A1"
"9961","TUT4","TUT4"
"9962","DEP1A","DEPDC1"
"9963","CE162","CEP162"
"9964","FRY","FRY"
"9965","RNH2B","RNASEH2B"
"9966","B2L15","BCL2L15"
"9967","CI153","C9orf153"
"9968","N42L1","N4BP2L1"
"9969","ATAS1","ATP1A1-AS1"
"9970","ATPF1","ATPAF1"
"9971","GRTP1","GRTP1"
"9972","ZBT37","ZBTB37"
"9973","RC3H1","RC3H1"
"9974","OGRL1","OGFRL1"
"9975","CP4AM","CYP4A22"
"9976","LCE5A","LCE5A"
"9977","MAGI3","MAGI3"
"9978","KAD9","AK9"
"9979","M3K21","MAP3K21"
"9980","TTBK1","TTBK1"
"9981","SPD2A","SH3PXD2A"
"9982","RSH4A","RSPH4A"
"9983","FHL5","FHL5"
"9984","DDI2","DDI2"
"9985","LGSN","LGSN"
"9986","CT194","C20orf194"
"9987","SE1L2","SEL1L2"
"9988","ZN697","ZNF697"
"9989","Q5TEC6","H3-2"
"9990","THMS2","THEMIS2"
"9991","NDUF5","NDUFAF5"
"9992","CA134","C1orf134"
"9993","CF164","LINC01590"
"9994","CF163","C6orf163"
"9995","SOGA3","SOGA3"
"9996","MFS4B","MFSD4B"
"9997","IFFO2","IFFO2"
"9998","NT5D1","NT5DC1"
"9999","ZC21B","ZC2HC1B"
"10000","RHG40","ARHGAP40"
"10001","SEAS1","SERTAD4-AS1"
"10002","CA195","C1orf195"
"10003","FAXC","FAXC"
"10004","SAMD5","SAMD5"
"10005","HDGL1","HDGFL1"
"10006","PXDC1","PXDC1"
"10007","MROH9","MROH9"
"10008","HES3","HES3"
"10009","TSPO2","TSPO2"
"10010","TMCO4","TMCO4"
"10011","AHDC1","AHDC1"
"10012","MIC10","MICOS10"
"10013","BIG3","ARFGEF3"
"10014","STPG1","STPG1"
"10015","VP13D","VPS13D"
"10016","PR14L","PRR14L"
"10017","EFCB6","EFCAB6"
"10018","NBPFE","NBPF14"
"10019","MEI1","MEI1"
"10020","CC181","CCDC181"
"10021","VW5B1","VWA5B1"
"10022","LIN9","LIN9"
"10023","FA72A","FAM72A"
"10024","ZN658","ZNF658"
"10025","A20A1","ANKRD20A1"
"10026","PRAM5","PRAMEF5"
"10027","OR2G6","OR2G6"
"10028","CROCC","CROCC"
"10029","ANR45","ANKRD45"
"10030","S31A1","SPATA31A1"
"10031","FAM74","FAM74A4"
"10032","TM164","TMEM164"
"10033","GDAS1","GDF5-AS1"
"10034","ASPH1","ASPHD1"
"10035","MEX3C","MEX3C"
"10036","HECD2","HECTD2"
"10037","LYRM7","LYRM7"
"10038","F222A","FAM222A"
"10039","CBPC2","AGBL2"
"10040","MCAF2","ATF7IP2"
"10041","CL060","C12orf60"
"10042","RAIN","RASIP1"
"10043","GP157","GPR157"
"10044","EMC10","EMC10"
"10045","PI3R6","PIK3R6"
"10046","RIF1","RIF1"
"10047","VPS53","VPS53"
"10048","ZN468","ZNF468"
"10049","YI029","-"
"10050","MANEL","MANEAL"
"10051","STRP1","STRIP1"
"10052","LC1L1","LCN1P1"
"10053","SPXN1","SPANXN1"
"10054","AB17B","ABHD17B"
"10055","OBSCN","OBSCN"
"10056","GKAP1","GKAP1"
"10057","NTM2D","NUTM2D"
"10058","CE350","CEP350"
"10059","MRCKA","CDC42BPA"
"10060","FAM27","FAM27C"
"10061","CX031","LINC01545"
"10062","FA78B","FAM78B"
"10063","RPRD2","RPRD2"
"10064","MARC1","MTARC1"
"10065","AXA81","ANXA8L1"
"10066","SYDE2","SYDE2"
"10067","PRA20","PRAMEF20"
"10068","LRC38","LRRC38"
"10069","PRA17","PRAMEF17"
"10070","RN220","RNF220"
"10071","GFI1B","GFI1B"
"10072","EF1A3","EEF1A1P5"
"10073","ANGE2","ANGEL2"
"10074","FLTOP","CFAP126"
"10075","WDR78","WDR78"
"10076","KLD7A","KLHDC7A"
"10077","FNDC7","FNDC7"
"10078","PR38B","PRPF38B"
"10079","AGAP9","AGAP9"
"10080","TT39B","TTC39B"
"10081","BRE1A","RNF20"
"10082","CI135","C9orf135"
"10083","MYOM3","MYOM3"
"10084","AT5EL","ATP5F1EP2"
"10085","HHAT","HHAT"
"10086","S31A5","SPATA31A5"
"10087","MYOME","PDE4DIP"
"10088","CBPC6","AGBL4"
"10089","P210L","NUP210L"
"10090","CA189","C1orf189"
"10091","DC121","DCAF12L1"
"10092","CAHD1","CACHD1"
"10093","ZN318","ZNF318"
"10094","F1711","FAM171A1"
"10095","DIK1B","DIPK1B"
"10096","CA053","C1orf53"
"10097","SMBT2","SFMBT2"
"10098","AGAP7","AGAP7P"
"10099","LRCH2","LRCH2"
"10100","DRC8","EFCAB2"
"10101","SDHF4","SDHAF4"
"10102","A20A3","ANKRD20A3P"
"10103","ADCL3","AADACL3"
"10104","ADCL4","AADACL4"
"10105","U633B","-"
"10106","FX4L5","FOXD4L5"
"10107","OTUD1","OTUD1"
"10108","ARHGG","ARHGEF16"
"10109","CDKAL","CDKAL1"
"10110","K0319","KIAA0319"
"10111","ZN691","ZNF691"
"10112","ATRN1","ATRNL1"
"10113","PPRC1","PPRC1"
"10114","TM244","TMEM244"
"10115","CA146","C1orf146"
"10116","Q5VVH2","FKBP1C"
"10117","IKBP1","IRAK1BP1"
"10118","MYSM1","MYSM1"
"10119","CCD30","CCDC30"
"10120","S31A6","SPATA31A6"
"10121","OTU1","YOD1"
"10122","CA140","C1orf140"
"10123","GARL3","GARNL3"
"10124","UBE2U","UBE2U"
"10125","NTM1B","METTL11B"
"10126","DC122","DCAF12L2"
"10127","AGAP6","AGAP6"
"10128","BROX","BROX"
"10129","FOCAD","FOCAD"
"10130","GP107","GPR107"
"10131","HACD4","HACD4"
"10132","TAF3","TAF3"
"10133","TCRGL","TCERG1L"
"10134","SNX30","SNX30"
"10135","NBPF6","NBPF6"
"10136","IL23R","IL23R"
"10137","PRA18","PRAMEF18"
"10138","PRAM8","PRAMEF8"
"10139","PRAM9","PRAMEF15"
"10140","PRA13","PRAMEF13"
"10141","TASO2","TASOR2"
"10142","TET5C","TENT5C"
"10143","MLIP","MLIP"
"10144","RSBN1","RSBN1"
"10145","DAB2P","DAB2IP"
"10146","FYB2","FYB2"
"10147","C1QL3","C1QL3"
"10148","KHDR2","KHDRBS2"
"10149","LYPL1","LYPLAL1"
"10150","SPAT1","SPATA1"
"10151","SUSD4","SUSD4"
"10152","SAM13","SAMD13"
"10153","PRAM6","PRAMEF6"
"10154","PRAM7","PRAMEF7"
"10155","LIPN","LIPN"
"10156","LIPK","LIPK"
"10157","CDCP2","CDCP2"
"10158","SYPL2","SYPL2"
"10159","NKAI2","NKAIN2"
"10160","CHIC1","CHIC1"
"10161","SHOC1","SHOC1"
"10162","IER5","IER5"
"10163","PEAR1","PEAR1"
"10164","ULBP6","RAET1L"
"10165","MALR1","MALRD1"
"10166","ECM29","ECPAS"
"10167","CI131","C9orf131"
"10168","S31A3","SPATA31A3"
"10169","MEDAG","MEDAG"
"10170","TUT7","TUT7"
"10171","FOXB2","FOXB2"
"10172","SLX4I","SLX4IP"
"10173","RNLS","RNLS"
"10174","ANR22","ANKRD22"
"10175","LIPM","LIPM"
"10176","NXNL2","NXNL2"
"10177","SHE","SHE"
"10178","TDR10","TDRD10"
"10179","K1614","KIAA1614"
"10180","MORN5","MORN5"
"10181","JKIP3","JAKMIP3"
"10182","IZUM3","IZUMO3"
"10183","DEN4C","DENND4C"
"10184","DMRTA","DMRTA1"
"10185","NAA35","NAA35"
"10186","MBNL2","MBNL2"
"10187","TM268","TMEM268"
"10188","CARL1","CARMIL1"
"10189","ZMYM4","ZMYM4"
"10190","RRAGB","RRAGB"
"10191","DUS27","DUSP27"
"10192","TEX36","TEX36"
"10193","NTM2G","NUTM2G"
"10194","MF14C","MFSD14C"
"10195","CJ113","C10orf113"
"10196","MT21C","METTL21C"
"10197","PLPP4","PLPP4"
"10198","ARMC3","ARMC3"
"10199","LIPJ","LIPJ"
"10200","ERI6B","ERICH6B"
"10201","OBI1","OBI1"
"10202","TM236","TMEM236"
"10203","CI057","C9orf57"
"10204","USPL1","USPL1"
"10205","BSPRY","BSPRY"
"10206","F16B1","FAM160B1"
"10207","ZDH20","ZDHHC20"
"10208","SPRY7","SPRYD7"
"10209","YT011","-"
"10210","CST9","CST9"
"10211","CST9P","CST9LP1"
"10212","RES18","RESP18"
"10213","TTC23","TTC23"
"10214","U633C","-"
"10215","PAPD7","TENT4A"
"10216","EST4A","CES4A"
"10217","LYSM4","LYSMD4"
"10218","K2C79","KRT79"
"10219","F219B","FAM219B"
"10220","BTBD8","BTBD8"
"10221","MIC13","MICOS13"
"10222","OTP","OTP"
"10223","F104B","FAM104B"
"10224","CAR17","CARD17"
"10225","RN123","RNF123"
"10226","FBX31","FBXO31"
"10227","FBXW9","FBXW9"
"10228","FBW10","FBXW10"
"10229","ANO1","ANO1"
"10230","GGNB1","GGNBP1"
"10231","CD276","CD276"
"10232","AL2CL","ALS2CL"
"10233","TRIQK","TRIQK"
"10234","ZKSC2","ZKSCAN2"
"10235","TSH3","TSHZ3"
"10236","KFA","AFMID"
"10237","PCX4","PCNX4"
"10238","PLCX3","PLCXD3"
"10239","F205B","FAM205BP"
"10240","RN213","RNF213"
"10241","AP1AR","AP1AR"
"10242","EGFLA","EGFLAM"
"10243","TNS2","TNS2"
"10244","S22AA","SLC22A10"
"10245","KANK2","KANK2"
"10246","NSN5C","NSUN5P2"
"10247","WAC2A","WASHC2A"
"10248","METRL","METRNL"
"10249","LPCT4","LPCAT4"
"10250","FRG2","FRG2"
"10251","WDR25","WDR25"
"10252","EF1DL","EEF1DP3"
"10253","SAXO2","SAXO2"
"10254","WSCD1","WSCD1"
"10255","STEA3","STEAP3"
"10256","F90A2","FAM90A2P"
"10257","F91A1","FAM91A1"
"10258","ICE2","ICE2"
"10259","LAR1B","LARP1B"
"10260","CP135","CEP135"
"10261","TBC9B","TBC1D9B"
"10262","Z385C","ZNF385C"
"10263","DCA15","DCAF15"
"10264","TM198","TMEM198"
"10265","MAP1S","MAP1S"
"10266","CBPZ","CPZ"
"10267","RUAS1","RUSC1-AS1"
"10268","E4F1","E4F1"
"10269","2ABD","PPP2R2D"
"10270","AR6P4","ARL6IP4"
"10271","ATG9B","ATG9B"
"10272","KAZRN","KAZN"
"10273","A16L1","ATG16L1"
"10274","B3GNL","B3GNTL1"
"10275","RPGP2","RAP1GAP2"
"10276","MUC17","MUC17"
"10277","STEA4","STEAP4"
"10278","OLM2A","OLFML2A"
"10279","OLM2B","OLFML2B"
"10280","SLIP","NUGGC"
"10281","CR3L3","CREB3L3"
"10282","ACS2B","ACSM2B"
"10283","TPGS2","TPGS2"
"10284","HGNAT","HGSNAT"
"10285","ARID2","ARID2"
"10286","MROH7","MROH7"
"10287","DIEXF","DIEXF"
"10288","GL8D1","GLT8D1"
"10289","SE1L3","SEL1L3"
"10290","LRC66","LRRC66"
"10291","FTM","RPGRIP1L"
"10292","TENS3","TNS3"
"10293","HAUS3","HAUS3"
"10294","SLN13","SLFN13"
"10295","SPT2","SPTY2D1"
"10296","PMS2L","PMS2CL"
"10297","TM215","TMEM215"
"10298","DEN2C","DENND2C"
"10299","NR3L1","NCR3LG1"
"10300","C102B","CCDC102B"
"10301","MBLC2","MBLAC2"
"10302","FMN1","FMN1"
"10303","ANKS6","ANKS6"
"10304","PA24F","PLA2G4F"
"10305","USF3","USF3"
"10306","LMBD2","LMBRD2"
"10307","ZN776","ZNF776"
"10308","ZFY26","ZFYVE26"
"10309","MSL1","MSL1"
"10310","CR063","C18orf63"
"10311","CB016","C2orf16"
"10312","CRBG3","CRYBG3"
"10313","KCD16","KCTD16"
"10314","RNF43","RNF43"
"10315","Q68DW6","DKFZp781C0719"
"10316","FRPD2","FRMPD2"
"10317","ZN626","ZNF626"
"10318","ZN772","ZNF772"
"10319","INT3","INTS3"
"10320","ZNF57","ZNF57"
"10321","RHG17","ARHGAP17"
"10322","K895L","KIAA0895L"
"10323","LHX8","LHX8"
"10324","LEMD1","LEMD1"
"10325","DUPD1","DUPD1"
"10326","KCD11","KCTD11"
"10327","S6A19","SLC6A19"
"10328","TMM42","TMEM42"
"10329","CDCA2","CDCA2"
"10330","NAIF1","NAIF1"
"10331","NCAS2","NCBP2AS2"
"10332","C19L1","CWF19L1"
"10333","VIR","VIRMA"
"10334","CYTSA","SPECC1L"
"10335","AN34A","ANKRD34A"
"10336","CL073","C12orf73"
"10337","STUM","STUM"
"10338","T200B","TMEM200B"
"10339","K1C40","KRT40"
"10340","K1C39","KRT39"
"10341","PDPK2","PDPK2P"
"10342","TXND8","TXNDC8"
"10343","Z518A","ZNF518A"
"10344","HEAT6","HEATR6"
"10345","ANR40","ANKRD40"
"10346","SL9A4","SLC9A4"
"10347","BICRL","BICRAL"
"10348","Z324B","ZNF324B"
"10349","WWC2","WWC2"
"10350","YK026","-"
"10351","ZN660","ZNF660"
"10352","SCAR3","SCARA3"
"10353","TRI68","TRIM68"
"10354","TIGD3","TIGD3"
"10355","KDM4D","KDM4D"
"10356","HBM","HBM"
"10357","IGFL4","IGFL4"
"10358","FCRLB","FCRLB"
"10359","NB5R2","CYB5R2"
"10360","REP15","REP15"
"10361","URFB1","UHRF1BP1"
"10362","SP5","SP5"
"10363","AMERL","AMMECR1L"
"10364","ZN787","ZNF787"
"10365","ATLA3","ATL3"
"10366","C2D2B","CC2D2B"
"10367","ADAL","ADAL"
"10368","TBC3G","TBC1D3G"
"10369","PLAG1","PLAG1"
"10370","RL7L","RPL7L1"
"10371","LEG9C","LGALS9C"
"10372","PVRIG","PVRIG"
"10373","NXN","NXN"
"10374","TTC19","TTC19"
"10375","H2B2C","H2BC20P"
"10376","MCTP2","MCTP2"
"10377","MCTP1","MCTP1"
"10378","FCRL6","FCRL6"
"10379","IQEC1","IQSEC1"
"10380","H2B2D","H2BC19P"
"10381","MRCKG","CDC42BPG"
"10382","GP139","GPR139"
"10383","DMKN","DMKN"
"10384","AWAT2","AWAT2"
"10385","IL31","IL31"
"10386","ZN470","ZNF470"
"10387","SUMO4","SUMO4"
"10388","CLC6A","CLEC6A"
"10389","GTD2B","GTF2IRD2B"
"10390","TTLL5","TTLL5"
"10391","VASN","VASN"
"10392","TR3N","TXNRD3NB"
"10393","CARL2","CARMIL2"
"10394","SFRP4","SFRP4"
"10395","H2A2A","H2AC18"
"10396","CPIN1","CIAPIN1"
"10397","ZFAN6","ZFAND6"
"10398","FAAH2","FAAH2"
"10399","ALG1L","ALG1L"
"10400","SMYD5","SMYD5"
"10401","PTRD1","PTRHD1"
"10402","XAF1","XAF1"
"10403","IPIL1","ITPRIPL1"
"10404","CTRB2","CTRB2"
"10405","OTU7B","OTUD7B"
"10406","P20D1","PM20D1"
"10407","LAIR1","LAIR1"
"10408","TM225","TMEM225"
"10409","RGPA1","RALGAPA1"
"10410","ULBP5","RAET1G"
"10411","ABLM2","ABLIM2"
"10412","ISM2","ISM2"
"10413","ASTL","ASTL"
"10414","THOC7","THOC7"
"10415","SIGIR","SIGIRR"
"10416","NADE","NADSYN1"
"10417","ELP2","ELP2"
"10418","LTOR1","LAMTOR1"
"10419","DRS7B","DHRS7B"
"10420","GLYAT","GLYAT"
"10421","TWF2","TWF2"
"10422","CNDH2","NCAPH2"
"10423","CV042","C22orf42"
"10424","GRAM4","GRAMD4"
"10425","DESI1","DESI1"
"10426","SESQ2","PHETA2"
"10427","RTL6","RTL6"
"10428","K0930","KIAA0930"
"10429","WBP2L","WBP2NL"
"10430","ASPH2","ASPHD2"
"10431","TM211","TMEM211"
"10432","TNG2","TANGO2"
"10433","S35E4","SLC35E4"
"10434","OVOS2","OVOS2"
"10435","OVOS1","OVOS1"
"10436","ISK14","SPINK14"
"10437","JADE1","JADE1"
"10438","DG2L7","DGAT2L7P"
"10439","T132E","TMEM132E"
"10440","SN12L","SLFN12L"
"10441","SNR48","SNRNP48"
"10442","OR5MA","OR5M10"
"10443","OR4CB","OR4C11"
"10444","OR4F3","OR4F29"
"10445","OR2T5","OR2T5"
"10446","OR2T2","OR2T2"
"10447","O8G2P","OR8G2P"
"10448","OR2A2","OR2A2"
"10449","O52W1","OR52W1"
"10450","O4A47","OR4A47"
"10451","O10K2","OR10K2"
"10452","O52E8","OR52E8"
"10453","OR6B2","OR6B2"
"10454","O7E24","OR7E24"
"10455","ST6B1","SULT6B1"
"10456","ST1C3","SULT1C3"
"10457","CAPR2","CAPRIN2"
"10458","MRM1","MRM1"
"10459","P4R3A","PPP4R3A"
"10460","FRP2L","FRMPD2B"
"10461","IQCE","IQCE"
"10462","ETFR1","ETFRF1"
"10463","TYW3","TYW3"
"10464","F71E1","FAM71E1"
"10465","NB5R5","CYB5RL"
"10466","CENPP","CENPP"
"10467","CK071","C11orf71"
"10468","TBC3C","TBC1D3C"
"10469","TCAL6","TCEAL6"
"10470","SPOPL","SPOPL"
"10471","CCSAP","CCSAP"
"10472","NAPEP","NAPEPLD"
"10473","ZN770","ZNF770"
"10474","RAB12","RAB12"
"10475","PKHA7","PLEKHA7"
"10476","DEN5A","DENND5A"
"10477","ADNP2","ADNP2"
"10478","SDE2","SDE2"
"10479","TTBK2","TTBK2"
"10480","IF5AL","EIF5AL1"
"10481","GLT17","GALNT17"
"10482","GRHL2","GRHL2"
"10483","LAIR2","LAIR2"
"10484","PTCRA","PTCRA"
"10485","ZN425","ZNF425"
"10486","ANO7","ANO7"
"10487","F166A","FAM166A"
"10488","NCLX","SLC8B1"
"10489","STYK1","STYK1"
"10490","CPZIP","RCSD1"
"10491","KLH10","KLHL10"
"10492","Q6JHZ5","ENSG00000277005"
"10493","ACD10","ACAD10"
"10494","LCN12","LCN12"
"10495","LCN10","LCN10"
"10496","LCN8","LCN8"
"10497","IFIX","PYHIN1"
"10498","K2C80","KRT80"
"10499","NIPBL","NIPBL"
"10500","SCMC2","SLC25A25"
"10501","GDF6","GDF6"
"10502","KR511","KRTAP5-11"
"10503","KR510","KRTAP5-10"
"10504","KRA57","KRTAP5-7"
"10505","KRA56","KRTAP5-6"
"10506","KRA54","KRTAP5-4"
"10507","KRA53","KRTAP5-3"
"10508","KRA51","KRTAP5-1"
"10509","PDE12","PDE12"
"10510","FA72D","FAM72D"
"10511","B4GN3","B4GALNT3"
"10512","HPHL1","HEPHL1"
"10513","PRR27","PRR27"
"10514","HCP5","HCP5"
"10515","LIN54","LIN54"
"10516","PRR5L","PRR5L"
"10517","R7BP","RGS7BP"
"10518","FSTL4","FSTL4"
"10519","CAN13","CAPN13"
"10520","TET2","TET2"
"10521","TEN4","TENM4"
"10522","Z280D","ZNF280D"
"10523","OGFD2","OGFOD2"
"10524","NAA16","NAA16"
"10525","MFSD5","MFSD5"
"10526","ALKB2","ALKBH2"
"10527","AR26L","ANKRD26P1"
"10528","FA53A","FAM53A"
"10529","RADX","RADX"
"10530","K1841","KIAA1841"
"10531","MYORG","MYORG"
"10532","PHLB3","PHLDB3"
"10533","LRC8E","LRRC8E"
"10534","DE10B","DENND10P1"
"10535","NANP8","NANOGP8"
"10536","CCD70","CCDC70"
"10537","ZSC25","ZSCAN25"
"10538","TIGD7","TIGD7"
"10539","S18B1","SLC18B1"
"10540","EST5A","CES5A"
"10541","GAG2A","GAGE2A"
"10542","CGB2","CGB2"
"10543","CP4FN","CYP4F22"
"10544","HMBX1","HMBOX1"
"10545","TRNP1","TRNP1"
"10546","MRNIP","MRNIP"
"10547","ABC3H","APOBEC3H"
"10548","RHBD2","RHBDD2"
"10549","C144L","CCDC144NL"
"10550","GPAT2","GPAT2"
"10551","CHADL","CHADL"
"10552","SAPL1","PSAPL1"
"10553","CK087","C11orf87"
"10554","PWP2B","PWWP2B"
"10555","SCMC1","SLC25A24"
"10556","REEP3","REEP3"
"10557","TYW1B","TYW1B"
"10558","RETST","RETSAT"
"10559","ACSM5","ACSM5"
"10560","JHY","JHY"
"10561","ZN746","ZNF746"
"10562","PP4R4","PPP4R4"
"10563","RINT1","RINT1"
"10564","TM214","TMEM214"
"10565","R216L","RNF216P1"
"10566","TECT3","TCTN3"
"10567","UD3A1","UGT3A1"
"10568","D19L2","DPY19L2"
"10569","MFS12","MFSD12"
"10570","CRCDL","CRACDL"
"10571","GP153","GPR153"
"10572","SWAP1","SWSAP1"
"10573","UFSP1","UFSP1"
"10574","MKRN5","MKRN9P"
"10575","R13P3","RPL13AP3"
"10576","NIPA3","NIPAL1"
"10577","CDPF1","CDPF1"
"10578","ADAM5","ADAM5"
"10579","HIBCH","HIBCH"
"10580","RWDD4","RWDD4"
"10581","NEPRO","NEPRO"
"10582","RGMB","RGMB"
"10583","PR40B","PRPF40B"
"10584","ZN774","ZNF774"
"10585","ZN544","ZNF544"
"10586","ARMC6","ARMC6"
"10587","ESRP1","ESRP1"
"10588","D19P1","DPY19L2P1"
"10589","EFC12","EFCAB12"
"10590","F71F2","FAM71F2"
"10591","NXRD1","NOXRED1"
"10592","IIGP5","IRGC"
"10593","TTI2","TTI2"
"10594","IPP2B","PPP1R2B"
"10595","ANR54","ANKRD54"
"10596","H3C","H3-5"
"10597","ZNT6","SLC30A6"
"10598","TAPT1","TAPT1"
"10599","KANK3","KANK3"
"10600","JMJD6","JMJD6"
"10601","PPR18","PPP1R18"
"10602","FAP20","FAAP20"
"10603","STEAL","STEAP1B"
"10604","MZT2B","MZT2B"
"10605","CAVN1","CAVIN1"
"10606","ZCHC8","ZCCHC8"
"10607","BORG3","CDC42EP5"
"10608","CH074","C8orf74"
"10609","FXL22","FBXL22"
"10610","RUSD3","RPUSD3"
"10611","ADCL2","AADACL2"
"10612","F180B","FAM180B"
"10613","M18BP","MIS18BP1"
"10614","MAST2","MAST2"
"10615","DHX57","DHX57"
"10616","RM54","MRPL54"
"10617","ERAP2","ERAP2"
"10618","MBOA5","LPCAT3"
"10619","PLB1","PLB1"
"10620","CDC73","CDC73"
"10621","HRG1","SLC48A1"
"10622","PMF1","PMF1"
"10623","T2H2L","GTF2H2C"
"10624","F117B","FAM117B"
"10625","ZN343","ZNF343"
"10626","RM14","MRPL14"
"10627","S27A4","SLC27A4"
"10628","L2GL2","LLGL2"
"10629","ARMX5","ARMCX5"
"10630","C2D1A","CC2D1A"
"10631","TATD1","TATDN1"
"10632","LTMD1","LETMD1"
"10633","MET2B","METTL2B"
"10634","MSD2","MSANTD2"
"10635","DUS1L","DUS1L"
"10636","CC033","C3orf33"
"10637","CA094","C1orf94"
"10638","TAF2","TAF2"
"10639","CH082","C8orf82"
"10640","ZN529","ZNF529"
"10641","WDR93","WDR93"
"10642","MED27","MED27"
"10643","ZFP1","ZFP1"
"10644","XRRA1","XRRA1"
"10645","EDC4","EDC4"
"10646","CEP85","CEP85"
"10647","TMM53","TMEM53"
"10648","FAH2B","FAHD2B"
"10649","EBLN2","EBLN2"
"10650","KCC1B","PNCK"
"10651","ANM9","PRMT9"
"10652","PRP8","PRPF8"
"10653","TTC41","TTC41P"
"10654","CP046","C16orf46"
"10655","NEK5","NEK5"
"10656","DEN1B","DENND1B"
"10657","FBX42","FBXO42"
"10658","Z585A","ZNF585A"
"10659","DJC24","DNAJC24"
"10660","NBPFA","NBPF10"
"10661","SCYL2","SCYL2"
"10662","TTC27","TTC27"
"10663","PGBD2","PGBD2"
"10664","SMG1L","-"
"10665","MTFR2","MTFR2"
"10666","ACSM6","ACSM6"
"10667","PDXD2","PDXDC2P"
"10668","NPAL3","NIPAL3"
"10669","SFXN4","SFXN4"
"10670","PLBL1","PLBD1"
"10671","F222C","FAM122C"
"10672","GOLM2","GOLM2"
"10673","FUT10","FUT10"
"10674","FDX2","FDX2"
"10675","RHGBA","ARHGAP11A"
"10676","ACKMT","ATPSCKMT"
"10677","WDR73","WDR73"
"10678","CNNM4","CNNM4"
"10679","NFRKB","NFRKB"
"10680","GGT6","GGT6"
"10681","BGP11","GUSBP11"
"10682","MZT2A","MZT2A"
"10683","FAHD1","FAHD1"
"10684","TP8L2","TNFAIP8L2"
"10685","KLC3","KLC3"
"10686","LMOD2","LMOD2"
"10687","RL22L","RPL22L1"
"10688","LEG1H","LEG1"
"10689","RNK","RNASEK"
"10690","S39A4","SLC39A4"
"10691","CV039","C22orf39"
"10692","TMM71","TMEM71"
"10693","PKN3","PKN3"
"10694","CF161","CFAP161"
"10695","ERIC5","ERICH5"
"10696","ANR16","ANKRD16"
"10697","ALKB5","ALKBH5"
"10698","TMM81","TMEM81"
"10699","NOTUM","NOTUM"
"10700","F171B","FAM171B"
"10701","PDXD1","PDXDC1"
"10702","ZN530","ZNF530"
"10703","GLT18","GALNT18"
"10704","ZN549","ZNF549"
"10705","MEAK7","MEAK7"
"10706","INT5","INTS5"
"10707","CCD62","CCDC62"
"10708","TRI40","TRIM40"
"10709","LRC8B","LRRC8B"
"10710","CB5D1","CYB5D1"
"10711","TM154","TMEM154"
"10712","ZN449","ZNF449"
"10713","CNKR3","CNKSR3"
"10714","GIMA6","GIMAP6"
"10715","CSAG1","CSAG1"
"10716","VWA1","VWA1"
"10717","RSBNL","RSBN1L"
"10718","AB17C","ABHD17C"
"10719","S27A1","SLC27A1"
"10720","EMB","EMB"
"10721","RFWD3","RFWD3"
"10722","PGM2L","PGM2L1"
"10723","FXL19","FBXL19"
"10724","CTR9","CTR9"
"10725","AAGAB","AAGAB"
"10726","SG11A","SPAG11A"
"10727","ZN880","ZNF880"
"10728","F199X","FAM199X"
"10729","PRS54","PRSS54"
"10730","ZCH12","ZCCHC12"
"10731","KR261","KRTAP26-1"
"10732","TEX38","TEX38"
"10733","CXB7","GJB7"
"10734","TMM88","TMEM88"
"10735","TBA3E","TUBA3E"
"10736","PONL1","PODNL1"
"10737","ZN613","ZNF613"
"10738","TT23L","TTC23L"
"10739","TM10B","TRMT10B"
"10740","KLH35","KLHL35"
"10741","MORN3","MORN3"
"10742","VIP1","PPIP5K1"
"10743","ZN790","ZNF790"
"10744","PSRC1","PSRC1"
"10745","TTC37","TTC37"
"10746","DRIC1","DRICH1"
"10747","BORA","BORA"
"10748","CP087","C16orf87"
"10749","DCNL2","DCUN1D2"
"10750","ULK3","ULK3"
"10751","IYD1","IYD"
"10752","CNIH2","CNIH2"
"10753","SHQ1","SHQ1"
"10754","KCD18","KCTD18"
"10755","SYDM","DARS2"
"10756","LIRA6","LILRA6"
"10757","BHLH9","BHLHB9"
"10758","TMM65","TMEM65"
"10759","CK088","C11orf88"
"10760","IN80C","INO80C"
"10761","TTC33","TTC33"
"10762","KLD10","KLHDC10"
"10763","SYCE2","SYCE2"
"10764","MYO7B","MYO7B"
"10765","CC174","CCDC174"
"10766","HAGHL","HAGHL"
"10767","FBX38","FBXO38"
"10768","KCIP4","KCNIP4"
"10769","S23A3","SLC23A3"
"10770","KCNV1","KCNV1"
"10771","NCEH1","NCEH1"
"10772","FOXR1","FOXR1"
"10773","S2534","SLC25A34"
"10774","FIGL1","FIGNL1"
"10775","ARMD1","ARMH1"
"10776","GLD2","TENT2"
"10777","TRAT1","TRAT1"
"10778","SPSB3","SPSB3"
"10779","FBX46","FBXO46"
"10780","TRI65","TRIM65"
"10781","POZP3","POMZP3"
"10782","RHDF2","RHBDF2"
"10783","MDEAS","MIDEAS"
"10784","BRAT1","BRAT1"
"10785","LRFN4","LRFN4"
"10786","WDR59","WDR59"
"10787","DCR1A","DCLRE1A"
"10788","FOXR2","FOXR2"
"10789","ZC3HE","ZC3H14"
"10790","CNST","CNST"
"10791","CC137","CCDC137"
"10792","OGFD3","OGFOD3"
"10793","DMP34","DNM1P34"
"10794","ZN773","ZNF773"
"10795","TXD11","TXNDC11"
"10796","LARP1","LARP1"
"10797","DR4L2","DHRS4L2"
"10798","DOK6","DOK6"
"10799","ATAD2","ATAD2"
"10800","TMED8","TMED8"
"10801","BRID5","BRICD5"
"10802","ZNT9","SLC30A9"
"10803","XKR2","XKRX"
"10804","GP179","GPR179"
"10805","CEMP1","CEMP1"
"10806","CPLX2","CPLX2"
"10807","GTR7","SLC2A7"
"10808","TRAF7","TRAF7"
"10809","S2547","SLC25A47"
"10810","AMPQ","LVRN"
"10811","CRIP3","CRIP3"
"10812","SPG17","SPAG17"
"10813","APOA5","APOA5"
"10814","VBPC1","-"
"10815","MO2R2","CD200R1L"
"10816","TM220","TMEM220"
"10817","CORO6","CORO6"
"10818","DEGS2","DEGS2"
"10819","PAOX","PAOX"
"10820","FIGLA","FIGLA"
"10821","U17L6","USP17L6P"
"10822","AGRD1","ADGRD1"
"10823","BL1S3","BLOC1S3"
"10824","BL1S2","BLOC1S2"
"10825","SCND3","ZBED9"
"10826","RICTR","RICTOR"
"10827","U17L2","USP17L2"
"10828","WDR74","WDR74"
"10829","DUX4C","DUX4L9"
"10830","BRWD3","BRWD3"
"10831","VHLL","VHLL"
"10832","CS048","C19orf48"
"10833","SPAT8","SPATA8"
"10834","ATRAP","AGTRAP"
"10835","POTEH","POTEH"
"10836","POTEG","POTEG"
"10837","SHC4","SHC4"
"10838","POTEE","POTEE"
"10839","POTEA","POTEA"
"10840","ZN474","ZNF474"
"10841","TSSK4","TSSK4"
"10842","F111B","FAM111B"
"10843","TBPL2","TBPL2"
"10844","SAMD1","SAMD1"
"10845","SMRD3","SMARCD3"
"10846","SARM1","SARM1"
"10847","RSLBA","RASL11A"
"10848","ARL9","ARL9"
"10849","S22AP","SLC22A25"
"10850","PLPR3","PLPPR3"
"10851","NHS","NHS"
"10852","PAQR6","PAQR6"
"10853","PAQR3","PAQR3"
"10854","KLH17","KLHL17"
"10855","CASC1","CASC1"
"10856","CC171","CCDC171"
"10857","KLH24","KLHL24"
"10858","PADI6","PADI6"
"10859","OPN5","OPN5"
"10860","ZN322","ZNF322"
"10861","S4A10","SLC4A10"
"10862","IG2AS","IGF2-AS"
"10863","MAP12","METAP1D"
"10864","C1TM","MTHFD1L"
"10865","ANR12","ANKRD12"
"10866","ANR11","ANKRD11"
"10867","SPIT4","SPINT4"
"10868","TM270","TMEM270"
"10869","AFTIN","AFTPH"
"10870","FIP1","FIP1L1"
"10871","PLET1","PLET1"
"10872","TEPP","TEPP"
"10873","CRTC3","CRTC3"
"10874","CRTC1","CRTC1"
"10875","SAS6","SASS6"
"10876","CSPG4","CSPG4"
"10877","KCNT2","KCNT2"
"10878","CLC2A","CLEC2A"
"10879","MOXD1","MOXD1"
"10880","CBLN3","CBLN3"
"10881","CP20A","CYP20A1"
"10882","SFTA2","SFTA2"
"10883","REG3G","REG3G"
"10884","IGFL1","IGFL1"
"10885","SPESP","SPESP1"
"10886","ARAID","ATRAID"
"10887","PCSK4","PCSK4"
"10888","PLGT2","POGLUT2"
"10889","TM205","TMEM205"
"10890","UQCC3","UQCC3"
"10891","EPGN","EPGN"
"10892","I27RA","IL27RA"
"10893","PRS55","PRSS55"
"10894","CP054","C16orf54"
"10895","LRSM1","LRSAM1"
"10896","COLL2","CLPSL2"
"10897","SCIMP","SCIMP"
"10898","YF002","UNQ5815/PRO19632"
"10899","NXPE4","NXPE4"
"10900","F180A","FAM180A"
"10901","GAK1B","GASK1B"
"10902","TX261","TEX261"
"10903","PARM1","PARM1"
"10904","SHSA2","SHISA2"
"10905","TMCO3","TMCO3"
"10906","C16L2","CD164L2"
"10907","GP15L","GPR15L"
"10908","SUSD1","SUSD1"
"10909","KIRR2","KIRREL2"
"10910","GPRL1","GLIPR1L1"
"10911","LCTL","LCTL"
"10912","UD2A3","UGT2A3"
"10913","LYPD4","LYPD4"
"10914","LYPD5","LYPD5"
"10915","ISK6","SPINK6"
"10916","DHR11","DHRS11"
"10917","LCLT1","LCLAT1"
"10918","SBSN","SBSN"
"10919","LYZL1","LYZL1"
"10920","IGFL2","IGFL2"
"10921","ENPP6","ENPP6"
"10922","PT117","PET117"
"10923","ENHO","ENHO"
"10924","CE046","C5orf46"
"10925","GLB1L","GLB1L"
"10926","CF089","C6orf89"
"10927","MPZL3","MPZL3"
"10928","ENPP7","ENPP7"
"10929","SHL2A","SHISAL2A"
"10930","LCN15","LCN15"
"10931","EST3","CES3"
"10932","TM207","TMEM207"
"10933","HIPL2","HHIPL2"
"10934","ARSK","ARSK"
"10935","PRS57","PRSS57"
"10936","OLFL1","OLFML1"
"10937","ABRX1","ABRAXAS1"
"10938","LMBRL","LMBR1L"
"10939","CWC27","CWC27"
"10940","OLFM4","OLFM4"
"10941","DHR13","DHRS13"
"10942","LAYN","LAYN"
"10943","VSTM1","VSTM1"
"10944","SNORC","SNORC"
"10945","AMTN","AMTN"
"10946","TM107","TMEM107"
"10947","BTNL8","BTNL8"
"10948","ALKL2","ALKAL2"
"10949","IL40","C17orf99"
"10950","MET7B","METTL7B"
"10951","DRAM2","DRAM2"
"10952","XKR5","XKR5"
"10953","PXDC2","PLXDC2"
"10954","B3GN9","B3GNT9"
"10955","CP089","C16orf89"
"10956","LYPD8","LYPD8"
"10957","ZDH24","ZDHHC24"
"10958","CF015","C6orf15"
"10959","F131A","FAM131A"
"10960","IGFL3","IGFL3"
"10961","CXL17","CXCL17"
"10962","LYPD2","LYPD2"
"10963","CLC4G","CLEC4G"
"10964","PI16","PI16"
"10965","AEGP","MAMDC4"
"10966","HRCT1","HRCT1"
"10967","SE6L2","SEZ6L2"
"10968","S49A3","SLC49A3"
"10969","BTNL3","BTNL3"
"10970","TM108","TMEM108"
"10971","CL18B","CLEC18B"
"10972","ELAP1","ELAPOR1"
"10973","CLM9","CD300LG"
"10974","BTNL9","BTNL9"
"10975","ANGL8","ANGPTL8"
"10976","CREL2","CRELD2"
"10977","CCBE1","CCBE1"
"10978","PAMR1","PAMR1"
"10979","VITRN","VIT"
"10980","NPNT","NPNT"
"10981","ISLR2","ISLR2"
"10982","LRRN1","LRRN1"
"10983","I20RB","IL20RB"
"10984","LRIG3","LRIG3"
"10985","TRML4","TREML4"
"10986","TO20L","TOMM20L"
"10987","CLC9A","CLEC9A"
"10988","WDR82","WDR82"
"10989","TM14E","TMEM14EP"
"10990","F151B","FAM151B"
"10991","YO001","UNQ9370/PRO34162"
"10992","CB066","C2orf66"
"10993","YO002","UNQ6190/PRO20217"
"10994","SPA13","SERPINA13P"
"10995","YI004","UNQ6494/PRO21346"
"10996","YS001","UNQ6493/PRO21345"
"10997","CL19A","CLEC19A"
"10998","CASPC","CASP12"
"10999","ALKL1","ALKAL1"
"11000","ABH15","ABHD15"
"11001","YS002","UNQ9165/PRO28630"
"11002","GSG1L","GSG1L"
"11003","TMM92","TMEM92"
"11004","GFRAL","GFRAL"
"11005","IZUM2","IZUMO2"
"11006","YV010","UNQ6126/PRO20091"
"11007","MIC27","APOOL"
"11008","ITIH6","ITIH6"
"11009","RSPO2","RSPO2"
"11010","BI2L2","BAIAP2L2"
"11011","TMC5","TMC5"
"11012","TMIG1","TMIGD1"
"11013","CLM5","CD300LD"
"11014","UNC5D","UNC5D"
"11015","LRC31","LRRC31"
"11016","CEA20","CEACAM20"
"11017","DLK2","DLK2"
"11018","YB003","UNQ5830/PRO19650/PRO19816"
"11019","ATL4","ADAMTSL4"
"11020","LIGO4","LINGO4"
"11021","PATE2","PATE2"
"11022","LEU7","DLEU7"
"11023","FAT4","FAT4"
"11024","CP26C","CYP26C1"
"11025","PCD23","DCHS2"
"11026","DPP8","DPP8"
"11027","CF299","CFAP299"
"11028","ZN562","ZNF562"
"11029","KSR2","KSR2"
"11030","FX4L3","FOXD4L3"
"11031","WASH2","WASH2P"
"11032","MCAF1","ATF7IP"
"11033","RBP10","RANBP10"
"11034","AP2E","TFAP2E"
"11035","NHLC1","NHLRC1"
"11036","CP2R1","CYP2R1"
"11037","PACS1","PACS1"
"11038","DPPA3","DPPA3"
"11039","BCOR","BCOR"
"11040","CD011","LINC00575"
"11041","GDPD4","GDPD4"
"11042","MUC6","MUC6"
"11043","NPSR1","NPSR1"
"11044","RAD9B","RAD9B"
"11045","MPRIP","MPRIP"
"11046","RFIP1","RAB11FIP1"
"11047","CRDL2","CHRDL2"
"11048","HEPN1","HEPN1"
"11049","IGS10","IGSF10"
"11050","ZY11A","ZYG11A"
"11051","CL054","C12orf54"
"11052","SOSD1","SOSTDC1"
"11053","NSMF","NSMF"
"11054","ZPBP2","ZPBP2"
"11055","FBW12","FBXW12"
"11056","YA011","PP632"
"11057","ASCL4","ASCL4"
"11058","RBMS3","RBMS3"
"11059","SG1D4","SCGB1D4"
"11060","CSC2A","CASC2"
"11061","RPTN","RPTN"
"11062","TPTE2","TPTE2"
"11063","PNCB","NAPRT"
"11064","ZNT10","SLC30A10"
"11065","DUSTY","DSTYK"
"11066","CU024","LINC00114"
"11067","LBX2","LBX2"
"11068","SYT10","SYT10"
"11069","LIPI","LIPI"
"11070","DNMBP","DNMBP"
"11071","HACD2","HACD2"
"11072","B3GLT","B3GLCT"
"11073","DJC14","DNAJC14"
"11074","GGYF2","GIGYF2"
"11075","S36A4","SLC36A4"
"11076","CX6B2","COX6B2"
"11077","CD109","CD109"
"11078","THADA","THADA"
"11079","TMM64","TMEM64"
"11080","Q6YL49","ENSG00000276565"
"11081","HSDL2","HSDL2"
"11082","KAT3","KYAT3"
"11083","B3GN6","B3GNT6"
"11084","T184A","TMEM184A"
"11085","SIG15","SIGLEC15"
"11086","SPNS3","SPNS3"
"11087","CERS6","CERS6"
"11088","S39A5","SLC39A5"
"11089","PPR21","PPP1R21"
"11090","GLDN","GLDN"
"11091","SCAR5","SCARA5"
"11092","IL34","IL34"
"11093","CYHR1","CYHR1"
"11094","ATL5","ADAMTSL5"
"11095","PZRN4","PDZRN4"
"11096","CCNI2","CCNI2"
"11097","THSD4","THSD4"
"11098","LMTK1","AATK"
"11099","LDH6A","LDHAL6A"
"11100","TM11A","TMPRSS11A"
"11101","ZN852","ZNF852"
"11102","ZN783","ZNF783"
"11103","STAC2","STAC2"
"11104","KDM7A","KDM7A"
"11105","DTHD1","DTHD1"
"11106","C3P1","C3P1"
"11107","TRI72","TRIM72"
"11108","P4R3C","PPP4R3C"
"11109","LEKR1","LEKR1"
"11110","ZN730","ZNF730"
"11111","KIF6","KIF6"
"11112","ZN782","ZNF782"
"11113","EMAL6","EML6"
"11114","SPOC1","SPOCD1"
"11115","WDR88","WDR88"
"11116","ZN517","ZNF517"
"11117","RN19B","RNF19B"
"11118","SYNE3","SYNE3"
"11119","MASTR","MAMSTR"
"11120","CU136","LINC00322"
"11121","MEX3B","MEX3B"
"11122","ZN813","ZNF813"
"11123","ZNF66","ZNF66"
"11124","ZN793","ZNF793"
"11125","M3K15","MAP3K15"
"11126","LN28B","LIN28B"
"11127","AEBP2","AEBP2"
"11128","ZN841","ZNF841"
"11129","MACC1","MACC1"
"11130","BNC2","BNC2"
"11131","ETV3L","ETV3L"
"11132","UNC5A","UNC5A"
"11133","DEFI8","DEF8"
"11134","ZN574","ZNF574"
"11135","ZFP2","ZFP2"
"11136","GBP6","GBP6"
"11137","D19P2","DPY19L2P2"
"11138","Z705A","ZNF705A"
"11139","CCD81","CCDC81"
"11140","DUTL","-"
"11141","ZN836","ZNF836"
"11142","RN111","RNF111"
"11143","FRRS1","FRRS1"
"11144","TRC2L","-"
"11145","NFXL1","NFXL1"
"11146","ALKMO","AGMO"
"11147","ZN704","ZNF704"
"11148","MBOA1","MBOAT1"
"11149","BAKOR","ATG14"
"11150","RUFY4","RUFY4"
"11151","ACP7","ACP7"
"11152","ZN620","ZNF620"
"11153","ZN600","ZNF600"
"11154","DBX2","DBX2"
"11155","KRBA2","KRBA2"
"11156","ZN497","ZNF497"
"11157","GCNT7","GCNT7"
"11158","NBEL2","NBEAL2"
"11159","TIFAB","TIFAB"
"11160","FGD5","FGD5"
"11161","TEX43","TEX43"
"11162","LRC69","LRRC69"
"11163","TMM91","TMEM91"
"11164","GDPP1","GDPGP1"
"11165","SHLD3","SHLD3"
"11166","RBM44","RBM44"
"11167","LAAT1","SLC66A1"
"11168","BICL1","BICDL1"
"11169","ATPUN","ATP11AUN"
"11170","TM182","TMEM182"
"11171","CC141","CCDC141"
"11172","CP047","C16orf47"
"11173","YS039","-"
"11174","SDIM1","SDIM1"
"11175","DG2L6","DGAT2L6"
"11176","D19L3","DPY19L3"
"11177","FOXI2","FOXI2"
"11178","SO4C1","SLCO4C1"
"11179","S31D1","SPATA31D1"
"11180","WDR87","WDR87"
"11181","CFA77","CFAP77"
"11182","YD023","-"
"11183","YJ013","-"
"11184","ZN788","ZNF788P"
"11185","I23O2","IDO2"
"11186","LIAT1","LIAT1"
"11187","LR74B","LRRC74B"
"11188","GADL1","GADL1"
"11189","YO026","-"
"11190","YU004","-"
"11191","DYH12","DNAH12"
"11192","PKHG7","PLEKHG7"
"11193","ZN493","ZNF493"
"11194","YN009","-"
"11195","RTL4","RTL4"
"11196","CQ107","C17orf107"
"11197","CD050","C4orf50"
"11198","ZN818","ZNF818P"
"11199","RN207","RNF207"
"11200","YQ015","-"
"11201","CTSRG","CATSPERG"
"11202","OTOG","OTOG"
"11203","CO039","C15orf39"
"11204","RHG36","ARHGAP36"
"11205","CCD73","CCDC73"
"11206","YG024","-"
"11207","YP029","-"
"11208","PR23C","PRR23C"
"11209","YD019","-"
"11210","QSOX2","QSOX2"
"11211","MMS22","MMS22L"
"11212","TLCD5","TLCD5"
"11213","LRRC9","LRRC9"
"11214","SRCAP","SRCAP"
"11215","ITPI1","ITPRID1"
"11216","PR23B","PRR23B"
"11217","YQ032","-"
"11218","FA83H","FAM83H"
"11219","CC074","LINC00696"
"11220","YL004","-"
"11221","RBPS2","RBPMS2"
"11222","CI047","C9orf47"
"11223","DMP46","DNM1P46"
"11224","CL17A","CLEC17A"
"11225","RINL","RINL"
"11226","RIPR1","RIPOR1"
"11227","ZN662","ZNF662"
"11228","NBEL1","NBEAL1"
"11229","YF009","-"
"11230","YQ050","-"
"11231","YF013","-"
"11232","COLC1","COLCA1"
"11233","PEAK3","PEAK3"
"11234","WDFY4","WDFY4"
"11235","R9BP","RGS9BP"
"11236","GLPK5","GK5"
"11237","YD022","-"
"11238","CA229","C1orf229"
"11239","LRC55","LRRC55"
"11240","YS025","-"
"11241","CB046","LINC00299"
"11242","ZBT49","ZBTB49"
"11243","RBM43","RBM43"
"11244","RN165","RNF165"
"11245","INSY2","INSYN2A"
"11246","CAN12","CAPN12"
"11247","CA122","C1orf122"
"11248","SHSA6","SHISA6"
"11249","NTAS1","NTM-AS1"
"11250","MOT12","SLC16A12"
"11251","YI023","-"
"11252","YO027","-"
"11253","YP007","-"
"11254","YJ005","-"
"11255","ZN621","ZNF621"
"11256","MFSD6","MFSD6"
"11257","COLDT","COL25A1-DT"
"11258","LCNL1","LCNL1"
"11259","C2G1P","CYP2G1P"
"11260","YF010","-"
"11261","PPR3F","PPP1R3F"
"11262","ARHGI","ARHGEF18"
"11263","TSH1","TSHZ1"
"11264","TBCD9","TBC1D9"
"11265","UBR3","UBR3"
"11266","TMPPE","TMPPE"
"11267","FA43B","FAM43B"
"11268","BGIN","BARGIN"
"11269","ZN826","ZNF826P"
"11270","S2548","SLC25A48"
"11271","TTLL7","TTLL7"
"11272","TRI67","TRIM67"
"11273","ZN833","ZNF833P"
"11274","YT009","-"
"11275","YK032","-"
"11276","RFLA","RFLNA"
"11277","YP015","-"
"11278","AN13D","ANKRD13D"
"11279","RASF6","RASSF6"
"11280","CDHR3","CDHR3"
"11281","CFA47","CFAP47"
"11282","ZNFDT","ZNF516-DT"
"11283","CBAR2","CIBAR2"
"11284","E400N","EP400P1"
"11285","TPGS1","TPGS1"
"11286","CG065","C7orf65"
"11287","MSD1","MSANTD1"
"11288","SEP14","SEPTIN14"
"11289","CRACD","CRACD"
"11290","CL20A","CLEC20A"
"11291","K0408","KIAA0408"
"11292","CFA65","CFAP65"
"11293","UBN2","UBN2"
"11294","BEND4","BEND4"
"11295","F205A","FAM205A"
"11296","CE128","CEP128"
"11297","MROH5","MROH5"
"11298","S31D4","SPATA31D4"
"11299","S31E1","SPATA31E1"
"11300","NC336","LINC00336"
"11301","YC006","-"
"11302","TPRG1","TPRG1"
"11303","CC062","C3orf62"
"11304","BCAP","PIK3AP1"
"11305","TMM26","TMEM26"
"11306","CH086","C8orf86"
"11307","RHG27","ARHGAP27"
"11308","CC121","CCDC121"
"11309","CC149","CCDC149"
"11310","NKAP1","NKAPD1"
"11311","FRMD7","FRMD7"
"11312","YL014","-"
"11313","CCD9B","CCDC9B"
"11314","DEN5B","DENND5B"
"11315","FOXNB","FOXL2NB"
"11316","BACHL","ACOT7L"
"11317","TGRM2","TOGARAM2"
"11318","LHPL2","LHFPL2"
"11319","PLPL7","PNPLA7"
"11320","RFX8","RFX8"
"11321","CV034","C22orf34"
"11322","YL023","LINC00173"
"11323","FA47E","FAM47E"
"11324","LANC3","LANCL3"
"11325","FGD6","FGD6"
"11326","CI139","C9orf139"
"11327","CB091","C2orf91"
"11328","SH2D5","SH2D5"
"11329","NYAP1","NYAP1"
"11330","STOX1","STOX1"
"11331","PHLP2","PHLPP2"
"11332","GOT1A","GOLT1A"
"11333","GRIN3","GPRIN3"
"11334","YK004","-"
"11335","ESPNL","ESPNL"
"11336","T179A","TMEM179"
"11337","NUD18","NUDT18"
"11338","K154L","KIAA1549L"
"11339","YP033","-"
"11340","TM1L2","TOM1L2"
"11341","SEML","SEM1"
"11342","RGMC","HJV"
"11343","YS045","-"
"11344","F183B","FAM183BP"
"11345","TTL10","TTLL10"
"11346","CF20D","CFAP20DC"
"11347","YK022","-"
"11348","I17EL","IL17REL"
"11349","FBX50","NCCRP1"
"11350","PAQR9","PAQR9"
"11351","ASB18","ASB18"
"11352","PTHD4","PTCHD4"
"11353","CP086","C16orf86"
"11354","SYDE1","SYDE1"
"11355","MICLK","MICALCL"
"11356","PAXI1","PAXIP1"
"11357","BBS12","BBS12"
"11358","ANKS3","ANKS3"
"11359","KCTD8","KCTD8"
"11360","YS043","-"
"11361","PKHM3","PLEKHM3"
"11362","NEK10","NEK10"
"11363","RFPLB","RFPL4B"
"11364","STXB4","STXBP4"
"11365","KCP","KCP"
"11366","RHEX","RHEX"
"11367","TM11F","TMPRSS11F"
"11368","CP4V2","CYP4V2"
"11369","MBOA2","MBOAT2"
"11370","TMTC3","TMTC3"
"11371","TF2H5","GTF2H5"
"11372","KRA55","KRTAP5-5"
"11373","KRA52","KRTAP5-2"
"11374","XIRP1","XIRP1"
"11375","VP13C","VPS13C"
"11376","ACD11","ACAD11"
"11377","UBP49","USP49"
"11378","UBP34","USP34"
"11379","UBP30","USP30"
"11380","UBP31","USP31"
"11381","RAPH1","RAPH1"
"11382","UBP53","USP53"
"11383","UBP51","USP51"
"11384","UBP54","USP54"
"11385","UBP45","USP45"
"11386","UBP50","USP50"
"11387","UBP43","USP43"
"11388","SAMC","SLC25A26"
"11389","MOB2","MOB2"
"11390","MOB3C","MOB3C"
"11391","UN13D","UNC13D"
"11392","CHSS3","CHSY3"
"11393","CR3L2","CREB3L2"
"11394","IKIP","IKBIP"
"11395","ZN365","ZNF365"
"11396","PREX2","PREX2"
"11397","5HT3D","HTR3D"
"11398","F10C1","FRA10AC1"
"11399","CEFIP","CEFIP"
"11400","UB2R2","UBE2R2"
"11401","CYS1","CYS1"
"11402","KCTD1","KCTD1"
"11403","AHSA2","AHSA2P"
"11404","H32","H3C13"
"11405","CENPU","CENPU"
"11406","MD13L","MED13L"
"11407","LCA10","LCA10"
"11408","ILDR2","ILDR2"
"11409","Q71RC1","ENSG00000267954"
"11410","LARP4","LARP4"
"11411","SMIM5","SMIM5"
"11412","TMUB2","TMUB2"
"11413","YH006","FP248"
"11414","TLC3B","TLCD3B"
"11415","NCKX5","SLC24A5"
"11416","MED25","MED25"
"11417","TBA1A","TUBA1A"
"11418","H2AV","H2AZ2"
"11419","RS27L","RPS27L"
"11420","YG027","-"
"11421","FKB9L","FKBP9P1"
"11422","ZN767","ZNF767P"
"11423","HAKAI","CBLL1"
"11424","FBN3","FBN3"
"11425","MIRH1","MIR17HG"
"11426","INT8","INTS8"
"11427","PGAP1","PGAP1"
"11428","ANO5","ANO5"
"11429","GARE2","GAREM2"
"11430","H1FNT","H1-7"
"11431","UTS2B","UTS2B"
"11432","MTSS2","MTSS2"
"11433","BRNP3","BRINP3"
"11434","S35D2","SLC35D2"
"11435","NOL8","NOL8"
"11436","PDZD4","PDZD4"
"11437","SSH2","SSH2"
"11438","SPERI","SPATC1"
"11439","B4GN4","B4GALNT4"
"11440","ZN534","ZNF534"
"11441","ASXL2","ASXL2"
"11442","ATS13","ADAMTS13"
"11443","CCD80","CCDC80"
"11444","ERN2","ERN2"
"11445","CEP68","CEP68"
"11446","HECW1","HECW1"
"11447","KNDC1","KNDC1"
"11448","BT2A1","BTN2A1"
"11449","SPT6H","SUPT6H"
"11450","SND1","SND1"
"11451","MARK2","MARK2"
"11452","COX15","COX15"
"11453","DDX46","DDX46"
"11454","RUFY3","RUFY3"
"11455","SV2A","SV2A"
"11456","YA043","-"
"11457","RHOU","RHOU"
"11458","RNF44","RNF44"
"11459","TRIL","TRIL"
"11460","ERIP6","ERICH6"
"11461","TM10C","TRMT10C"
"11462","DPPA4","DPPA4"
"11463","SV2B","SV2B"
"11464","BZW1","BZW1"
"11465","CHST9","CHST9"
"11466","NB5R4","CYB5R4"
"11467","MON1B","MON1B"
"11468","LRC8D","LRRC8D"
"11469","ABHDD","ABHD13"
"11470","ASGL1","ASRGL1"
"11471","KCTD9","KCTD9"
"11472","DHX30","DHX30"
"11473","EIF3M","EIF3M"
"11474","MEPCE","MEPCE"
"11475","TEDC2","TEDC2"
"11476","ZN765","ZNF765"
"11477","CENPQ","CENPQ"
"11478","ARMX2","ARMCX2"
"11479","CD37L","CDC37L1"
"11480","ZN771","ZNF771"
"11481","SYPM","PARS2"
"11482","BOP","RTL10"
"11483","MIGA2","MIGA2"
"11484","RSRC2","RSRC2"
"11485","BEND5","BEND5"
"11486","ARMX6","ARMCX6"
"11487","FCRLA","FCRLA"
"11488","RRAGA","RRAGA"
"11489","CYFP1","CYFIP1"
"11490","MCM10","MCM10"
"11491","DOK3","DOK3"
"11492","NDUF7","NDUFAF7"
"11493","F214B","FAM214B"
"11494","FA2H","FA2H"
"11495","GET4","GET4"
"11496","GDPD3","GDPD3"
"11497","CSN6","COPS6"
"11498","PCAT2","LPCAT2"
"11499","ENOF1","ENOSF1"
"11500","DET1","DET1"
"11501","MAEA","MAEA"
"11502","G2E3","G2E3"
"11503","EPMIP","EPM2AIP1"
"11504","H2A3","H2AW"
"11505","DHX32","DHX32"
"11506","TAOK1","TAOK1"
"11507","RFIP2","RAB11FIP2"
"11508","VASH1","VASH1"
"11509","SYT13","SYT13"
"11510","3BP5L","SH3BP5L"
"11511","FAKD5","FASTKD5"
"11512","OTU6A","OTUD6A"
"11513","DPH6","DPH6"
"11514","ZN627","ZNF627"
"11515","LIGO2","LINGO2"
"11516","EEPD1","EEPD1"
"11517","MOB1B","MOB1B"
"11518","KDM3B","KDM3B"
"11519","S26A9","SLC26A9"
"11520","CHM1B","CHMP1B"
"11521","ARC","ARC"
"11522","GRP2","RASGRP2"
"11523","CXXC5","CXXC5"
"11524","CHSTF","CHST15"
"11525","RIR2B","RRM2B"
"11526","HS2ST","HS2ST1"
"11527","CHST3","CHST3"
"11528","SHF","SHF"
"11529","OTOP1","OTOP1"
"11530","STRAA","STRADA"
"11531","NIPA1","NIPA1"
"11532","MICA3","MICAL3"
"11533","NLRP9","NLRP9"
"11534","NLRC3","NLRC3"
"11535","T2R42","TAS2R42"
"11536","BHA15","BHLHA15"
"11537","PTF1A","PTF1A"
"11538","OTOP3","OTOP3"
"11539","OTOP2","OTOP2"
"11540","K2C74","KRT74"
"11541","DYM","DYM"
"11542","SSX9","SSX9P"
"11543","SSX8","SSX8P"
"11544","SSX7","SSX7"
"11545","SSX6","SSX6P"
"11546","S29A4","SLC29A4"
"11547","TCF24","TCF24"
"11548","TCF23","TCF23"
"11549","OLIG3","OLIG3"
"11550","BHA09","BHLHA9"
"11551","ASCL5","ASCL5"
"11552","SCX","SCX"
"11553","STRC","STRC"
"11554","PHF5A","PHF5A"
"11555","GSTA5","GSTA5"
"11556","ZN367","ZNF367"
"11557","PXL2C","PRXL2C"
"11558","OTOAN","OTOA"
"11559","TS1R3","TAS1R3"
"11560","TS1R1","TAS1R1"
"11561","CTSR4","CATSPER4"
"11562","MOT14","SLC16A14"
"11563","MOT13","SLC16A13"
"11564","MOT9","SLC16A9"
"11565","PRS45","PRSS45P"
"11566","PRS48","PRSS48"
"11567","OVCH1","OVCH1"
"11568","TMPS7","TMPRSS7"
"11569","PRS41","PRSS41"
"11570","OVCH2","OVCH2"
"11571","U17L1","USP17L1"
"11572","PLPR4","PLPPR4"
"11573","APTX","APTX"
"11574","ZN720","ZNF720"
"11575","H2BWT","H2BW1"
"11576","S36A1","SLC36A1"
"11577","ERMP1","ERMP1"
"11578","GRIN1","GPRIN1"
"11579","LRR70","LRRC70"
"11580","SSAS1","SSBP3-AS1"
"11581","TRM1L","TRMT1L"
"11582","TNT","C16orf82"
"11583","ZCCHV","ZC3HAV1"
"11584","TRPM8","TRPM8"
"11585","RM21","MRPL21"
"11586","PCLI1","PID1"
"11587","PAGE2","PAGE2"
"11588","NRK","NRK"
"11589","GVIN1","GVINP1"
"11590","TICRR","TICRR"
"11591","EFL1","EFL1"
"11592","MAMC2","MAMDC2"
"11593","F122B","FAM122B"
"11594","SETX","SETX"
"11595","ZN551","ZNF551"
"11596","HDX","HDX"
"11597","D19L4","DPY19L4"
"11598","TPC11","TRAPPC11"
"11599","ZN550","ZNF550"
"11600","SIM15","SMIM15"
"11601","NEGR1","NEGR1"
"11602","KANL1","KANSL1"
"11603","NUP54","NUP54"
"11604","ATG9A","ATG9A"
"11605","LYSM3","LYSMD3"
"11606","GLUCM","DGLUCY"
"11607","PARPT","TIPARP"
"11608","CC186","CCDC186"
"11609","ARMC9","ARMC9"
"11610","GP155","GPR155"
"11611","PRIC2","PRICKLE2"
"11612","PANKY","ANKRD33"
"11613","SAMD7","SAMD7"
"11614","ZN572","ZNF572"
"11615","VP35L","VPS35L"
"11616","RGPD4","RGPD4"
"11617","POGZ","POGZ"
"11618","MIER3","MIER3"
"11619","S46A3","SLC46A3"
"11620","CA2D4","CACNA2D4"
"11621","NT2NA","NOTCH2NLA"
"11622","OR2W3","OR2W3"
"11623","ZFY16","ZFYVE16"
"11624","MON2","MON2"
"11625","UBE3B","UBE3B"
"11626","ZN571","ZNF571"
"11627","K1C28","KRT28"
"11628","K1C27","KRT27"
"11629","K1C26","KRT26"
"11630","K1C25","KRT25"
"11631","RD3","RD3"
"11632","PIWL3","PIWIL3"
"11633","PIWL4","PIWIL4"
"11634","MYCPP","DENND4A"
"11635","TMC7","TMC7"
"11636","TMC6","TMC6"
"11637","TMC4","TMC4"
"11638","MYH14","MYH14"
"11639","CSMD3","CSMD3"
"11640","CSMD2","CSMD2"
"11641","TMPS9","TMPRSS9"
"11642","PEX26","PEX26"
"11643","NUFP2","NUFIP2"
"11644","KCNKI","KCNK18"
"11645","R144B","RNF144B"
"11646","SZRD1","SZRD1"
"11647","LFG1","GRINA"
"11648","MAVS","MAVS"
"11649","PK1L2","PKD1L2"
"11650","PK1L3","PKD1L3"
"11651","RASE","ERAS"
"11652","CP2U1","CYP2U1"
"11653","CLAP1","CLASP1"
"11654","BNIPL","BNIPL"
"11655","DHX29","DHX29"
"11656","NPHP3","NPHP3"
"11657","CR020","LINC00305"
"11658","LRP10","LRP10"
"11659","COMD6","COMMD6"
"11660","TRM11","TRMT11"
"11661","HDDC2","HDDC2"
"11662","ADM2","ADM2"
"11663","HAUS6","HAUS6"
"11664","PLGT3","POGLUT3"
"11665","F220A","FAM220A"
"11666","LIMS2","LIMS2"
"11667","GL6D1","GLT6D1"
"11668","TRI46","TRIM46"
"11669","COX8C","COX8C"
"11670","TT21B","TTC21B"
"11671","PPR42","PPP1R42"
"11672","RE114","REC114"
"11673","TRPM1","TRPM1"
"11674","P4HA3","P4HA3"
"11675","GDF7","GDF7"
"11676","HEAT3","HEATR3"
"11677","CF120","C6orf120"
"11678","KI21A","KIF21A"
"11679","SH2D6","SH2D6"
"11680","GLTL5","GALNTL5"
"11681","CFA91","CFAP91"
"11682","CF201","C6orf201"
"11683","ZN438","ZNF438"
"11684","HDGR2","HDGFL2"
"11685","DCXR","DCXR"
"11686","LYZL2","LYZL2"
"11687","KR193","KRTAP19-3"
"11688","AT5L2","ATP5MGL"
"11689","MDGA2","MDGA2"
"11690","BRAP","BRAP"
"11691","Z804A","ZNF804A"
"11692","SPT21","SPATA21"
"11693","EMSY","EMSY"
"11694","AKNA","AKNA"
"11695","PRS42","PRSS42P"
"11696","TAFA5","TAFA5"
"11697","TAFA3","TAFA3"
"11698","TAFA1","TAFA1"
"11699","RIC3","RIC3"
"11700","NANGN","NANOGNB"
"11701","GOGA7","GOLGA7"
"11702","RHG22","ARHGAP22"
"11703","VN1R5","VN1R5"
"11704","VN1R4","VN1R4"
"11705","DHI1L","HSD11B1L"
"11706","RAI1","RAI1"
"11707","ANKAR","ANKAR"
"11708","WAPL","WAPL"
"11709","VMO1","VMO1"
"11710","R3HCL","R3HCC1L"
"11711","C1QL2","C1QL2"
"11712","SPT19","SPATA19"
"11713","PODN","PODN"
"11714","I2BP2","IRF2BP2"
"11715","TMC3","TMC3"
"11716","AB12B","ABHD12B"
"11717","SDK1","SDK1"
"11718","DHB13","HSD17B13"
"11719","MUC19","MUC19"
"11720","CPEB2","CPEB2"
"11721","DPOLN","POLN"
"11722","AB1IP","APBB1IP"
"11723","TM144","TMEM144"
"11724","WDR53","WDR53"
"11725","PPR32","PPP1R32"
"11726","BN3D2","BCDIN3D"
"11727","BMP8A","BMP8A"
"11728","KCD20","KCTD20"
"11729","GP142","GPR142"
"11730","GP141","GPR141"
"11731","SNX20","SNX20"
"11732","CMKMT","CAMKMT"
"11733","ARHG8","NET1"
"11734","CEA19","CEACAM19"
"11735","ADCK2","ADCK2"
"11736","SPRE2","SPRED2"
"11737","SPRE1","SPRED1"
"11738","BTLA","BTLA"
"11739","CCD91","CCDC91"
"11740","SRGP1","SRGAP1"
"11741","RBBP6","RBBP6"
"11742","NECA2","NECAB2"
"11743","ANS1B","ANKS1B"
"11744","SPT12","SPATA12"
"11745","RHG30","ARHGAP30"
"11746","CE024","C5orf24"
"11747","SH3R1","SH3RF1"
"11748","GRASP","TAMALIN"
"11749","FGD2","FGD2"
"11750","FRMD5","FRMD5"
"11751","UBE3D","UBE3D"
"11752","SEN54","TSEN54"
"11753","THAP5","THAP5"
"11754","PTAR1","PTAR1"
"11755","NRARP","NRARP"
"11756","ARPIN","ARPIN"
"11757","PRRT2","PRRT2"
"11758","TCPR1","TECPR1"
"11759","RABEK","RABEPK"
"11760","FBX33","FBXO33"
"11761","MILR1","MILR1"
"11762","MTEF4","MTERF4"
"11763","RAB44","RAB44"
"11764","AP2D","TFAP2D"
"11765","ADAT2","ADAT2"
"11766","TMCO2","TMCO2"
"11767","DNJB7","DNAJB7"
"11768","PLPL5","PNPLA5"
"11769","HUWE1","HUWE1"
"11770","ANR37","ANKRD37"
"11771","PKHH3","PLEKHH3"
"11772","YTHD3","YTHDF3"
"11773","MRO2B","MROH2B"
"11774","S35E3","SLC35E3"
"11775","K2C1B","KRT77"
"11776","CNTRL","CNTRL"
"11777","CTU1","CTU1"
"11778","PXK","PXK"
"11779","FLIP1","FILIP1"
"11780","PIGW","PIGW"
"11781","DB132","DEFB132"
"11782","DB128","DEFB128"
"11783","STRA8","STRA8"
"11784","TAF8","TAF8"
"11785","VTCN1","VTCN1"
"11786","UB2Q1","UBE2Q1"
"11787","KHDC4","KHDC4"
"11788","RM55","MRPL55"
"11789","TARSH","ABI3BP"
"11790","CLNK","CLNK"
"11791","CPLX4","CPLX4"
"11792","VP13B","VPS13B"
"11793","CATIP","CATIP"
"11794","TMED4","TMED4"
"11795","RM10","MRPL10"
"11796","DPPA2","DPPA2"
"11797","LHPL4","LHFPL4"
"11798","CK2N1","CAMK2N1"
"11799","COXM1","CMC1"
"11800","ZN467","ZNF467"
"11801","CENPV","CENPV"
"11802","SLN11","SLFN11"
"11803","ZER1","ZER1"
"11804","CK096","C11orf96"
"11805","ZSCA2","ZSCAN2"
"11806","MEGF8","MEGF8"
"11807","AGRD2","ADGRD2"
"11808","B3GN8","B3GNT8"
"11809","GALT5","GALNT5"
"11810","T179B","TMEM179B"
"11811","RALYL","RALYL"
"11812","NPM2","NPM2"
"11813","PCGF5","PCGF5"
"11814","GALT7","GALNT7"
"11815","ANR23","ANKRD23"
"11816","DAZ4","DAZ4"
"11817","DPCA2","HMGN2P46"
"11818","S1A7A","S100A7A"
"11819","NEK8","NEK8"
"11820","LYG2","LYG2"
"11821","ZAR1","ZAR1"
"11822","PRNT","PRNT"
"11823","CEI","C5orf38"
"11824","AMGO2","AMIGO2"
"11825","DSG4","DSG4"
"11826","SCD5","SCD5"
"11827","MRGRG","MRGPRG"
"11828","MRGRE","MRGPRE"
"11829","GP149","GPR149"
"11830","PHLB2","PHLDB2"
"11831","AGRE4","ADGRE4P"
"11832","AGRG6","ADGRG6"
"11833","AGRA1","ADGRA1"
"11834","SDCG8","SDCCAG8"
"11835","DHDDS","DHDDS"
"11836","GLT10","GALNT10"
"11837","SYT9","SYT9"
"11838","ILDR1","ILDR1"
"11839","TEDC1","TEDC1"
"11840","GLRX5","GLRX5"
"11841","KTAS1","KTN1-AS1"
"11842","TPC6B","TRAPPC6B"
"11843","PP4P1","PIP4P1"
"11844","CLC14","CLEC14A"
"11845","SIM29","SMIM29"
"11846","CROL1","CROCCP2"
"11847","KAISO","ZBTB33"
"11848","TM11B","TMPRSS11B"
"11849","ZN605","ZNF605"
"11850","DAAM2","DAAM2"
"11851","NBPFB","NBPF11"
"11852","UBP37","USP37"
"11853","K1328","KIAA1328"
"11854","RN180","RNF180"
"11855","MOB3B","MOB3B"
"11856","YB049","-"
"11857","ALPK2","ALPK2"
"11858","PATL1","PATL1"
"11859","MYPN","MYPN"
"11860","SRCA","SRL"
"11861","LUZP2","LUZP2"
"11862","T150A","TMEM150A"
"11863","PEG10","PEG10"
"11864","ATL2","ADAMTSL2"
"11865","TBCD1","TBC1D1"
"11866","DPP9","DPP9"
"11867","WDR86","WDR86"
"11868","TAD2B","TADA2B"
"11869","ZN554","ZNF554"
"11870","ATG4D","ATG4D"
"11871","STIMA","STIMATE"
"11872","DDX53","DDX53"
"11873","SYVN1","SYVN1"
"11874","TRPT1","TRPT1"
"11875","PRUN1","PRUNE1"
"11876","U730","LINC00643"
"11877","RM52","MRPL52"
"11878","CN070","LINC00523"
"11879","SETD3","SETD3"
"11880","TTC7B","TTC7B"
"11881","ADCK1","ADCK1"
"11882","ACOT1","ACOT1"
"11883","ARMD4","ARMH4"
"11884","TTC6","TTC6"
"11885","CN165","LINC00596"
"11886","RBM23","RBM23"
"11887","LPP60","ASPG"
"11888","SPA11","SERPINA11"
"11889","ISCA2","ISCA2"
"11890","CN023","LINC01551"
"11891","NOP9","NOP9"
"11892","PABP2","PABPN1"
"11893","MTA70","METTL3"
"11894","LDB1","LDB1"
"11895","PB1","PBRM1"
"11896","YRDC","YRDC"
"11897","PRP39","PRPF39"
"11898","RIP","RPAIN"
"11899","BIVM","BIVM"
"11900","TM135","TMEM135"
"11901","RSPH3","RSPH3"
"11902","SAPC2","SAPCD2"
"11903","OAF","OAF"
"11904","MARH3","MARCHF3"
"11905","ZN329","ZNF329"
"11906","SL9B2","SLC9B2"
"11907","TBC26","TBC1D26"
"11908","ZN546","ZNF546"
"11909","LYRIC","MTDH"
"11910","LRRT1","LRRTM1"
"11911","TLK2","TLK2"
"11912","TSN33","TSPAN33"
"11913","CTGE6","CTAGE6"
"11914","CC190","CCDC190"
"11915","SO6A1","SLCO6A1"
"11916","ABCAC","ABCA12"
"11917","LBN","EVC2"
"11918","ZN598","ZNF598"
"11919","GPAT4","GPAT4"
"11920","MAGI2","MAGI2"
"11921","R4RL1","RTN4RL1"
"11922","R4RL2","RTN4RL2"
"11923","AKA28","AKAP14"
"11924","CAD24","CDH24"
"11925","KTN1","KTN1"
"11926","ZFHX4","ZFHX4"
"11927","CUZD1","CUZD1"
"11928","GTD2A","GTF2IRD2"
"11929","LHPL3","LHFPL3"
"11930","ZN589","ZNF589"
"11931","ABCAD","ABCA13"
"11932","GTSC1","GTSCR1"
"11933","NFE4","NFE4"
"11934","NOXA1","NOXA1"
"11935","RIMS1","RIMS1"
"11936","EST1A","SMG6"
"11937","NHRF4","PDZD3"
"11938","NLRX1","NLRX1"
"11939","CCD84","CCDC84"
"11940","BCL9L","BCL9L"
"11941","PHLB1","PHLDB1"
"11942","GGN","GGN"
"11943","TKN4","TAC4"
"11944","UBP48","USP48"
"11945","TRI74","TRIM74"
"11946","TRI73","TRIM73"
"11947","OSTA","SLC51A"
"11948","OSTB","SLC51B"
"11949","N4BP2","N4BP2"
"11950","CAPS2","CADPS2"
"11951","HPLN4","HAPLN4"
"11952","DTX2","DTX2"
"11953","ITIH5","ITIH5"
"11954","ST32C","STK32C"
"11955","URP2","FERMT3"
"11956","FA83A","FAM83A"
"11957","NAA40","NAA40"
"11958","NT5D3","NT5DC3"
"11959","ZBT46","ZBTB46"
"11960","CASZ1","CASZ1"
"11961","SHLD2","SHLD2"
"11962","AACS","AACS"
"11963","PAQR2","ADIPOR2"
"11964","VASH2","VASH2"
"11965","CABP7","CABP7"
"11966","TIKI1","TRABD2A"
"11967","F124A","FAM124A"
"11968","LUZP1","LUZP1"
"11969","PNM8A","PNMA8A"
"11970","ZN429","ZNF429"
"11971","THOC4","ALYREF"
"11972","GP180","GPR180"
"11973","PIM3","PIM3"
"11974","F16B2","FAM160B2"
"11975","MGDP1","MDP1"
"11976","KBTB6","KBTBD6"
"11977","C163A","CD163"
"11978","MORC1","MORC1"
"11979","S2542","SLC25A42"
"11980","PIGZ","PIGZ"
"11981","MYPOP","MYPOP"
"11982","SATL1","SATL1"
"11983","SERC5","SERINC5"
"11984","IGFN1","IGFN1"
"11985","MOGT3","MOGAT3"
"11986","NRAP","NRAP"
"11987","IFTAP","IFTAP"
"11988","KIF27","KIF27"
"11989","LRRT4","LRRTM4"
"11990","LRRT3","LRRTM3"
"11991","EX3L1","EXOC3L1"
"11992","IQGA3","IQGAP3"
"11993","LAP4B","LAPTM4B"
"11994","ZN410","ZNF410"
"11995","S47A2","SLC47A2"
"11996","ZCH18","ZC3H18"
"11997","VPS36","VPS36"
"11998","TAXB1","TAX1BP1"
"11999","PACS2","PACS2"
"12000","CAND1","CAND1"
"12001","LCA5","LCA5"
"12002","GLCI1","GLCCI1"
"12003","TXND2","TXNDC2"
"12004","TRXR3","TXNRD3"
"12005","RETR3","RETREG3"
"12006","VS10L","VSIG10L"
"12007","FJX1","FJX1"
"12008","IQCH","IQCH"
"12009","HOOK3","HOOK3"
"12010","CMTD1","COMTD1"
"12011","RNB3L","RANBP3L"
"12012","RTTN","RTTN"
"12013","SESD1","SESTD1"
"12014","S22AG","SLC22A16"
"12015","ARHGP","ARHGEF25"
"12016","COMD7","COMMD7"
"12017","MON1A","MON1A"
"12018","TSYL5","TSPYL5"
"12019","T200A","TMEM200A"
"12020","P2RY8","P2RY8"
"12021","WDR5B","WDR5B"
"12022","LRP11","LRP11"
"12023","SMS1","SGMS1"
"12024","JAZF1","JAZF1"
"12025","CP4Z1","CYP4Z1"
"12026","ZSC30","ZSCAN30"
"12027","NAL14","NLRP14"
"12028","NAL13","NLRP13"
"12029","NAL10","NLRP10"
"12030","NALP8","NLRP8"
"12031","TPRA1","TPRA1"
"12032","AMZ2","AMZ2"
"12033","THOC6","THOC6"
"12034","KCMB4","KCNMB4"
"12035","MET16","METTL16"
"12036","SPA24","SPATA24"
"12037","PARG","PARG"
"12038","F228A","FAM228A"
"12039","ANR46","ANKRD46"
"12040","LIPB1","PPFIBP1"
"12041","BPHL","BPHL"
"12042","LONP2","LONP2"
"12043","S2611","SLC26A11"
"12044","NIPA","ZC3HC1"
"12045","UN93A","UNC93A"
"12046","OSTM1","OSTM1"
"12047","PPR27","PPP1R27"
"12048","SPA9","SERPINA9"
"12049","ATCAY","ATCAY"
"12050","MTMRD","SBF2"
"12051","RASF3","RASSF3"
"12052","LHPL1","LHFPL1"
"12053","PKHL1","PKHD1L1"
"12054","NLRC5","NLRC5"
"12055","CHD1L","CHD1L"
"12056","AMGO1","AMIGO1"
"12057","AMGO3","AMIGO3"
"12058","PAQR7","PAQR7"
"12059","FCSD1","FCHSD1"
"12060","IFNE","IFNE"
"12061","GPBP1","GPBP1"
"12062","NR2CA","NR2C2AP"
"12063","CCD25","CCDC25"
"12064","CQ064","C17orf64"
"12065","PRSR2","PROSER2"
"12066","OOSP2","OOSP2"
"12067","CL040","C12orf40"
"12068","TMPSC","TMPRSS12"
"12069","TT30A","TTC30A"
"12070","TRI69","TRIM69"
"12071","LDHD","LDHD"
"12072","SKAP1","SKAP1"
"12073","TEN1L","TEN1"
"12074","STING","STING1"
"12075","COA5","COA5"
"12076","AROS","RPS19BP1"
"12077","HEAT4","HEATR4"
"12078","ZN227","ZNF227"
"12079","CDR2L","CDR2L"
"12080","RLGPB","RALGAPB"
"12081","TMM17","TMEM17"
"12082","HORM1","HORMAD1"
"12083","RGPS2","RALGPS2"
"12084","LSR","LSR"
"12085","LRC28","LRRC28"
"12086","TILB","LRRC6"
"12087","EZHIP","EZHIP"
"12088","CHSS1","CHSY1"
"12089","ERIC1","ERICH1"
"12090","CARM1","CARM1"
"12091","CQ082","LINC02875"
"12092","FA72B","FAM72B"
"12093","NUD13","NUDT13"
"12094","NIT1","NIT1"
"12095","COMD2","COMMD2"
"12096","CIR1","CIR1"
"12097","MET23","METTL23"
"12098","HTR5A","HEATR5A"
"12099","F131B","FAM131B"
"12100","ZFAN4","ZFAND4"
"12101","SNX32","SNX32"
"12102","MICU3","MICU3"
"12103","HOGA1","HOGA1"
"12104","DYR2","DHFR2"
"12105","ZN575","ZNF575"
"12106","NBPF5","NBPF5P"
"12107","DRC11","IQCA1"
"12108","CNDG2","NCAPG2"
"12109","PPR3B","PPP1R3B"
"12110","ZSWM9","ZSWIM9"
"12111","CAHM3","CALHM3"
"12112","GA2L3","GAS2L3"
"12113","FBX11","FBXO11"
"12114","SFR1","SFR1"
"12115","VSIG1","VSIG1"
"12116","ANKL2","ANKLE2"
"12117","CTSRD","CATSPERD"
"12118","ZN761","ZNF761"
"12119","PRSR1","PROSER1"
"12120","MEX3D","MEX3D"
"12121","PA24D","PLA2G4D"
"12122","DGKH","DGKH"
"12123","DDX42","DDX42"
"12124","GKN2","GKN2"
"12125","CTSR3","CATSPER3"
"12126","NIBA3","NIBAN3"
"12127","PRIMA","PRIMA1"
"12128","TCAM2","TICAM2"
"12129","CEP57","CEP57"
"12130","ANGL5","ANGPTL5"
"12131","GOLI","RNF130"
"12132","VP37D","VPS37D"
"12133","TRI50","TRIM50"
"12134","TM219","TMEM219"
"12135","ZN677","ZNF677"
"12136","TXND6","NME9"
"12137","FRAS1","FRAS1"
"12138","SPAS2","SPATS2"
"12139","DTX1","DTX1"
"12140","VRK2","VRK2"
"12141","DZIP3","DZIP3"
"12142","CONA1","COL23A1"
"12143","Z354C","ZNF354C"
"12144","NUTM1","NUTM1"
"12145","BAGE5","BAGE5"
"12146","BAGE4","BAGE4"
"12147","BAGE3","BAGE3"
"12148","BAGE2","BAGE2"
"12149","CD20B","CDC20B"
"12150","AGRG3","ADGRG3"
"12151","CACL1","CACUL1"
"12152","XYLT1","XYLT1"
"12153","NDUAB","NDUFA11"
"12154","K2C73","KRT73"
"12155","DAAF5","DNAAF5"
"12156","LYPD6","LYPD6"
"12157","PTH","PTRH1"
"12158","STX12","STX12"
"12159","KI18B","KIF18B"
"12160","KMT5C","KMT5C"
"12161","ZGRF1","ZGRF1"
"12162","ECHD2","ECHDC2"
"12163","ERO1B","ERO1B"
"12164","PALB2","PALB2"
"12165","LRC33","NRROS"
"12166","PTOV1","PTOV1"
"12167","TMM25","TMEM25"
"12168","LRAD3","LDLRAD3"
"12169","F90A1","FAM90A1"
"12170","ZN573","ZNF573"
"12171","DZIP1","DZIP1"
"12172","NT5D4","NT5DC4"
"12173","Z280B","ZNF280B"
"12174","DLP1","PDSS2"
"12175","PHF13","PHF13"
"12176","MARH9","MARCHF9"
"12177","THNS2","THNSL2"
"12178","AN13B","ANKRD13B"
"12179","TDRP","TDRP"
"12180","PDPN","PDPN"
"12181","HOME1","HOMER1"
"12182","DOPP1","DOLPP1"
"12183","PRGC2","PPARGC1B"
"12184","P66A","GATAD2A"
"12185","LATH","BPIFA4P"
"12186","CPNE8","CPNE8"
"12187","GPSM1","GPSM1"
"12188","POTED","POTED"
"12189","MF2L2","MCF2L2"
"12190","RFIP4","RAB11FIP4"
"12191","RAB43","RAB43"
"12192","C2CD5","C2CD5"
"12193","S13A5","SLC13A5"
"12194","MIB1","MIB1"
"12195","JAML","JAML"
"12196","RASL3","RASAL3"
"12197","PRAG1","PRAG1"
"12198","MYLK4","MYLK4"
"12199","HPS6","HPS6"
"12200","PLCZ1","PLCZ1"
"12201","TRML1","TREML1"
"12202","GPHB5","GPHB5"
"12203","MD12L","MED12L"
"12204","HORN","HRNR"
"12205","HIPK1","HIPK1"
"12206","KLOTB","KLB"
"12207","CC125","CCDC125"
"12208","C1QL4","C1QL4"
"12209","RFX6","RFX6"
"12210","IFNL1","IFNL1"
"12211","INLR1","IFNLR1"
"12212","DCP2","DCP2"
"12213","TMC8","TMC8"
"12214","TMPS6","TMPRSS6"
"12215","I2BP1","IRF2BP1"
"12216","KCC1D","CAMK1D"
"12217","CERS3","CERS3"
"12218","CAHM1","CALHM1"
"12219","WFDC8","WFDC8"
"12220","ABCA9","ABCA9"
"12221","WFDC3","WFDC3"
"12222","WF10B","WFDC10B"
"12223","WFD13","WFDC13"
"12224","KR191","KRTAP19-1"
"12225","KR131","KRTAP13-1"
"12226","KR111","KRTAP11-1"
"12227","KRA81","KRTAP8-1"
"12228","KRA71","KRTAP7-1"
"12229","RHPN2","RHPN2"
"12230","TCAM1","TICAM1"
"12231","GLT13","GALNT13"
"12232","RB6I2","ERC1"
"12233","RN135","RNF135"
"12234","TF2LY","TGIF2LY"
"12235","TF2LX","TGIF2LX"
"12236","H2A2B","H2AC21"
"12237","CBWD2","CBWD2"
"12238","RIOX2","RIOX2"
"12239","KRA13","KRTAP1-3"
"12240","MY18B","MYO18B"
"12241","CREG2","CREG2"
"12242","RBM45","RBM45"
"12243","ZDH13","ZDHHC13"
"12244","ZDH17","ZDHHC17"
"12245","SPP2C","SPPL2C"
"12246","S29P2","SNX29P2"
"12247","CRLF3","CRLF3"
"12248","PLDX1","PLXDC1"
"12249","CBLN2","CBLN2"
"12250","CILP2","CILP2"
"12251","NPAS4","NPAS4"
"12252","CLC10","CLEC10A"
"12253","CLVS1","CLVS1"
"12254","SIAH1","SIAH1"
"12255","TPPC5","TRAPPC5"
"12256","TMTC1","TMTC1"
"12257","CRERF","CREBRF"
"12258","ARMC8","ARMC8"
"12259","EPHX4","EPHX4"
"12260","SPA2L","SPATA2L"
"12261","RELL1","RELL1"
"12262","T126B","TMEM126B"
"12263","ABC3F","APOBEC3F"
"12264","AEBP1","AEBP1"
"12265","EGFL6","EGFL6"
"12266","GRM2A","GRAMD2A"
"12267","LRC49","LRRC49"
"12268","AT2L2","PHYKPL"
"12269","SYT12","SYT12"
"12270","LUR1L","LURAP1L"
"12271","TB10C","TBC1D10C"
"12272","PLD3","PLD3"
"12273","CCNJL","CCNJL"
"12274","HDBP1","GPIHBP1"
"12275","LACC1","LACC1"
"12276","TM139","TMEM139"
"12277","CCD71","CCDC71"
"12278","K0825","KIAA0825"
"12279","WDR49","WDR49"
"12280","HID1","HID1"
"12281","ANKY2","ANKMY2"
"12282","PSTK","PSTK"
"12283","UN5CL","UNC5CL"
"12284","ERI1","ERI1"
"12285","LYSM2","LYSMD2"
"12286","DEN1C","DENND1C"
"12287","PRR15","PRR15"
"12288","GRP3","RASGRP3"
"12289","VRK3","VRK3"
"12290","PASD1","PASD1"
"12291","CNGA4","CNGA4"
"12292","PCP2","PCP2"
"12293","SL9A9","SLC9A9"
"12294","LIX1L","LIX1L"
"12295","ZN584","ZNF584"
"12296","NUDC3","NUDCD3"
"12297","CROL2","CROCCP3"
"12298","PKHH2","PLEKHH2"
"12299","NTM2A","NUTM2A"
"12300","AHNK2","AHNAK2"
"12301","DYH10","DNAH10"
"12302","TIAM2","TIAM2"
"12303","AN18A","ANKRD18A"
"12304","FMNL3","FMNL3"
"12305","SAM9L","SAMD9L"
"12306","HUNIN","MT-RNR2"
"12307","FOXP4","FOXP4"
"12308","MMAA","MMAA"
"12309","M4K3","MAP4K3"
"12310","NOSTN","NOSTRIN"
"12311","S41A1","SLC41A1"
"12312","APRG1","APRG1"
"12313","GLCM1","GLYCAM1"
"12314","NAV3","NAV3"
"12315","NAV2","NAV2"
"12316","P3H2","P3H2"
"12317","P3H3","P3H3"
"12318","CBPO","CPO"
"12319","CCD50","CCDC50"
"12320","S22A9","SLC22A9"
"12321","MSTN1","MUSTN1"
"12322","SBSPO","SBSPON"
"12323","FUND1","FUNDC1"
"12324","ZN547","ZNF547"
"12325","ZDH21","ZDHHC21"
"12326","FABD","MCAT"
"12327","GLCTK","GLYCTK"
"12328","MISP","MISP"
"12329","KSR1","KSR1"
"12330","IGDC3","IGDCC3"
"12331","HERC6","HERC6"
"12332","CBCO1","CABCOCO1"
"12333","LOXH1","LOXHD1"
"12334","GID4","GID4"
"12335","NKAI4","NKAIN4"
"12336","ARL17","ARL17B"
"12337","CDKL3","CDKL3"
"12338","ARI3B","ARID3B"
"12339","SPNS2","SPNS2"
"12340","CA210","C1orf210"
"12341","VSTM4","VSTM4"
"12342","SIAH3","SIAH3"
"12343","APLF","APLF"
"12344","CEP97","CEP97"
"12345","ZN695","ZNF695"
"12346","CC103","CCDC103"
"12347","MAPK5","MAPKAPK5"
"12348","NNRD","NAXD"
"12349","F219A","FAM219A"
"12350","SLIK4","SLITRK4"
"12351","T151B","TMEM151B"
"12352","SPA12","SERPINA12"
"12353","GLBL2","GLB1L2"
"12354","ARHGJ","ARHGEF19"
"12355","WDR75","WDR75"
"12356","MFN1","MFN1"
"12357","CTL2","SLC44A2"
"12358","CCD60","CCDC60"
"12359","IPRI","ITPRIP"
"12360","S31A7","SPATA31A7"
"12361","TEX14","TEX14"
"12362","WDFY1","WDFY1"
"12363","TEX2","TEX2"
"12364","MA7D3","MAP7D3"
"12365","CC117","CCDC117"
"12366","MFS6L","MFSD6L"
"12367","NXP20","FAM114A1"
"12368","DCNL3","DCUN1D3"
"12369","PKHM2","PLEKHM2"
"12370","FXRD2","FOXRED2"
"12371","DEN6A","DENND6A"
"12372","U2D2L","UBE2DNL"
"12373","CCD83","CCDC83"
"12374","WDR63","WDR63"
"12375","MGAP","MGA"
"12376","GCC2","GCC2"
"12377","AGRA3","ADGRA3"
"12378","SFPA2","SFTPA2"
"12379","SFTA1","SFTPA1"
"12380","HSC20","HSCB"
"12381","STH","STH"
"12382","F223A","FAM223A"
"12383","RP1L1","RP1L1"
"12384","CC28A","CCDC28A"
"12385","BRSK2","BRSK2"
"12386","Z3H7A","ZC3H7A"
"12387","TRI59","TRIM59"
"12388","PHF6","PHF6"
"12389","ARCH","ZBTB8OS"
"12390","SCN4B","SCN4B"
"12391","CUL9","CUL9"
"12392","LRC8A","LRRC8A"
"12393","LMTK2","LMTK2"
"12394","ZNT8","SLC30A8"
"12395","SULF2","SULF2"
"12396","SULF1","SULF1"
"12397","TPH2","TPH2"
"12398","LAX1","LAX1"
"12399","CNTN4","CNTN4"
"12400","UBR1","UBR1"
"12401","UBR2","UBR2"
"12402","RHG12","ARHGAP12"
"12403","HOT","ADHFE1"
"12404","SGPP2","SGPP2"
"12405","UN45B","UNC45B"
"12406","CHERP","CHERP"
"12407","SCUB1","SCUBE1"
"12408","ZSC29","ZSCAN29"
"12409","CDAN1","CDAN1"
"12410","ANKH1","ANKHD1"
"12411","TRI48","TRIM48"
"12412","TRI42","TRIM42"
"12413","BBS7","BBS7"
"12414","SUGP1","SUGP1"
"12415","SUGP2","SUGP2"
"12416","KIBRA","WWC1"
"12417","UEVLD","UEVLD"
"12418","CD302","CD302"
"12419","GOR","REXO1L1P"
"12420","FOG1","ZFPM1"
"12421","CCAR1","CCAR1"
"12422","HOMEZ","HOMEZ"
"12423","DHX40","DHX40"
"12424","MCEM1","MCEMP1"
"12425","SLF2","SLF2"
"12426","FBX16","FBXO16"
"12427","SCUB3","SCUBE3"
"12428","SKA3","SKA3"
"12429","CTGE4","CTAGE4"
"12430","CTGE3","CTAGE3P"
"12431","SACA3","SPACA3"
"12432","DJC10","DNAJC10"
"12433","TARG1","TRARG1"
"12434","OR4N5","OR4N5"
"12435","NPAS3","NPAS3"
"12436","AQ12A","AQP12A"
"12437","T53I2","TP53INP2"
"12438","NELFD","NELFCD"
"12439","CAD26","CDH26"
"12440","MIRO2","RHOT2"
"12441","MIRO1","RHOT1"
"12442","SIR2","SIRT2"
"12443","ASXL1","ASXL1"
"12444","PHC2","PHC2"
"12445","GLT12","GALNT12"
"12446","FA20C","FAM20C"
"12447","MSRB3","MSRB3"
"12448","IQCF2","IQCF2"
"12449","BAP18","BAP18"
"12450","RM41","MRPL41"
"12451","NRM","NRM"
"12452","OD3L1","ODF3L1"
"12453","RIMKA","RIMKLA"
"12454","CK053","C11orf53"
"12455","CI040","C9orf40"
"12456","GPAM1","GPALPP1"
"12457","KLHL7","KLHL7"
"12458","PARP9","PARP9"
"12459","PDZD9","PDZD9"
"12460","ETKMT","ETFBKMT"
"12461","F178B","FAM178B"
"12462","CL056","C12orf56"
"12463","F217A","FAM217A"
"12464","DRC2","CCDC65"
"12465","PALM2","PALM2"
"12466","F126B","FAM126B"
"12467","DDIAS","DDIAS"
"12468","DMRTD","DMRTC2"
"12469","RB12B","RBM12B"
"12470","S35F2","SLC35F2"
"12471","KLD8B","KLHDC8B"
"12472","LMTD2","LMNTD2"
"12473","RPAP2","RPAP2"
"12474","T183A","TMEM183A"
"12475","PPIL6","PPIL6"
"12476","ZC3H3","ZC3H3"
"12477","SP8","SP8"
"12478","PLPL6","PNPLA6"
"12479","SMC5","SMC5"
"12480","DDX60","DDX60"
"12481","CMIP","CMIP"
"12482","PLPP6","PLPP6"
"12483","IFT20","IFT20"
"12484","MILK2","MICALL2"
"12485","S15A3","SLC15A3"
"12486","DHX37","DHX37"
"12487","CD019","C4orf19"
"12488","AMN1","AMN1"
"12489","KBTB2","KBTBD2"
"12490","PAQRA","MMD2"
"12491","S35F3","SLC35F3"
"12492","TIGD4","TIGD4"
"12493","YAF2","YAF2"
"12494","AMOL1","AMOTL1"
"12495","RAVR1","RAVER1"
"12496","SPB1","FTSJ3"
"12497","DRC7","DRC7"
"12498","NIM1","NIM1K"
"12499","EFC13","EFCAB13"
"12500","SLX4","SLX4"
"12501","TM192","TMEM192"
"12502","C144C","CCDC144CP"
"12503","CKP2L","CKAP2L"
"12504","MKX","MKX"
"12505","IHO1","IHO1"
"12506","YK038","-"
"12507","M21D2","MB21D2"
"12508","SRRM1","SRRM1"
"12509","PEX5R","PEX5L"
"12510","SMAP1","SMAP1"
"12511","DI3L2","DIS3L2"
"12512","SUV3","SUPV3L1"
"12513","ZN595","ZNF595"
"12514","ERF3B","GSPT2"
"12515","KLD8A","KLHDC8A"
"12516","FANCM","FANCM"
"12517","LAS2","LAS2"
"12518","CC146","CCDC146"
"12519","CCD13","CCDC13"
"12520","ELOA2","ELOA2"
"12521","TEX11","TEX11"
"12522","LRC56","LRRC56"
"12523","ZZZ3","ZZZ3"
"12524","SHLD1","SHLD1"
"12525","EXOC8","EXOC8"
"12526","ZN440","ZNF440"
"12527","PIANP","PIANP"
"12528","CPNE9","CPNE9"
"12529","CJ067","C10orf67"
"12530","SYTL1","SYTL1"
"12531","CC105","CCDC105"
"12532","GT252","COLGALT2"
"12533","REM2","REM2"
"12534","TRM44","TRMT44"
"12535","CA174","C1orf174"
"12536","PSYR","GPR65"
"12537","F186B","FAM186B"
"12538","SEP12","SEPTIN12"
"12539","SLN12","SLFN12"
"12540","TRI22","TRIM22"
"12541","ZN100","ZNF100"
"12542","TCAL8","TCEAL8"
"12543","UBAD2","UBALD2"
"12544","PRS58","PRSS58"
"12545","ZDH23","ZDHHC23"
"12546","THNS1","THNSL1"
"12547","CF206","CFAP206"
"12548","SMYD4","SMYD4"
"12549","TEFF1","TMEFF1"
"12550","ASTRC","GRAMD1C"
"12551","P20D2","PM20D2"
"12552","K2013","KIAA2013"
"12553","CP071","C16orf71"
"12554","OSCAR","OSCAR"
"12555","BD1L2","BOD1L2"
"12556","FA71A","FAM71A"
"12557","CMTR2","CMTR2"
"12558","CC170","CCDC170"
"12559","KATL2","KATNAL2"
"12560","ULK2","ULK2"
"12561","HACE1","HACE1"
"12562","UBQLN","UBQLNL"
"12563","MICU2","MICU2"
"12564","IZUM1","IZUMO1"
"12565","CFA46","CFAP46"
"12566","ENTD1","ENTHD1"
"12567","RN168","RNF168"
"12568","ZN679","ZNF679"
"12569","TBC21","TBC1D21"
"12570","CC116","CCDC116"
"12571","DND1","DND1"
"12572","SAXO1","SAXO1"
"12573","CE57L","CEP57L1"
"12574","DZI1L","DZIP1L"
"12575","LRC34","LRRC34"
"12576","AN13A","ANKRD13A"
"12577","GP135","GPR135"
"12578","ZBED8","ZBED8"
"12579","CG061","C7orf61"
"12580","ZN683","ZNF683"
"12581","PHAR4","PHACTR4"
"12582","ZNF34","ZNF34"
"12583","RCOR2","RCOR2"
"12584","RASEF","RASEF"
"12585","CHSS2","CHPF"
"12586","NRSN1","NRSN1"
"12587","PRR22","PRR22"
"12588","TRM2A","TRMT2A"
"12589","RUSD2","RPUSD2"
"12590","ELMD2","ELMOD2"
"12591","A16A1","ALDH16A1"
"12592","CKLF1","CMTM1"
"12593","K319L","KIAA0319L"
"12594","H18","H1-8"
"12595","RTKN2","RTKN2"
"12596","CORA1","COL27A1"
"12597","ZN101","ZNF101"
"12598","SAM14","SAMD14"
"12599","KMT2E","KMT2E"
"12600","DCP1B","DCP1B"
"12601","S22AF","SLC22A15"
"12602","DOCK3","DOCK3"
"12603","PACE1","SCYL3"
"12604","NALCN","NALCN"
"12605","AGRF5","ADGRF5"
"12606","AGRF4","ADGRF4"
"12607","AGRG5","ADGRG5"
"12608","AGRF3","ADGRF3"
"12609","AGRG4","ADGRG4"
"12610","AGRF2","ADGRF2"
"12611","XRN1","XRN1"
"12612","IFNL3","IFNL3"
"12613","IFNL2","IFNL2"
"12614","UNC5B","UNC5B"
"12615","CPMD8","CPAMD8"
"12616","RGDSR","RGL4"
"12617","TDH","TDH"
"12618","MCLN2","MCOLN2"
"12619","MAML2","MAML2"
"12620","PELP1","PELP1"
"12621","CDK20","CDK20"
"12622","CNG1O","-"
"12623","ZN654","ZNF654"
"12624","S38A6","SLC38A6"
"12625","ZDH14","ZDHHC14"
"12626","D107A","DEFB107B"
"12627","ABI1","ABI1"
"12628","TBC3A","TBC1D3"
"12629","ST134","ST13P4"
"12630","R113B","RNF113B"
"12631","H6ST3","HS6ST3"
"12632","AGRG2","ADGRG2"
"12633","WDFY3","WDFY3"
"12634","SELH","SELENOH"
"12635","MYCD","MYOCD"
"12636","CKLF4","CMTM4"
"12637","OFCC1","OFCC1"
"12638","TC1D3","TCTE3"
"12639","CLCL1","CLECL1"
"12640","CA2D3","CACNA2D3"
"12641","ASPM","ASPM"
"12642","HS3S5","HS3ST5"
"12643","FAM9C","FAM9C"
"12644","FAM9B","FAM9B"
"12645","FAM9A","FAM9A"
"12646","WDR17","WDR17"
"12647","SYCP3","SYCP3"
"12648","DSEL","DSEL"
"12649","KIRR3","KIRREL3"
"12650","CKLF8","CMTM8"
"12651","RDH10","RDH10"
"12652","TENS4","TNS4"
"12653","TAF1L","TAF1L"
"12654","ABCA7","ABCA7"
"12655","BLID","BLID"
"12656","APCD1","APCDD1"
"12657","LAT1N","SLC7A5P1"
"12658","SYCE1","SYCE1"
"12659","CENPL","CENPL"
"12660","RBIS","RBIS"
"12661","TMM61","TMEM61"
"12662","F185A","FAM185A"
"12663","CF218","LINC00518"
"12664","CA087","C1orf87"
"12665","VKORL","VKORC1L1"
"12666","ZNAS1","ZNF295-AS1"
"12667","RBFA","RBFA"
"12668","LGI2","LGI2"
"12669","GNT2A","GCNT2"
"12670","FCSK","FCSK"
"12671","NLGNX","NLGN4X"
"12672","IQCK","IQCK"
"12673","FMR1N","FMR1NB"
"12674","SPG16","SPAG16"
"12675","CLYBL","CLYBL"
"12676","SPART","SPART"
"12677","ZN444","ZNF444"
"12678","OR4N4","OR4N4"
"12679","OR8I2","OR8I2"
"12680","PGAM4","PGAM4"
"12681","ABRA","ABRA"
"12682","SPICE","SPICE1"
"12683","TTC5","TTC5"
"12684","PUSL1","PUSL1"
"12685","VSI10","VSIG10"
"12686","ATOH7","ATOH7"
"12687","TAGAP","TAGAP"
"12688","D106A","DEFB106B"
"12689","MIER1","MIER1"
"12690","KI2LA","KIR2DL5A"
"12691","CEND","CEND1"
"12692","LSME2","LSMEM2"
"12693","SHSA5","SHISA5"
"12694","CP4X1","CYP4X1"
"12695","MMP21","MMP21"
"12696","RPTOR","RPTOR"
"12697","CPXCR","CPXCR1"
"12698","CADM3","CADM3"
"12699","O5AS1","OR5AS1"
"12700","F177A","FAM177A1"
"12701","CNPY4","CNPY4"
"12702","NPT2C","SLC34A3"
"12703","PORIM","TMEM123"
"12704","LGI4","LGI4"
"12705","DAW1","DAW1"
"12706","CNTRB","CNTROB"
"12707","ORML3","ORMDL3"
"12708","ABCA6","ABCA6"
"12709","EID3","EID3"
"12710","ZFP82","ZFP82"
"12711","PURA1","ADSS1"
"12712","BCL6B","BCL6B"
"12713","CXD3","GJD3"
"12714","LGI3","LGI3"
"12715","OR8H3","OR8H3"
"12716","OR6V1","OR6V1"
"12717","LIRA2","LILRA2"
"12718","AHI1","AHI1"
"12719","GPC2","GPC2"
"12720","NAGS","NAGS"
"12721","OR8H2","OR8H2"
"12722","CCAR2","CCAR2"
"12723","PDK1L","PDIK1L"
"12724","NDUF2","NDUFAF2"
"12725","ZN567","ZNF567"
"12726","CARTF","CARF"
"12727","SIX5","SIX5"
"12728","KT222","KRT222"
"12729","CD033","C4orf33"
"12730","CCNQ","CCNQ"
"12731","VPS52","VPS52"
"12732","GBRG1","GABRG1"
"12733","BWR1B","SLC22A18AS"
"12734","CA158","C1orf158"
"12735","LYG1","LYG1"
"12736","FXL14","FBXL14"
"12737","NUP93","NUP93"
"12738","S11IP","STK11IP"
"12739","ZN687","ZNF687"
"12740","REXO1","REXO1"
"12741","CMTR1","CMTR1"
"12742","LRC47","LRRC47"
"12743","S6OS1","SIX6OS1"
"12744","DOCK4","DOCK4"
"12745","CAAS1","CACTIN-AS1"
"12746","THMS1","THEMIS"
"12747","CV037","LINC00528"
"12748","CP4Z2","CYP4Z2P"
"12749","BATF2","BATF2"
"12750","BEST3","BEST3"
"12751","CLC4F","CLEC4F"
"12752","DYNAP","DYNAP"
"12753","K2C78","KRT78"
"12754","CRPAK","CRIPAK"
"12755","CRBG2","CRYBG2"
"12756","CAH13","CA13"
"12757","THEM5","THEM5"
"12758","S39AB","SLC39A11"
"12759","MYO1H","MYO1H"
"12760","CFA52","CFAP52"
"12761","CJ085","LINC01561"
"12762","ARG28","ARHGEF28"
"12763","ZN710","ZNF710"
"12764","YF001","-"
"12765","YI025","-"
"12766","INT1","INTS1"
"12767","SYNE4","SYNE4"
"12768","SCML4","SCML4"
"12769","KLH34","KLHL34"
"12770","H2B3B","H2BU1"
"12771","RHG24","ARHGAP24"
"12772","CT197","C20orf197"
"12773","PROM2","PROM2"
"12774","ANR35","ANKRD35"
"12775","GAPT","GAPT"
"12776","CX062","LINC00269"
"12777","PLD6","PLD6"
"12778","YB035","-"
"12779","DEPD4","DEPDC4"
"12780","UNC80","UNC80"
"12781","UMAS1","UMODL1-AS1"
"12782","VWDE","VWDE"
"12783","ARM10","ARMC10"
"12784","LYPD1","LYPD1"
"12785","ZCH24","ZCCHC24"
"12786","GHDC","GHDC"
"12787","PYRD2","PYROXD2"
"12788","SYS1","SYS1"
"12789","PELI3","PELI3"
"12790","ZN619","ZNF619"
"12791","STK40","STK40"
"12792","ABD12","ABHD12"
"12793","UB2J2","UBE2J2"
"12794","TM86A","TMEM86A"
"12795","CLASR","CLASRP"
"12796","AN36B","ANKRD36B"
"12797","NLGN1","NLGN1"
"12798","OSR2","OSR2"
"12799","FA43A","FAM43A"
"12800","LTBP4","LTBP4"
"12801","TM256","TMEM256"
"12802","S66A2","SLC66A2"
"12803","PIAS4","PIAS4"
"12804","EXAS1","EXOC3-AS1"
"12805","RUSC2","RUSC2"
"12806","CENPS","CENPS"
"12807","SVBP","SVBP"
"12808","AGGF1","AGGF1"
"12809","MUC20","MUC20"
"12810","LRC43","LRRC43"
"12811","CF223","C6orf223"
"12812","NXPE1","NXPE1"
"12813","CJ111","RPP38-DT"
"12814","PGBD3","PGBD3"
"12815","GPD1L","GPD1L"
"12816","ELMD1","ELMOD1"
"12817","MT1M","MT1M"
"12818","MIER2","MIER2"
"12819","OR2LD","OR2L13"
"12820","CBARP","CBARP"
"12821","S35F6","SLC35F6"
"12822","CIART","CIART"
"12823","LAT4","SLC43A2"
"12824","KDM8","KDM8"
"12825","YJ004","-"
"12826","LRC25","LRRC25"
"12827","MUC15","MUC15"
"12828","RHG18","ARHGAP18"
"12829","ZN786","ZNF786"
"12830","TMTC2","TMTC2"
"12831","VW5B2","VWA5B2"
"12832","PARP8","PARP8"
"12833","ASCC3","ASCC3"
"12834","CLIP4","CLIP4"
"12835","EH1L1","EHBP1L1"
"12836","PLCD3","PLCD3"
"12837","MTURN","MTURN"
"12838","MILK1","MICALL1"
"12839","G137C","GPR137C"
"12840","TM130","TMEM130"
"12841","TAFA2","TAFA2"
"12842","BBS5","BBS5"
"12843","METL4","METTL4"
"12844","HROB","HROB"
"12845","PPM1K","PPM1K"
"12846","CADM2","CADM2"
"12847","ZN664","ZNF664"
"12848","CMYA5","CMYA5"
"12849","TXLNB","TXLNB"
"12850","VPS8","VPS8"
"12851","TCAIM","TCAIM"
"12852","MPP5","MPP5"
"12853","PHTF2","PHTF2"
"12854","GLT15","GALNT15"
"12855","T132C","TMEM132C"
"12856","YS014","-"
"12857","STAG2","STAG2"
"12858","SYNPO","SYNPO"
"12859","FNBP4","FNBP4"
"12860","LCORL","LCORL"
"12861","FBXW8","FBXW8"
"12862","LARG2","LARGE2"
"12863","RDHE2","SDR16C5"
"12864","PRS35","PRSS35"
"12865","GTPB8","GTPBP8"
"12866","ZCHC7","ZCCHC7"
"12867","YV020","-"
"12868","STPG2","STPG2"
"12869","S2545","SLC25A45"
"12870","PGBD5","PGBD5"
"12871","LIRB2","LILRB2"
"12872","TXND3","NME8"
"12873","GLT16","GALNT16"
"12874","RGF1C","RASGEF1C"
"12875","SVOPL","SVOPL"
"12876","CPXM2","CPXM2"
"12877","FGRL1","FGFRL1"
"12878","GUF1","GUF1"
"12879","RIBC1","RIBC1"
"12880","ZN843","ZNF843"
"12881","LNX2","LNX2"
"12882","LRC18","LRRC18"
"12883","FXL16","FBXL16"
"12884","D2HDH","D2HGDH"
"12885","MFD4A","MFSD4A"
"12886","SFRP1","SFRP1"
"12887","FSTL5","FSTL5"
"12888","LIX1","LIX1"
"12889","RYBP","RYBP"
"12890","PNKD","PNKD"
"12891","GALT4","GALNT4"
"12892","SESQ1","PHETA1"
"12893","FBX39","FBXO39"
"12894","PRR18","PRR18"
"12895","CI062","C9orf62"
"12896","NIN","NIN"
"12897","STX19","STX19"
"12898","MINK1","MINK1"
"12899","CQ078","C17orf78"
"12900","PDCL2","PDCL2"
"12901","FTMT","FTMT"
"12902","BPIB2","BPIFB2"
"12903","S22AO","SLC22A24"
"12904","RN175","RNF175"
"12905","ARL14","ARL14"
"12906","SPA6L","SPATA6L"
"12907","TOM5","TOMM5"
"12908","CARME","CARNMT1"
"12909","RPRML","RPRML"
"12910","T151A","TMEM151A"
"12911","PP4P2","PIP4P2"
"12912","SPEM1","SPEM1"
"12913","CCD24","CCDC24"
"12914","CTL3","SLC44A3"
"12915","CJ126","C10orf126"
"12916","KLH36","KLHL36"
"12917","KIF2B","KIF2B"
"12918","TT30B","TTC30B"
"12919","MESH1","HDDC3"
"12920","LRC71","LRRC71"
"12921","PTGR3","ZADH2"
"12922","MIA40","CHCHD4"
"12923","CCD82","CCDC82"
"12924","PAQR4","PAQR4"
"12925","MALD2","MARVELD2"
"12926","CBPA6","CPA6"
"12927","ARG39","ARHGEF39"
"12928","CBR4","CBR4"
"12929","T11L2","TCP11L2"
"12930","MMGT1","MMGT1"
"12931","SVOP","SVOP"
"12932","DJC22","DNAJC22"
"12933","ZN808","ZNF808"
"12934","AF1L2","AFAP1L2"
"12935","EFC4A","CRACR2B"
"12936","RAB42","RAB42"
"12937","TM199","TMEM199"
"12938","FBXL6","FBXL6"
"12939","CB052","LINC00471"
"12940","FBCD1","FIBCD1"
"12941","OGFD1","OGFOD1"
"12942","ZN276","ZNF276"
"12943","AFAP1","AFAP1"
"12944","MREG","MREG"
"12945","ZCHC9","ZCCHC9"
"12946","DCLK2","DCLK2"
"12947","OXR1","OXR1"
"12948","TT39C","TTC39C"
"12949","ZN561","ZNF561"
"12950","MPND","MPND"
"12951","ZGPAT","ZGPAT"
"12952","CERS5","CERS5"
"12953","CAHM5","CALHM5"
"12954","SRBD1","SRBD1"
"12955","DTWD1","DTWD1"
"12956","TAB3","TAB3"
"12957","WDTC1","WDTC1"
"12958","GBGT1","GBGT1"
"12959","NKAP","NKAP"
"12960","SIM20","SMIM20"
"12961","MACOI","MACO1"
"12962","LRA25","FAM89B"
"12963","SH2D3","SH2D3C"
"12964","ARRD1","ARRDC1"
"12965","KCNRG","KCNRG"
"12966","DHRSX","DHRSX"
"12967","CL045","C12orf45"
"12968","MINY1","MINDY1"
"12969","SPIC","SPIC"
"12970","CISD2","CISD2"
"12971","RP25L","RPP25L"
"12972","ATPF2","ATPAF2"
"12973","TTC9C","TTC9C"
"12974","JAGN1","JAGN1"
"12975","CC022","C3orf22"
"12976","RM50","MRPL50"
"12977","ZC3H8","ZC3H8"
"12978","F71E2","FAM71E2"
"12979","CCD33","CCDC33"
"12980","S2541","SLC25A41"
"12981","CB073","C2orf73"
"12982","KKCC1","CAMKK1"
"12983","TBC19","TBC1D19"
"12984","CK042","C11orf42"
"12985","M4A15","MS4A15"
"12986","RNF10","RNF10"
"12987","NGEF","NGEF"
"12988","FA24B","FAM24B"
"12989","RFLB","RFLNB"
"12990","IF4E3","EIF4E3"
"12991","MS3L1","MSL3"
"12992","PAR16","PARP16"
"12993","AADAT","AADAT"
"12994","KCD17","KCTD17"
"12995","DPP10","DPP10"
"12996","TR1L1","TRAM1L1"
"12997","F16A2","FAM160A2"
"12998","TM156","TMEM156"
"12999","TM148","LINC00311"
"13000","OR2C3","OR2C3"
"13001","MEIOB","MEIOB"
"13002","LZTR1","LZTR1"
"13003","NBPFF","NBPF15"
"13004","TM86B","TMEM86B"
"13005","COMD1","COMMD1"
"13006","ZBTB2","ZBTB2"
"13007","DRAM1","DRAM1"
"13008","CPSF7","CPSF7"
"13009","DB125","DEFB125"
"13010","DB123","DEFB123"
"13011","DB119","DEFB119"
"13012","ESX1","ESX1"
"13013","SC5A8","SLC5A8"
"13014","S15A4","SLC15A4"
"13015","MYCT1","MYCT1"
"13016","IGSF1","IGSF1"
"13017","PGSF1","MIR7-3HG"
"13018","LIRA3","LILRA3"
"13019","RN182","RNF182"
"13020","ANR29","ANKRD29"
"13021","CLD19","CLDN19"
"13022","GCSAM","GCSAM"
"13023","MET27","METTL27"
"13024","CA211","LINC00337"
"13025","TEX26","TEX26"
"13026","CGAT2","CSGALNACT2"
"13027","ATL1","ADAMTSL1"
"13028","ARFG2","ARFGAP2"
"13029","EID2","EID2"
"13030","TM251","TMEM251"
"13031","TEX29","TEX29"
"13032","YP021","-"
"13033","SAMD3","SAMD3"
"13034","KASH5","KASH5"
"13035","KTAP2","KRTCAP2"
"13036","TM252","TMEM252"
"13037","OTU6B","OTUD6B"
"13038","FITM2","FITM2"
"13039","ALLC","ALLC"
"13040","AMPO","AOPEP"
"13041","IQCF1","IQCF1"
"13042","ZFN2A","ZFAND2A"
"13043","TTC9B","TTC9B"
"13044","CA052","C1orf52"
"13045","NATD1","NATD1"
"13046","ACBD7","ACBD7"
"13047","I22R1","IL22RA1"
"13048","TMC5A","TMCO5A"
"13049","CD177","CD177"
"13050","MET25","METTL25"
"13051","EFNMT","EEF1AKNMT"
"13052","SERP2","SERP2"
"13053","AN13C","ANKRD13C"
"13054","AR6P6","ARL6IP6"
"13055","TO6BL","TOP6BL"
"13056","ARFG1","ARFGAP1"
"13057","SIR6","SIRT6"
"13058","CL033","LINC00612"
"13059","GP161","GPR161"
"13060","CJ053","C10orf53"
"13061","TEX9","TEX9"
"13062","CELF5","CELF5"
"13063","USBP1","USHBP1"
"13064","PCD20","PCDH20"
"13065","LRC17","LRRC17"
"13066","CC185","CCDC185"
"13067","ZN655","ZNF655"
"13068","NPW","NPW"
"13069","KI3L3","KIR3DL3"
"13070","KC1AL","CSNK1A1L"
"13071","S66A3","SLC66A3"
"13072","EMC1","EMC1"
"13073","CN178","C14orf178"
"13074","ZN525","ZNF525"
"13075","KLDC1","KLHDC1"
"13076","HORM2","HORMAD2"
"13077","PACRL","PACRGL"
"13078","EFCB3","EFCAB3"
"13079","LRC52","LRRC52"
"13080","TRIMM","TRIML2"
"13081","TM217","TMEM217"
"13082","RN148","RNF148"
"13083","CBLL2","CBLL2"
"13084","UBL4B","UBL4B"
"13085","PO5F2","POU5F2"
"13086","CL061","LINC01465"
"13087","PAF1","PAF1"
"13088","GVQW1","GVQW1"
"13089","AMER2","AMER2"
"13090","ZN433","ZNF433"
"13091","F216B","FAM216B"
"13092","TC1D1","TCTEX1D1"
"13093","ZN283","ZNF283"
"13094","F86B1","FAM86B1"
"13095","PLD5","PLD5"
"13096","CLD22","CLDN22"
"13097","YH007","-"
"13098","CEAS1","CELF2-AS1"
"13099","ZN676","ZNF676"
"13100","NANG2","NANOGP1"
"13101","P1L12","POM121L12"
"13102","CCYL1","CCNYL1"
"13103","DNJ5G","DNAJC5G"
"13104","ARI2O","ARIH2OS"
"13105","EFHB","EFHB"
"13106","TPRX1","TPRX1"
"13107","CQ054","LINC00469"
"13108","BEND7","BEND7"
"13109","ADGB","ADGB"
"13110","RMXL3","RBMXL3"
"13111","STPG3","STPG3"
"13112","MAGB6","MAGEB6"
"13113","SIGL1","SIGLECL1"
"13114","KIAS3","KIRREL3-AS3"
"13115","GG6L1","GOLGA6L1"
"13116","ANR31","ANKRD31"
"13117","STPG4","STPG4"
"13118","UBR7","UBR7"
"13119","PDILT","PDILT"
"13120","S35G3","SLC35G3"
"13121","CL076","C12orf76"
"13122","CC056","C3orf56"
"13123","YG045","-"
"13124","CNTD1","CNTD1"
"13125","TMM99","TMEM99"
"13126","PPM1N","PPM1N"
"13127","ZN611","ZNF611"
"13128","TSYL6","TSPYL6"
"13129","TTLL6","TTLL6"
"13130","ZN713","ZNF713"
"13131","CG031","C7orf31"
"13132","FRMD1","FRMD1"
"13133","ZN614","ZNF614"
"13134","CGAS","CGAS"
"13135","BCOR2","BCORP1"
"13136","ZN366","ZNF366"
"13137","ANR44","ANKRD44"
"13138","DDX51","DDX51"
"13139","F169B","FAM169B"
"13140","TEANC","TCEANC"
"13141","ZN781","ZNF781"
"13142","PDCD7","PDCD7"
"13143","NKAI3","NKAIN3"
"13144","IRAS1","IRF1-AS1"
"13145","MAAS1","MAPKAPK5-AS1"
"13146","ZN513","ZNF513"
"13147","CE112","CEP112"
"13148","YIPF7","YIPF7"
"13149","LSME1","LSMEM1"
"13150","VGLL2","VGLL2"
"13151","CO054","C15orf54"
"13152","ZN321","ZNF321P"
"13153","SAM12","SAMD12"
"13154","CQ055","LINC00482"
"13155","PI4P1","PI4KAP1"
"13156","ZN615","ZNF615"
"13157","F241A","FAM241A"
"13158","K1958","KIAA1958"
"13159","ZN491","ZNF491"
"13160","ARL10","ARL10"
"13161","NAT16","NAT16"
"13162","RN152","RNF152"
"13163","PTGR2","PTGR2"
"13164","YX004","-"
"13165","C56D1","CYB561D1"
"13166","ENDOV","ENDOV"
"13167","COX18","COX18"
"13168","NIPA2","NIPA2"
"13169","MCATL","SLC25A29"
"13170","CB069","C2orf69"
"13171","AL14E","ARL14EP"
"13172","ENAH","ENAH"
"13173","CDYL2","CDYL2"
"13174","RTL3","RTL3"
"13175","BMPER","BMPER"
"13176","GBP7","GBP7"
"13177","ANS4B","ANKS4B"
"13178","TM105","TMEM105"
"13179","PLPL1","PNPLA1"
"13180","MB213","MAB21L3"
"13181","VA0D2","ATP6V0D2"
"13182","ZFP41","ZFP41"
"13183","PRR26","PRR26"
"13184","DCBD1","DCBLD1"
"13185","ZN441","ZNF441"
"13186","DAND5","DAND5"
"13187","CO056","C15orf56"
"13188","NRAC","NRAC"
"13189","AMER3","AMER3"
"13190","PRLD2","PRELID2"
"13191","GPT11","GPATCH11"
"13192","ANKF1","ANKFN1"
"13193","CE120","CEP120"
"13194","ABTB2","ABTB2"
"13195","ZDH22","ZDHHC22"
"13196","LRTM2","LRTM2"
"13197","ZN709","ZNF709"
"13198","YG039","-"
"13199","RM43","MRPL43"
"13200","NECA1","NECAB1"
"13201","ZN557","ZNF557"
"13202","CCD89","CCDC89"
"13203","CL029","C12orf29"
"13204","NEPR1","CNEP1R1"
"13205","ANR42","ANKRD42"
"13206","JMY","JMY"
"13207","RGF1A","RASGEF1A"
"13208","IGS22","IGSF22"
"13209","F133A","FAM133A"
"13210","NAT8L","NAT8L"
"13211","GDPD1","GDPD1"
"13212","ZN454","ZNF454"
"13213","YJ012","-"
"13214","CH031","C8orf31"
"13215","MUT7","EXD3"
"13216","CA127","C1orf127"
"13217","SYT2","SYT2"
"13218","FADS6","FADS6"
"13219","DTX3","DTX3"
"13220","ZN565","ZNF565"
"13221","ZIC4","ZIC4"
"13222","YV006","-"
"13223","ACOT4","ACOT4"
"13224","CS047","C19orf47"
"13225","TM102","TMEM102"
"13226","ASCC1","ASCC1"
"13227","BANP","BANP"
"13228","LRC57","LRRC57"
"13229","EIF1A","EIF1AD"
"13230","YF006","-"
"13231","CI163","C9orf163"
"13232","SR1IP","SREK1IP1"
"13233","CP081","LINC00304"
"13234","CDRT4","CDRT4"
"13235","SCAI","SCAI"
"13236","SNX31","SNX31"
"13237","CX042","NKAPP1"
"13238","KRI1","KRI1"
"13239","TAC2N","TC2N"
"13240","SPOT1","SPANXA2-OT1"
"13241","TRIML","TRIML1"
"13242","WSDU1","WDSUB1"
"13243","ANR53","ANKRD53"
"13244","TOPZ1","TOPAZ1"
"13245","GG6L2","GOLGA6L2"
"13246","DAAF3","DNAAF3"
"13247","BOLL","BOLL"
"13248","YO010","-"
"13249","FA71D","FAM71D"
"13250","YA026","LINC01356"
"13251","TMM75","TMEM75"
"13252","F181A","FAM181A"
"13253","ZN610","ZNF610"
"13254","CC71L","CCDC71L"
"13255","LMTD1","LMNTD1"
"13256","FSIP1","FSIP1"
"13257","LMBL4","L3MBTL4"
"13258","WDR31","WDR31"
"13259","NLS1","MFSD2A"
"13260","TERB1","TERB1"
"13261","ZN383","ZNF383"
"13262","CCD63","CCDC63"
"13263","IQUB","IQUB"
"13264","TTC29","TTC29"
"13265","CL050","C12orf50"
"13266","PNDC1","PNLDC1"
"13267","CBY2","CBY2"
"13268","CNBD1","CNBD1"
"13269","TEX45","TEX45"
"13270","FA47B","FAM47B"
"13271","POC5","POC5"
"13272","DC4L2","DCAF4L2"
"13273","TEX19","TEX19"
"13274","MARHA","MARCHF10"
"13275","THAP8","THAP8"
"13276","YE027","-"
"13277","FEAS1","FER1L6-AS1"
"13278","A16L2","ATG16L2"
"13279","LR75A","LRRC75A"
"13280","CO053","LINC02694"
"13281","KBTB3","KBTBD3"
"13282","I17RC","IL17RC"
"13283","CA180","LINC01555"
"13284","ZN579","ZNF579"
"13285","ANKL1","ANKLE1"
"13286","CI106","C9orf106"
"13287","ZSCA4","ZSCAN4"
"13288","MIGA1","MIGA1"
"13289","CAST3","CASTOR3"
"13290","ZBT38","ZBTB38"
"13291","ZBT8B","ZBTB8B"
"13292","YP023","-"
"13293","CE017","C5orf17"
"13294","PMGT2","POMGNT2"
"13295","TDRD5","TDRD5"
"13296","FNDC5","FNDC5"
"13297","PR38A","PRPF38A"
"13298","CH058","C8orf58"
"13299","KDF1","KDF1"
"13300","SMYD1","SMYD1"
"13301","UBP38","USP38"
"13302","ZN511","ZNF511"
"13303","MLKL","MLKL"
"13304","F184A","FAM184A"
"13305","GALD1","GATD1"
"13306","ZN527","ZNF527"
"13307","ANR52","ANKRD52"
"13308","AT11C","ATP11C"
"13309","ZFP62","ZFP62"
"13310","SYT14","SYT14"
"13311","UN13C","UNC13C"
"13312","KDM1B","KDM1B"
"13313","AFG2H","SPATA5"
"13314","FANCB","FANCB"
"13315","DTWD2","DTWD2"
"13316","STAS1","ST20-AS1"
"13317","ZSCA1","ZSCAN1"
"13318","CT203","C20orf203"
"13319","T229B","TMEM229B"
"13320","KLH23","KLHL23"
"13321","GLIS1","GLIS1"
"13322","NHLC2","NHLRC2"
"13323","YG006","-"
"13324","AVL9","AVL9"
"13325","KY","KY"
"13326","CYAC3","CYB561A3"
"13327","DRAXI","DRAXIN"
"13328","S43A3","SLC43A3"
"13329","XXLT1","XXYLT1"
"13330","GOLM1","GOLM1"
"13331","GT251","COLGALT1"
"13332","SUMF2","SUMF2"
"13333","SIDT2","SIDT2"
"13334","SUMF1","SUMF1"
"13335","PGLT1","POGLUT1"
"13336","T178A","TMEM178A"
"13337","UBAC2","UBAC2"
"13338","PCYXL","PCYOX1L"
"13339","TM87A","TMEM87A"
"13340","RDH13","RDH13"
"13341","TTC13","TTC13"
"13342","MFSD9","MFSD9"
"13343","PCSK9","PCSK9"
"13344","DHB11","HSD17B11"
"13345","AQP11","AQP11"
"13346","P5I13","TP53I13"
"13347","MINY2","MINDY2"
"13348","CK072","C11orf72"
"13349","S4A11","SLC4A11"
"13350","TXND5","TXNDC5"
"13351","POC1A","POC1A"
"13352","SPC24","SPC24"
"13353","TM145","TMEM145"
"13354","ATAD1","ATAD1"
"13355","PLPP7","PLPP7"
"13356","SYT8","SYT8"
"13357","S38A9","SLC38A9"
"13358","SCPDL","SCCPDH"
"13359","IN80E","INO80E"
"13360","UXS1","UXS1"
"13361","NEAS1","NEXN-AS1"
"13362","CLC1A","CLEC1A"
"13363","ACBD4","ACBD4"
"13364","RELL2","RELL2"
"13365","ZN114","ZNF114"
"13366","CA213","ZNF436-AS1"
"13367","RN149","RNF149"
"13368","RETR2","RETREG2"
"13369","PAIRB","SERBP1"
"13370","KCT2","KCT2"
"13371","LEMD2","LEMD2"
"13372","NOA1","NOA1"
"13373","NETO2","NETO2"
"13374","KCTD6","KCTD6"
"13375","RB8NL","RBBP8NL"
"13376","NECP1","NECAP1"
"13377","FA98A","FAM98A"
"13378","ZN784","ZNF784"
"13379","CAMKV","CAMKV"
"13380","PAG15","PLA2G15"
"13381","SPX3","SLC37A3"
"13382","HJURP","HJURP"
"13383","SEN2","TSEN2"
"13384","MTMRE","MTMR14"
"13385","CL18C","CLEC18C"
"13386","NF2IP","NFATC2IP"
"13387","CHST4","CHST4"
"13388","DGLB","DAGLB"
"13389","CHSTE","CHST14"
"13390","GLBL3","GLB1L3"
"13391","SPRY3","SPRYD3"
"13392","ZN485","ZNF485"
"13393","MOT11","SLC16A11"
"13394","GALT6","GALNT6"
"13395","TM116","TMEM116"
"13396","APCDL","APCDD1L"
"13397","KCNH5","KCNH5"
"13398","DYHC2","DYNC2H1"
"13399","ZBT34","ZBTB34"
"13400","RN169","RNF169"
"13401","PDPR","PDPR"
"13402","ZBT44","ZBTB44"
"13403","CNAS1","CSNK1G2-AS1"
"13404","NC301","LINC00301"
"13405","FBX15","FBXO15"
"13406","PRCA1","PROCA1"
"13407","B3GL2","B3GALNT2"
"13408","MFI","MFI"
"13409","SMRP1","SMRP1"
"13410","CLRN3","CLRN3"
"13411","TM35B","TMEM35B"
"13412","CTL5","SLC44A5"
"13413","ARRD4","ARRDC4"
"13414","K0895","KIAA0895"
"13415","CC197","CCDC197"
"13416","CC191","CCDC191"
"13417","C2C4A","C2CD4A"
"13418","MTLN","MTLN"
"13419","ADAD2","ADAD2"
"13420","KREM2","KREMEN2"
"13421","NNRE","NAXE"
"13422","GLT11","GALNT11"
"13423","CC150","CCDC150"
"13424","MSD4","MSANTD4"
"13425","SMG8","SMG8"
"13426","BBOF1","BBOF1"
"13427","CARL3","CARMIL3"
"13428","RN214","RNF214"
"13429","ZNRF1","ZNRF1"
"13430","LIPB2","PPFIBP2"
"13431","LS14A","LSM14A"
"13432","CC020","C3orf20"
"13433","GIMA8","GIMAP8"
"13434","CCNY","CCNY"
"13435","Z280C","ZNF280C"
"13436","SLAI1","SLAIN1"
"13437","PNMA1","PNMA1"
"13438","LRN4L","LRRN4CL"
"13439","HMCN2","HMCN2"
"13440","MROH1","MROH1"
"13441","BANK1","BANK1"
"13442","FA156","FAM156A"
"13443","MISSL","MAPK1IP1L"
"13444","MORN4","MORN4"
"13445","CA131","C1orf131"
"13446","PAPD5","TENT4B"
"13447","TDRD9","TDRD9"
"13448","CC168","CCDC168"
"13449","PEPL1","NPEPL1"
"13450","ICA1L","ICA1L"
"13451","EHBP1","EHBP1"
"13452","CBPC5","AGBL5"
"13453","CFA43","CFAP43"
"13454","RCBT1","RCBTB1"
"13455","ZN439","ZNF439"
"13456","ZN540","ZNF540"
"13457","RB15B","RBM15B"
"13458","SIA7C","ST6GALNAC3"
"13459","GPR26","GPR26"
"13460","SMC1B","SMC1B"
"13461","TNR6A","TNRC6A"
"13462","ZN248","ZNF248"
"13463","TT21A","TTC21A"
"13464","PSD4","PSD4"
"13465","VGLU3","SLC17A8"
"13466","PHC3","PHC3"
"13467","ZN740","ZNF740"
"13468","LY65B","LY6G5B"
"13469","ARHL1","ADPRHL1"
"13470","MDS2","MDS2"
"13471","BHE23","BHLHE23"
"13472","TMM52","TMEM52"
"13473","BEND2","BEND2"
"13474","SIMC1","SIMC1"
"13475","DIK2A","DIPK2A"
"13476","T161B","TMEM161B"
"13477","TM104","TMEM104"
"13478","CNNM3","CNNM3"
"13479","RGS22","RGS22"
"13480","NSUN7","NSUN7"
"13481","SETD9","SETD9"
"13482","STKL1","STKLD1"
"13483","FA13C","FAM13C"
"13484","CPEB3","CPEB3"
"13485","CHDH","CHDH"
"13486","HIPK4","HIPK4"
"13487","ZN738","ZNF738"
"13488","ABCF1","ABCF1"
"13489","POPD1","BVES"
"13490","MCU","MCU"
"13491","FBX36","FBXO36"
"13492","CS018","C19orf18"
"13493","GLIS3","GLIS3"
"13494","GMCL2","GMCL2"
"13495","PLPP5","PLPP5"
"13496","ACRBP","ACRBP"
"13497","PK3C3","PIK3C3"
"13498","CTSR1","CATSPER1"
"13499","GSTCD","GSTCD"
"13500","KLAS1","KLHL30-AS1"
"13501","DRC6","FBXL13"
"13502","TTC16","TTC16"
"13503","CC112","CCDC112"
"13504","SRFB1","SRFBP1"
"13505","FA71C","FAM71C"
"13506","CG057","C7orf57"
"13507","FA83F","FAM83F"
"13508","ZSWM2","ZSWIM2"
"13509","DEN6B","DENND6B"
"13510","MNS1","MNS1"
"13511","DUS18","DUSP18"
"13512","NGDN","NGDN"
"13513","ZN548","ZNF548"
"13514","TET5D","TENT5D"
"13515","CCD54","CCDC54"
"13516","DDHD1","DDHD1"
"13517","MCPH1","MCPH1"
"13518","ZN680","ZNF680"
"13519","SHCBP","SHCBP1"
"13520","SP20H","SUPT20H"
"13521","CBPC3","AGBL3"
"13522","ARMC2","ARMC2"
"13523","PDZD8","PDZD8"
"13524","DAAF1","DNAAF1"
"13525","CQ047","C17orf47"
"13526","KLDC9","KLHDC9"
"13527","ZN555","ZNF555"
"13528","CA162","C1orf162"
"13529","SRARP","SRARP"
"13530","TRPV1","TRPV1"
"13531","ACV1C","ACVR1C"
"13532","LFNG","LFNG"
"13533","DB124","DEFB124"
"13534","D108B","DEFB108B"
"13535","RTL9","RTL9"
"13536","NFAM1","NFAM1"
"13537","CHSTD","CHST13"
"13538","TRPV3","TRPV3"
"13539","DP13B","APPL2"
"13540","CSK23","CSNK2A3"
"13541","MYO3A","MYO3A"
"13542","EXPH5","EXPH5"
"13543","IL27A","IL27"
"13544","ZNT7","SLC30A7"
"13545","TMIE","TMIE"
"13546","WFDC9","WFDC9"
"13547","WFD11","WFDC11"
"13548","DR9C7","SDR9C7"
"13549","NAV1","NAV1"
"13550","SPAT4","SPATA4"
"13551","VATC2","ATP6V1C2"
"13552","PPHLN","PPHLN1"
"13553","VP37A","VPS37A"
"13554","WDR19","WDR19"
"13555","KMT2C","KMT2C"
"13556","FBX22","FBXO22"
"13557","PCAT1","LPCAT1"
"13558","DOCK8","DOCK8"
"13559","ZMIZ2","ZMIZ2"
"13560","A2012","ANKRD20A12P"
"13561","PRS33","PRSS33"
"13562","SYNE1","SYNE1"
"13563","ZN397","ZNF397"
"13564","UBP32","USP32"
"13565","NOXO1","NOXO1"
"13566","T185A","TMEM185A"
"13567","BD1L1","BOD1L1"
"13568","ANKK1","ANKK1"
"13569","YI018","-"
"13570","ARI1B","ARID1B"
"13571","NCKX4","SLC24A4"
"13572","FAD1","FLAD1"
"13573","FLCN","FLCN"
"13574","NUP43","NUP43"
"13575","NUP37","NUP37"
"13576","NUP35","NUP35"
"13577","REPS2","REPS2"
"13578","ENASE","ENGASE"
"13579","F10A5","ST13P5"
"13580","RAI3","GPRC5A"
"13581","PKR2","PROKR2"
"13582","BHE22","BHLHE22"
"13583","BBS1","BBS1"
"13584","CXG3","GJC3"
"13585","B3GN7","B3GNT7"
"13586","ADCY4","ADCY4"
"13587","I17RD","IL17RD"
"13588","GP156","GPR156"
"13589","PXT1","PXT1"
"13590","MDGA1","MDGA1"
"13591","NUD10","NUDT10"
"13592","NBEA","NBEA"
"13593","BPIB6","BPIFB6"
"13594","BPIFC","BPIFC"
"13595","TOIP2","TOR1AIP2"
"13596","SPTSB","SPTSSB"
"13597","CC148","CCDC148"
"13598","I17RE","IL17RE"
"13599","STEA2","STEAP2"
"13600","DBF4B","DBF4B"
"13601","DNER","DNER"
"13602","BEST4","BEST4"
"13603","BEST2","BEST2"
"13604","TSTD1","TSTD1"
"13605","FDSCP","FDCSP"
"13606","IPMK","IPMK"
"13607","TET1","TET1"
"13608","ABHDB","ABHD11"
"13609","SPDE1","SPDYE1"
"13610","COMA1","COL22A1"
"13611","DMBX1","DMBX1"
"13612","NEUA","CMAS"
"13613","MYRIP","MYRIP"
"13614","STXB6","STXBP6"
"13615","SEM6D","SEMA6D"
"13616","KBTB8","KBTBD8"
"13617","FBH1","FBH1"
"13618","NLGNY","NLGN4Y"
"13619","NLGN2","NLGN2"
"13620","TNIP2","TNIP2"
"13621","VN1R2","VN1R2"
"13622","CADM4","CADM4"
"13623","S2610","SLC26A10"
"13624","TRI58","TRIM58"
"13625","HELB","HELB"
"13626","TSN14","TSPAN14"
"13627","PJA1","PJA1"
"13628","KNL1","KNL1"
"13629","D105A","DEFB105B"
"13630","NPB","NPB"
"13631","LINES","LINS1"
"13632","RDM1","RDM1"
"13633","ELOA3","ELOA3"
"13634","NEK11","NEK11"
"13635","TTL","TTL"
"13636","OR5T1","OR5T1"
"13637","O2T33","OR2T33"
"13638","O2T12","OR2T12"
"13639","OR8G5","OR8G5"
"13640","OR2L5","OR2L5"
"13641","OR2M7","OR2M7"
"13642","OR2M3","OR2M3"
"13643","O2AK2","OR2AK2"
"13644","OR2L3","OR2L3"
"13645","O13H1","OR13H1"
"13646","O11H1","OR11H1"
"13647","OR7G3","OR7G3"
"13648","OR2Z1","OR2Z1"
"13649","OR7D4","OR7D4"
"13650","OR7G2","OR7G2"
"13651","OR7G1","OR7G1"
"13652","OR1M1","OR1M1"
"13653","OR7A2","OR7A2P"
"13654","G32P1","GPR32P1"
"13655","O10H4","OR10H4"
"13656","O10H5","OR10H5"
"13657","O4F17","OR4F17"
"13658","OR4C5","OR4C5"
"13659","OR4S1","OR4S1"
"13660","OR4M2","OR4M2"
"13661","O4F15","OR4F15"
"13662","OR4F6","OR4F6"
"13663","O5AU1","OR5AU1"
"13664","O11G2","OR11G2"
"13665","OR4E2","OR4E2"
"13666","O10G2","OR10G2"
"13667","O10G3","OR10G3"
"13668","OR6J1","OR6J1"
"13669","OR4KH","OR4K17"
"13670","O11H6","OR11H6"
"13671","O11H7","OR11H7"
"13672","O11H4","OR11H4"
"13673","OR4M1","OR4M1"
"13674","OR4N2","OR4N2"
"13675","OR4K2","OR4K2"
"13676","OR4K5","OR4K5"
"13677","OR4K1","OR4K1"
"13678","OR4KE","OR4K14"
"13679","O10AD","OR10AD1"
"13680","OR6C4","OR6C4"
"13681","O2AP1","OR2AP1"
"13682","O10P1","OR10P1"
"13683","O10A7","OR10A7"
"13684","OR9K2","OR9K2"
"13685","OR4D9","OR4D9"
"13686","OR9Q2","OR9Q2"
"13687","O52B6","OR52B6"
"13688","O52R1","OR52R1"
"13689","O51D1","OR51D1"
"13690","O5AP2","OR5AP2"
"13691","O10W1","OR10W1"
"13692","OR5BH","OR5B17"
"13693","OR4B1","OR4B1"
"13694","OR4X2","OR4X2"
"13695","OR8J3","OR8J3"
"13696","OR8J2","OR8J2"
"13697","OR5T2","OR5T2"
"13698","OR5T3","OR5T3"
"13699","OR8H1","OR8H1"
"13700","OR8K1","OR8K1"
"13701","OR8BC","OR8B12"
"13702","OR8A1","OR8A1"
"13703","OR8B3","OR8B3"
"13704","OR2D3","OR2D3"
"13705","O56A1","OR56A1"
"13706","O52L2","OR52L2P"
"13707","O52L1","OR52L1"
"13708","O56A4","OR56A4"
"13709","O52E4","OR52E4"
"13710","O52N2","OR52N2"
"13711","O56B2","OR56B2P"
"13712","O52N4","OR52N4"
"13713","O56B1","OR56B1"
"13714","OR4DB","OR4D11"
"13715","OR4DA","OR4D10"
"13716","O10V1","OR10V1"
"13717","O5AN1","OR5AN1"
"13718","OR5A2","OR5A2"
"13719","OR5A1","OR5A1"
"13720","OR4D6","OR4D6"
"13721","O52H1","OR52H1"
"13722","O52E1","OR52E1"
"13723","O52E2","OR52E2"
"13724","O51L1","OR51L1"
"13725","O51A4","OR51A4"
"13726","O51A2","OR51A2"
"13727","O51S1","OR51S1"
"13728","O51T1","OR51T1"
"13729","O51G2","OR51G2"
"13730","O51G1","OR51G1"
"13731","O52B4","OR52B4"
"13732","O52K2","OR52K2"
"13733","O52K1","OR52K1"
"13734","O52M1","OR52M1"
"13735","O52I1","OR52I1"
"13736","OR5DG","OR5D16"
"13737","OR5L2","OR5L2"
"13738","OR5DI","OR5D18"
"13739","OR5L1","OR5L1"
"13740","OR5DE","OR5D14"
"13741","OR5DD","OR5D13"
"13742","O4A15","OR4A15"
"13743","OR4P4","OR4P4"
"13744","OR4CG","OR4C16"
"13745","OR4CF","OR4C15"
"13746","OR6M1","OR6M1"
"13747","OR8D4","OR8D4"
"13748","OR4D5","OR4D5"
"13749","OR6T1","OR6T1"
"13750","O10S1","OR10S1"
"13751","O10G4","OR10G4"
"13752","O10G9","OR10G9"
"13753","O10G8","OR10G8"
"13754","O10G7","OR10G7"
"13755","O10D4","OR10D4P"
"13756","OR4A4","OR4A4P"
"13757","OR4CD","OR4C13"
"13758","OR8J1","OR8J1"
"13759","OR5M9","OR5M9"
"13760","OR5M3","OR5M3"
"13761","OR5M8","OR5M8"
"13762","OR5M1","OR5M1"
"13763","O5AR1","OR5AR1"
"13764","OR9G4","OR9G4"
"13765","OR6Q1","OR6Q1"
"13766","OR1S2","OR1S2"
"13767","O10Q1","OR10Q1"
"13768","OR9Q1","OR9Q1"
"13769","OR9I1","OR9I1"
"13770","O13A1","OR13A1"
"13771","OR1L6","OR1L6"
"13772","OR1K1","OR1K1"
"13773","OR5C1","OR5C1"
"13774","OR1L4","OR1L4"
"13775","OR1B1","OR1B1"
"13776","OR1L8","OR1L8"
"13777","OR1N2","OR1N2"
"13778","OR1N1","OR1N1"
"13779","OR1J4","OR1J4"
"13780","OR1J2","OR1J2"
"13781","OR1J1","OR1J1"
"13782","O13F1","OR13F1"
"13783","O13C4","OR13C4"
"13784","O13C3","OR13C3"
"13785","O13C8","OR13C8"
"13786","O13C5","OR13C5"
"13787","O13C2","OR13C2"
"13788","O13C9","OR13C9"
"13789","OR2K2","OR2K2"
"13790","O13J1","OR13J1"
"13791","OR9A2","OR9A2"
"13792","O2A12","OR2A12"
"13793","OR2A1","OR2A42"
"13794","OR9A1","OR9A1P"
"13795","OR9A4","OR9A4"
"13796","OR2I1","OR2I1P"
"13797","GP150","GPR150"
"13798","OR2Y1","OR2Y1"
"13799","O13D1","OR13D1"
"13800","OR5H6","OR5H6"
"13801","OR5H2","OR5H2"
"13802","OR6B3","OR6B3"
"13803","OR6K6","OR6K6"
"13804","O11L1","OR11L1"
"13805","O2T34","OR2T34"
"13806","O2T35","OR2T35"
"13807","O10T2","OR10T2"
"13808","O10K1","OR10K1"
"13809","O10R2","OR10R2"
"13810","OR6Y1","OR6Y1"
"13811","OR6P1","OR6P1"
"13812","O10X1","OR10X1"
"13813","O10Z1","OR10Z1"
"13814","OR6K2","OR6K2"
"13815","OR6K3","OR6K3"
"13816","OR6N1","OR6N1"
"13817","OR6N2","OR6N2"
"13818","O10J6","OR10J6P"
"13819","OR2L8","OR2L8"
"13820","O2AJ1","OR2AJ1"
"13821","O14K1","OR14K1"
"13822","O13G1","OR13G1"
"13823","OR2G3","OR2G3"
"13824","OR2G2","OR2G2"
"13825","OR6F1","OR6F1"
"13826","O2T10","OR2T10"
"13827","OR2T4","OR2T4"
"13828","O2T11","OR2T11"
"13829","O2T29","OR2T29"
"13830","OR2T3","OR2T3"
"13831","O2T27","OR2T27"
"13832","OR4Q3","OR4Q3"
"13833","OR1P1","OR1P1"
"13834","O11H2","OR11H2"
"13835","O10AC","OR10AC1"
"13836","OR8S1","OR8S1"
"13837","OR8U1","OR8U1"
"13838","OR2L2","OR2L2"
"13839","OR5J2","OR5J2"
"13840","O10AG","OR10AG1"
"13841","OR4F5","OR4F5"
"13842","OR4C3","OR4C3"
"13843","OR6S1","OR6S1"
"13844","OR4KF","OR4K15"
"13845","OR4KD","OR4K13"
"13846","OR4L1","OR4L1"
"13847","OR5B3","OR5B3"
"13848","OR4X1","OR4X1"
"13849","OR8K5","OR8K5"
"13850","OR8K3","OR8K3"
"13851","O52N1","OR52N1"
"13852","O56A3","OR56A3"
"13853","O52E5","OR52E5"
"13854","O52N5","OR52N5"
"13855","O52P1","OR52P1P"
"13856","O51Q1","OR51Q1"
"13857","O52J3","OR52J3"
"13858","O51F2","OR51F2"
"13859","O51H1","OR51H1"
"13860","O51A7","OR51A7"
"13861","O52I2","OR52I2"
"13862","OR5W2","OR5W2"
"13863","O4A16","OR4A16"
"13864","OR4C6","OR4C6"
"13865","OR4S2","OR4S2"
"13866","O10A6","OR10A6"
"13867","O56B4","OR56B4"
"13868","OR6X1","OR6X1"
"13869","O10D3","OR10D3"
"13870","O10G6","OR10G6"
"13871","OR4A5","OR4A5"
"13872","OR5R1","OR5R1"
"13873","OR9G1","OR9G1"
"13874","O5AK3","OR5AK3P"
"13875","O5AK2","OR5AK2"
"13876","OR1S1","OR1S1"
"13877","OR1L3","OR1L3"
"13878","OR1L1","OR1L1"
"13879","O13C6","OR13C6P"
"13880","O2AE1","OR2AE1"
"13881","OR2W6","OR2W6P"
"13882","OR1FC","OR1F12"
"13883","OR2V1","OR2V1"
"13884","OR5K1","OR5K1"
"13885","OR5K2","OR5K2"
"13886","O10J5","OR10J5"
"13887","O14AG","OR14A16"
"13888","O14L1","OR14L1P"
"13889","O14CZ","OR14C36"
"13890","OR2T6","OR2T6"
"13891","VA0E2","ATP6V0E2"
"13892","SVIP","SVIP"
"13893","ZNRF2","ZNRF2"
"13894","TTL11","TTLL11"
"13895","ATLA2","ATL2"
"13896","LIRB4","LILRB4"
"13897","KI2LB","KIR2DL5B"
"13898","LIRB1","LILRB1"
"13899","TRY6","PRSS3P2"
"13900","KDM2B","KDM2B"
"13901","ARK74","AKR7L"
"13902","MSPD2","MOSPD2"
"13903","EXD1","EXD1"
"13904","PLBL2","PLBD2"
"13905","CEP70","CEP70"
"13906","RASF8","RASSF8"
"13907","DDX55","DDX55"
"13908","TERB2","TERB2"
"13909","PROF4","PFN4"
"13910","DNJB8","DNAJB8"
"13911","CLDN2","CLDND2"
"13912","AATC2","GOT1L1"
"13913","MFSD8","MFSD8"
"13914","CLHC1","CLHC1"
"13915","SPT22","SPATA22"
"13916","CT453","CT45A3"
"13917","CFA61","CFAP61"
"13918","SMS2","SGMS2"
"13919","TDRD7","TDRD7"
"13920","GIMA7","GIMAP7"
"13921","NEDD1","NEDD1"
"13922","MOSMO","MOSMO"
"13923","RHXF1","RHOXF1"
"13924","MAFA","MAFA"
"13925","CC4L","CCL4L1"
"13926","RLA0L","RPLP0P6"
"13927","OTOSP","OTOS"
"13928","SPTA3","SPATA3"
"13929","TPC2","TPCN2"
"13930","B4GN2","B4GALNT2"
"13931","COP1","COP1"
"13932","GA2L2","GAS2L2"
"13933","HUS1B","HUS1B"
"13934","ZFP28","ZFP28"
"13935","MB3L2","MBD3L2"
"13936","CDC26","CDC26"
"13937","NCOA7","NCOA7"
"13938","IL31R","IL31RA"
"13939","MCFD2","MCFD2"
"13940","THOC2","THOC2"
"13941","CG013","LINC01006"
"13942","FBX27","FBXO27"
"13943","LPD6B","LYPD6B"
"13944","INADL","PATJ"
"13945","WDR36","WDR36"
"13946","PPTC7","PPTC7"
"13947","IKBD","NFKBID"
"13948","CTCFL","CTCFL"
"13949","COQ8A","COQ8A"
"13950","KI18A","KIF18A"
"13951","ANGL6","ANGPTL6"
"13952","RP9","RP9"
"13953","ZN563","ZNF563"
"13954","RNS11","RNASE11"
"13955","PSMA8","PSMA8"
"13956","GRPE2","GRPEL2"
"13957","VANG1","VANGL1"
"13958","PCD19","PCDH19"
"13959","CA216","C1orf216"
"13960","CCD26","CCDC26"
"13961","RFESD","RFESD"
"13962","JOS2","JOSD2"
"13963","SCAM5","SCAMP5"
"13964","IL17D","IL17D"
"13965","ZNT5","SLC30A5"
"13966","OCC1","OCC1"
"13967","SNIP1","SNIP1"
"13968","PP14C","PPP1R14C"
"13969","KCNG3","KCNG3"
"13970","G45IP","GADD45GIP1"
"13971","WDR48","WDR48"
"13972","LQK1","FLVCR1-DT"
"13973","ZN461","ZNF461"
"13974","LHPL5","LHFPL5"
"13975","VTM2A","VSTM2A"
"13976","VEXIN","VXN"
"13977","EXOC6","EXOC6"
"13978","TYMOS","TYMSOS"
"13979","REBL1","RHEBL1"
"13980","GABP2","GABPB2"
"13981","OLIG1","OLIG1"
"13982","CI043","C9orf43"
"13983","FIBIN","FIBIN"
"13984","BBS10","BBS10"
"13985","TTC8","TTC8"
"13986","ERMIN","ERMN"
"13987","LMO3","LMO3"
"13988","CEP76","CEP76"
"13989","PPR35","PPP1R35"
"13990","MPLKI","MPLKIP"
"13991","SMRC2","SMARCC2"
"13992","ZN420","ZNF420"
"13993","SUN3","SUN3"
"13994","UHMK1","UHMK1"
"13995","FGFP3","FGFBP3"
"13996","NEIL3","NEIL3"
"13997","NPL4","NPLOC4"
"13998","YK045","-"
"13999","NKX23","NKX2-3"
"14000","ZN417","ZNF417"
"14001","FA76A","FAM76A"
"14002","CP2W1","CYP2W1"
"14003","STML3","STOML3"
"14004","CK045","C11orf45"
"14005","ZN671","ZNF671"
"14006","OSR1","OSR1"
"14007","MUC7","MUC7"
"14008","GSDMB","GSDMB"
"14009","F110D","FAM110D"
"14010","CKLF2","CMTM2"
"14011","CX038","CXorf38"
"14012","UBAD1","UBALD1"
"14013","SPT20","SPATA20"
"14014","RIN3","RIN3"
"14015","CX024","LINC01560"
"14016","GDAP1","GDAP1"
"14017","NUBPL","NUBPL"
"14018","ABHD4","ABHD4"
"14019","DPTOR","DEPTOR"
"14020","FBX30","FBXO30"
"14021","S35B2","SLC35B2"
"14022","PRR7","PRR7"
"14023","ZN519","ZNF519"
"14024","PUM2","PUM2"
"14025","NDNF","NDNF"
"14026","HMGC2","HMGCLL1"
"14027","TIP","ITFG1"
"14028","GOGA5","GOLGA5"
"14029","THAP6","THAP6"
"14030","LNX1","LNX1"
"14031","KLDC4","KLHDC4"
"14032","S7A14","SLC7A14"
"14033","SHKB1","SHKBP1"
"14034","UBA3","UBA3"
"14035","ZSC18","ZSCAN18"
"14036","BAHD1","BAHD1"
"14037","CNIH3","CNIH3"
"14038","FNDC9","FNDC9"
"14039","S35G2","SLC35G2"
"14040","NANP","NANP"
"14041","PXL2B","PRXL2B"
"14042","ZCRB1","ZCRB1"
"14043","PIGX","PIGX"
"14044","FA81A","FAM81A"
"14045","AT2L1","ETNPPL"
"14046","SYNPR","SYNPR"
"14047","ARRD2","ARRDC2"
"14048","PLPR1","PLPPR1"
"14049","FEZF2","FEZF2"
"14050","SETD6","SETD6"
"14051","ZCH10","ZCCHC10"
"14052","TM254","TMEM254"
"14053","DJB14","DNAJB14"
"14054","R3GEF","RAB3IL1"
"14055","TBC16","TBC1D16"
"14056","F174A","FAM174A"
"14057","S2540","SLC25A40"
"14058","KISHA","TMEM167A"
"14059","ST3L4","STAG3L4"
"14060","CSAS1","CIRBP-AS1"
"14061","TLC3A","TLCD3A"
"14062","PI42C","PIP4K2C"
"14063","RBM46","RBM46"
"14064","PMFBP","PMFBP1"
"14065","CF251","CFAP251"
"14066","CC110","CCDC110"
"14067","MYBPP","MYCBPAP"
"14068","WDR20","WDR20"
"14069","ZN502","ZNF502"
"14070","TM10A","TRMT10A"
"14071","ZN564","ZNF564"
"14072","TEX47","TEX47"
"14073","MDM1","MDM1"
"14074","TBC15","TBC1D15"
"14075","RDH11","RDH11"
"14076","GRAPL","GRAPL"
"14077","CAGE1","CAGE1"
"14078","ZN596","ZNF596"
"14079","TM163","TMEM163"
"14080","ADA32","ADAM32"
"14081","ENKUR","ENKUR"
"14082","SUN5","SUN5"
"14083","RN217","RNF217"
"14084","POC1B","POC1B"
"14085","FA71B","FAM71B"
"14086","M1AP","M1AP"
"14087","PIWL2","PIWIL2"
"14088","MIEAP","SPATA18"
"14089","F110B","FAM110B"
"14090","FANK1","FANK1"
"14091","CCER1","CCER1"
"14092","ENOX1","ENOX1"
"14093","ACTL9","ACTL9"
"14094","FNDC8","FNDC8"
"14095","LRC20","LRRC20"
"14096","IFI44","IFI44"
"14097","O51E1","OR51E1"
"14098","METL6","METTL6"
"14099","RM30","MRPL30"
"14100","S22A8","SLC22A8"
"14101","CR032","C18orf32"
"14102","NT5C","NT5C"
"14103","PHOP2","PHOSPHO2"
"14104","DEN10","DENND10"
"14105","PPL13","LGALS14"
"14106","ZFAN1","ZFAND1"
"14107","CIP2A","CIP2A"
"14108","P4K2B","PI4K2B"
"14109","CPT1C","CPT1C"
"14110","YV004","-"
"14111","PIFO","PIFO"
"14112","FBX25","FBXO25"
"14113","STT3B","STT3B"
"14114","ZN507","ZNF507"
"14115","F200A","FAM200A"
"14116","MARH1","MARCHF1"
"14117","PNPT1","PNPT1"
"14118","CERK1","CERK"
"14119","PHOP1","PHOSPHO1"
"14120","SPPL3","SPPL3"
"14121","SPP2B","SPPL2B"
"14122","SPP2A","SPPL2A"
"14123","HM13","HM13"
"14124","S7A13","SLC7A13"
"14125","ALMS1","ALMS1"
"14126","NMD3A","GRIN3A"
"14127","PREX1","PREX1"
"14128","WFDC5","WFDC5"
"14129","ZPLD1","ZPLD1"
"14130","PKR1","PROKR1"
"14131","DC2L1","DYNC2LI1"
"14132","RHPN1","RHPN1"
"14133","SI11B","SMIM11B"
"14134","MRAP","MRAP"
"14135","URGCP","URGCP"
"14136","C99L2","CD99L2"
"14137","CU074","LINC00308"
"14138","AGR3","AGR3"
"14139","RAE1E","RAET1E"
"14140","MK15","MAPK15"
"14141","MIPO1","MIPOL1"
"14142","BICD2","BICD2"
"14143","ZN398","ZNF398"
"14144","NEK9","NEK9"
"14145","GTR12","SLC2A12"
"14146","SFXN5","SFXN5"
"14147","ZN675","ZNF675"
"14148","CHD6","CHD6"
"14149","ALAT2","GPT2"
"14150","CCHCR","CCHCR1"
"14151","SG1C1","SCGB1C1"
"14152","LKAM1","LKAAEAR1"
"14153","TRPM4","TRPM4"
"14154","MO2R1","CD200R1"
"14155","RS4Y2","RPS4Y2"
"14156","PKHO2","PLEKHO2"
"14157","DYH3","DNAH3"
"14158","DSCL1","DSCAML1"
"14159","CALL6","CALML6"
"14160","MAGE2","MAGEE2"
"14161","MAGC3","MAGEC3"
"14162","KLF14","KLF14"
"14163","HUMMR","MGARP"
"14164","DTX3L","DTX3L"
"14165","GTR14","SLC2A14"
"14166","MYOZ3","MYOZ3"
"14167","BRSK1","BRSK1"
"14168","DDX54","DDX54"
"14169","SP7","SP7"
"14170","MCLN3","MCOLN3"
"14171","RNAS8","RNASE8"
"14172","NETO1","NETO1"
"14173","GRP4","RASGRP4"
"14174","ACTT1","ACTRT1"
"14175","HELQ","HELQ"
"14176","BL1S5","BLOC1S5"
"14177","CHD5","CHD5"
"14178","TMC2","TMC2"
"14179","TMC1","TMC1"
"14180","DMXL2","DMXL2"
"14181","BPIB1","BPIFB1"
"14182","BCAS4","BCAS4"
"14183","SACA4","SPACA4"
"14184","DLG5","DLG5"
"14185","KCNG4","KCNG4"
"14186","KCNV2","KCNV2"
"14187","CABL1","CABLES1"
"14188","BRX1","BRIX1"
"14189","ACER1","ACER1"
"14190","RNH2C","RNASEH2C"
"14191","HAVR2","HAVCR2"
"14192","CLM1","CD300LF"
"14193","GNPI2","GNPDA2"
"14194","MIPT3","TRAF3IP1"
"14195","STK35","STK35"
"14196","TCP1L","TCP10L"
"14197","HCAR2","HCAR2"
"14198","OXER1","OXER1"
"14199","MRGRD","MRGPRD"
"14200","GP152","GPR152"
"14201","VNRL4","VN1R17P"
"14202","GPBAR","GPBAR1"
"14203","RL3R2","RXFP4"
"14204","GP151","GPR151"
"14205","GP148","GPR148"
"14206","GP119","GPR119"
"14207","LRC8C","LRRC8C"
"14208","ST7L","ST7L"
"14209","SYTL5","SYTL5"
"14210","FAT3","FAT3"
"14211","ACMSD","ACMSD"
"14212","CGAT1","CSGALNACT1"
"14213","NEK7","NEK7"
"14214","PK1L1","PKD1L1"
"14215","RBCC1","RB1CC1"
"14216","ACTT2","ACTRT2"
"14217","ASAP3","ASAP3"
"14218","IGDC4","IGDCC4"
"14219","MICA1","MICAL1"
"14220","ELP5","ELP5"
"14221","PANK1","PANK1"
"14222","LMX1A","LMX1A"
"14223","TS1R2","TAS1R2"
"14224","OTU7A","OTUD7A"
"14225","S26A7","SLC26A7"
"14226","ATS17","ADAMTS17"
"14227","ATS16","ADAMTS16"
"14228","ATS15","ADAMTS15"
"14229","ATS19","ADAMTS19"
"14230","ATS18","ADAMTS18"
"14231","ES8L3","EPS8L3"
"14232","ES8L1","EPS8L1"
"14233","EOLA1","EOLA1"
"14234","DYH5","DNAH5"
"14235","MORC4","MORC4"
"14236","SSH3","SSH3"
"14237","S3TC1","SH3TC1"
"14238","GRHL3","GRHL3"
"14239","DQX1","DQX1"
"14240","PXYP1","PXYLP1"
"14241","NSUN6","NSUN6"
"14242","TBCK","TBCK"
"14243","DTD1","DTD1"
"14244","DCA11","DCAF11"
"14245","RN128","RNF128"
"14246","RHBL4","RHBDD1"
"14247","SH3R2","SH3RF2"
"14248","UTP15","UTP15"
"14249","GPX8","GPX8"
"14250","G6PT3","SLC37A2"
"14251","AF1L1","AFAP1L1"
"14252","SAP25","SAP25"
"14253","CJ105","C10orf105"
"14254","DEN1A","DENND1A"
"14255","SH3R3","SH3RF3"
"14256","DOT1L","DOT1L"
"14257","TP4AP","TRPC4AP"
"14258","PO210","NUP210"
"14259","CE192","CEP192"
"14260","SNX29","SNX29"
"14261","GEMI5","GEMIN5"
"14262","PIGO","PIGO"
"14263","SNED1","SNED1"
"14264","ARH40","ARHGEF40"
"14265","FBF1","FBF1"
"14266","GANC","GANC"
"14267","RPGF6","RAPGEF6"
"14268","WFKN2","WFIKKN2"
"14269","SMCR5","SMCR5"
"14270","SMCR8","SMCR8"
"14271","PARD3","PARD3"
"14272","DOK4","DOK4"
"14273","PAR3L","PARD3B"
"14274","IPO4","IPO4"
"14275","CR3L4","CREB3L4"
"14276","UBP33","USP33"
"14277","PAQR8","PAQR8"
"14278","PNISR","PNISR"
"14279","PP4R1","PPP4R1"
"14280","CX7B2","COX7B2"
"14281","DLRB2","DYNLRB2"
"14282","S3TC2","SH3TC2"
"14283","ZN721","ZNF721"
"14284","ANR24","ANKRD24"
"14285","AGA11","AGAP11"
"14286","WHAMM","WHAMM"
"14287","ZN431","ZNF431"
"14288","ZN483","ZNF483"
"14289","FNIP1","FNIP1"
"14290","UBS3B","UBASH3B"
"14291","C2C4C","C2CD4C"
"14292","ZN418","ZNF418"
"14293","DI3L1","DIS3L"
"14294","ZFP90","ZFP90"
"14295","ZN526","ZNF526"
"14296","FBX41","FBXO41"
"14297","AT8B4","ATP8B4"
"14298","DCNP1","DCANP1"
"14299","GIPC3","GIPC3"
"14300","GIPC2","GIPC2"
"14301","LRC15","LRRC15"
"14302","ZN384","ZNF384"
"14303","MOT10","SLC16A10"
"14304","SHRM3","SHROOM3"
"14305","WIPF2","WIPF2"
"14306","HASP","HASPIN"
"14307","AEN","AEN"
"14308","XAGE3","XAGE3"
"14309","D104A","DEFB104A"
"14310","CP078","C16orf78"
"14311","GRK7","GRK7"
"14312","DUS19","DUSP19"
"14313","GDPD5","GDPD5"
"14314","ZN473","ZNF473"
"14315","NET5","NTN5"
"14316","ABHD5","ABHD5"
"14317","SETD7","SETD7"
"14318","CLC4C","CLEC4C"
"14319","NOC3L","NOC3L"
"14320","DDI1","DDI1"
"14321","SRB4D","SSC4D"
"14322","SCRB1","SCARB1"
"14323","THAP3","THAP3"
"14324","COG1","COG1"
"14325","NPRL2","NPRL2"
"14326","CAST1","CASTOR1"
"14327","ZDHC1","ZDHHC1"
"14328","YS049","-"
"14329","CA5BL","CA5BP1"
"14330","GLYL2","GLYATL2"
"14331","ST32A","STK32A"
"14332","PYRD1","PYROXD1"
"14333","RN139","RNF139"
"14334","FRS2","FRS2"
"14335","MZB1","MZB1"
"14336","CB015","C2orf15"
"14337","CG033","C7orf33"
"14338","F222B","FAM222B"
"14339","TSEAR","TSPEAR"
"14340","ABHD3","ABHD3"
"14341","U2AF4","U2AF1L4"
"14342","SCFD2","SCFD2"
"14343","SMAP2","SMAP2"
"14344","ZC3HF","ZC3H15"
"14345","PPIL4","PPIL4"
"14346","TF3C2","GTF3C2"
"14347","TB22A","TBC1D22A"
"14348","TSK","TSKU"
"14349","F216A","FAM216A"
"14350","PHF10","PHF10"
"14351","RAB2B","RAB2B"
"14352","CCD12","CCDC12"
"14353","CHPT1","CHPT1"
"14354","CT55","CT55"
"14355","IASPP","PPP1R13L"
"14356","F172A","FAM172A"
"14357","S22AH","SLC22A17"
"14358","CHUR","CHURC1"
"14359","TGFA1","TGFBRAP1"
"14360","TM263","TMEM263"
"14361","HDAC7","HDAC7"
"14362","STYX","STYX"
"14363","NEUFC","CYB5D2"
"14364","CEMIP","CEMIP"
"14365","PTPM1","PTPMT1"
"14366","NU133","NUP133"
"14367","PDC6I","PDCD6IP"
"14368","S20A1","SLC20A1"
"14369","UBTD2","UBTD2"
"14370","FBLI1","FBLIM1"
"14371","CATIN","CACTIN"
"14372","CO040","C15orf40"
"14373","D42E1","SDR42E1"
"14374","LRRN4","LRRN4"
"14375","S2543","SLC25A43"
"14376","ZN296","ZNF296"
"14377","GATD1","GATAD1"
"14378","TM174","TMEM174"
"14379","BRK1","BRK1"
"14380","S38A5","SLC38A5"
"14381","CHAC2","CHAC2"
"14382","CHMP7","CHMP7"
"14383","THEM6","THEM6"
"14384","PRUN2","PRUNE2"
"14385","NAT14","NAT14"
"14386","DEP1B","DEPDC1B"
"14387","BCL7C","BCL7C"
"14388","LTO1","LTO1"
"14389","T255B","TMEM255B"
"14390","DCAF4","DCAF4"
"14391","SFT2A","SFT2D1"
"14392","NSE1","NSMCE1"
"14393","PHLA1","PHLDA1"
"14394","BLNK","BLNK"
"14395","LRC29","LRRC29"
"14396","ZN480","ZNF480"
"14397","SNX33","SNX33"
"14398","TRI41","TRIM41"
"14399","CC107","CCDC107"
"14400","PTCD2","PTCD2"
"14401","NUDT8","NUDT8"
"14402","S35F5","SLC35F5"
"14403","MITD1","MITD1"
"14404","AFG1L","AFG1L"
"14405","ZFN2B","ZFAND2B"
"14406","HEXD","HEXD"
"14407","CTF18","CHTF18"
"14408","LEO1","LEO1"
"14409","DCAKD","DCAKD"
"14410","RN138","RNF138"
"14411","RN141","RNF141"
"14412","EFMT1","EEF1AKMT1"
"14413","TM171","TMEM171"
"14414","T170A","TMEM170A"
"14415","OSCP1","OSCP1"
"14416","UCMA","UCMA"
"14417","KCTD4","KCTD4"
"14418","CPLX3","CPLX3"
"14419","SMIM4","SMIM4"
"14420","PPR1C","PPP1R1C"
"14421","NUDC2","NUDCD2"
"14422","TWST2","TWIST2"
"14423","SNR27","SNRNP27"
"14424","SKA2","SKA2"
"14425","ANR49","ANKRD49"
"14426","TFB1M","TFB1M"
"14427","STAG1","STAG1"
"14428","SCFD1","SCFD1"
"14429","SCTM1","SECTM1"
"14430","UB2Q2","UBE2Q2"
"14431","TP8L1","TNFAIP8L1"
"14432","LMBR1","LMBR1"
"14433","CANT1","CANT1"
"14434","MA11","MAP11"
"14435","WDR60","WDR60"
"14436","TPC12","TRAPPC12"
"14437","POF1B","POF1B"
"14438","BT2A2","BTN2A2"
"14439","HNRLL","HNRNPLL"
"14440","CD003","C4orf3"
"14441","FACR1","FAR1"
"14442","UBCP1","UBLCP1"
"14443","ZDH19","ZDHHC19"
"14444","RN133","RNF133"
"14445","KBTB7","KBTBD7"
"14446","SEN15","TSEN15"
"14447","PCNP","PCNP"
"14448","CJ082","C10orf82"
"14449","CQ050","C17orf50"
"14450","DNJA4","DNAJA4"
"14451","TEKT4","TEKT4"
"14452","ABEC4","APOBEC4"
"14453","HMGB4","HMGB4"
"14454","GTSF1","GTSF1"
"14455","TM239","TMEM239"
"14456","TC1D2","TCTEX1D2"
"14457","ZCH13","ZCCHC13"
"14458","FOG2","ZFPM2"
"14459","APH1B","APH1B"
"14460","F151A","FAM151A"
"14461","SPRY4","SPRYD4"
"14462","TMED6","TMED6"
"14463","ITLN1","ITLN1"
"14464","TMM40","TMEM40"
"14465","DYDC1","DYDC1"
"14466","PIHD2","PIH1D2"
"14467","GLMP","GLMP"
"14468","MAIP1","MAIP1"
"14469","CA054","C1orf54"
"14470","SSMM1","SSMEM1"
"14471","ZNRF4","ZNRF4"
"14472","DNJB3","DNAJB3"
"14473","CAPSL","CAPSL"
"14474","NRG4","NRG4"
"14475","KCNE4","KCNE4"
"14476","ASZ1","ASZ1"
"14477","TRUB1","TRUB1"
"14478","LMO7","LMO7"
"14479","CTL1","SLC44A1"
"14480","CKAP2","CKAP2"
"14481","SPIR2","SPIRE2"
"14482","CCNB3","CCNB3"
"14483","XAGE5","XAGE5"
"14484","ATX2L","ATXN2L"
"14485","CYGB","CYGB"
"14486","ARAP3","ARAP3"
"14487","ICEF1","IPCEF1"
"14488","GIMA1","GIMAP1"
"14489","PHIP","PHIP"
"14490","HPSE2","HPSE2"
"14491","STAB2","STAB2"
"14492","NEUR4","NEU4"
"14493","PDPFL","PPDPFL"
"14494","S13A3","SLC13A3"
"14495","TCP11","TCP11"
"14496","ITLN2","ITLN2"
"14497","RT4I1","RTN4IP1"
"14498","FCAMR","FCAMR"
"14499","RASF5","RASSF5"
"14500","GAB3","GAB3"
"14501","ASB5","ASB5"
"14502","SC5AB","SLC5A11"
"14503","SELM","SELENOM"
"14504","PRP31","PRPF31"
"14505","MB3L1","MBD3L1"
"14506","WFD12","WFDC12"
"14507","LIPH","LIPH"
"14508","IL1FA","IL1F10"
"14509","EDAD","EDARADD"
"14510","ABCAA","ABCA10"
"14511","ABCA5","ABCA5"
"14512","OIT3","OIT3"
"14513","LCN9","LCN9"
"14514","IBPL1","IGFBPL1"
"14515","NELFB","NELFB"
"14516","PALLD","PALLD"
"14517","NALP7","NLRP7"
"14518","PATE1","PATE1"
"14519","RUFY2","RUFY2"
"14520","5HT3C","HTR3C"
"14521","SREK1","SREK1"
"14522","MT21A","METTL21A"
"14523","ZN606","ZNF606"
"14524","PYDC1","PYDC1"
"14525","CSN9","COPS9"
"14526","RXFP2","RXFP2"
"14527","SCG3","SCG3"
"14528","GEMI6","GEMIN6"
"14529","CSKI1","CASKIN1"
"14530","CSKI2","CASKIN2"
"14531","ATRIP","ATRIP"
"14532","STON2","STON2"
"14533","SRS12","SRSF12"
"14534","PSPC1","PSPC1"
"14535","REL3","RLN3"
"14536","CRGN","CRYGN"
"14537","ATLA1","ATL1"
"14538","DEDD2","DEDD2"
"14539","RSAD2","RSAD2"
"14540","MADD","MADD"
"14541","S100Z","S100Z"
"14542","AGRV1","ADGRV1"
"14543","SYNE2","SYNE2"
"14544","JPH3","JPH3"
"14545","ASB11","ASB11"
"14546","SOCS4","SOCS4"
"14547","RB40A","RAB40A"
"14548","CNKR2","CNKSR2"
"14549","ASB10","ASB10"
"14550","ACO11","ACOT11"
"14551","MUC16","MUC16"
"14552","CLC4D","CLEC4D"
"14553","P66B","GATAD2B"
"14554","ASB17","ASB17"
"14555","ASB15","ASB15"
"14556","ASB13","ASB13"
"14557","ASB12","ASB12"
"14558","CN183","LINC01599"
"14559","CBPA5","CPA5"
"14560","MYO3B","MYO3B"
"14561","BAALC","BAALC"
"14562","CCGL","TMEM37"
"14563","CCG8","CACNG8"
"14564","ATS14","ADAMTS14"
"14565","FX4L4","FOXD4L4"
"14566","DAAF4","DNAAF4"
"14567","PIBF1","PIBF1"
"14568","DYH7","DNAH7"
"14569","DNJC9","DNAJC9"
"14570","AUTS2","AUTS2"
"14571","CTR3","SLC7A3"
"14572","SORC1","SORCS1"
"14573","BRI3B","BRI3BP"
"14574","BBX","BBX"
"14575","NANO1","NANOS1"
"14576","PLAC4","PLAC4"
"14577","PPM1E","PPM1E"
"14578","MYLIP","MYLIP"
"14579","THAP4","THAP4"
"14580","TM234","TMEM234"
"14581","IFT81","IFT81"
"14582","BMAL2","ARNTL2"
"14583","CTBL1","CTNNBL1"
"14584","KAT6B","KAT6B"
"14585","ING5","ING5"
"14586","SEPT1","SEPTIN1"
"14587","ACO12","ACOT12"
"14588","CNTP5","CNTNAP5"
"14589","JDP2","JDP2"
"14590","SSH1","SSH1"
"14591","ATG4A","ATG4A"
"14592","CSRN3","CSRNP3"
"14593","RIN2","RIN2"
"14594","ELYS","AHCTF1"
"14595","CHC10","CHCHD10"
"14596","CV015","C22orf15"
"14597","DGCR8","DGCR8"
"14598","ZCH14","ZCCHC14"
"14599","PI3R5","PIK3R5"
"14600","RSPH1","RSPH1"
"14601","TOMT","LRTOMT"
"14602","BACD1","KCTD13"
"14603","YS006","PP6455"
"14604","MAFIP","MAFIP"
"14605","TITIN","TTN"
"14606","BSND","BSND"
"14607","TM190","TMEM190"
"14608","KLHL6","KLHL6"
"14609","ARAP2","ARAP2"
"14610","CK040","C11orf40"
"14611","TM158","TMEM158"
"14612","RFFL","RFFL"
"14613","CTTB2","CTTNBP2"
"14614","ROBO4","ROBO4"
"14615","DNS2B","DNASE2B"
"14616","OVCA2","OVCA2"
"14617","OR8D1","OR8D1"
"14618","OR5P2","OR5P2"
"14619","OR5P3","OR5P3"
"14620","LZIC","LZIC"
"14621","PMGT1","POMGNT1"
"14622","RPGF4","RAPGEF4"
"14623","OR1E3","OR1E3"
"14624","GC224","GCRG224"
"14625","IRGQ","IRGQ"
"14626","CI130","LINC00476"
"14627","EN113","HERVK_113"
"14628","SIA8A","ST8SIA1"
"14629","SIA8B","ST8SIA2"
"14630","SIA8D","ST8SIA4"
"14631","DDB2","DDB2"
"14632","CLC2B","CLEC2B"
"14633","AP2B","TFAP2B"
"14634","AQP3","AQP3"
"14635","ASM3A","SMPDL3A"
"14636","ASM3B","SMPDL3B"
"14637","FHR4","CFHR4"
"14638","DDX1","DDX1"
"14639","STAR8","STARD8"
"14640","S14L1","SEC14L1"
"14641","S39A7","SLC39A7"
"14642","DHB8","HSD17B8"
"14643","PIEZ1","PIEZO1"
"14644","TRIB2","TRIB2"
"14645","FAM3C","FAM3C"
"14646","PIGB","PIGB"
"14647","H1X","H1-10"
"14648","CPT1B","CPT1B"
"14649","TCPW","CCT6B"
"14650","ANKR7","ANKRD7"
"14651","SHC3","SHC3"
"14652","PSMF1","PSMF1"
"14653","PIGC","PIGC"
"14654","YLAT2","SLC7A6"
"14655","SUSD6","SUSD6"
"14656","GBF1","GBF1"
"14657","LPIN2","LPIN2"
"14658","SMG7","SMG7"
"14659","RTF1","RTF1"
"14660","NICA","NCSTN"
"14661","SNX19","SNX19"
"14662","TM9S4","TM9SF4"
"14663","TM131","TMEM131"
"14664","RGP1","RGP1"
"14665","TOPB1","TOPBP1"
"14666","IP6K1","IP6K1"
"14667","RT27","MRPS27"
"14668","ELMO1","ELMO1"
"14669","WASF1","WASF1"
"14670","BAP1","BAP1"
"14671","PHYIP","PHYHIP"
"14672","FIG4","FIG4"
"14673","TICN2","SPOCK2"
"14674","DCNL4","DCUN1D4"
"14675","RPGF5","RAPGEF5"
"14676","F168A","FAM168A"
"14677","P55G","PIK3R3"
"14678","NR4A3","NR4A3"
"14679","AP3S1","AP3S1"
"14680","TSC1","TSC1"
"14681","UBXN4","UBXN4"
"14682","PHF3","PHF3"
"14683","SL9A6","SLC9A6"
"14684","CCL17","CCL17"
"14685","MAML1","MAML1"
"14686","NDRG1","NDRG1"
"14687","HS105","HSPH1"
"14688","SEPT8","SEPTIN8"
"14689","CNOT9","CNOT9"
"14690","LGAT1","LPGAT1"
"14691","DOCK2","DOCK2"
"14692","TBCD5","TBC1D5"
"14693","ZN592","ZNF592"
"14694","EDEM1","EDEM1"
"14695","JADE3","JADE3"
"14696","MY18A","MYO18A"
"14697","LAR4B","LARP4B"
"14698","GCN1","GCN1"
"14699","NPIB3","NPIPB3"
"14700","ZN516","ZNF516"
"14701","HMHA1","ARHGAP45"
"14702","PRP16","DHX38"
"14703","NU205","NUP205"
"14704","RUBIC","RUBCN"
"14705","TTC9A","TTC9"
"14706","APBP2","APPBP2"
"14707","ANS1A","ANKS1A"
"14708","PXDN","PXDN"
"14709","K0232","KIAA0232"
"14710","SGCD","SGCD"
"14711","DYRK2","DYRK2"
"14712","LPAR1","LPAR1"
"14713","FAN","NSMAF"
"14714","FCGRB","FCGR1B"
"14715","GPI8","PIGK"
"14716","TF3A","GTF3A"
"14717","RT31","MRPS31"
"14718","AKAP1","AKAP1"
"14719","ZN75C","ZNF75CP"
"14720","SORL","SORL1"
"14721","CENPI","CENPI"
"14722","RSCA1","RSC1A1"
"14723","ALG3","ALG3"
"14724","NEUG","NRGN"
"14725","AN32B","ANP32B"
"14726","NECT2","NECTIN2"
"14727","PGTA","RABGGTA"
"14728","RAD54","RAD54L"
"14729","PTPRU","PTPRU"
"14730","RND1","RND1"
"14731","ESR2","ESR2"
"14732","PRCC","PRCC"
"14733","TFG","TFG"
"14734","RYR2","RYR2"
"14735","RSLAA","RASL10A"
"14736","US6NL","USP6NL"
"14737","HTRA1","HTRA1"
"14738","ARC1A","ARPC1A"
"14739","THRSP","THRSP"
"14740","TAF4B","TAF4B"
"14741","TENR","TNR"
"14742","RORB","RORB"
"14743","AP2C","TFAP2C"
"14744","TF2H4","GTF2H4"
"14745","KRT35","KRT35"
"14746","SFRP3","FRZB"
"14747","RREB1","RREB1"
"14748","HDAC2","HDAC2"
"14749","DDX12","DDX12P"
"14750","CDKL2","CDKL2"
"14751","SYN2","SYN2"
"14752","RDH5","RDH5"
"14753","DPF1","DPF1"
"14754","STAM1","STAM"
"14755","DPF3","DPF3"
"14756","REQU","DPF2"
"14757","PROX1","PROX1"
"14758","SC65","P3H4"
"14759","CBP","CREBBP"
"14760","KAT6A","KAT6A"
"14761","DLG3","DLG3"
"14762","SYMPK","SYMPK"
"14763","EZH1","EZH1"
"14764","N42L2","N4BP2L2"
"14765","RBP56","TAF15"
"14766","GOGA1","GOLGA1"
"14767","KCNJ9","KCNJ9"
"14768","IOD2","DIO2"
"14769","EVPL","EVPL"
"14770","HYAS2","HAS2"
"14771","GGH","GGH"
"14772","NRCAM","NRCAM"
"14773","PCSK5","PCSK5"
"14774","HXB13","HOXB13"
"14775","COR2A","CORO2A"
"14776","KAT2A","KAT2A"
"14777","KAT2B","KAT2B"
"14778","NELL1","NELL1"
"14779","JARD2","JARID2"
"14780","RPGR","RPGR"
"14781","SHIP1","INPP5D"
"14782","FRAT1","FRAT1"
"14783","EDA","EDA"
"14784","HYAS1","HAS1"
"14785","DDX17","DDX17"
"14786","B2CL2","BCL2L2"
"14787","TANK","TANK"
"14788","KIFA3","KIFAP3"
"14789","GHSR","GHSR"
"14790","CASPA","CASP10"
"14791","SEM4D","SEMA4D"
"14792","ATOH1","ATOH1"
"14793","NEO1","NEO1"
"14794","APBB2","APBB2"
"14795","PMM1","PMM1"
"14796","DNSL2","DNASE1L2"
"14797","KLK6","KLK6"
"14798","RAD50","RAD50"
"14799","CELF1","CELF1"
"14800","OSTF1","OSTF1"
"14801","NGN1","NEUROG1"
"14802","MRP2","ABCC2"
"14803","ARHG1","ARHGEF1"
"14804","XPF","ERCC4"
"14805","UFD1","UFD1"
"14806","GSLG1","GLG1"
"14807","RENT1","UPF1"
"14808","RL3L","RPL3L"
"14809","HPS1","HPS1"
"14810","CDS1","CDS1"
"14811","DAZL","DAZL"
"14812","CSN5","COPS5"
"14813","GATA6","GATA6"
"14814","SC5A5","SLC5A5"
"14815","FGF13","FGF13"
"14816","FGF11","FGF11"
"14817","FGF14","FGF14"
"14818","GPKOW","GPKOW"
"14819","M4K1","MAP4K1"
"14820","SMRC1","SMARCC1"
"14821","SMRD2","SMARCD2"
"14822","RAB1C","RAB1C"
"14823","RAB8B","RAB8B"
"14824","PTPR2","PTPRN2"
"14825","BAD","BAD"
"14826","EXTL1","EXTL1"
"14827","FUBP2","KHSRP"
"14828","GCDH","GCDH"
"14829","FOXJ1","FOXJ1"
"14830","KCNN1","KCNN1"
"14831","KCNB2","KCNB2"
"14832","PRG4","PRG4"
"14833","TNR14","TNFRSF14"
"14834","SO2A1","SLCO2A1"
"14835","RIT1","RIT1"
"14836","SNPC3","SNAPC3"
"14837","PEX13","PEX13"
"14838","TNPO1","TNPO1"
"14839","ARHG2","ARHGEF2"
"14840","NEP1","EMG1"
"14841","NINJ1","NINJ1"
"14842","IRF7","IRF7"
"14843","DLX4","DLX4"
"14844","CLP1","CLP1"
"14845","GLMN","GLMN"
"14846","KAT5","KAT5"
"14847","TF3B","BRF1"
"14848","UBP13","USP13"
"14849","DVL3","DVL3"
"14850","USP9X","USP9X"
"14851","UBP7","USP7"
"14852","NAA80","NAA80"
"14853","IGSF2","CD101"
"14854","CUL5","CUL5"
"14855","TNR25","TNFRSF25"
"14856","STMN2","STMN2"
"14857","VPP1","ATP6V0A1"
"14858","LPP","LPP"
"14859","RBPMS","RBPMS"
"14860","EXT2","EXT2"
"14861","NAR4","ART4"
"14862","SBP2L","SECISBP2L"
"14863","MED12","MED12"
"14864","TATD2","TATDN2"
"14865","H2A1C","H2AC6"
"14866","H2B1H","H2BC9"
"14867","MT1L","MT1L"
"14868","AT2A3","ATP2A3"
"14869","P2RX5","P2RX5"
"14870","BHMT1","BHMT"
"14871","RNAS6","RNASE6"
"14872","TP4A1","PTP4A1"
"14873","WNT2B","WNT2B"
"14874","WNT8B","WNT8B"
"14875","HGD","HGD"
"14876","KPBB","PHKB"
"14877","HMR1","MR1"
"14878","TSLP","TSLP"
"14879","LEAP2","LEAP2"
"14880","SCAM4","SCAMP4"
"14881","UCN3","UCN3"
"14882","TCAL3","TCEAL3"
"14883","TSR2","TSR2"
"14884","FATE1","FATE1"
"14885","TF3C6","GTF3C6"
"14886","NKD2","NKD2"
"14887","KISSR","KISS1R"
"14888","HPS3","HPS3"
"14889","LHX4","LHX4"
"14890","SMCE1","SMARCE1"
"14891","CAVN3","CAVIN3"
"14892","RIFK","RFK"
"14893","NKD1","NKD1"
"14894","FBXW7","FBXW7"
"14895","CNKR1","CNKSR1"
"14896","POP5","POP5"
"14897","MYDGF","MYDGF"
"14898","DIRC1","DIRC1"
"14899","GLYL1","GLYATL1"
"14900","S38A4","SLC38A4"
"14901","ZKSC4","ZKSCAN4"
"14902","BORC5","BORCS5"
"14903","I22R2","IL22RA2"
"14904","RNF34","RNF34"
"14905","ABTB1","ABTB1"
"14906","TMM54","TMEM54"
"14907","MAL2","MAL2"
"14908","LSM10","LSM10"
"14909","TM40L","TOMM40L"
"14910","CXA10","GJA10"
"14911","YIPF5","YIPF5"
"14912","UBE2F","UBE2F"
"14913","PIGT","PIGT"
"14914","TAAR8","TAAR8"
"14915","IGSF8","IGSF8"
"14916","FBX32","FBXO32"
"14917","TOP1M","TOP1MT"
"14918","RL36L","RPL36AL"
"14919","TRI63","TRIM63"
"14920","ARL11","ARL11"
"14921","RAB24","RAB24"
"14922","P2R3C","PPP2R3C"
"14923","OSBP2","OSBP2"
"14924","LMBL2","L3MBTL2"
"14925","ITFG2","ITFG2"
"14926","S35B4","SLC35B4"
"14927","NEIL2","NEIL2"
"14928","ZN622","ZNF622"
"14929","TM203","TMEM203"
"14930","HDA10","HDAC10"
"14931","RRF2M","GFM2"
"14932","SNX21","SNX21"
"14933","UB2E3","UBE2E3"
"14934","5NT3B","NT5C3B"
"14935","WBP2","WBP2"
"14936","FBXW5","FBXW5"
"14937","PSMG2","PSMG2"
"14938","MCHR2","MCHR2"
"14939","NCLN","NCLN"
"14940","TEKT1","TEKT1"
"14941","MUL1","MUL1"
"14942","MRTFA","MRTFA"
"14943","SPTSA","SPTSSA"
"14944","ZDH16","ZDHHC16"
"14945","F104A","FAM104A"
"14946","ZN566","ZNF566"
"14947","PMEPA","PMEPA1"
"14948","RIPL2","RILPL2"
"14949","LFG3","TMBIM1"
"14950","SIA7F","ST6GALNAC6"
"14951","ERGI1","ERGIC1"
"14952","UTP4","UTP4"
"14953","NXPE3","NXPE3"
"14954","GTPB3","GTPBP3"
"14955","FAKD4","TBRG4"
"14956","MARC2","MTARC2"
"14957","TR19L","RELT"
"14958","PP14A","PPP1R14A"
"14959","TSACC","TSACC"
"14960","VATE2","ATP6V1E2"
"14961","H2B1A","H2BC1"
"14962","TET5B","TENT5B"
"14963","G3ST3","GAL3ST3"
"14964","C102A","CCDC102A"
"14965","CK052","C11orf52"
"14966","CPNE4","CPNE4"
"14967","T106A","TMEM106A"
"14968","F162A","FAM162A"
"14969","SLAF9","SLAMF9"
"14970","FUCT1","SLC35C1"
"14971","MLRS","MYLPF"
"14972","CCD47","CCDC47"
"14973","RM24","MRPL24"
"14974","RN166","RNF166"
"14975","SPSB4","SPSB4"
"14976","MFRN2","SLC25A28"
"14977","ISL2","ISL2"
"14978","SYAP1","SYAP1"
"14979","PAQR1","ADIPOR1"
"14980","T53I1","TP53INP1"
"14981","TM230","TMEM230"
"14982","RERG","RERG"
"14983","MALD3","MARVELD3"
"14984","TRI52","TRIM52"
"14985","EXOC4","EXOC4"
"14986","AZIN2","AZIN2"
"14987","MGN2","MAGOHB"
"14988","P33MX","KIAA1191"
"14989","COQA1","COL26A1"
"14990","EMID1","EMID1"
"14991","TIP39","PTH2"
"14992","PTX4","PTX4"
"14993","RFT1","RFT1"
"14994","JKIP2","JAKMIP2"
"14995","ISOC2","ISOC2"
"14996","NTAN1","NTAN1"
"14997","FERM2","FERMT2"
"14998","KIFC2","KIFC2"
"14999","PLPL2","PNPLA2"
"15000","FUBP1","FUBP1"
"15001","TTC17","TTC17"
"15002","S2546","SLC25A46"
"15003","LRC59","LRRC59"
"15004","SOSB2","NABP1"
"15005","RAB7B","RAB7B"
"15006","CLUA1","CLUAP1"
"15007","VTI1A","VTI1A"
"15008","ABC3D","APOBEC3D"
"15009","MRGRF","MRGPRF"
"15010","TM143","TMEM143"
"15011","ACD","ACD"
"15012","ZUP1","ZUP1"
"15013","ESAM","ESAM"
"15014","CC74A","CCDC74A"
"15015","TM125","TMEM125"
"15016","PBIP1","PBXIP1"
"15017","CIDEC","CIDEC"
"15018","MCUR1","MCUR1"
"15019","F131C","FAM131C"
"15020","K1143","KIAA1143"
"15021","RPE","RPE"
"15022","E2F7","E2F7"
"15023","VOPP1","VOPP1"
"15024","VP33A","VPS33A"
"15025","RAB37","RAB37"
"15026","MIB2","MIB2"
"15027","EME1","EME1"
"15028","FKB10","FKBP10"
"15029","TTC28","TTC28"
"15030","EFMT3","EEF1AKMT3"
"15031","ISG20","ISG20"
"15032","R51A1","RAD51AP1"
"15033","UBE2W","UBE2W"
"15034","DACT3","DACT3"
"15035","TM45B","TMEM45B"
"15036","CR025","C18orf25"
"15037","EXOS8","EXOSC8"
"15038","CLD23","CLDN23"
"15039","AKTS1","AKT1S1"
"15040","TMM18","TMEM18"
"15041","BORC7","BORCS7"
"15042","TOM6","TOMM6"
"15043","ZN428","ZNF428"
"15044","ARRD3","ARRDC3"
"15045","LENG9","LENG9"
"15046","TM186","TMEM186"
"15047","RGMA","RGMA"
"15048","LDAF1","TMEM159"
"15049","SH3K1","SH3KBP1"
"15050","CR3L1","CREB3L1"
"15051","SO4A1","SLCO4A1"
"15052","PF21A","PHF21A"
"15053","SPSB1","SPSB1"
"15054","SKA1","SKA1"
"15055","TMIG2","TMIGD2"
"15056","NACC2","NACC2"
"15057","RNF25","RNF25"
"15058","ESPB1","ELSPBP1"
"15059","S22AI","SLC22A18"
"15060","APH1A","APH1A"
"15061","AIDA","AIDA"
"15062","ELMO3","ELMO3"
"15063","PINX1","PINX1"
"15064","I27L1","IFI27L1"
"15065","ANKR9","ANKRD9"
"15066","ARL8A","ARL8A"
"15067","TADA1","TADA1"
"15068","F149B","FAM149B1"
"15069","OTUL","OTULIN"
"15070","CHCH1","CHCHD1"
"15071","PPWD1","PPWD1"
"15072","FAM3D","FAM3D"
"15073","TRI43","TRIM43"
"15074","CC127","CCDC127"
"15075","SGK3","SGK3"
"15076","COA7","COA7"
"15077","ZN669","ZNF669"
"15078","ZBT8A","ZBTB8A"
"15079","CHP3","TESC"
"15080","CC049","C3orf49"
"15081","CENPT","CENPT"
"15082","ALKB8","ALKBH8"
"15083","S1PBP","S100PBP"
"15084","ZN775","ZNF775"
"15085","UPP","UPRT"
"15086","PTER","PTER"
"15087","TAM41","TAMM41"
"15088","MOB3A","MOB3A"
"15089","MOAP1","MOAP1"
"15090","DOC10","DOCK10"
"15091","ATG2B","ATG2B"
"15092","SARAF","SARAF"
"15093","PLD4","PLD4"
"15094","LENG1","LENG1"
"15095","TBC20","TBC1D20"
"15096","ZBTB9","ZBTB9"
"15097","F136A","FAM136A"
"15098","MID49","MIEF2"
"15099","DHX58","DHX58"
"15100","FGGY","FGGY"
"15101","ARMC5","ARMC5"
"15102","EFHD2","EFHD2"
"15103","GALM","GALM"
"15104","SYTL4","SYTL4"
"15105","ZN707","ZNF707"
"15106","RUND1","RUNDC1"
"15107","P5CR2","PYCR2"
"15108","ULK4","ULK4"
"15109","ZN524","ZNF524"
"15110","CSTOS","CUSTOS"
"15111","ROP1L","ROPN1L"
"15112","DCPS","DCPS"
"15113","PP14B","PPP1R14B"
"15114","ENTR1","ENTR1"
"15115","BIRC7","BIRC7"
"15116","CH044","C8orf44"
"15117","INT12","INTS12"
"15118","NSUN4","NSUN4"
"15119","RHDF1","RHBDF1"
"15120","FBXL8","FBXL8"
"15121","COAC","PPCDC"
"15122","T4S18","TM4SF18"
"15123","CHM4C","CHMP4C"
"15124","TIFA","TIFA"
"15125","CTHR1","CTHRC1"
"15126","GP146","GPR146"
"15127","EAF2","EAF2"
"15128","ZN653","ZNF653"
"15129","RUSD4","RPUSD4"
"15130","NXNL1","NXNL1"
"15131","ACSF2","ACSF2"
"15132","EVI5L","EVI5L"
"15133","LRC45","LRRC45"
"15134","ISOC1","ISOC1"
"15135","GCC1","GCC1"
"15136","FWCH2","FLYWCH2"
"15137","ASTRA","GRAMD1A"
"15138","TLCD1","TLCD1"
"15139","S2536","SLC25A36"
"15140","HAUS1","HAUS1"
"15141","FAF2","FAF2"
"15142","ZN689","ZNF689"
"15143","PKHB2","PLEKHB2"
"15144","KLH29","KLHL29"
"15145","CC124","CCDC124"
"15146","FXRD1","FOXRED1"
"15147","OPTN","OPTN"
"15148","AP2M1","AP2M1"
"15149","GCP3","TUBGCP3"
"15150","S7A6O","SLC7A6OS"
"15151","NTNG2","NTNG2"
"15152","KCD12","KCTD12"
"15153","ZN501","ZNF501"
"15154","LRC58","LRRC58"
"15155","DDT4L","DDIT4L"
"15156","F241B","FAM241B"
"15157","GASP2","GPRASP2"
"15158","RCN3","RCN3"
"15159","RHES","RASD2"
"15160","CRCM1","ORAI1"
"15161","HAVR1","HAVCR1"
"15162","NMD3","NMD3"
"15163","COQ8B","COQ8B"
"15164","RN183","RNF183"
"15165","R3HD4","R3HDM4"
"15166","REPS1","REPS1"
"15167","HVCN1","HVCN1"
"15168","EID2B","EID2B"
"15169","ZG16B","ZG16B"
"15170","RB39B","RAB39B"
"15171","TIM14","DNAJC19"
"15172","HDA11","HDAC11"
"15173","RMD1","RMDN1"
"15174","FXYD5","FXYD5"
"15175","TMCO6","TMCO6"
"15176","ECHD3","ECHDC3"
"15177","OTUB2","OTUB2"
"15178","LRC39","LRRC39"
"15179","SHSA4","SHISA4"
"15180","NUD16","NUDT16"
"15181","APC16","ANAPC16"
"15182","EOLA2","EOLA2"
"15183","ESS2","ESS2"
"15184","CMBL","CMBL"
"15185","MSI2H","MSI2"
"15186","SNR40","SNRNP40"
"15187","NXPE2","NXPE2"
"15188","PGBD4","PGBD4"
"15189","RMC1","RMC1"
"15190","ERP27","ERP27"
"15191","VWCE","VWCE"
"15192","TBC31","TBC1D31"
"15193","MBD6","MBD6"
"15194","FMT","MTFMT"
"15195","STAR4","STARD4"
"15196","BPIA2","BPIFA2"
"15197","ARHGQ","ARHGEF26"
"15198","MUCL1","MUCL1"
"15199","M4A6E","MS4A6E"
"15200","LEG12","LGALS12"
"15201","DYH11","DNAH11"
"15202","ATG4C","ATG4C"
"15203","ZBT10","ZBTB10"
"15204","SLAF6","SLAMF6"
"15205","IP3KC","ITPKC"
"15206","PABP5","PABPC5"
"15207","RM38","MRPL38"
"15208","S2538","SLC25A38"
"15209","RSPRY","RSPRY1"
"15210","ASB9","ASB9"
"15211","TRI44","TRIM44"
"15212","RTP4","RTP4"
"15213","DRC10","IQCD"
"15214","MTBP","MTBP"
"15215","ERLEC","ERLEC1"
"15216","CLIP3","CLIP3"
"15217","T4S19","TM4SF19"
"15218","CKLF5","CMTM5"
"15219","F122A","FAM122A"
"15220","RRFM","MRRF"
"15221","RMI2","RMI2"
"15222","SMI19","SMIM19"
"15223","RAB3C","RAB3C"
"15224","NGBR","NUS1"
"15225","MTEF3","MTERF3"
"15226","ZMY19","ZMYND19"
"15227","RMXL1","RBMXL1"
"15228","SACA9","SPACA9"
"15229","OMA1","OMA1"
"15230","KLRG1","KLRG1"
"15231","SPDLY","SPDL1"
"15232","ELP4","ELP4"
"15233","SIR1","SIRT1"
"15234","YIPF6","YIPF6"
"15235","HOOK2","HOOK2"
"15236","SEH1","SEH1L"
"15237","CC126","CCDC126"
"15238","MTMR8","MTMR8"
"15239","FBX17","FBXO17"
"15240","ZHX1R","ZHX1-C8orf76"
"15241","ARSG","ARSG"
"15242","ZN837","ZNF837"
"15243","MASU1","MALSU1"
"15244","RL39L","RPL39L"
"15245","NEUL3","NEURL3"
"15246","TCAL4","TCEAL4"
"15247","PF21B","PHF21B"
"15248","THA11","THAP11"
"15249","KBP","KIFBP"
"15250","GNA1","GNPNAT1"
"15251","F120B","FAM120B"
"15252","KTI12","KTI12"
"15253","INKA1","INKA1"
"15254","RT24","MRPS24"
"15255","RM53","MRPL53"
"15256","T3HPD","L3HYPDH"
"15257","MOCOS","MOCOS"
"15258","REX1B","REX1BD"
"15259","RNF31","RNF31"
"15260","CHFR","CHFR"
"15261","DAZP1","DAZAP1"
"15262","NTCP4","SLC10A4"
"15263","SGTB","SGTB"
"15264","RN125","RNF125"
"15265","SAAL1","SAAL1"
"15266","MITOK","CCDC51"
"15267","MFSD3","MFSD3"
"15268","SGF29","SGF29"
"15269","TV23C","TVP23C"
"15270","RRP36","RRP36"
"15271","C1GLC","C1GALT1C1"
"15272","RBM33","RBM33"
"15273","DTBP1","DTNBP1"
"15274","HBAP1","HSPBAP1"
"15275","SIM12","SMIM12"
"15276","RNFT2","RNFT2"
"15277","WDR34","WDR34"
"15278","DNJA3","DNAJA3"
"15279","TMA16","TMA16"
"15280","MB12A","MVB12A"
"15281","PTCD3","PTCD3"
"15282","MMAB","MMAB"
"15283","ADAT3","ADAT3"
"15284","MYEOV","MYEOV"
"15285","MCRS1","MCRS1"
"15286","CK024","C11orf24"
"15287","CYFP2","CYFIP2"
"15288","SAT2","SAT2"
"15289","GIMA5","GIMAP5"
"15290","NRBF2","NRBF2"
"15291","ALG14","ALG14"
"15292","TRI11","TRIM11"
"15293","ZN503","ZNF503"
"15294","I17RA","IL17RA"
"15295","CCD97","CCDC97"
"15296","DISP1","DISP1"
"15297","CLBA1","CLBA1"
"15298","CNRP1","CNRIP1"
"15299","EDC3","EDC3"
"15300","PELI1","PELI1"
"15301","ZB6CL","ZBED6CL"
"15302","RRNAD","RRNAD1"
"15303","PHIPL","PHYHIPL"
"15304","DDX11","DDX11"
"15305","LIGO1","LINGO1"
"15306","P3IP1","PIK3IP1"
"15307","MISP3","MISP3"
"15308","CDCA5","CDCA5"
"15309","ELMD3","ELMOD3"
"15310","BORC8","BORCS8"
"15311","NEIL1","NEIL1"
"15312","STALP","STAMBPL1"
"15313","DYL2","DYNLL2"
"15314","WDR89","WDR89"
"15315","S47A1","SLC47A1"
"15316","GLT14","GALNT14"
"15317","PGAP3","PGAP3"
"15318","CPNE2","CPNE2"
"15319","KIF12","KIF12"
"15320","DTD2","DTD2"
"15321","S10AG","S100A16"
"15322","CR018","LINC00526"
"15323","SIPA1","SIPA1"
"15324","ASIC4","ASIC4"
"15325","IFT43","IFT43"
"15326","LRC46","LRRC46"
"15327","SCRN2","SCRN2"
"15328","TSN17","TSPAN17"
"15329","THOC1","THOC1"
"15330","OTUB1","OTUB1"
"15331","DPH3","DPH3"
"15332","TRM61","TRMT61A"
"15333","PERP","PERP"
"15334","HMCES","HMCES"
"15335","CKLF7","CMTM7"
"15336","CHMP6","CHMP6"
"15337","BICD1","BICD1"
"15338","PGM2","PGM2"
"15339","EF2KT","EEF2KMT"
"15340","IMP4","IMP4"
"15341","CERS2","CERS2"
"15342","MED8","MED8"
"15343","WBP1","WBP1"
"15344","CFA36","CFAP36"
"15345","MRAP2","MRAP2"
"15346","KLD7B","KLHDC7B"
"15347","DUS3L","DUS3L"
"15348","NUD11","NUDT11"
"15349","OTUD5","OTUD5"
"15350","RMD5B","RMND5B"
"15351","S35A4","SLC35A4"
"15352","P2Y11","P2RY11"
"15353","BSCL2","BSCL2"
"15354","LTV1","LTV1"
"15355","SDSL","SDSL"
"15356","RM48","MRPL48"
"15357","ZN274","ZNF274"
"15358","VMP1","VMP1"
"15359","PLPP","PDXP"
"15360","SCMH1","SCMH1"
"15361","AURKB","AURKB"
"15362","CEP95","CEP95"
"15363","ZN799","ZNF799"
"15364","CALL4","CALML4"
"15365","DMAC1","DMAC1"
"15366","RN185","RNF185"
"15367","DCNL1","DCUN1D1"
"15368","FA89A","FAM89A"
"15369","TRM2","TRMT2B"
"15370","FAH2A","FAHD2A"
"15371","F163A","FAM163A"
"15372","PLPR2","PLPPR2"
"15373","SMRD1","SMARCD1"
"15374","TOE1","TOE1"
"15375","CDA7L","CDCA7L"
"15376","SREC2","SCARF2"
"15377","RUSF1","RUSF1"
"15378","DDX27","DDX27"
"15379","ACBG1","ACSBG1"
"15380","ZDH12","ZDHHC12"
"15381","BORC6","BORCS6"
"15382","AB17A","ABHD17A"
"15383","XAGE2","XAGE2"
"15384","PAGE5","PAGE5"
"15385","MACIR","MACIR"
"15386","PGCB","BCAN"
"15387","SYMM","MARS2"
"15388","TECT2","TCTN2"
"15389","A7L3B","ATXN7L3B"
"15390","GWL","MASTL"
"15391","CP074","C16orf74"
"15392","MTNB","APIP"
"15393","ZC21A","ZC2HC1A"
"15394","LIN37","LIN37"
"15395","S41A3","SLC41A3"
"15396","MSD3","MSANTD3"
"15397","TIMD4","TIMD4"
"15398","SNF8","SNF8"
"15399","CENPN","CENPN"
"15400","RBM18","RBM18"
"15401","ZN486","ZNF486"
"15402","MYO19","MYO19"
"15403","S39AD","SLC39A13"
"15404","S2544","SLC25A44"
"15405","ZCCHL","ZC3HAV1L"
"15406","ZN764","ZNF764"
"15407","COQ2","COQ2"
"15408","P121A","POM121"
"15409","CA159","C1orf159"
"15410","TONSL","TONSL"
"15411","NTAQ1","NTAQ1"
"15412","PX11C","PEX11G"
"15413","CC120","CCDC120"
"15414","PDLI5","PDLIM5"
"15415","CREL1","CRELD1"
"15416","ACY3","ACY3"
"15417","ERO1A","ERO1A"
"15418","TMM80","TMEM80"
"15419","PRR11","PRR11"
"15420","SFRP2","SFRP2"
"15421","SIM10","SMIM10"
"15422","TM169","TMEM169"
"15423","TMM19","TMEM19"
"15424","GRM2B","GRAMD2B"
"15425","SENP5","SENP5"
"15426","CCD34","CCDC34"
"15427","MS4A3","MS4A3"
"15428","FMC1","FMC1"
"15429","SH3Y1","SH3YL1"
"15430","PED1B","PCED1B"
"15431","SAHH3","AHCYL2"
"15432","DOCK6","DOCK6"
"15433","OXND1","OXNAD1"
"15434","T176A","TMEM176A"
"15435","ZN419","ZNF419"
"15436","C2AIL","CDKN2AIPNL"
"15437","MED30","MED30"
"15438","NAF1","NAF1"
"15439","REEP6","REEP6"
"15440","PGAM5","PGAM5"
"15441","MR1L1","MRFAP1L1"
"15442","SGSM3","SGSM3"
"15443","DIRA2","DIRAS2"
"15444","TM41A","TMEM41A"
"15445","INT4","INTS4"
"15446","DDRGK","DDRGK1"
"15447","DHTK1","DHTKD1"
"15448","HES6","HES6"
"15449","URAS1","URB1-AS1"
"15450","ABHD8","ABHD8"
"15451","SCLY","SCLY"
"15452","PREY","PYURF"
"15453","FUBP3","FUBP3"
"15454","SPF45","RBM17"
"15455","ZN625","ZNF625"
"15456","PP16A","PPP1R16A"
"15457","COX14","COX14"
"15458","TM141","TMEM141"
"15459","RCC1L","RCC1L"
"15460","SYNM","NARS2"
"15461","GPTC3","GPATCH3"
"15462","KAZD1","KAZALD1"
"15463","SUCB2","SUCLG2"
"15464","REXO5","REXO5"
"15465","IGS21","IGSF21"
"15466","AJUBA","AJUBA"
"15467","FXL20","FBXL20"
"15468","LRCH3","LRCH3"
"15469","GMPPA","GMPPA"
"15470","TM101","TMEM101"
"15471","BOD1","BOD1"
"15472","GMCL1","GMCL1"
"15473","COA8","COA8"
"15474","DYDC2","DYDC2"
"15475","TET5A","TENT5A"
"15476","VSIG2","VSIG2"
"15477","ZN414","ZNF414"
"15478","ZN845","ZNF845"
"15479","YV007","-"
"15480","HPDL","HPDL"
"15481","RAX2","RAX2"
"15482","ZN496","ZNF496"
"15483","ARAS1","ARHGAP5-AS1"
"15484","ZBED3","ZBED3"
"15485","ABHEB","ABHD14B"
"15486","NGLY1","NGLY1"
"15487","FXDC2","FAXDC2"
"15488","SHD","SHD"
"15489","SC22A","SEC22A"
"15490","ATPMD","ATP5MD"
"15491","A26L1","ANKRD36BP1"
"15492","NSL1","NSL1"
"15493","CBPB2","CPB2"
"15494","PAWR","PAWR"
"15495","ADTRP","ADTRP"
"15496","RBM41","RBM41"
"15497","MET2A","METTL2A"
"15498","RSRC1","RSRC1"
"15499","THOC3","THOC3"
"15500","ITCH","ITCH"
"15501","TXD15","TXNDC15"
"15502","MRP9","ABCC12"
"15503","ABCCB","ABCC11"
"15504","TPD55","TPD52L3"
"15505","KIRR1","KIRREL1"
"15506","CYYR1","CYYR1"
"15507","CELF6","CELF6"
"15508","ESIP1","EPSTI1"
"15509","WNK4","WNK4"
"15510","PIWL1","PIWIL1"
"15511","LRIG1","LRIG1"
"15512","PKHA8","PLEKHA8"
"15513","M4A14","MS4A14"
"15514","DYH8","DNAH8"
"15515","COG3","COG3"
"15516","HIC2","HIC2"
"15517","CK5P3","CDK5RAP3"
"15518","LOXL4","LOXL4"
"15519","MPP4","MPP4"
"15520","VPS39","VPS39"
"15521","ZN479","ZNF479"
"15522","EAF1","EAF1"
"15523","AKCL2","AKR1E2"
"15524","SC16B","SEC16B"
"15525","MAP6","MAP6"
"15526","SIAT2","ST6GAL2"
"15527","ZN594","ZNF594"
"15528","VPS50","VPS50"
"15529","MAGD4","MAGED4B"
"15530","ZN469","ZNF469"
"15531","VCIP1","VCPIP1"
"15532","RADIL","RADIL"
"15533","SPTCS","SPG11"
"15534","ELMO2","ELMO2"
"15535","JPH4","JPH4"
"15536","TMX3","TMX3"
"15537","DCAF5","DCAF5"
"15538","HIPL1","HHIPL1"
"15539","MAML3","MAML3"
"15540","ZN333","ZNF333"
"15541","ZN462","ZNF462"
"15542","CHAP1","CHAMP1"
"15543","LRIQ1","LRRIQ1"
"15544","LMBL3","L3MBTL3"
"15545","LCOR","LCOR"
"15546","CC136","CCDC136"
"15547","NEUL4","NEURL4"
"15548","FEM1C","FEM1C"
"15549","MY15B","MYO15B"
"15550","ZFP91","ZFP91"
"15551","CDHR1","CDHR1"
"15552","PCD16","DCHS1"
"15553","CLMN","CLMN"
"15554","M4A4A","MS4A4A"
"15555","PGBD1","PGBD1"
"15556","S45A3","SLC45A3"
"15557","S41A2","SLC41A2"
"15558","SRAC1","SERAC1"
"15559","MAEL","MAEL"
"15560","PDLI2","PDLIM2"
"15561","HSH2D","HSH2D"
"15562","FACR2","FAR2"
"15563","BT3L4","BTF3L4"
"15564","RN170","RNF170"
"15565","ANCHR","ZFYVE19"
"15566","RITA1","RITA1"
"15567","CH076","C8orf76"
"15568","S35E1","SLC35E1"
"15569","TM87B","TMEM87B"
"15570","ZN668","ZNF668"
"15571","ZBT45","ZBTB45"
"15572","ZN514","ZNF514"
"15573","UBP47","USP47"
"15574","AGRG7","ADGRG7"
"15575","ZC3HA","ZC3H10"
"15576","ZN521","ZNF521"
"15577","CLP1L","CLPTM1L"
"15578","TOPK","PBK"
"15579","ARL5B","ARL5B"
"15580","DNJC1","DNAJC1"
"15581","CABS1","CABS1"
"15582","F71F1","FAM71F1"
"15583","BTBD6","BTBD6"
"15584","PRAC1","PRAC1"
"15585","SMIM8","SMIM8"
"15586","MEG10","MEGF10"
"15587","SCYL1","SCYL1"
"15588","CR012","C18orf12"
"15589","MSLNL","MSLNL"
"15590","COX42","COX4I2"
"15591","KCNS1","KCNS1"
"15592","O10C1","OR10C1"
"15593","H2A1H","H2AC12"
"15594","Z512B","ZNF512B"
"15595","LRAT2","LRATD2"
"15596","CNDP1","CNDP1"
"15597","PKNX2","PKNOX2"
"15598","LRAT1","LRATD1"
"15599","RPGR1","RPGRIP1"
"15600","PLAT5","PLAAT5"
"15601","CXD4","GJD4"
"15602","EXOC2","EXOC2"
"15603","CNDP2","CNDP2"
"15604","TNIP3","TNIP3"
"15605","ASPP1","PPP1R13B"
"15606","EHMT2","EHMT2"
"15607","ZFR","ZFR"
"15608","LMLN","LMLN"
"15609","F210B","FAM210B"
"15610","PHAR3","PHACTR3"
"15611","EGLN2","EGLN2"
"15612","F167A","FAM167A"
"15613","FAAS1","FAM167A-AS1"
"15614","CH014","LINC00208"
"15615","S35G5","SLC35G5"
"15616","BT2A3","BTN2A3P"
"15617","WDR90","WDR90"
"15618","P12L2","POM121L2"
"15619","SPAC7","SPACA7"
"15620","LYZL4","LYZL4"
"15621","CD036","C4orf36"
"15622","CAZA3","CAPZA3"
"15623","SPT17","SPATA17"
"15624","SUSD3","SUSD3"
"15625","LCFC1","LLCFC1"
"15626","CALR3","CALR3"
"15627","C170L","CEP170P1"
"15628","NAR5","ART5"
"15629","RL10L","RPL10L"
"15630","RHOV","RHOV"
"15631","MARK4","MARK4"
"15632","KCNH8","KCNH8"
"15633","CPNS2","CAPNS2"
"15634","LLR1","LRR1"
"15635","B3GT6","B3GALT6"
"15636","NSD1","NSD1"
"15637","EP400","EP400"
"15638","SNX27","SNX27"
"15639","KI16B","KIF16B"
"15640","SNX22","SNX22"
"15641","ALPK3","ALPK3"
"15642","FCRL2","FCRL2"
"15643","FCRL1","FCRL1"
"15644","ANM6","PRMT6"
"15645","MRGX4","MRGPRX4"
"15646","MRGX3","MRGPRX3"
"15647","MRGX2","MRGPRX2"
"15648","MRGX1","MRGPRX1"
"15649","IFT74","IFT74"
"15650","VATG3","ATP6V1G3"
"15651","PGRP4","PGLYRP4"
"15652","PGRP3","PGLYRP3"
"15653","SIG10","SIGLEC10"
"15654","BMF","BMF"
"15655","SGCZ","SGCZ"
"15656","TRI47","TRIM47"
"15657","SENP8","SENP8"
"15658","CNO6L","CNOT6L"
"15659","HSFY1","HSFY2"
"15660","CX058","CXorf58"
"15661","DHRS1","DHRS1"
"15662","UBX10","UBXN10"
"15663","CEP19","CEP19"
"15664","SPT32","SPATA32"
"15665","CP092","C16orf92"
"15666","CH048","C8orf48"
"15667","DJC30","DNAJC30"
"15668","CL037","LINC00615"
"15669","CD045","C4orf45"
"15670","TEX37","TEX37"
"15671","CT173","C20orf173"
"15672","FA81B","FAM81B"
"15673","CL042","C12orf42"
"15674","PPR36","PPP1R36"
"15675","LURA1","LURAP1"
"15676","TAFA4","TAFA4"
"15677","UB2E2","UBE2E2"
"15678","CB050","C2orf50"
"15679","APLD1","APOLD1"
"15680","CB048","C2orf48"
"15681","SAMD8","SAMD8"
"15682","CA074","C1orf74"
"15683","CI072","C9orf72"
"15684","RNPC3","RNPC3"
"15685","IMP1L","IMMP1L"
"15686","MRFL","MYRFL"
"15687","Z354B","ZNF354B"
"15688","KS6R","RSKR"
"15689","PRIPO","PRIMPOL"
"15690","CAR19","CARD19"
"15691","ZSC31","ZSCAN31"
"15692","CCD17","CCDC17"
"15693","ZN597","ZNF597"
"15694","CC74B","CCDC74B"
"15695","MAGBA","MAGEB10"
"15696","CANB2","PPP3R2"
"15697","RMD2","RMDN2"
"15698","CJ090","C10orf90"
"15699","HYLS1","HYLS1"
"15700","IFAS1","IGF2BP2-AS1"
"15701","CL067","LINC00477"
"15702","CNBD2","CNBD2"
"15703","PRRC1","PRRC1"
"15704","TEKT5","TEKT5"
"15705","KAD7","AK7"
"15706","TEX55","TEX55"
"15707","CU129","LINC00479"
"15708","NBPF4","NBPF4"
"15709","TBATA","TBATA"
"15710","F227B","FAM227B"
"15711","MAGBI","MAGEB18"
"15712","CC114","CCDC114"
"15713","YP010","-"
"15714","LRGUK","LRGUK"
"15715","FEAS2","FER1L6-AS2"
"15716","CCDC7","CCDC7"
"15717","YV008","-"
"15718","DNHD1","DNHD1"
"15719","CC138","CCDC138"
"15720","CFA53","CFAP53"
"15721","ADAD1","ADAD1"
"15722","KLH15","KLHL15"
"15723","CCD42","CCDC42"
"15724","FGD4","FGD4"
"15725","PACRG","PACRG"
"15726","DMRTB","DMRTB1"
"15727","KAD8","AK8"
"15728","HARB1","HARBI1"
"15729","DRC1","DRC1"
"15730","C295L","CEP295NL"
"15731","MERB1","BMERB1"
"15732","MF14A","MFSD14A"
"15733","CA147","C1orf147"
"15734","CL066","C12orf66"
"15735","CI085","C9orf85"
"15736","FXL18","FBXL18"
"15737","ZN512","ZNF512"
"15738","YO028","-"
"15739","STAC3","STAC3"
"15740","CC140","CCDC140"
"15741","CQ10A","COQ10A"
"15742","NSE2","NSMCE2"
"15743","JSPR1","JSRP1"
"15744","NSE3","NSMCE3"
"15745","PCMD1","PCMTD1"
"15746","HEXI2","HEXIM2"
"15747","TMM68","TMEM68"
"15748","CE034","C5orf34"
"15749","PPM1M","PPM1M"
"15750","CBPC4","AGBL1"
"15751","RIPR3","RIPOR3"
"15752","FA20A","FAM20A"
"15753","ZFP42","ZFP42"
"15754","HS12B","HSPA12B"
"15755","H6ST2","HS6ST2"
"15756","NALP4","NLRP4"
"15757","TEAN2","TCEANC2"
"15758","ZN488","ZNF488"
"15759","ZSWM3","ZSWIM3"
"15760","KCTD7","KCTD7"
"15761","CFA57","CFAP57"
"15762","OBAS1","OBSCN-AS1"
"15763","ZN560","ZNF560"
"15764","ROBO3","ROBO3"
"15765","GL1D1","GLT1D1"
"15766","YJ006","-"
"15767","RN145","RNF145"
"15768","PRIC1","PRICKLE1"
"15769","CF195","LINC01600"
"15770","CFA44","CFAP44"
"15771","CEP63","CEP63"
"15772","CQ077","C17orf77"
"15773","ZN778","ZNF778"
"15774","YTDC1","YTHDC1"
"15775","KREM1","KREMEN1"
"15776","TLCD4","TLCD4"
"15777","ZDH15","ZDHHC15"
"15778","CCD43","CCDC43"
"15779","COG8","COG8"
"15780","TIGD1","TIGD1"
"15781","CKLF3","CMTM3"
"15782","ZNF48","ZNF48"
"15783","WDR92","WDR92"
"15784","NOL4L","NOL4L"
"15785","F161B","FAM161B"
"15786","GD1L1","GDAP1L1"
"15787","F218A","FAM218A"
"15788","VTM2L","VSTM2L"
"15789","SPT33","SPATA33"
"15790","CG026","C7orf26"
"15791","JKIP1","JAKMIP1"
"15792","G137A","GPR137"
"15793","ZN75A","ZNF75A"
"15794","AP4AT","TEPSIN"
"15795","ZN681","ZNF681"
"15796","CFA54","CFAP54"
"15797","PLD3A","PRELID3A"
"15798","TMM83","LINC00052"
"15799","ZN714","ZNF714"
"15800","TTC14","TTC14"
"15801","CK037","LINC00167"
"15802","ZN578","ZNF578"
"15803","PWP2A","PWWP2A"
"15804","MBOA7","MBOAT7"
"15805","DOCK7","DOCK7"
"15806","CR015","C18orf15"
"15807","HUTU","UROC1"
"15808","ZN641","ZNF641"
"15809","S6A18","SLC6A18"
"15810","ZN396","ZNF396"
"15811","SPT13","SPATA13"
"15812","RILP","RILP"
"15813","TSNA1","TSNARE1"
"15814","CEP20","CEP20"
"15815","SFXN2","SFXN2"
"15816","ZN830","ZNF830"
"15817","ZMAT2","ZMAT2"
"15818","F210A","FAM210A"
"15819","ZN583","ZNF583"
"15820","FRMD6","FRMD6"
"15821","CH049","C8orf49"
"15822","TTC25","TTC25"
"15823","ZN558","ZNF558"
"15824","ZN582","ZNF582"
"15825","BROMI","TBC1D32"
"15826","LRFN5","LRFN5"
"15827","ZN570","ZNF570"
"15828","YI001","-"
"15829","ZN285","ZNF285"
"15830","KLH32","KLHL32"
"15831","ZFP3","ZFP3"
"15832","NDF6","NEUROD6"
"15833","RUN3B","RUNDC3B"
"15834","TMM74","TMEM74"
"15835","ZN599","ZNF599"
"15836","SCLT1","SCLT1"
"15837","CH037","C8orf37"
"15838","TOX2","TOX2"
"15839","AIFM3","AIFM3"
"15840","MHAS1","MIR1-1HG-AS1"
"15841","PTHD1","PTCHD1"
"15842","WWAS2","WWC2-AS2"
"15843","RDH12","RDH12"
"15844","YPEL4","YPEL4"
"15845","ASB16","ASB16"
"15846","CLUP3","CLUHP3"
"15847","CC115","CCDC115"
"15848","NP1L5","NAP1L5"
"15849","GUCD1","GUCD1"
"15850","PCFT","SLC46A1"
"15851","CNT3B","CNTNAP3B"
"15852","SAM11","SAMD11"
"15853","HUTI","AMDHD1"
"15854","ANR27","ANKRD27"
"15855","LRRC7","LRRC7"
"15856","KCC1G","CAMK1G"
"15857","DACH2","DACH2"
"15858","CLIC6","CLIC6"
"15859","NECT4","NECTIN4"
"15860","MUS81","MUS81"
"15861","FOXN4","FOXN4"
"15862","WFKN1","WFIKKN1"
"15863","PRAP1","PRAP1"
"15864","BIRC8","BIRC8"
"15865","NSUN5","NSUN5"
"15866","SPB11","SERPINB11"
"15867","RPR1A","RPRD1A"
"15868","NLRP3","NLRP3"
"15869","5NT1B","NT5C1B"
"15870","FCRL3","FCRL3"
"15871","COLA1","COL21A1"
"15872","AGAP3","AGAP3"
"15873","ARAP1","ARAP1"
"15874","ACAP3","ACAP3"
"15875","WDFY2","WDFY2"
"15876","CTSR2","CATSPER2"
"15877","SPB12","SERPINB12"
"15878","AGAP4","AGAP4"
"15879","QRFPR","QRFPR"
"15880","GP101","GPR101"
"15881","GPR82","GPR82"
"15882","OXGR1","OXGR1"
"15883","GPR78","GPR78"
"15884","IPO9","IPO9"
"15885","NECA3","NECAB3"
"15886","GNRR2","GNRHR2"
"15887","CASD1","CASD1"
"15888","NOE3","OLFM3"
"15889","LRC3B","LRRC3B"
"15890","IP6K3","IP6K3"
"15891","AP1S3","AP1S3"
"15892","MIA2","MIA2"
"15893","DCBD2","DCBLD2"
"15894","IL17F","IL17F"
"15895","PGRP2","PGLYRP2"
"15896","MOGT1","MOGAT1"
"15897","DGAT2","DGAT2"
"15898","AGRA2","ADGRA2"
"15899","ARHGH","ARHGEF17"
"15900","INP4A","INPP4A"
"15901","OPALI","OPALIN"
"15902","ZIM3","ZIM3"
"15903","MCEE","MCEE"
"15904","TGM7","TGM7"
"15905","TSSK2","TSSK2"
"15906","M4A4E","MS4A4E"
"15907","M4A10","MS4A10"
"15908","BBC3B","BBC3"
"15909","NOX5","NOX5"
"15910","DB118","DEFB118"
"15911","SPRR4","SPRR4"
"15912","FCRL4","FCRL4"
"15913","RBM14","RBM14"
"15914","SG3A2","SCGB3A2"
"15915","TECTB","TECTB"
"15916","ERMAP","ERMAP"
"15917","ZN363","RCHY1"
"15918","Z385A","ZNF385A"
"15919","ADCYA","ADCY10"
"15920","TREF1","TRERF1"
"15921","TSSK3","TSSK3"
"15922","TSG13","TSGA13"
"15923","GBP5","GBP5"
"15924","GBP4","GBP4"
"15925","SORC2","SORCS2"
"15926","SIG12","SIGLEC12"
"15927","IPP2L","PPP1R2P1"
"15928","ZN317","ZNF317"
"15929","KLHL5","KLHL5"
"15930","KCNC2","KCNC2"
"15931","FACOS","FANCD2OS"
"15932","GAFA1","GAFA1"
"15933","AQP10","AQP10"
"15934","DUX5","DUX5"
"15935","DUX3","DUX3"
"15936","UHRF2","UHRF2"
"15937","NED4L","NEDD4L"
"15938","QKI","QKI"
"15939","ODF3A","ODF3"
"15940","SYGP1","SYNGAP1"
"15941","PNMA5","PNMA5"
"15942","LENG8","LENG8"
"15943","F193B","FAM193B"
"15944","RN157","RNF157"
"15945","CC85A","CCDC85A"
"15946","SLIK1","SLITRK1"
"15947","PKH4B","PLEKHG4B"
"15948","K1908","PSMG3-AS1"
"15949","FMNL2","FMNL2"
"15950","NEK1","NEK1"
"15951","PUS7","PUS7"
"15952","F111A","FAM111A"
"15953","CSMD1","CSMD1"
"15954","LMTK3","LMTK3"
"15955","TPPC9","TRAPPC9"
"15956","PLIN4","PLIN4"
"15957","BTBD9","BTBD9"
"15958","TRNT1","TRNT1"
"15959","SMG1","SMG1"
"15960","ASB2","ASB2"
"15961","FACC1","FLACC1"
"15962","CDK15","CDK15"
"15963","ALS2","ALS2"
"15964","TM237","TMEM237"
"15965","CIB3","CIB3"
"15966","DERL3","DERL3"
"15967","ALKB3","ALKBH3"
"15968","KI20B","KIF20B"
"15969","B3A4","SLC4A9"
"15970","GSDMA","GSDMA"
"15971","YPEL2","YPEL2"
"15972","RHG07","DLC1"
"15973","PP1RA","PPP1R10"
"15974","DEPD7","DEPDC7"
"15975","S38A2","SLC38A2"
"15976","UIF","FYTTD1"
"15977","MYCT","SLC2A13"
"15978","ATAD5","ATAD5"
"15979","LR37B","LRRC37B"
"15980","TEFM","TEFM"
"15981","RAB3I","RAB3IP"
"15982","ACRC","GCNA"
"15983","MTMR9","MTMR9"
"15984","PRAM","PRAM1"
"15985","LYZL5","SPACA5B"
"15986","HS3S6","HS3ST6"
"15987","VPS35","VPS35"
"15988","SIM14","SMIM14"
"15989","ALPK1","ALPK1"
"15990","SG3A1","SCGB3A1"
"15991","PURB","PURB"
"15992","TSN32","TSPAN32"
"15993","ARX","ARX"
"15994","KPSH2","PSKH2"
"15995","TRPM7","TRPM7"
"15996","PHF12","PHF12"
"15997","PCD15","PCDH15"
"15998","FRG2B","FRG2B"
"15999","1A1L1","ACCS"
"16000","XPO6","XPO6"
"16001","HHIP","HHIP"
"16002","H2A1A","H2AC1"
"16003","PANX3","PANX3"
"16004","MAGI1","MAGI1"
"16005","RET7","RBP7"
"16006","SPAG5","SPAG5"
"16007","OR5BC","OR5B12"
"16008","OR5B2","OR5B2"
"16009","OR2M4","OR2M4"
"16010","OR2M2","OR2M2"
"16011","OR2V2","OR2V2"
"16012","OR2A7","OR2A7"
"16013","O2A14","OR2A14"
"16014","OR2A5","OR2A5"
"16015","O14A2","OR14A2"
"16016","OR4CC","OR4C12"
"16017","OR4F4","OR4F4"
"16018","OR4K3","OR4K3"
"16019","OR1F2","OR1F2P"
"16020","OR7D2","OR7D2"
"16021","OR5MB","OR5M11"
"16022","OR8B4","OR8B4"
"16023","OR8B2","OR8B2"
"16024","OR6C1","OR6C1"
"16025","O52B2","OR52B2"
"16026","O52E6","OR52E6"
"16027","PANX2","PANX2"
"16028","PANX1","PANX1"
"16029","FCRL5","FCRL5"
"16030","NACC1","NACC1"
"16031","ZN300","ZNF300"
"16032","SNX18","SNX18"
"16033","PASK","PASK"
"16034","PAR4","F2RL3"
"16035","NR1H4","NR1H4"
"16036","TAAR6","TAAR6"
"16037","TAAR9","TAAR9"
"16038","TAAR1","TAAR1"
"16039","TR13C","TNFRSF13C"
"16040","FER3L","FERD3L"
"16041","CIC","CIC"
"16042","CITE4","CITED4"
"16043","BBS4","BBS4"
"16044","UIMC1","UIMC1"
"16045","SIG11","SIGLEC11"
"16046","VP13A","VPS13A"
"16047","SPR2F","SPRR2F"
"16048","S26A8","SLC26A8"
"16049","MED15","MED15"
"16050","UCN2","UCN2"
"16051","G3ST4","GAL3ST4"
"16052","KCNA7","KCNA7"
"16053","EFGM","GFM1"
"16054","ERGI2","ERGIC2"
"16055","MCCA","MCCC1"
"16056","OXLA","IL4I1"
"16057","PEO1","TWNK"
"16058","KKCC2","CAMKK2"
"16059","TGS1","TGS1"
"16060","NUDC1","NUDCD1"
"16061","ERBIN","ERBIN"
"16062","CTGE2","CTAGE1"
"16063","GCP6","TUBGCP6"
"16064","GCP5","TUBGCP5"
"16065","UBP28","USP28"
"16066","FNBP1","FNBP1"
"16067","TRIB3","TRIB3"
"16068","TRIB1","TRIB1"
"16069","PCX1","PCNX1"
"16070","HMCN1","HMCN1"
"16071","CRML","CRAMP1"
"16072","IF140","IFT140"
"16073","LMF1","LMF1"
"16074","PRR25","PRR25"
"16075","WDR24","WDR24"
"16076","JMJD8","JMJD8"
"16077","MTL26","METTL26"
"16078","RB40C","RAB40C"
"16079","S22AC","SLC22A12"
"16080","KS6C1","RPS6KC1"
"16081","NODAL","NODAL"
"16082","PRPK","TP53RK"
"16083","PIGS","PIGS"
"16084","TESK2","TESK2"
"16085","WRIP1","WRNIP1"
"16086","RANB9","RANBP9"
"16087","CSRN1","CSRNP1"
"16088","CLCC1","CLCC1"
"16089","RSLAB","RASL10B"
"16090","UBL7","UBL7"
"16091","HPLN3","HAPLN3"
"16092","LYSM1","LYSMD1"
"16093","CCNL2","CCNL2"
"16094","CK2N2","CAMK2N2"
"16095","PEBP4","PEBP4"
"16096","MYADM","MYADM"
"16097","PKHF1","PLEKHF1"
"16098","SERC2","SERINC2"
"16099","NEB2","PPP1R9B"
"16100","SRPK1","SRPK1"
"16101","SMC6","SMC6"
"16102","DMTA2","DMRTA2"
"16103","DCR1C","DCLRE1C"
"16104","ABHD1","ABHD1"
"16105","ZN347","ZNF347"
"16106","TCPQM","CCT8L2"
"16107","TBX15","TBX15"
"16108","KCD15","KCTD15"
"16109","STRBP","STRBP"
"16110","TSN18","TSPAN18"
"16111","TM209","TMEM209"
"16112","ZN607","ZNF607"
"16113","DIRC2","SLC49A4"
"16114","GPX7","GPX7"
"16115","FIZ1","FIZ1"
"16116","CPXM1","CPXM1"
"16117","ORAI2","ORAI2"
"16118","CK5P2","CDK5RAP2"
"16119","ZN587","ZNF587"
"16120","ATOH8","ATOH8"
"16121","CP2S1","CYP2S1"
"16122","ZN382","ZNF382"
"16123","IWS1","IWS1"
"16124","SIN3A","SIN3A"
"16125","CEP89","CEP89"
"16126","OSBL9","OSBPL9"
"16127","CRBN","CRBN"
"16128","INT14","INTS14"
"16129","ZSC10","ZSCAN10"
"16130","AEDO","ADO"
"16131","CK5P1","CDK5RAP1"
"16132","MA7D2","MAP7D2"
"16133","SEBP2","SECISBP2"
"16134","RSF1","RSF1"
"16135","ZIC5","ZIC5"
"16136","RBM15","RBM15"
"16137","PP16B","PPP1R16B"
"16138","RUFY1","RUFY1"
"16139","IMP2L","IMMP2L"
"16140","MBOA4","MBOAT4"
"16141","KCNKH","KCNK17"
"16142","KCNKG","KCNK16"
"16143","MINT","SPEN"
"16144","CDRTF","CDRT15"
"16145","PNKP","PNKP"
"16146","NMNA3","NMNAT3"
"16147","SETB2","SETDB2"
"16148","DSCR8","DSCR8"
"16149","MMS19","MMS19"
"16150","SL9A7","SLC9A7"
"16151","UHRF1","UHRF1"
"16152","GPHA2","GPHA2"
"16153","INSM2","INSM2"
"16154","PCDBI","PCDHB18P"
"16155","NIBA2","NIBAN2"
"16156","YMEL1","YME1L1"
"16157","RMD3","RMDN3"
"16158","CSF3R","CSF3R"
"16159","HBEGF","HBEGF"
"16160","HTF4","TCF12"
"16161","MUC4","MUC4"
"16162","AMELX","AMELX"
"16163","AMELY","AMELY"
"16164","SCN2A","SCN2A"
"16165","DCE1","GAD1"
"16166","MYCBP","MYCBP"
"16167","CYH2","CYTH2"
"16168","ACOX2","ACOX2"
"16169","TBCB","TBCB"
"16170","NELL2","NELL2"
"16171","PSB7","PSMB7"
"16172","VATO","ATP6V0B"
"16173","CNN2","CNN2"
"16174","CD006","LINC01587"
"16175","SEC62","SEC62"
"16176","GML","GML"
"16177","PCY2","PCYT2"
"16178","PHX2B","PHOX2B"
"16179","K1C12","KRT12"
"16180","NP1L3","NAP1L3"
"16181","CDC5L","CDC5L"
"16182","PSMD1","PSMD1"
"16183","NPY6R","NPY6R"
"16184","NOTC4","NOTCH4"
"16185","CD180","CD180"
"16186","STAC","STAC"
"16187","SDF2","SDF2"
"16188","PFD5","PFDN5"
"16189","PAFA2","PAFAH2"
"16190","OXDD","DDO"
"16191","AGAP2","AGAP2"
"16192","RING2","RNF2"
"16193","PARK7","PARK7"
"16194","S1PR3","S1PR3"
"16195","GA2L1","GAS2L1"
"16196","EYA1","EYA1"
"16197","EYA3","EYA3"
"16198","FMO2","FMO2"
"16199","NEUR1","NEU1"
"16200","SORT","SORT1"
"16201","H4G","H4C7"
"16202","GPER1","GPER1"
"16203","VAT1","VAT1"
"16204","LGMN","LGMN"
"16205","PLIN2","PLIN2"
"16206","MMP19","MMP19"
"16207","DNJC2","DNAJC2"
"16208","MPH6","MPHOSPH6"
"16209","MPP8","MPHOSPH8"
"16210","MPP9","MPHOSPH9"
"16211","MTEF1","MTERF1"
"16212","M3K14","MAP3K14"
"16213","NUP88","NUP88"
"16214","PKP4","PKP4"
"16215","PI3R4","PIK3R4"
"16216","P2RX4","P2RX4"
"16217","P2RX7","P2RX7"
"16218","NEUS","SERPINI1"
"16219","POP1","POP1"
"16220","T22D3","TSC22D3"
"16221","RIT2","RIT2"
"16222","FEV","FEV"
"16223","MNT","MNT"
"16224","S10AD","S100A13"
"16225","SCAFB","SCAF11"
"16226","ZBT18","ZBTB18"
"16227","TBX5","TBX5"
"16228","TEAD3","TEAD3"
"16229","TI17A","TIMM17A"
"16230","TSNAX","TSNAX"
"16231","TRGV9","TRGV9"
"16232","ELF4","ELF4"
"16233","NECD","NDN"
"16234","SPS2","SEPHS2"
"16235","KLF6","KLF6"
"16236","EIF3C","EIF3C"
"16237","TTC1","TTC1"
"16238","DNJC7","DNAJC7"
"16239","CCL13","CCL13"
"16240","CDCA3","CDCA3"
"16241","SPSB2","SPSB2"
"16242","C10","C12orf57"
"16243","PHB2","PHB2"
"16244","S38A3","SLC38A3"
"16245","CDX2","CDX2"
"16246","CSN8","COPS8"
"16247","PRP18","PRPF18"
"16248","RAD9A","RAD9A"
"16249","PMYT1","PKMYT1"
"16250","C560","SDHC"
"16251","EPYC","EPYC"
"16252","OSMR","OSMR"
"16253","CHP1","CHP1"
"16254","KIF2C","KIF2C"
"16255","I12R2","IL12RB2"
"16256","RGPD5","RGPD5"
"16257","CGRE1","CGREF1"
"16258","CGRF1","CGRRF1"
"16259","ZN184","ZNF184"
"16260","LPAR4","LPAR4"
"16261","GPR20","GPR20"
"16262","GPR21","GPR21"
"16263","GPR22","GPR22"
"16264","M3K5","MAP3K5"
"16265","GFI1","GFI1"
"16266","MGLL","MGLL"
"16267","MEIS3","MEIS3"
"16268","FEZ1","FEZ1"
"16269","PITX2","PITX2"
"16270","LYST","LYST"
"16271","ATX2","ATXN2"
"16272","DOK1","DOK1"
"16273","MCHR1","MCHR1"
"16274","KI2L4","KIR2DL4"
"16275","METH","MTR"
"16276","CTIP","RBBP8"
"16277","KCJ15","KCNJ15"
"16278","HCD2","HSD17B10"
"16279","COCA1","COL12A1"
"16280","SMAD5","SMAD5"
"16281","SEPT5","SEPTIN5"
"16282","SGMR1","SIGMAR1"
"16283","ZNT3","SLC30A3"
"16284","TIMP4","TIMP4"
"16285","BARD1","BARD1"
"16286","ROAA","HNRNPAB"
"16287","CCL19","CCL19"
"16288","LITAF","LITAF"
"16289","NP1L4","NAP1L4"
"16290","MGST2","MGST2"
"16291","CDC6","CDC6"
"16292","NPAS1","NPAS1"
"16293","NPAS2","NPAS2"
"16294","SNAG","NAPG"
"16295","NRTN","NRTN"
"16296","MDFI","MDFI"
"16297","PI51A","PIP5K1A"
"16298","THIOM","TXN2"
"16299","ABCA3","ABCA3"
"16300","M3K3","MAP3K3"
"16301","ATP5S","DMAC2L"
"16302","APBA2","APBA2"
"16303","NOE1","OLFM1"
"16304","CML1","CMKLR1"
"16305","GPA33","GPA33"
"16306","MIPEP","MIPEP"
"16307","ACON","ACO2"
"16308","NKX31","NKX3-1"
"16309","TM9S2","TM9SF2"
"16310","COQ7","COQ7"
"16311","S29A1","SLC29A1"
"16312","PRRX2","PRRX2"
"16313","EPAS1","EPAS1"
"16314","TS101","TSG101"
"16315","GDIR3","ARHGDIG"
"16316","CIB1","CIB1"
"16317","CPNE1","CPNE1"
"16318","TCPH","CCT7"
"16319","SMO","SMO"
"16320","MYD88","MYD88"
"16321","EBP2","EBNA1BP2"
"16322","FOXB1","FOXB1"
"16323","ARI3A","ARID3A"
"16324","SPI2A","SPIN2A"
"16325","HAUS7","HAUS7"
"16326","ANM1","PRMT1"
"16327","H2B1N","H2BC15"
"16328","H2A1J","H2AC14"
"16329","H2B1M","H2BC14"
"16330","H2B1L","H2BC13"
"16331","SC6A7","SLC6A7"
"16332","CTRC","CTRC"
"16333","SSX3","SSX3"
"16334","GBRG3","GABRG3"
"16335","ASCL2","ASCL2"
"16336","SPAG8","SPAG8"
"16337","BAG1","BAG1"
"16338","PROL1","OPRPN"
"16339","ATF6B","ATF6B"
"16340","RNF5","RNF5"
"16341","PLCA","AGPAT1"
"16342","EGFL8","EGFL8"
"16343","PRRT1","PRRT1"
"16344","PTN18","PTPN18"
"16345","SMR3A","SMR3A"
"16346","DUS9","DUSP9"
"16347","FOXC2","FOXC2"
"16348","PKP2","PKP2"
"16349","SH3G1","SH3GL1"
"16350","SH3G2","SH3GL2"
"16351","SH3G3","SH3GL3"
"16352","ADAM2","ADAM2"
"16353","CITE1","CITED1"
"16354","CITE2","CITED2"
"16355","RARR2","RARRES2"
"16356","MYOC","MYOC"
"16357","TEP1","TEP1"
"16358","OMD","OMD"
"16359","SEM3C","SEMA3C"
"16360","VRK1","VRK1"
"16361","GDF15","GDF15"
"16362","VGLL1","VGLL1"
"16363","AKAP9","AKAP9"
"16364","G3ST1","GAL3ST1"
"16365","DPYL5","DPYSL5"
"16366","B9D2","B9D2"
"16367","P2Y13","P2RY13"
"16368","APOL4","APOL4"
"16369","RSLBB","RASL11B"
"16370","NIPS1","NIPSNAP1"
"16371","DHRS9","DHRS9"
"16372","DHB14","HSD17B14"
"16373","CND3","NCAPG"
"16374","ARP5L","ARPC5L"
"16375","MICU1","MICU1"
"16376","CG025","C7orf25"
"16377","F118B","FAM118B"
"16378","HOP","HOPX"
"16379","SPI2B","SPIN2B"
"16380","PAIP2","PAIP2"
"16381","SIN1","MAPKAP1"
"16382","RBM4B","RBM4B"
"16383","RETNB","RETNLB"
"16384","KCD14","KCTD14"
"16385","SOSB1","NABP2"
"16386","TICN3","SPOCK3"
"16387","ZFY21","ZFYVE21"
"16388","KCNS3","KCNS3"
"16389","DDX50","DDX50"
"16390","RM34","MRPL34"
"16391","SMIM7","SMIM7"
"16392","TREX2","TREX2"
"16393","PD1L2","PDCD1LG2"
"16394","RNZ2","ELAC2"
"16395","TRIR","TRIR"
"16396","USB1","USB1"
"16397","KR412","KRTAP4-12"
"16398","GRWD1","GRWD1"
"16399","MACD1","MACROD1"
"16400","TCF25","TCF25"
"16401","CMS1","CMSS1"
"16402","SLX1","SLX1A"
"16403","TBL1Y","TBL1Y"
"16404","F110A","FAM110A"
"16405","KLDC3","KLHDC3"
"16406","ECSIT","ECSIT"
"16407","MEP50","WDR77"
"16408","HINFP","HINFP"
"16409","CYBC1","CYBC1"
"16410","SOST","SOST"
"16411","VKOR1","VKORC1"
"16412","DPH2","DPH2"
"16413","RT63","MRPL57"
"16414","MCHL2","PMCHL2"
"16415","KXDL1","KXD1"
"16416","ANKMT","ANTKMT"
"16417","TBA1C","TUBA1C"
"16418","SELS","SELENOS"
"16419","APOL2","APOL2"
"16420","LBHD1","LBHD1"
"16421","BCL7B","BCL7B"
"16422","SENP7","SENP7"
"16423","MBB1A","MYBBP1A"
"16424","SYT3","SYT3"
"16425","NUD12","NUDT12"
"16426","AIF1L","AIF1L"
"16427","E2AK1","EIF2AK1"
"16428","CCDC3","CCDC3"
"16429","SGIP1","SGIP1"
"16430","SLF1","SLF1"
"16431","PSD2","PSD2"
"16432","NRIP2","NRIP2"
"16433","TMM47","TMEM47"
"16434","LPIN3","LPIN3"
"16435","FERM1","FERMT1"
"16436","CT144","C20orf144"
"16437","FA83C","FAM83C"
"16438","MGME1","MGME1"
"16439","BPIA3","BPIFA3"
"16440","GORS1","GORASP1"
"16441","RTP3","RTP3"
"16442","PRS27","PRSS27"
"16443","SYT15","SYT15"
"16444","HSPB9","HSPB9"
"16445","HEPH","HEPH"
"16446","FYCO1","FYCO1"
"16447","ODC","SLC25A21"
"16448","CSTN3","CLSTN3"
"16449","COE4","EBF4"
"16450","RHXF2","RHOXF2"
"16451","DBND2","DBNDD2"
"16452","ST4A1","SULT4A1"
"16453","NEUL2","NEURL2"
"16454","SPT25","SPATA25"
"16455","ZSWM1","ZSWIM1"
"16456","OCSTP","OCSTAMP"
"16457","JPH2","JPH2"
"16458","SCAS1","SCP2D1-AS1"
"16459","ACBD6","ACBD6"
"16460","COR1B","CORO1B"
"16461","CCD77","CCDC77"
"16462","ZN559","ZNF559"
"16463","LSMD1","NAA38"
"16464","TXD17","TXNDC17"
"16465","PIGQ","PIGQ"
"16466","PLCD4","PLCD4"
"16467","BUD13","BUD13"
"16468","CPPED","CPPED1"
"16469","VPS25","VPS25"
"16470","SH23A","SH2D3A"
"16471","ZN251","ZNF251"
"16472","ZNT2","SLC30A2"
"16473","RM45","MRPL45"
"16474","CG050","C7orf50"
"16475","TIRR","NUDT16L1"
"16476","MESP1","MESP1"
"16477","REEP2","REEP2"
"16478","MXRA8","MXRA8"
"16479","LZTS2","LZTS2"
"16480","CAB45","SDF4"
"16481","SRSF8","SRSF8"
"16482","SC22C","SEC22C"
"16483","TM2D3","TM2D3"
"16484","OVOL2","OVOL2"
"16485","PDD2L","PDCD2L"
"16486","PAAF1","PAAF1"
"16487","FDXA1","FDXACB1"
"16488","PYM1","PYM1"
"16489","YK016","-"
"16490","PYGO2","PYGO2"
"16491","NUD22","NUDT22"
"16492","CF300","CFAP300"
"16493","ORAI3","ORAI3"
"16494","MIC25","CHCHD6"
"16495","FSP1","AIFM2"
"16496","ZKSC3","ZKSCAN3"
"16497","PGAP4","PGAP4"
"16498","ADPGK","ADPGK"
"16499","GPTC1","GPATCH1"
"16500","RHG09","ARHGAP9"
"16501","RIOK1","RIOK1"
"16502","LARP6","LARP6"
"16503","UQCC2","UQCC2"
"16504","MIEN1","MIEN1"
"16505","LLPH","LLPH"
"16506","CBWD1","CBWD1"
"16507","SLD5","GINS4"
"16508","TCAL7","TCEAL7"
"16509","UTP23","UTP23"
"16510","SWET1","SLC50A1"
"16511","SIKE1","SIKE1"
"16512","PELO","PELO"
"16513","PSF3","GINS3"
"16514","PXL2A","PRXL2A"
"16515","WDR83","WDR83"
"16516","S39A3","SLC39A3"
"16517","TRI56","TRIM56"
"16518","CENPK","CENPK"
"16519","APC13","ANAPC13"
"16520","ERP44","ERP44"
"16521","ZN649","ZNF649"
"16522","ZN670","ZNF670"
"16523","LXN","LXN"
"16524","ZPBP1","ZPBP"
"16525","S35A5","SLC35A5"
"16526","NPS3B","NIPSNAP3B"
"16527","TTYH2","TTYH2"
"16528","TM175","TMEM175"
"16529","ATGA1","ATG101"
"16530","NOL10","NOL10"
"16531","RHNO1","RHNO1"
"16532","NTPCR","NTPCR"
"16533","TMM79","TMEM79"
"16534","HERP2","HERPUD2"
"16535","SPEB","AGMAT"
"16536","SMAKA","C2orf88"
"16537","TIM29","TIMM29"
"16538","BTBDA","BTBD10"
"16539","PADC1","PRADC1"
"16540","ZNF2","ZNF2"
"16541","RTBDN","RTBDN"
"16542","NICN1","NICN1"
"16543","TACO1","TACO1"
"16544","HDHD3","HDHD3"
"16545","TINF2","TINF2"
"16546","TRI51","TRIM51"
"16547","GCP2","TUBGCP2"
"16548","CQ080","C17orf80"
"16549","PIMRE","PIMREG"
"16550","ESYT1","ESYT1"
"16551","MALD1","MARVELD1"
"16552","ZN577","ZNF577"
"16553","S2533","SLC25A33"
"16554","FEM1A","FEM1A"
"16555","UBAC1","UBAC1"
"16556","PCGF1","PCGF1"
"16557","TM204","TMEM204"
"16558","CCM2","CCM2"
"16559","YIPF4","YIPF4"
"16560","RTKN","RTKN"
"16561","CP070","C16orf70"
"16562","NAA11","NAA11"
"16563","SEN34","TSEN34"
"16564","EFC4B","CRACR2A"
"16565","SYT17","SYT17"
"16566","CHCH5","CHCHD5"
"16567","DESI2","DESI2"
"16568","FUZZY","FUZ"
"16569","CNPY3","CNPY3"
"16570","MTG1","MTG1"
"16571","ALG1","ALG1"
"16572","LIMD2","LIMD2"
"16573","HAUS8","HAUS8"
"16574","ALKB7","ALKBH7"
"16575","INP5K","INPP5K"
"16576","RPC7L","POLR3GL"
"16577","THAP7","THAP7"
"16578","SPXN","SPX"
"16579","NFIP1","NDFIP1"
"16580","PSMG3","PSMG3"
"16581","UPK3B","UPK3B"
"16582","CSN4","COPS4"
"16583","SOX7","SOX7"
"16584","SYT11","SYT11"
"16585","TCHP","TCHP"
"16586","F167B","FAM167B"
"16587","WAC","WAC"
"16588","DIDO1","DIDO1"
"16589","MTA3","MTA3"
"16590","SHAS3","SHANK2-AS3"
"16591","TM121","TMEM121"
"16592","RBM42","RBM42"
"16593","NAT9","NAT9"
"16594","DCTN5","DCTN5"
"16595","MCMBP","MCMBP"
"16596","AASD1","AARSD1"
"16597","DCNL5","DCUN1D5"
"16598","THUM2","THUMPD2"
"16599","YX002","-"
"16600","PAGR1","PAGR1"
"16601","RAMAC","RAMAC"
"16602","IER2","IER2"
"16603","H2AJ","H2AJ"
"16604","URM1","URM1"
"16605","LRFN3","LRFN3"
"16606","ZBED2","ZBED2"
"16607","FAP24","FAAP24"
"16608","AN32E","ANP32E"
"16609","MED10","MED10"
"16610","LRRC1","LRRC1"
"16611","P4K2A","PI4K2A"
"16612","TMM43","TMEM43"
"16613","FSD1","FSD1"
"16614","DPH7","DPH7"
"16615","CABL2","CABLES2"
"16616","TBCD","TBCD"
"16617","NDC1","NDC1"
"16618","TM208","TMEM208"
"16619","TTPAL","TTPAL"
"16620","FUCO2","FUCA2"
"16621","HGH1","HGH1"
"16622","DHRS4","DHRS4"
"16623","THTPA","THTPA"
"16624","ZN692","ZNF692"
"16625","CPLN2","CPLANE2"
"16626","LMF2","LMF2"
"16627","CRDL1","CHRDL1"
"16628","NDUF3","NDUFAF3"
"16629","CENPO","CENPO"
"16630","PR15L","PRR15L"
"16631","TRMO","TRMO"
"16632","MMTA2","MMTAG2"
"16633","TM243","TMEM243"
"16634","DOHH","DOHH"
"16635","SPNDC","SPINDOC"
"16636","MYL10","MYL10"
"16637","ADAT1","ADAT1"
"16638","MKNK1","MKNK1"
"16639","TMM70","TMEM70"
"16640","SPON2","SPON2"
"16641","MED18","MED18"
"16642","ISCA1","ISCA1"
"16643","TBB6","TUBB6"
"16644","CRUM3","CRB3"
"16645","ZSA5A","ZSCAN5A"
"16646","PAXX","PAXX"
"16647","BEGIN","BEGAIN"
"16648","RPC3","POLR3C"
"16649","ABHEA","ABHD14A"
"16650","HNRL1","HNRNPUL1"
"16651","CHCH7","CHCHD7"
"16652","MSTO1","MSTO1"
"16653","PHF23","PHF23"
"16654","PDC10","PDCD10"
"16655","RPP25","RPP25"
"16656","G6PC3","G6PC3"
"16657","MENT","MENT"
"16658","CC28B","CCDC28B"
"16659","DERL1","DERL1"
"16660","EFHD1","EFHD1"
"16661","HTAI2","HTATIP2"
"16662","DDX23","DDX23"
"16663","TCAB1","WRAP53"
"16664","MIC26","APOO"
"16665","BDH2","BDH2"
"16666","MCRI2","MCRIP2"
"16667","MET22","METTL22"
"16668","RSRP1","RSRP1"
"16669","RCAF1","RAB5IF"
"16670","CI016","C9orf16"
"16671","CHAC1","CHAC1"
"16672","ZN426","ZNF426"
"16673","EFC11","EFCAB11"
"16674","TRAF4","TRAF4"
"16675","ALG12","ALG12"
"16676","CA050","C1orf50"
"16677","MTNA","MRI1"
"16678","ABHD6","ABHD6"
"16679","CCD32","CCDC32"
"16680","SCMC3","SLC25A23"
"16681","MELPH","MLPH"
"16682","WDR18","WDR18"
"16683","VAMP8","VAMP8"
"16684","THUM3","THUMPD3"
"16685","DUS26","DUSP26"
"16686","MTND","ADI1"
"16687","RN126","RNF126"
"16688","CP250","CEP250"
"16689","MECR","MECR"
"16690","EMC6","EMC6"
"16691","NTM1A","NTMT1"
"16692","CNPD1","CNPPD1"
"16693","SNR25","SNRNP25"
"16694","EDEM2","EDEM2"
"16695","ZN747","ZNF747"
"16696","LRC61","LRRC61"
"16697","KTNB1","KATNB1"
"16698","TBB2B","TUBB2B"
"16699","FICD","FICD"
"16700","DCC1","DSCC1"
"16701","LST8","MLST8"
"16702","ASHWN","C2orf49"
"16703","TM109","TMEM109"
"16704","TRI62","TRIM62"
"16705","PBDC1","PBDC1"
"16706","KIFC3","KIFC3"
"16707","PTSS2","PTDSS2"
"16708","SIA7E","ST6GALNAC5"
"16709","PHF20","PHF20"
"16710","NOC4L","NOC4L"
"16711","UT14A","UTP14A"
"16712","DUS23","DUSP23"
"16713","ALG8","ALG8"
"16714","TMED9","TMED9"
"16715","TM147","TMEM147"
"16716","NUP58","NUP58"
"16717","SELO","SELENOO"
"16718","DPCD","DPCD"
"16719","GGACT","GGACT"
"16720","RUSC1","RUSC1"
"16721","GNL3","GNL3"
"16722","SPA5L","SPATA5L1"
"16723","HRC23","HERC2P3"
"16724","RIOK2","RIOK2"
"16725","TR61B","TRMT61B"
"16726","TMUB1","TMUB1"
"16727","FND11","FNDC11"
"16728","TALD3","KIAA0586"
"16729","TIM21","TIMM21"
"16730","F174C","FAM174C"
"16731","TIPIN","TIPIN"
"16732","SMIM2","SMIM2"
"16733","T106C","TMEM106C"
"16734","SARG","SARG"
"16735","MAD3","MXD3"
"16736","KIFC1","KIFC1"
"16737","NUP85","NUP85"
"16738","TPPP3","TPPP3"
"16739","ELOV1","ELOVL1"
"16740","DDA1","DDA1"
"16741","KATL1","KATNAL1"
"16742","CINP","CINP"
"16743","HIRP3","HIRIP3"
"16744","HIG2A","HIGD2A"
"16745","IFT27","IFT27"
"16746","YJU2","YJU2"
"16747","NUDT9","NUDT9"
"16748","SYTM","TARS2"
"16749","CC106","CCDC106"
"16750","THIC","ACAT2"
"16751","RTL8A","RTL8A"
"16752","REPI1","REPIN1"
"16753","TRAIP","TRAIP"
"16754","RBM4","RBM4"
"16755","SSBP4","SSBP4"
"16756","SCNM1","SCNM1"
"16757","FUND2","FUNDC2"
"16758","RPAP1","RPAP1"
"16759","RHAS1","RHPN1-AS1"
"16760","SF3B5","SF3B5"
"16761","CYREN","CYREN"
"16762","CA043","C1orf43"
"16763","ZN416","ZNF416"
"16764","SFXN3","SFXN3"
"16765","PRR14","PRR14"
"16766","COL11","COLEC11"
"16767","YIPF2","YIPF2"
"16768","LFG2","FAIM2"
"16769","CHID1","CHID1"
"16770","CDCA7","CDCA7"
"16771","PAPOG","PAPOLG"
"16772","MND1","MND1"
"16773","CAR10","CARD10"
"16774","NADAP","SLC4A1AP"
"16775","CDK19","CDK19"
"16776","BOC","BOC"
"16777","SPAT9","SPATA9"
"16778","CDAC1","CDADC1"
"16779","TTLL2","TTLL2"
"16780","SSBP3","SSBP3"
"16781","SCRT1","SCRT1"
"16782","APOL6","APOL6"
"16783","APOL5","APOL5"
"16784","PHF7","PHF7"
"16785","GATA5","GATA5"
"16786","GTPB2","GTPBP2"
"16787","SYCP2","SYCP2"
"16788","LS14B","LSM14B"
"16789","RBM24","RBM24"
"16790","GGTL1","GGTLC1"
"16791","TPSNR","TAPBPL"
"16792","FANCJ","BRIP1"
"16793","SRBS1","SORBS1"
"16794","JAM3","JAM3"
"16795","HINT2","HINT2"
"16796","CARD6","CARD6"
"16797","BTBD2","BTBD2"
"16798","TM2D2","TM2D2"
"16799","TM2D1","TM2D1"
"16800","STRA6","STRA6"
"16801","ZN471","ZNF471"
"16802","TRPM6","TRPM6"
"16803","PG12B","PLA2G12B"
"16804","SGPP1","SGPP1"
"16805","PLVAP","PLVAP"
"16806","SUCR1","SUCNR1"
"16807","TSSK6","TSSK6"
"16808","TSSK1","TSSK1B"
"16809","SALL3","SALL3"
"16810","LGR4","LGR4"
"16811","OSB11","OSBPL11"
"16812","OSB10","OSBPL10"
"16813","SPT16","SPATA16"
"16814","HCAR1","HCAR1"
"16815","GP174","GPR174"
"16816","BBS2","BBS2"
"16817","NPL","NPL"
"16818","VN1R3","VN1R3"
"16819","CECR2","CECR2"
"16820","RFIP5","RAB11FIP5"
"16821","TEKT3","TEKT3"
"16822","SPZ1","SPZ1"
"16823","ORNT2","SLC25A2"
"16824","5NT1A","NT5C1A"
"16825","TB10A","TBC1D10A"
"16826","C1QT6","C1QTNF6"
"16827","C1QT5","C1QTNF5"
"16828","C1QT1","C1QTNF1"
"16829","C1QT7","C1QTNF7"
"16830","C1QT4","C1QTNF4"
"16831","C1QT3","C1QTNF3"
"16832","C1QT2","C1QTNF2"
"16833","AMNLS","AMN"
"16834","TACAN","TMEM120A"
"16835","NAA15","NAA15"
"16836","KLF16","KLF16"
"16837","B2L13","BCL2L13"
"16838","HEMGN","HEMGN"
"16839","CAR14","CARD14"
"16840","CAR11","CARD11"
"16841","CDCA4","CDCA4"
"16842","PRAX","PRX"
"16843","PINK1","PINK1"
"16844","FSD1L","FSD1L"
"16845","ASPN","ASPN"
"16846","CLC7A","CLEC7A"
"16847","SPNXD","SPANXD"
"16848","S12A9","SLC12A9"
"16849","SRRT","SRRT"
"16850","PAPP2","PAPPA2"
"16851","T121B","TMEM121B"
"16852","TGT","QTRT1"
"16853","POK6","ERVK-6"
"16854","TLR10","TLR10"
"16855","FHR5","CFHR5"
"16856","COPA1","COL25A1"
"16857","IDI2","IDI2"
"16858","TMM59","TMEM59"
"16859","AP1M1","AP1M1"
"16860","NUSAP","NUSAP1"
"16861","S26A6","SLC26A6"
"16862","CCG6","CACNG6"
"16863","TDRD1","TDRD1"
"16864","TEX15","TEX15"
"16865","M10L1","MOV10L1"
"16866","RNF17","RNF17"
"16867","TEX12","TEX12"
"16868","STK31","STK31"
"16869","TX13B","TEX13B"
"16870","TX13A","TEX13A"
"16871","UBP26","USP26"
"16872","FHL17","FTHL17"
"16873","CABP8","CALN1"
"16874","GON7","GON7"
"16875","SNH12","SNHG12"
"16876","MLP3C","MAP1LC3C"
"16877","OSBL1","OSBPL1A"
"16878","HDHD5","HDHD5"
"16879","FACD2","FANCD2"
"16880","EMIL2","EMILIN2"
"16881","AN30B","ANKRD30B"
"16882","AN30A","ANKRD30A"
"16883","MAK16","MAK16"
"16884","RSPO3","RSPO3"
"16885","CAYP2","CAPS2"
"16886","BEX2","BEX2"
"16887","S4A5","SLC4A5"
"16888","EBPL","EBPL"
"16889","TSCOT","SLC46A2"
"16890","PACN1","PACSIN1"
"16891","SCAPE","SCAPER"
"16892","TX101","TEX101"
"16893","AGRE3","ADGRE3"
"16894","M4A8","MS4A8"
"16895","GPR87","GPR87"
"16896","DGC6L","DGCR6L"
"16897","ZN717","ZNF717"
"16898","ITPA","ITPA"
"16899","HDAC8","HDAC8"
"16900","RTF2","RTF2"
"16901","CHM4A","CHMP4A"
"16902","EIF2A","EIF2A"
"16903","PECR","PECR"
"16904","SC11C","SEC11C"
"16905","GBRL3","GABARAPL3"
"16906","UDB28","UGT2B28"
"16907","NPCR1","NPCDR1"
"16908","KDM5D","KDM5D"
"16909","CADM1","CADM1"
"16910","LRRC3","LRRC3"
"16911","ANGL4","ANGPTL4"
"16912","PDIP3","POLDIP3"
"16913","RNF26","RNF26"
"16914","MFRP","MFRP"
"16915","DUS16","DUSP16"
"16916","K1671","KIAA1671"
"16917","SHAN3","SHANK3"
"16918","GNB1L","GNB1L"
"16919","SCOT2","OXCT2"
"16920","FUT8","FUT8"
"16921","RM32","MRPL32"
"16922","RM20","MRPL20"
"16923","RM13","MRPL13"
"16924","RM09","MRPL9"
"16925","RM04","MRPL4"
"16926","CNFN","CNFN"
"16927","RM01","MRPL1"
"16928","ACTT3","ACTRT3"
"16929","HES7","HES7"
"16930","TMPSD","TMPRSS13"
"16931","LCE3D","LCE3D"
"16932","SPR2G","SPRR2G"
"16933","PCGF6","PCGF6"
"16934","CDHR2","CDHR2"
"16935","ACE2","ACE2"
"16936","B3GN5","B3GNT5"
"16937","MK67I","NIFK"
"16938","PAR6G","PARD6G"
"16939","PAR6B","PARD6B"
"16940","MSTRO","MRO"
"16941","GSDMC","GSDMC"
"16942","SE6L1","SEZ6L"
"16943","IKBZ","NFKBIZ"
"16944","HYCCI","FAM126A"
"16945","FGFP2","FGFBP2"
"16946","LOXE3","ALOXE3"
"16947","TRI34","TRIM34"
"16948","YTHD1","YTHDF1"
"16949","HELZ2","HELZ2"
"16950","SAM10","SAMD10"
"16951","HOIL1","RBCK1"
"16952","SRXN1","SRXN1"
"16953","ZN341","ZNF341"
"16954","RT26","MRPS26"
"16955","WNK3","WNK3"
"16956","KR171","KRTAP17-1"
"16957","KRA99","KRTAP9-9"
"16958","KRA98","KRTAP9-8"
"16959","KRA94","KRTAP9-4"
"16960","KRA93","KRTAP9-3"
"16961","KRA92","KRTAP9-2"
"16962","KRA46","KRTAP4-6"
"16963","KR411","KRTAP4-11"
"16964","KRA41","KRTAP4-1"
"16965","KRA49","KRTAP4-9"
"16966","KRA48","KRTAP4-8"
"16967","KRA47","KRTAP4-7"
"16968","KRA45","KRTAP4-5"
"16969","KRA44","KRTAP4-4"
"16970","KRA43","KRTAP4-3"
"16971","KRA42","KRTAP4-2"
"16972","KRA33","KRTAP3-3"
"16973","KRA32","KRTAP3-2"
"16974","KRA31","KRTAP3-1"
"16975","KRA24","KRTAP2-4"
"16976","KRA15","KRTAP1-5"
"16977","LRRC2","LRRC2"
"16978","S17A9","SLC17A9"
"16979","STK33","STK33"
"16980","KRA22","KRTAP2-2"
"16981","NEUL","NLN"
"16982","ANO3","ANO3"
"16983","PBX4","PBX4"
"16984","KRA21","KRTAP2-1"
"16985","AGT2","AGXT2"
"16986","TRI54","TRIM54"
"16987","TRI55","TRIM55"
"16988","BCDO2","BCO2"
"16989","CEP41","CEP41"
"16990","BACH2","BACH2"
"16991","GTR11","SLC2A11"
"16992","SETD2","SETD2"
"16993","DB126","DEFB126"
"16994","TBD2A","TBC1D2"
"16995","IFIH1","IFIH1"
"16996","ACTBM","POTEKP"
"16997","LDH6B","LDHAL6B"
"16998","RHBT2","RHOBTB2"
"16999","REG4","REG4"
"17000","ADA33","ADAM33"
"17001","ANR60","ANKRD60"
"17002","PANK2","PANK2"
"17003","DOCK9","DOCK9"
"17004","FRMD8","FRMD8"
"17005","FR8P1","FRMD8P1"
"17006","PITM3","PITPNM3"
"17007","PITM2","PITPNM2"
"17008","CNTP3","CNTNAP3"
"17009","MAGB5","MAGEB5"
"17010","NSD3","NSD3"
"17011","TTY13","TTTY13"
"17012","TTY12","TTTY12"
"17013","TTY10","TTTY10"
"17014","TXNG2","TXLNGY"
"17015","PC11X","PCDH11X"
"17016","PC11Y","PCDH11Y"
"17017","CPEB1","CPEB1"
"17018","CELF4","CELF4"
"17019","Q9BZC5","FKSG35"
"17020","ABCA2","ABCA2"
"17021","S29A3","SLC29A3"
"17022","GCOM2","GCOM2"
"17023","NUF2","NUF2"
"17024","TMG4","PRRG4"
"17025","TMG3","PRRG3"
"17026","GLIS2","GLIS2"
"17027","RM37","MRPL37"
"17028","PUS3","PUS3"
"17029","BARH1","BARHL1"
"17030","NOG1","GTPBP4"
"17031","EVG1","C22orf23"
"17032","ASPC1","ASPSCR1"
"17033","OSBL8","OSBPL8"
"17034","OSBL7","OSBPL7"
"17035","OSBL6","OSBPL6"
"17036","UACA","UACA"
"17037","RAB34","RAB34"
"17038","PPAT","ACP4"
"17039","DPH1","DPH1"
"17040","WDR11","WDR11"
"17041","IRX2","IRX2"
"17042","REN3B","UPF3B"
"17043","CRNL1","CRNKL1"
"17044","TRYD","TPSD1"
"17045","S2539","SLC25A39"
"17046","GPR63","GPR63"
"17047","GPR62","GPR62"
"17048","GPR61","GPR61"
"17049","NACP4","NACA4P"
"17050","TBL1R","TBL1XR1"
"17051","OCR1","OCR1"
"17052","UBL5","UBL5"
"17053","SMIM3","SMIM3"
"17054","PP12C","PPP1R12C"
"17055","KPCD2","PRKD2"
"17056","PG12A","PLA2G12A"
"17057","PA2GF","PLA2G2F"
"17058","GSX2","GSX2"
"17059","ULBP3","ULBP3"
"17060","ULBP2","ULBP2"
"17061","ULBP1","ULBP1"
"17062","CR002","LINC00470"
"17063","CHIA","CHIA"
"17064","SHP1L","SHCBP1L"
"17065","NMNA2","NMNAT2"
"17066","EDEM3","EDEM3"
"17067","NIBA1","NIBAN1"
"17068","RTN4R","RTN4R"
"17069","B2L14","BCL2L14"
"17070","TRIM8","TRIM8"
"17071","FOXP3","FOXP3"
"17072","YG041","PNAS-138"
"17073","UBXN6","UBXN6"
"17074","S19A3","SLC19A3"
"17075","IMPG2","IMPG2"
"17076","S13A1","SLC13A1"
"17077","TM6S2","TM6SF2"
"17078","TM6S1","TM6SF1"
"17079","TSG10","TSGA10"
"17080","CD244","CD244"
"17081","UCK2","UCK2"
"17082","ROP1B","ROPN1B"
"17083","TRI31","TRIM31"
"17084","SN","SIGLEC1"
"17085","API5","API5"
"17086","NLRP1","NLRP1"
"17087","NMES1","NMES1"
"17088","SPY4","SPRY4"
"17089","DPY30","DPY30"
"17090","FOXQ1","FOXQ1"
"17091","IPKB","PKIB"
"17092","TRI15","TRIM15"
"17093","TRIM9","TRIM9"
"17094","TRIM7","TRIM7"
"17095","TRIM6","TRIM6"
"17096","TRIM5","TRIM5"
"17097","TRIM4","TRIM4"
"17098","TRIM2","TRIM2"
"17099","NKX62","NKX6-2"
"17100","F117A","FAM117A"
"17101","K1C23","KRT23"
"17102","IN80B","INO80B"
"17103","GRB1L","GREB1L"
"17104","SPEF2","SPEF2"
"17105","DCLK3","DCLK3"
"17106","LRCC1","LRRCC1"
"17107","CNTP4","CNTNAP4"
"17108","ZFHX2","ZFHX2"
"17109","SETD5","SETD5"
"17110","UNK","UNK"
"17111","FTO","FTO"
"17112","CFA74","CFAP74"
"17113","ZDHC5","ZDHHC5"
"17114","BRNP2","BRINP2"
"17115","TNG6","TANGO6"
"17116","ZCHC2","ZCCHC2"
"17117","TB182","TNKS1BP1"
"17118","SEM4C","SEMA4C"
"17119","CIPC","CIPC"
"17120","AMRA1","AMBRA1"
"17121","UBE2O","UBE2O"
"17122","PHAR1","PHACTR1"
"17123","CE295","CEP295"
"17124","ZY11B","ZYG11B"
"17125","Z518B","ZNF518B"
"17126","TANC1","TANC1"
"17127","FHDC1","FHDC1"
"17128","ZC12C","ZC3H12C"
"17129","EPT1","SELENOI"
"17130","XPO4","XPO4"
"17131","GRIP2","GRIP2"
"17132","LNP","LNPK"
"17133","ASXL3","ASXL3"
"17134","CEP44","CEP44"
"17135","ZN436","ZNF436"
"17136","ZN407","ZNF407"
"17137","DYH6","DNAH6"
"17138","TTYH3","TTYH3"
"17139","RHG39","ARHGAP39"
"17140","KLHL4","KLHL4"
"17141","SRCN1","SRCIN1"
"17142","MTMRC","MTMR12"
"17143","CCSE1","CCSER1"
"17144","THS7B","THSD7B"
"17145","LRC27","LRRC27"
"17146","B3GN4","B3GNT4"
"17147","WDR33","WDR33"
"17148","BHE41","BHLHE41"
"17149","BC11B","BCL11B"
"17150","S39A8","SLC39A8"
"17151","ARP3C","ACTR3C"
"17152","STRAB","STRADB"
"17153","LAT1L","SLC7A5P2"
"17154","OR2B2","OR2B2"
"17155","OR2H1","OR2H1"
"17156","OR2J1","OR2J1"
"17157","O11A1","OR11A1"
"17158","WDR12","WDR12"
"17159","BPEC1","BPESC1"
"17160","RPB1B","POLR2J2"
"17161","YIPF3","YIPF3"
"17162","OR8D2","OR8D2"
"17163","TINAL","TINAGL1"
"17164","NDEL1","NDEL1"
"17165","GPR88","GPR88"
"17166","ARP6","ACTR6"
"17167","TGIF2","TGIF2"
"17168","BSSP4","PRSS22"
"17169","S6A16","SLC6A16"
"17170","ROGDI","ROGDI"
"17171","CT027","C20orf27"
"17172","PDGFD","PDGFD"
"17173","NRSN2","NRSN2"
"17174","PITH1","PITHD1"
"17175","VN1R1","VN1R1"
"17176","IMUP","IMUP"
"17177","DERL2","DERL2"
"17178","COMD5","COMMD5"
"17179","NMUR2","NMUR2"
"17180","NPFF1","NPFFR1"
"17181","MLP3B","MAP1LC3B"
"17182","SENP6","SENP6"
"17183","REXO4","REXO4"
"17184","ELOV4","ELOVL4"
"17185","DDX24","DDX24"
"17186","DNAI2","DNAI2"
"17187","RPA49","POLR1E"
"17188","WDR61","WDR61"
"17189","CHST5","CHST5"
"17190","SLIRP","SLIRP"
"17191","SRR","SRR"
"17192","WN10A","WNT10A"
"17193","CC90B","CCDC90B"
"17194","NIF3L","NIF3L1"
"17195","EGLN1","EGLN1"
"17196","CF062","C6orf62"
"17197","MCLN1","MCOLN1"
"17198","PEG3","PEG3"
"17199","TM39B","TMEM39B"
"17200","NYX","NYX"
"17201","CTDS1","CTDSP1"
"17202","PIP30","PSME3IP1"
"17203","ANKR2","ANKRD2"
"17204","SC5A7","SLC5A7"
"17205","IF5A2","EIF5A2"
"17206","WWTR1","WWTR1"
"17207","HPLN2","HAPLN2"
"17208","PRD14","PRDM14"
"17209","FGF23","FGF23"
"17210","SCND2","SCAND2P"
"17211","MS4A7","MS4A7"
"17212","CHST6","CHST6"
"17213","ZN350","ZNF350"
"17214","IL22","IL22"
"17215","AICDA","AICDA"
"17216","TWSG1","TWSG1"
"17217","NXF2","NXF2"
"17218","PBOV1","PBOV1"
"17219","COA1","COA1"
"17220","NTAL","LAT2"
"17221","MFF","MFF"
"17222","HXD1","HOXD1"
"17223","NAA50","NAA50"
"17224","ACH10","CHRNA10"
"17225","GFRA4","GFRA4"
"17226","LACRT","LACRT"
"17227","UBA5","UBA5"
"17228","MKRN2","MKRN2"
"17229","LHPP","LHPP"
"17230","NACA2","NACA2"
"17231","ADA19","ADAM19"
"17232","S22A4","SLC22A4"
"17233","MFR1L","MTFR1L"
"17234","SPRTN","SPRTN"
"17235","T126A","TMEM126A"
"17236","MAF1","MAF1"
"17237","DRC3","DRC3"
"17238","PAIP1","PAIP1"
"17239","CLPB","CLPB"
"17240","KTBL1","KATNBL1"
"17241","MIS12","MIS12"
"17242","RB33B","RAB33B"
"17243","LSG1","LSG1"
"17244","ZMY15","ZMYND15"
"17245","NUAK2","NUAK2"
"17246","NBPF3","NBPF3"
"17247","DRC9","IQCG"
"17248","F107B","FAM107B"
"17249","NAT10","NAT10"
"17250","T191A","TMEM191A"
"17251","RNF32","RNF32"
"17252","COMD4","COMMD4"
"17253","SPC1L","SPATC1L"
"17254","IQCN","IQCN"
"17255","KLC2","KLC2"
"17256","CRLD2","CRISPLD2"
"17257","ZMY12","ZMYND12"
"17258","ADT4","SLC25A31"
"17259","TM117","TMEM117"
"17260","BTBD1","BTBD1"
"17261","ILKAP","ILKAP"
"17262","ZN541","ZNF541"
"17263","XRN2","XRN2"
"17264","TOLIP","TOLLIP"
"17265","SP130","SAP130"
"17266","UBP44","USP44"
"17267","BRD8","BRD8"
"17268","RNF38","RNF38"
"17269","SHRPN","SHARPIN"
"17270","ARL6","ARL6"
"17271","NSRP1","NSRP1"
"17272","INT2","INTS2"
"17273","KLH25","KLHL25"
"17274","RGAP1","RACGAP1"
"17275","C4F30","CYP4F30P"
"17276","ENKD1","ENKD1"
"17277","CC113","CCDC113"
"17278","TKTL2","TKTL2"
"17279","QRIC2","QRICH2"
"17280","PAR12","PARP12"
"17281","SIK2","SIK2"
"17282","RSH6A","RSPH6A"
"17283","PUS7L","PUS7L"
"17284","CSTFT","CSTF2T"
"17285","WWP1","WWP1"
"17286","ZCPW1","ZCWPW1"
"17287","ZN700","ZNF700"
"17288","RAB6C","RAB6C"
"17289","PHS2","PCBD2"
"17290","5NT3A","NT5C3A"
"17291","AGIT1","AGPAT4-IT1"
"17292","CYRIA","CYRIA"
"17293","FXYD6","FXYD6"
"17294","AP5M1","AP5M1"
"17295","TM222","TMEM222"
"17296","HDHD2","HDHD2"
"17297","GBP3","GBP3"
"17298","GATA","QRSL1"
"17299","GBRL1","GABARAPL1"
"17300","DDX47","DDX47"
"17301","RAB17","RAB17"
"17302","MAGT1","MAGT1"
"17303","RAB1B","RAB1B"
"17304","RM18","MRPL18"
"17305","TSYL1","TSPYL1"
"17306","TM168","TMEM168"
"17307","LMA2L","LMAN2L"
"17308","CCDC8","CCDC8"
"17309","THAP2","THAP2"
"17310","SMG9","SMG9"
"17311","CK054","C11orf54"
"17312","F234A","FAM234A"
"17313","RN208","RNF208"
"17314","OSBL5","OSBPL5"
"17315","ATG10","ATG10"
"17316","RBM38","RBM38"
"17317","SIRPD","SIRPD"
"17318","CST11","CST11"
"17319","CSTL1","CSTL1"
"17320","SNAB","NAPB"
"17321","GZF1","GZF1"
"17322","TDIF1","DNTTIP1"
"17323","SLIK2","SLITRK2"
"17324","PCDC1","PCDHAC1"
"17325","CAD19","CDH19"
"17326","ING2","ING2"
"17327","ALX4","ALX4"
"17328","BC11A","BCL11A"
"17329","STMN4","STMN4"
"17330","ZBP1","ZBP1"
"17331","ABCG4","ABCG4"
"17332","SIL1","SIL1"
"17333","CSRN2","CSRNP2"
"17334","SDCB2","SDCBP2"
"17335","MUC3B","MUC3B"
"17336","METL9","METTL9"
"17337","APC1","ANAPC1"
"17338","RPB1C","POLR2J3"
"17339","NXF5","NXF5"
"17340","XYLT2","XYLT2"
"17341","I2BPL","IRF2BPL"
"17342","LPAR5","LPAR5"
"17343","GL8D2","GLT8D2"
"17344","UN93B","UNC93B1"
"17345","CYTM1","CYSTM1"
"17346","TRPV6","TRPV6"
"17347","RPC6","POLR3F"
"17348","RNAS7","RNASE7"
"17349","NUCKS","NUCKS1"
"17350","TMX4","TMX4"
"17351","WF10A","WFDC10A"
"17352","GTSFL","GTSF1L"
"17353","KI13A","KIF13A"
"17354","ASCC2","ASCC2"
"17355","REN3A","UPF3A"
"17356","WNT8A","WNT8A"
"17357","WNT5B","WNT5B"
"17358","RBNS5","RBSN"
"17359","ISCU","ISCU"
"17360","GHC2","SLC25A18"
"17361","TLRN1","TLNRD1"
"17362","MI1HG","MIR1-1HG"
"17363","N62CL","NUP62CL"
"17364","DB129","DEFB129"
"17365","DB127","DEFB127"
"17366","S35B3","SLC35B3"
"17367","OSBL2","OSBPL2"
"17368","CT085","C20orf85"
"17369","PED1A","PCED1A"
"17370","DUS15","DUSP15"
"17371","MYLK2","MYLK2"
"17372","MEGF9","MEGF9"
"17373","S2551","SLC25A51"
"17374","S6A17","SLC6A17"
"17375","RSPH9","RSPH9"
"17376","DJC25","DNAJC25"
"17377","ATG5","ATG5"
"17378","OPN3","OPN3"
"17379","WDR13","WDR13"
"17380","AUGN","ECRG4"
"17381","TSN10","TSPAN10"
"17382","EPN3","EPN3"
"17383","MED28","MED28"
"17384","O2AG1","OR2AG1"
"17385","O10A5","OR10A5"
"17386","O10A2","OR10A2"
"17387","O10A4","OR10A4"
"17388","OR2D2","OR2D2"
"17389","CDT1","CDT1"
"17390","MAGH1","MAGEH1"
"17391","ABCG8","ABCG8"
"17392","ABCG5","ABCG5"
"17393","EHD4","EHD4"
"17394","GBA3","GBA3"
"17395","S1PR5","S1PR5"
"17396","PORCN","PORCN"
"17397","MMP28","MMP28"
"17398","P2Y12","P2RY12"
"17399","CA021","C1orf21"
"17400","CAD23","CDH23"
"17401","KCNH6","KCNH6"
"17402","SPTN4","SPTBN4"
"17403","O51E2","OR51E2"
"17404","CARD9","CARD9"
"17405","VP33B","VPS33B"
"17406","VPS16","VPS16"
"17407","VPS11","VPS11"
"17408","IL25","IL25"
"17409","DCSTP","DCSTAMP"
"17410","SH3L3","SH3BGRL3"
"17411","AL8A1","ALDH8A1"
"17412","NGN2","NEUROG2"
"17413","CXL16","CXCL16"
"17414","CHST8","CHST8"
"17415","SYT4","SYT4"
"17416","S26A1","SLC26A1"
"17417","GAN","GAN"
"17418","LHX5","LHX5"
"17419","ARV1","ARV1"
"17420","O52A5","OR52A5"
"17421","O51V1","OR51V1"
"17422","MFTC","SLC25A32"
"17423","TARA","TRIOBP"
"17424","SEM6A","SEMA6A"
"17425","3BHS7","HSD3B7"
"17426","EPC1","EPC1"
"17427","CCD68","CCDC68"
"17428","SLK","SLK"
"17429","TSYL2","TSPYL2"
"17430","GO45","BLZF1"
"17431","CXXC4","CXXC4"
"17432","PPIL3","PPIL3"
"17433","S38A1","SLC38A1"
"17434","LRMDA","LRMDA"
"17435","CI037","ARRDC1-AS1"
"17436","PDCL3","PDCL3"
"17437","S6A15","SLC6A15"
"17438","IF3M","MTIF3"
"17439","TNKS2","TNKS2"
"17440","TAOK3","TAOK3"
"17441","TMM60","TMEM60"
"17442","RASF4","RASSF4"
"17443","BHMT2","BHMT2"
"17444","RBGPR","RAB3GAP2"
"17445","ADNP","ADNP"
"17446","DPH5","DPH5"
"17447","KLK15","KLK15"
"17448","KCNN2","KCNN2"
"17449","RNF39","RNF39"
"17450","TNMD","TNMD"
"17451","IKZF4","IKZF4"
"17452","RBP17","RANBP17"
"17453","DHX36","DHX36"
"17454","IPYR2","PPA2"
"17455","CO005","LINC00597"
"17456","ADAM7","ADAM7"
"17457","SPNS1","SPNS1"
"17458","M4A6A","MS4A6A"
"17459","MIXL1","MIXL1"
"17460","RM46","MRPL46"
"17461","CHRD","CHRD"
"17462","CLC4M","CLEC4M"
"17463","HIPK2","HIPK2"
"17464","I27L2","IFI27L2"
"17465","S12A5","SLC12A5"
"17466","ZN106","ZNF106"
"17467","SO5A1","SLCO5A1"
"17468","NKX24","NKX2-4"
"17469","PARL","PARL"
"17470","CDIP1","CDIP1"
"17471","MMP27","MMP27"
"17472","PININ","PNN"
"17473","RHBG","RHBG"
"17474","TTYH1","TTYH1"
"17475","VCX1","VCX"
"17476","VCX3B","VCX3B"
"17477","VCX2","VCX2"
"17478","ATS10","ADAMTS10"
"17479","E41LB","EPB41L4B"
"17480","TM245","TMEM245"
"17481","FOXP1","FOXP1"
"17482","CRLD1","CRISPLD1"
"17483","O51B5","OR51B5"
"17484","O51B6","OR51B6"
"17485","O51M1","OR51M1"
"17486","O51J1","OR51J1"
"17487","O51I1","OR51I1"
"17488","O51I2","OR51I2"
"17489","O52D1","OR52D1"
"17490","UBQL3","UBQLN3"
"17491","YJ001","PRO1933"
"17492","PABP3","PABPC3"
"17493","YI012","PRO3102"
"17494","Q9H3A6","ENSG00000269823"
"17495","GGNB2","GGNBP2"
"17496","P63","TP63"
"17497","SNX25","SNX25"
"17498","BACD3","KCTD10"
"17499","CPVL","CPVL"
"17500","MOD5","TRIT1"
"17501","CK068","C11orf68"
"17502","GPT","DPAGT1"
"17503","TCAL2","TCEAL2"
"17504","CL065","C12orf65"
"17505","GHITM","GHITM"
"17506","BOLA2","BOLA2B"
"17507","MMAD","MMADHC"
"17508","KCNF1","KCNF1"
"17509","TXNIP","TXNIP"
"17510","ATX3L","ATXN3L"
"17511","TMX1","TMX1"
"17512","HRH4","HRH4"
"17513","NELFA","NELFA"
"17514","GCP60","ACBD3"
"17515","BORG4","CDC42EP4"
"17516","G3ST2","GAL3ST2"
"17517","KDM4C","KDM4C"
"17518","NDST4","NDST4"
"17519","MUC13","MUC13"
"17520","CENPH","CENPH"
"17521","SEM4A","SEMA4A"
"17522","TMPS5","TMPRSS5"
"17523","TPK1","TPK1"
"17524","PIGM","PIGM"
"17525","PTN23","PTPN23"
"17526","SEM6C","SEMA6C"
"17527","SEM6B","SEMA6B"
"17528","UN45A","UNC45A"
"17529","MFSD1","MFSD1"
"17530","SMOC2","SMOC2"
"17531","MS4A5","MS4A5"
"17532","LRRN3","LRRN3"
"17533","CRSPL","R3HDML"
"17534","SRMS","SRMS"
"17535","PPDPF","PPDPF"
"17536","DNJC5","DNAJC5"
"17537","ABHGB","ABHD16B"
"17538","LIME1","LIME1"
"17539","DSN1","DSN1"
"17540","HIPK3","HIPK3"
"17541","CA198","C1orf198"
"17542","RIMS4","RIMS4"
"17543","KCNKF","KCNK15"
"17544","CHM4B","CHMP4B"
"17545","RWDD1","RWDD1"
"17546","FZD8","FZD8"
"17547","CUED2","CUEDC2"
"17548","FXL15","FBXL15"
"17549","RBSK","RBKS"
"17550","KCQ1D","KCNQ1DN"
"17551","FN3K","FN3K"
"17552","OFUT1","POFUT1"
"17553","TSY26","TSPY26P"
"17554","PIGU","PIGU"
"17555","MLP3A","MAP1LC3A"
"17556","TOR3A","TOR3A"
"17557","WNK1","WNK1"
"17558","AMPB","RNPEP"
"17559","GLP3L","GOLPH3L"
"17560","GOLP3","GOLPH3"
"17561","DPEP2","DPEP2"
"17562","OSGP2","OSGEPL1"
"17563","PLK3","PLK3"
"17564","SAV1","SAV1"
"17565","TBB1","TUBB1"
"17566","DPEP3","DPEP3"
"17567","CSTN2","CLSTN2"
"17568","NXF3","NXF3"
"17569","RHOJ","RHOJ"
"17570","DEFI6","DEF6"
"17571","SIA7D","ST6GALNAC4"
"17572","SMOC1","SMOC1"
"17573","E41L1","EPB41L1"
"17574","CST9L","CST9L"
"17575","GAPR1","GLIPR2"
"17576","DPH3B","DPH3P1"
"17577","FA83D","FAM83D"
"17578","RD21L","RAD21L1"
"17579","ZHX3","ZHX3"
"17580","TRABD","TRABD"
"17581","SEHL2","SERHL2"
"17582","EMRE","SMDT1"
"17583","RIBC2","RIBC2"
"17584","MTG2","MTG2"
"17585","SENP3","SENP3"
"17586","OSBL3","OSBPL3"
"17587","SMRCD","SMARCAD1"
"17588","FBX44","FBXO44"
"17589","PKHA4","PLEKHA4"
"17590","EHD1","EHD1"
"17591","RNF41","RNF41"
"17592","PRD13","PRDM13"
"17593","PRD12","PRDM12"
"17594","CT191","NCOR1P1"
"17595","GSX1","GSX1"
"17596","ZSC16","ZSCAN16"
"17597","COE3","EBF3"
"17598","RGCC","RGCC"
"17599","GSTO2","GSTO2"
"17600","ZN335","ZNF335"
"17601","CAPAM","PCIF1"
"17602","ESF1","ESF1"
"17603","BAFL","BANF2"
"17604","KLH31","KLHL31"
"17605","YM006","-"
"17606","ALG2","ALG2"
"17607","ANR19","ANKRD19P"
"17608","ACTL8","ACTL8"
"17609","MROH8","MROH8"
"17610","ZN644","ZNF644"
"17611","HEAT1","HEATR1"
"17612","DUS21","DUSP21"
"17613","VIAAT","SLC32A1"
"17614","CK001","C11orf1"
"17615","ZN768","ZNF768"
"17616","SUV92","SUV39H2"
"17617","PIEZ2","PIEZO2"
"17618","ZBTB3","ZBTB3"
"17619","ELOV6","ELOVL6"
"17620","TAF1D","TAF1D"
"17621","SG196","POMK"
"17622","THAP9","THAP9"
"17623","CE066","C5orf66"
"17624","RABE2","RABEP2"
"17625","PDZD7","PDZD7"
"17626","TFB2M","TFB2M"
"17627","ZCHC4","ZCCHC4"
"17628","IKZF5","IKZF5"
"17629","CDCP1","CDCP1"
"17630","CX056","CXorf56"
"17631","CIA2A","CIAO2A"
"17632","SLIK6","SLITRK6"
"17633","DHX35","DHX35"
"17634","F124B","FAM124B"
"17635","PRORY","PRORY"
"17636","OCEL1","OCEL1"
"17637","ZN576","ZNF576"
"17638","PIF1","PIF1"
"17639","RERGL","RERGL"
"17640","RPP21","RPP21"
"17641","NSUN3","NSUN3"
"17642","IGFR1","IGFLR1"
"17643","STN1","STN1"
"17644","ASB7","ASB7"
"17645","CP095","C16orf95"
"17646","BICC1","BICC1"
"17647","DEN2D","DENND2D"
"17648","PCX3","PCNX3"
"17649","Z385D","ZNF385D"
"17650","CLMP","CLMP"
"17651","EPHX3","EPHX3"
"17652","XKR8","XKR8"
"17653","HAUS4","HAUS4"
"17654","FNDC4","FNDC4"
"17655","CC134","CCDC134"
"17656","STPAP","TUT1"
"17657","TM38A","TMEM38A"
"17658","CCD86","CCDC86"
"17659","REEP4","REEP4"
"17660","SOX17","SOX17"
"17661","CK049","C11orf49"
"17662","ILRUN","ILRUN"
"17663","OPA3","OPA3"
"17664","PRR36","PRR36"
"17665","TM231","TMEM231"
"17666","ARMC7","ARMC7"
"17667","RETR1","RETREG1"
"17668","MYH16","MYH16"
"17669","TASP1","TASP1"
"17670","SLAP2","SLA2"
"17671","CIAO3","CIAO3"
"17672","DHX33","DHX33"
"17673","ACSS3","ACSS3"
"17674","NOL6","NOL6"
"17675","ZDHC6","ZDHHC6"
"17676","WDCP","WDCP"
"17677","YTDC2","YTHDC2"
"17678","AZI2","AZI2"
"17679","ES8L2","EPS8L2"
"17680","ESRP2","ESRP2"
"17681","RPAP3","RPAP3"
"17682","BCAS3","BCAS3"
"17683","ALG9","ALG9"
"17684","LDAH","LDAH"
"17685","RIOX1","RIOX1"
"17686","ANTR1","ANTXR1"
"17687","TM134","TMEM134"
"17688","CS044","C19orf44"
"17689","WDR55","WDR55"
"17690","MAGIX","MAGIX"
"17691","RN167","RNF167"
"17692","RANB3","RANBP3"
"17693","EGLN3","EGLN3"
"17694","GARE1","GAREM1"
"17695","ZN552","ZNF552"
"17696","PACER","RUBCNL"
"17697","PG2IP","CWH43"
"17698","CL049","C12orf49"
"17699","LRC19","LRRC19"
"17700","ASB8","ASB8"
"17701","GREM2","GREM2"
"17702","DCTP1","DCTPP1"
"17703","RNZ1","ELAC1"
"17704","SH24A","SH2D4A"
"17705","EXO5","EXO5"
"17706","PEAK1","PEAK1"
"17707","CPLN1","CPLANE1"
"17708","RPF2","RPF2"
"17709","SMYD3","SMYD3"
"17710","CG069","C7orf69"
"17711","SYNCI","SYNC"
"17712","AAMDC","AAMDC"
"17713","DOCK5","DOCK5"
"17714","WDR26","WDR26"
"17715","TDRD3","TDRD3"
"17716","CH033","C8orf33"
"17717","AT133","ATP13A3"
"17718","T185B","TMEM185B"
"17719","MET17","METTL17"
"17720","PPR3E","PPP1R3E"
"17721","KI3X1","KIR3DX1"
"17722","SDS3","SUDS3"
"17723","ZSWM4","ZSWIM4"
"17724","VISTA","VSIR"
"17725","SFR19","SCAF1"
"17726","MB12B","MVB12B"
"17727","PKHG2","PLEKHG2"
"17728","ZN442","ZNF442"
"17729","ZN665","ZNF665"
"17730","ZN703","ZNF703"
"17731","CTSRB","CATSPERB"
"17732","CJ095","C10orf95"
"17733","AUNIP","AUNIP"
"17734","CCSE2","CCSER2"
"17735","SYNG1","SYNDIG1"
"17736","NAA60","NAA60"
"17737","CA115","C1orf115"
"17738","ZN696","ZNF696"
"17739","IFT22","IFT22"
"17740","DIK2B","DIPK2B"
"17741","NRDE2","NRDE2"
"17742","KAT8","KAT8"
"17743","PGES2","PTGES2"
"17744","TLE6","TLE6"
"17745","PACC1","PACC1"
"17746","PHAX","PHAX"
"17747","DCR1B","DCLRE1B"
"17748","DJC18","DNAJC18"
"17749","METL8","METTL8"
"17750","UBE2Z","UBE2Z"
"17751","GEMI7","GEMIN7"
"17752","NPAL2","NIPAL2"
"17753","ACAD9","ACAD9"
"17754","TBA4B","TUBA4B"
"17755","NT5D2","NT5DC2"
"17756","MT21D","VCPKMT"
"17757","YYAP1","YY1AP1"
"17758","RMD5A","RMND5A"
"17759","PKRI1","PRKRIP1"
"17760","TTC12","TTC12"
"17761","ZMAT4","ZMAT4"
"17762","CSR2B","KAT14"
"17763","ZN430","ZNF430"
"17764","CAAP1","CAAP1"
"17765","NOL11","NOL11"
"17766","DDX31","DDX31"
"17767","MET7A","METTL7A"
"17768","MANS1","MANSC1"
"17769","PAAT","PAAT"
"17770","MMRN2","MMRN2"
"17771","CQ10B","COQ10B"
"17772","BRD9","BRD9"
"17773","CNNM2","CNNM2"
"17774","MINY3","MINDY3"
"17775","EVA1A","EVA1A"
"17776","ZN395","ZNF395"
"17777","PORED","SRD5A3"
"17778","HEAS1","HEXA-AS1"
"17779","CCNP","CCNP"
"17780","MOB1A","MOB1A"
"17781","AKTIP","AKTIP"
"17782","ZFAN3","ZFAND3"
"17783","ECT2","ECT2"
"17784","YD018","-"
"17785","CF155","LINC00472"
"17786","F204A","FAM204A"
"17787","PKHF2","PLEKHF2"
"17788","TRI45","TRIM45"
"17789","IPPK","IPPK"
"17790","CF208","LINC00574"
"17791","ZDH11","ZDHHC11"
"17792","VRTN","VRTN"
"17793","ANKZ1","ANKZF1"
"17794","GORS2","GORASP2"
"17795","ZWILC","ZWILCH"
"17796","REEP1","REEP1"
"17797","MTD2L","MTHFD2L"
"17798","JUPI2","JPT2"
"17799","RN121","RNF121"
"17800","SP14L","SP140L"
"17801","GHC1","SLC25A22"
"17802","PPIP2","PSTPIP2"
"17803","MED20","MED20"
"17804","ZN702","ZNF702P"
"17805","WDR76","WDR76"
"17806","CN093","C14orf93"
"17807","QTRT2","QTRT2"
"17808","WDR54","WDR54"
"17809","ARP8","ACTR8"
"17810","SYP2L","SYNPO2L"
"17811","MARH7","MARCHF7"
"17812","ARMT1","ARMT1"
"17813","PANK3","PANK3"
"17814","CNO10","CNOT10"
"17815","LRC40","LRRC40"
"17816","RMI1","RMI1"
"17817","EHMT1","EHMT1"
"17818","SFXN1","SFXN1"
"17819","SPE39","VIPAS39"
"17820","ZN408","ZNF408"
"17821","ANRA2","ANKRA2"
"17822","COG4","COG4"
"17823","ARP5","ACTR5"
"17824","AGO3","AGO3"
"17825","VP37B","VPS37B"
"17826","MA6D1","MAP6D1"
"17827","RM44","MRPL44"
"17828","UBP42","USP42"
"17829","MER34","ERVMER34-1"
"17830","I20L2","ISG20L2"
"17831","KANL2","KANSL2"
"17832","AKIR1","AKIRIN1"
"17833","CHODL","CHODL"
"17834","UNKL","UNKL"
"17835","L2HDH","L2HGDH"
"17836","CSN7B","COPS7B"
"17837","NHEJ1","NHEJ1"
"17838","DBND1","DBNDD1"
"17839","NANOG","NANOG"
"17840","S61A2","SEC61A2"
"17841","CB39L","CAB39L"
"17842","FKRP","FKRP"
"17843","ELP3","ELP3"
"17844","RN122","RNF122"
"17845","JMJD4","JMJD4"
"17846","RPF1","RPF1"
"17847","GPN2","GPN2"
"17848","RPA2","POLR1B"
"17849","LN28A","LIN28A"
"17850","ZMAT3","ZMAT3"
"17851","UCK1","UCK1"
"17852","KT3K","FN3KRP"
"17853","TBC17","TBC1D17"
"17854","CAHM2","CALHM2"
"17855","SYCM","CARS2"
"17856","CERS4","CERS4"
"17857","EFCC1","EFCC1"
"17858","RSAD1","RSAD1"
"17859","YG046","-"
"17860","S52A2","SLC52A2"
"17861","PPCS","PPCS"
"17862","SUCHY","SUGCT"
"17863","UBTD1","UBTD1"
"17864","WDR41","WDR41"
"17865","EFCB1","EFCAB1"
"17866","EAF6","MEAF6"
"17867","ZN556","ZNF556"
"17868","FBRS","FBRS"
"17869","CX021","CXorf21"
"17870","SP30L","SAP30L"
"17871","COE2","EBF2"
"17872","NMNA1","NMNAT1"
"17873","MLXIP","MLXIP"
"17874","LIN7B","LIN7B"
"17875","KIF9","KIF9"
"17876","AGRL3","ADGRL3"
"17877","NJMU","C17orf75"
"17878","S28A3","SLC28A3"
"17879","ROP1A","ROPN1"
"17880","LMA1L","LMAN1L"
"17881","SIAE","SIAE"
"17882","PELI2","PELI2"
"17883","PKHA5","PLEKHA5"
"17884","SMUF2","SMURF2"
"17885","RENT2","UPF2"
"17886","TCTP8","TPT1P8"
"17887","RNPL1","RNPEPL1"
"17888","GBB4","GNB4"
"17889","XPO5","XPO5"
"17890","TNR27","EDA2R"
"17891","GRPE1","GRPEL1"
"17892","BRF2","BRF2"
"17893","CLSPN","CLSPN"
"17894","UD17","UGT1A7"
"17895","UD110","UGT1A10"
"17896","UD18","UGT1A8"
"17897","MAGF1","MAGEF1"
"17898","BCDO1","BCO1"
"17899","CLK4","CLK4"
"17900","PRD16","PRDM16"
"17901","ELOV3","ELOVL3"
"17902","MYG1","MYG1"
"17903","B2L12","BCL2L12"
"17904","KCNKD","KCNK13"
"17905","KCNKC","KCNK12"
"17906","PKHA2","PLEKHA2"
"17907","PKHA3","PLEKHA3"
"17908","PKHA1","PLEKHA1"
"17909","ILRL2","IL1RL2"
"17910","SEBOX","SEBOX"
"17911","RISC","SCPEP1"
"17912","CP343","CYP3A43"
"17913","SP110","SP110"
"17914","NET4","NTN4"
"17915","ELL3","ELL3"
"17916","Q9HB66","MKKS"
"17917","CYBP","CACYBP"
"17918","PIDD1","PIDD1"
"17919","NMUR1","NMUR1"
"17920","RRAGC","RRAGC"
"17921","FANCE","FANCE"
"17922","TRPV4","TRPV4"
"17923","FOH1B","FOLH1B"
"17924","CDHR5","CDHR5"
"17925","RC3H2","RC3H2"
"17926","PATZ1","PATZ1"
"17927","IL21","IL21"
"17928","IL21R","IL21R"
"17929","ZFYV1","ZFYVE1"
"17930","ST20","ST20"
"17931","VPP4","ATP6V0A4"
"17932","IF122","IFT122"
"17933","LY9","LY9"
"17934","RHOF","RHOF"
"17935","DEFM","PDF"
"17936","RDH14","RDH14"
"17937","BEX1","BEX1"
"17938","MKNK2","MKNK2"
"17939","PARVG","PARVG"
"17940","PARVB","PARVB"
"17941","CC014","C3orf14"
"17942","CP4FB","CYP4F11"
"17943","PLAC1","PLAC1"
"17944","UBP29","USP29"
"17945","CLTRN","CLTRN"
"17946","AS3MT","AS3MT"
"17947","TENS1","TNS1"
"17948","LRTM1","LRTM1"
"17949","PLRKT","PLGRKT"
"17950","NMRL1","NMRAL1"
"17951","VEZA","VEZT"
"17952","SPC25","SPC25"
"17953","TAF9B","TAF9B"
"17954","GGA2B","GOLGA2P5"
"17955","S38AA","SLC38A10"
"17956","CAD20","CDH20"
"17957","ZN287","ZNF287"
"17958","Z286A","ZNF286A"
"17959","BARX1","BARX1"
"17960","EKI1","ETNK1"
"17961","POPD2","POPDC2"
"17962","POPD3","POPDC3"
"17963","SACA1","SPACA1"
"17964","LPAR2","LPAR2"
"17965","LRRC4","LRRC4"
"17966","AGRL4","ADGRL4"
"17967","SNIT1","SND1-IT1"
"17968","LGR6","LGR6"
"17969","RXFP1","RXFP1"
"17970","NOX3","NOX3"
"17971","SGK2","SGK2"
"17972","ARNT2","ARNT2"
"17973","TM165","TMEM165"
"17974","OTOF","OTOF"
"17975","ABC3G","APOBEC3G"
"17976","TPC","SLC25A19"
"17977","PROK2","PROK2"
"17978","LFG4","TMBIM4"
"17979","NOD2","NOD2"
"17980","EMAL4","EML4"
"17981","MRM3","MRM3"
"17982","GLOD4","GLOD4"
"17983","GPBL1","GPBP1L1"
"17984","CBX8","CBX8"
"17985","PCDH9","PCDH9"
"17986","WFDC1","WFDC1"
"17987","NCKX3","SLC24A3"
"17988","SENP2","SENP2"
"17989","CRLF2","CRLF2"
"17990","CENPJ","CENPJ"
"17991","ZBT20","ZBTB20"
"17992","MUC5B","MUC5B"
"17993","CAN10","CAPN10"
"17994","GPR35","GPR35"
"17995","NEK6","NEK6"
"17996","SPON1","SPON1"
"17997","MCCB","MCCC2"
"17998","HES4","HES4"
"17999","GDPD2","GDPD2"
"18000","LST2","ZFYVE28"
"18001","NCOA5","NCOA5"
"18002","TANC2","TANC2"
"18003","EPG5","EPG5"
"18004","MOV10","MOV10"
"18005","ZN532","ZNF532"
"18006","MET14","METTL14"
"18007","ARGAL","ARHGEF10L"
"18008","SMUF1","SMURF1"
"18009","ANO8","ANO8"
"18010","TRPM3","TRPM3"
"18011","ZN160","ZNF160"
"18012","GBA2","GBA2"
"18013","CWC22","CWC22"
"18014","NCK5L","NCKAP5L"
"18015","CPNE5","CPNE5"
"18016","SYTL2","SYTL2"
"18017","MAGE1","MAGEE1"
"18018","K1586","KIAA1586"
"18019","MSL2","MSL2"
"18020","TNR6C","TNRC6C"
"18021","ANKH","ANKH"
"18022","LRC4C","LRRC4C"
"18023","RAVR2","RAVER2"
"18024","ZSWM6","ZSWIM6"
"18025","VAT1L","VAT1L"
"18026","ZBT26","ZBTB26"
"18027","ZDBF2","ZDBF2"
"18028","ROBO2","ROBO2"
"18029","AGO4","AGO4"
"18030","CHD8","CHD8"
"18031","PCD18","PCDH18"
"18032","GPAT1","GPAM"
"18033","ZFP14","ZFP14"
"18034","RESF1","RESF1"
"18035","PLXA4","PLXNA4"
"18036","K1549","KIAA1549"
"18037","E41L5","EPB41L5"
"18038","FBSL","FBRSL1"
"18039","TRI39","TRIM39"
"18040","TPIP1","TP53AIP1"
"18041","PGAP6","PGAP6"
"18042","GPN1","GPN1"
"18043","GPVI","GP6"
"18044","SDF2L","SDF2L1"
"18045","KC1G1","CSNK1G1"
"18046","HHATL","HHATL"
"18047","GALT9","GALNT9"
"18048","NPVF","NPVF"
"18049","PDE11","PDE11A"
"18050","CP4FC","CYP4F12"
"18051","TF7L1","TCF7L1"
"18052","E41LA","EPB41L4A"
"18053","SYF1","XAB2"
"18054","FGF22","FGF22"
"18055","CD248","CD248"
"18056","CELR2","CELSR2"
"18057","PREB","PREB"
"18058","DPOD4","POLD4"
"18059","BRMS1","BRMS1"
"18060","ZN304","ZNF304"
"18061","TRPC7","TRPC7"
"18062","S10AE","S100A14"
"18063","ZN334","ZNF334"
"18064","SRA1","SRA1"
"18065","AT131","ATP13A1"
"18066","MRS2","MRS2"
"18067","GOPC","GOPC"
"18068","RM47","MRPL47"
"18069","LYRM4","LYRM4"
"18070","B2L10","BCL2L10"
"18071","SPCS","SEPSECS"
"18072","CHM1A","CHMP1A"
"18073","PTPRH","PTPRH"
"18074","TM9S3","TM9SF3"
"18075","MOG1","RANGRF"
"18076","XAGE1","XAGE1E"
"18077","MYO10","MYO10"
"18078","CF050","C6orf50"
"18079","RETN","RETN"
"18080","NDF4","NEUROD4"
"18081","GAK5","ERVK-5"
"18082","JPH1","JPH1"
"18083","APMAP","APMAP"
"18084","PLAT1","PLAAT1"
"18085","ENH3","-"
"18086","ENH1","-"
"18087","WDR6","WDR6"
"18088","TRXR2","TXNRD2"
"18089","TUFT1","TUFT1"
"18090","CD209","CD209"
"18091","VCX3","VCX3A"
"18092","DNJC4","DNAJC4"
"18093","PRM3","PRM3"
"18094","HMX1","HMX1"
"18095","SH22A","SH2D2A"
"18096","SHCAF","SINHCAF"
"18097","BPIA1","BPIFA1"
"18098","PDE7B","PDE7B"
"18099","ABCB6","ABCB6"
"18100","S40A1","SLC40A1"
"18101","IRPL2","IL1RAPL2"
"18102","ARFG3","ARFGAP3"
"18103","GCM1","GCM1"
"18104","NO40","ZCCHC17"
"18105","HM20A","HMG20A"
"18106","AMBN","AMBN"
"18107","MLXPL","MLXIPL"
"18108","RAB18","RAB18"
"18109","ALG13","ALG13"
"18110","PALMD","PALMD"
"18111","SSU72","SSU72"
"18112","ABCB9","ABCB9"
"18113","VTA1","VTA1"
"18114","PLPL8","PNPLA8"
"18115","SYSM","SARS2"
"18116","TNR12","TNFRSF12A"
"18117","PODO","NPHS2"
"18118","CABP5","CABP5"
"18119","DPOLM","POLM"
"18120","RAB9B","RAB9B"
"18121","S6A20","SLC6A20"
"18122","RT30","MRPS30"
"18123","S39A2","SLC39A2"
"18124","FGF20","FGF20"
"18125","DLRB1","DYNLRB1"
"18126","MYOZ1","MYOZ1"
"18127","TREM1","TREM1"
"18128","EMC7","EMC7"
"18129","KCMB3","KCNMB3"
"18130","MMP25","MMP25"
"18131","M1IP1","MID1IP1"
"18132","ENY2","ENY2"
"18133","SMDC1","SAYSD1"
"18134","NT5M","NT5M"
"18135","CABP2","CABP2"
"18136","PAR6A","PARD6A"
"18137","GPCP1","GPCPD1"
"18138","ACKR4","ACKR4"
"18139","LT4R2","LTB4R2"
"18140","KCNK9","KCNK9"
"18141","CIP1","CCNB1IP1"
"18142","A4GAT","A4GALT"
"18143","MYOZ2","MYOZ2"
"18144","MYNN","MYNN"
"18145","SIX2","SIX2"
"18146","EXOS4","EXOSC4"
"18147","SO1B3","SLCO1B3"
"18148","NRN1","NRN1"
"18149","UBE2T","UBE2T"
"18150","NGRN","NGRN"
"18151","NOP10","NOP10"
"18152","SPAG4","SPAG4"
"18153","CD320","CD320"
"18154","CHSTB","CHST11"
"18155","OSGEP","OSGEP"
"18156","DMAP1","DMAP1"
"18157","IL23A","IL23A"
"18158","ADAP2","ADAP2"
"18159","FZD3","FZD3"
"18160","NGB","NGB"
"18161","UBN1","UBN1"
"18162","PCD12","PCDH12"
"18163","ZDHC4","ZDHHC4"
"18164","PPA6","ACP6"
"18165","INO1","ISYNA1"
"18166","IL1AP","IL1RAP"
"18167","NOX4","NOX4"
"18168","OBP2B","OBP2B"
"18169","IL26","IL26"
"18170","TM138","TMEM138"
"18171","BRD7","BRD7"
"18172","NRK2","NMRK2"
"18173","DCP1A","DCP1A"
"18174","KRCC1","KRCC1"
"18175","FANCF","FANCF"
"18176","KCJ16","KCNJ16"
"18177","MKKS","MKKS"
"18178","ACO13","ACOT13"
"18179","PNRC2","PNRC2"
"18180","MED4","MED4"
"18181","NXT2","NXT2"
"18182","TIDC1","TIMMDC1"
"18183","NLRC4","NLRC4"
"18184","RIC8A","RIC8A"
"18185","SEM4B","SEMA4B"
"18186","GP108","GPR108"
"18187","CN132","C14orf132"
"18188","C1QR1","CD93"
"18189","B3GA2","B3GAT2"
"18190","SCRT2","SCRT2"
"18191","AT132","ATP13A2"
"18192","SLAF7","SLAMF7"
"18193","LUC7L","LUC7L"
"18194","ESM1","ESM1"
"18195","AKIP1","AKIP1"
"18196","CK016","C11orf16"
"18197","ASCL3","ASCL3"
"18198","TMM9B","TMEM9B"
"18199","NRIP3","NRIP3"
"18200","SCUB2","SCUBE2"
"18201","ISK5","SPINK5"
"18202","RS10L","RPS10P5"
"18203","S52A3","SLC52A3"
"18204","LZTL1","LZTFL1"
"18205","RM40","MRPL40"
"18206","SSF1","PPAN"
"18207","EQTN","EQTN"
"18208","PLCB1","PLCB1"
"18209","LHX9","LHX9"
"18210","CASS4","CASS4"
"18211","MEPE","MEPE"
"18212","CRAC1","CRTAC1"
"18213","GPC5C","GPRC5C"
"18214","TRI36","TRIM36"
"18215","HEYL","HEYL"
"18216","TIGAR","TIGAR"
"18217","CL004","C12orf4"
"18218","ANO2","ANO2"
"18219","COPRS","COPRS"
"18220","A1CF","A1CF"
"18221","WASH6","WASH6P"
"18222","TRPV5","TRPV5"
"18223","TF7L2","TCF7L2"
"18224","JADE2","JADE2"
"18225","RTN4","RTN4"
"18226","CYLD","CYLD"
"18227","IFT46","IFT46"
"18228","TSSP","PRSS16"
"18229","HINT3","HINT3"
"18230","SERHL","SERHL"
"18231","MANBL","MANBAL"
"18232","RPR1B","RPRD1B"
"18233","MID51","MIEF1"
"18234","HPS4","HPS4"
"18235","XPP3","XPNPEP3"
"18236","DDX4","DDX4"
"18237","RRAGD","RRAGD"
"18238","DMRT3","DMRT3"
"18239","DAAF6","DNAAF6"
"18240","OR2S1","OR2S2"
"18241","PFD4","PFDN4"
"18242","S35C2","SLC35C2"
"18243","KMT5A","KMT5A"
"18244","NIT2","NIT2"
"18245","CC177","CCDC177"
"18246","G6PC2","G6PC2"
"18247","AVEN","AVEN"
"18248","NECT3","NECTIN3"
"18249","GPR84","GPR84"
"18250","INCE","INCENP"
"18251","EXOS5","EXOSC5"
"18252","EXOS3","EXOSC3"
"18253","FSCN3","FSCN3"
"18254","KI13B","KIF13B"
"18255","PAK6","PAK6"
"18256","PRD11","PRDM11"
"18257","PRD10","PRDM10"
"18258","PRDM9","PRDM9"
"18259","PRDM8","PRDM8"
"18260","SC31B","SEC31B"
"18261","PRDM7","PRDM7"
"18262","ANLN","ANLN"
"18263","XPP1","XPNPEP1"
"18264","CNGB3","CNGB3"
"18265","PRDM6","PRDM6"
"18266","PRDM5","PRDM5"
"18267","GEPH","GPHN"
"18268","MYO5C","MYO5C"
"18269","NPDC1","NPDC1"
"18270","ZN331","ZNF331"
"18271","ITM2C","ITM2C"
"18272","BIN3","BIN3"
"18273","SAS10","UTP3"
"18274","DAZ1","DAZ1"
"18275","STAR7","STARD7"
"18276","ZC4H2","ZC4H2"
"18277","ENTP7","ENTPD7"
"18278","ZNF71","ZNF71"
"18279","TCIM","TCIM"
"18280","BIRC6","BIRC6"
"18281","ZN302","ZNF302"
"18282","PDLI7","PDLIM7"
"18283","C163B","CD163L1"
"18284","ACSA","ACSS2"
"18285","DYRK4","DYRK4"
"18286","PAR11","PARP11"
"18287","ANM8","PRMT8"
"18288","GDF3","GDF3"
"18289","DBLOH","DIABLO"
"18290","DDX21","DDX21"
"18291","SAR1A","SAR1A"
"18292","DPOE4","POLE4"
"18293","MA1C1","MAN1C1"
"18294","SIAS","NANS"
"18295","SHLB2","SH3GLB2"
"18296","ASH1L","ASH1L"
"18297","EI2BG","EIF2B3"
"18298","BATF3","BATF3"
"18299","MBNL1","MBNL1"
"18300","DLL4","DLL4"
"18301","CP26B","CYP26B1"
"18302","KLHL1","KLHL1"
"18303","ASAH2","ASAH2"
"18304","PXMP2","PXMP2"
"18305","ARHG4","ARHGEF4"
"18306","ARHG3","ARHGEF3"
"18307","KCNQ5","KCNQ5"
"18308","S2A4R","SLC2A4RG"
"18309","DAZ3","DAZ3"
"18310","TLR9","TLR9"
"18311","TLR8","TLR8"
"18312","MXRA5","MXRA5"
"18313","SPHK2","SPHK2"
"18314","PDGFC","PDGFC"
"18315","S17A5","SLC17A5"
"18316","4ET","EIF4ENIF1"
"18317","CHSTC","CHST12"
"18318","ST7","ST7"
"18319","SPTN5","SPTBN5"
"18320","SIR7","SIRT7"
"18321","OTOR","OTOR"
"18322","FBX8","FBXO8"
"18323","FBX6","FBXO6"
"18324","PICK1","PICK1"
"18325","DUOX2","DUOX2"
"18326","DUOX1","DUOX1"
"18327","MMP26","MMP26"
"18328","TSH2","TSHZ2"
"18329","SH2B1","SH2B1"
"18330","PYRG2","CTPS2"
"18331","DPOE3","POLE3"
"18332","CHRC1","CHRAC1"
"18333","PRDC1","PRTFDC1"
"18334","SMYD2","SMYD2"
"18335","D39U1","SDR39U1"
"18336","AAAS","AAAS"
"18337","YAE1","YAE1"
"18338","SNRK","SNRK"
"18339","TBG2","TUBG2"
"18340","DISC1","DISC1"
"18341","PYY2","PYY2"
"18342","PPY2","PPY2P"
"18343","MOST1","C8orf17"
"18344","GSAS1","GSN-AS1"
"18345","CCL28","CCL28"
"18346","TULP4","TULP4"
"18347","PAPOB","PAPOLB"
"18348","PCDBG","PCDHB16"
"18349","ABCBA","ABCB10"
"18350","BAZ1A","BAZ1A"
"18351","STRN4","STRN4"
"18352","GTR9","SLC2A9"
"18353","ENAM","ENAM"
"18354","ZN277","ZNF277"
"18355","I17RB","IL17RB"
"18356","LATS2","LATS2"
"18357","OLFL3","OLFML3"
"18358","ADPPT","AASDHPPT"
"18359","METL5","METTL5"
"18360","OSTC","OSTC"
"18361","COXM2","CMC2"
"18362","SDHF3","SDHAF3"
"18363","STK36","STK36"
"18364","PLS4","PLSCR4"
"18365","SMCO4","SMCO4"
"18366","CYTL1","CYTL1"
"18367","TRYG1","TPSG1"
"18368","C42S2","CDC42SE2"
"18369","RNC","DROSHA"
"18370","UBQL4","UBQLN4"
"18371","INP5E","INPP5E"
"18372","C42S1","CDC42SE1"
"18373","TMPS4","TMPRSS4"
"18374","SNX15","SNX15"
"18375","CNNM1","CNNM1"
"18376","HEBP1","HEBP1"
"18377","RAB6B","RAB6B"
"18378","ABC3C","APOBEC3C"
"18379","DUS22","DUSP22"
"18380","VPS45","VPS45"
"18381","PNO1","PNO1"
"18382","RM17","MRPL17"
"18383","NUA4L","NDUFA4L2"
"18384","PHP14","PHPT1"
"18385","SERC1","SERINC1"
"18386","KISHB","TMEM167B"
"18387","SOSSC","INIP"
"18388","RHG35","ARHGAP35"
"18389","F1142","FAM114A2"
"18390","PLS3","PLSCR3"
"18391","PLS2","PLSCR2"
"18392","PLCD","AGPAT4"
"18393","PLCC","AGPAT3"
"18394","HELLS","HELLS"
"18395","C1GLT","C1GALT1"
"18396","LTBP3","LTBP3"
"18397","GLRX2","GLRX2"
"18398","RASF1","RASSF1"
"18399","SPNXB","SPANXB1"
"18400","SPNXA","SPANXA2"
"18401","RGS18","RGS18"
"18402","ZHANG","CREBZF"
"18403","RED2","ADARB2"
"18404","KCNH7","KCNH7"
"18405","TOPRS","TOPORS"
"18406","KCIP2","KCNIP2"
"18407","THSD1","THSD1"
"18408","RPRM","RPRM"
"18409","GP173","GPR173"
"18410","GPR27","GPR27"
"18411","TNR19","TNFRSF19"
"18412","TOM22","TOMM22"
"18413","GKN1","GKN1"
"18414","MBIP1","MBIP"
"18415","CLTR2","CYSLTR2"
"18416","AAA1","SLC7A10"
"18417","CHST7","CHST7"
"18418","CAH10","CA10"
"18419","LANC2","LANCL2"
"18420","KIF15","KIF15"
"18421","RAD18","RAD18"
"18422","TM7S3","TM7SF3"
"18423","SEM3G","SEMA3G"
"18424","S22AB","SLC22A11"
"18425","FGF21","FGF21"
"18426","KCND1","KCND1"
"18427","CNBP1","CTNNBIP1"
"18428","KRT84","KRT84"
"18429","KRT82","KRT82"
"18430","HOME2","HOMER2"
"18431","SALL1","SALL1"
"18432","HOME3","HOMER3"
"18433","SIA7A","ST6GALNAC1"
"18434","ZN275","ZNF275"
"18435","S6A13","SLC6A13"
"18436","RL3R1","RXFP3"
"18437","SYFB","FARSB"
"18438","CISH","CISH"
"18439","SYIM","IARS2"
"18440","CA112","C1orf112"
"18441","F207A","FAM207A"
"18442","IGSF5","IGSF5"
"18443","BRWD1","BRWD1"
"18444","SAMN1","SAMSN1"
"18445","Z355P","ZNF355P"
"18446","KLC4","KLC4"
"18447","CS012","C19orf12"
"18448","SNTG1","SNTG1"
"18449","CENPM","CENPM"
"18450","RRP7B","RRP7BP"
"18451","PLPL3","PNPLA3"
"18452","TREX1","TREX1"
"18453","DIAP3","DIAPH3"
"18454","NRBP2","NRBP2"
"18455","BMP2K","BMP2K"
"18456","STAR5","STARD5"
"18457","EMIL3","EMILIN3"
"18458","ATG3","ATG3"
"18459","TEN2","TENM2"
"18460","LRC4B","LRRC4B"
"18461","PKDRE","PKDREJ"
"18462","SIR3","SIRT3"
"18463","AT8A2","ATP8A2"
"18464","PDS5B","PDS5B"
"18465","INKA2","INKA2"
"18466","SMC4","SMC4"
"18467","MA2C1","MAN2C1"
"18468","SAC1","SACM1L"
"18469","DEPP1","DEPP1"
"18470","OLA1","OLA1"
"18471","CUTC","CUTC"
"18472","S35D1","SLC35D1"
"18473","SEM4G","SEMA4G"
"18474","CXB4","GJB4"
"18475","CTSRZ","CATSPERZ"
"18476","CBLN4","CBLN4"
"18477","ZF64B","ZFP64"
"18478","ECHD1","ECHDC1"
"18479","RN146","RNF146"
"18480","F217B","FAM217B"
"18481","RBM12","RBM12"
"18482","ANKE1","ANKEF1"
"18483","TB22B","TBC1D22B"
"18484","MDN1","MDN1"
"18485","LYRM2","LYRM2"
"18486","FX4L1","FOXD4L1"
"18487","GINM1","GINM1"
"18488","ZFP57","ZFP57"
"18489","ZBT40","ZBTB40"
"18490","ACS2L","ACSS1"
"18491","CT141","C20orf141"
"18492","SRTD4","SERTAD4"
"18493","ZCHC3","ZCCHC3"
"18494","CT096","C20orf96"
"18495","PIGV","PIGV"
"18496","ZDH18","ZDHHC18"
"18497","CCM2L","CCM2L"
"18498","PDRG1","PDRG1"
"18499","TM14B","TMEM14B"
"18500","DECR2","DECR2"
"18501","ABHDA","ABHD10"
"18502","T11L1","TCP11L1"
"18503","PLCX1","PLCXD1"
"18504","MBNL3","MBNL3"
"18505","STAU2","STAU2"
"18506","SHFL","SHFL"
"18507","DDX28","DDX28"
"18508","S39A9","SLC39A9"
"18509","T106B","TMEM106B"
"18510","LMBD1","LMBRD1"
"18511","ACER3","ACER3"
"18512","BL1S4","BLOC1S4"
"18513","TRM13","TRMT13"
"18514","LIN7C","LIN7C"
"18515","PLCE","AGPAT5"
"18516","TXLNG","TXLNG"
"18517","SPS2L","SPATS2L"
"18518","UFSP2","UFSP2"
"18519","ABCF3","ABCF3"
"18520","CYRIB","CYRIB"
"18521","TM74B","TMEM74B"
"18522","AP5S1","AP5S1"
"18523","MITOS","ABCB8"
"18524","OTULL","OTULINL"
"18525","DD19A","DDX19A"
"18526","SPTC3","SPTLC3"
"18527","GIMA4","GIMAP4"
"18528","TYDP1","TDP1"
"18529","POTE1","POT1"
"18530","TBC23","TBC1D23"
"18531","ACOXL","ACOXL"
"18532","DCA13","DCAF13"
"18533","TM140","TMEM140"
"18534","SAST","OLAH"
"18535","TM100","TMEM100"
"18536","IMP3","IMP3"
"18537","NUD15","NUDT15"
"18538","PRR34","PRR34"
"18539","CU077","LINC00846"
"18540","MRGBP","MRGBP"
"18541","RN19A","RNF19A"
"18542","TM39A","TMEM39A"
"18543","TYW1","TYW1"
"18544","EXOC1","EXOC1"
"18545","ZN701","ZNF701"
"18546","PCMD2","PCMTD2"
"18547","INT9","INTS9"
"18548","NFIP2","NDFIP2"
"18549","CC50A","TMEM30A"
"18550","UQCC1","UQCC1"
"18551","SEP11","SEPTIN11"
"18552","T184C","TMEM184C"
"18553","S38A7","SLC38A7"
"18554","MED17","MED17"
"18555","SETD4","SETD4"
"18556","PARVA","PARVA"
"18557","CCD87","CCDC87"
"18558","UBP40","USP40"
"18559","PANK4","PANK4"
"18560","FBX28","FBXO28"
"18561","EKI2","ETNK2"
"18562","TBC13","TBC1D13"
"18563","EXD2","EXD2"
"18564","DJC11","DNAJC11"
"18565","INT7","INTS7"
"18566","TMLH","TMLHE"
"18567","FANCI","FANCI"
"18568","ATD3A","ATAD3A"
"18569","ARL8B","ARL8B"
"18570","FGOP2","FGFR1OP2"
"18571","FA86C","FAM86C1"
"18572","CC198","CCDC198"
"18573","EVA1B","EVA1B"
"18574","ANM7","PRMT7"
"18575","DJC17","DNAJC17"
"18576","INT13","INTS13"
"18577","RIC8B","RIC8B"
"18578","GNL3L","GNL3L"
"18579","DDX18","DDX18"
"18580","ASF1B","ASF1B"
"18581","DZAN1","DZANK1"
"18582","FAIM1","FAIM"
"18583","KLH11","KLHL11"
"18584","INT10","INTS10"
"18585","KTU","DNAAF2"
"18586","TBCC1","TBCCD1"
"18587","RT18A","MRPS18A"
"18588","PNPO","PNPO"
"18589","ARMC1","ARMC1"
"18590","RPC5","POLR3E"
"18591","SDA1","SDAD1"
"18592","TM38B","TMEM38B"
"18593","CS073","C19orf73"
"18594","PAPD1","MTPAP"
"18595","AIG1","AIG1"
"18596","THAP1","THAP1"
"18597","RNF12","RLIM"
"18598","HAUS2","HAUS2"
"18599","NLE1","NLE1"
"18600","KBTB4","KBTBD4"
"18601","NECP2","NECAP2"
"18602","ZN358","ZNF358"
"18603","RPC2","POLR3B"
"18604","RBM28","RBM28"
"18605","ANO10","ANO10"
"18606","FANCL","FANCL"
"18607","PKHJ1","PLEKHJ1"
"18608","RBM22","RBM22"
"18609","BSDC1","BSDC1"
"18610","GPTC2","GPATCH2"
"18611","DMAC2","DMAC2"
"18612","WDR70","WDR70"
"18613","TMM51","TMEM51"
"18614","MED9","MED9"
"18615","RFOX1","RBFOX1"
"18616","ARGL1","ARGLU1"
"18617","IFT57","IFT57"
"18618","TM45A","TMEM45A"
"18619","TM248","TMEM248"
"18620","BEX4","BEX4"
"18621","S52A1","SLC52A1"
"18622","RN216","RNF216"
"18623","TM242","TMEM242"
"18624","SPAT6","SPATA6"
"18625","SLTM","SLTM"
"18626","BCD1","ZNHIT6"
"18627","ASND1","ASNSD1"
"18628","SMOX","SMOX"
"18629","CUED1","CUEDC1"
"18630","FKB14","FKBP14"
"18631","FBX34","FBXO34"
"18632","GPT2L","GPATCH2L"
"18633","PHAG1","PAG1"
"18634","CN119","C14orf119"
"18635","MCUB","MCUB"
"18636","PIHD1","PIH1D1"
"18637","PARI","PARPBP"
"18638","F118A","FAM118A"
"18639","RMND1","RMND1"
"18640","ZN446","ZNF446"
"18641","PK1IP","PAK1IP1"
"18642","HIF1N","HIF1AN"
"18643","AKIP","AURKAIP1"
"18644","OXSM","OXSM"
"18645","GID8","GID8"
"18646","RM22","MRPL22"
"18647","CZIB","CZIB"
"18648","BABA1","BABAM1"
"18649","HPIP","HCFC1R1"
"18650","CLN6","CLN6"
"18651","NRK1","NMRK1"
"18652","CB042","C2orf42"
"18653","PLAT2","PLAAT2"
"18654","ASB6","ASB6"
"18655","THG1","THG1L"
"18656","HPF1","HPF1"
"18657","IRAK4","IRAK4"
"18658","UCKL1","UCKL1"
"18659","GEMI8","GEMIN8"
"18660","TM160","TMEM160"
"18661","TXN4B","TXNL4B"
"18662","NALP2","NLRP2"
"18663","CA109","C1orf109"
"18664","F120C","FAM120C"
"18665","TSAP1","TRNAU1AP"
"18666","COMD8","COMMD8"
"18667","DDIT4","DDIT4"
"18668","NDUBB","NDUFB11"
"18669","SDHF2","SDHAF2"
"18670","RM16","MRPL16"
"18671","NHP2","NHP2"
"18672","OSER1","OSER1"
"18673","DJC28","DNAJC28"
"18674","ABITM","ABITRAM"
"18675","OCAD1","OCIAD1"
"18676","SOLH2","SOHLH2"
"18677","ADPRS","ADPRS"
"18678","MARH5","MARCHF5"
"18679","RHBL2","RHBDL2"
"18680","HYPK","HYPK"
"18681","RAB20","RAB20"
"18682","LYAR","LYAR"
"18683","T161A","TMEM161A"
"18684","IMPA3","BPNT2"
"18685","MIC19","CHCHD3"
"18686","ZSC32","ZSCAN32"
"18687","MED29","MED29"
"18688","DUS2L","DUS2"
"18689","CKLF6","CMTM6"
"18690","ENK13","ERVK13-1"
"18691","TM260","TMEM260"
"18692","WBP1L","WBP1L"
"18693","SYBU","SYBU"
"18694","SIR5","SIRT5"
"18695","MKS1","MKS1"
"18696","ELOV2","ELOVL2"
"18697","GFOD1","GFOD1"
"18698","MIO","MIOS"
"18699","MTMRA","MTMR10"
"18700","NSMA3","SMPD4"
"18701","CWC25","CWC25"
"18702","TEX10","TEX10"
"18703","DCA16","DCAF16"
"18704","ZDHC7","ZDHHC7"
"18705","CNTLN","CNTLN"
"18706","THUM1","THUMPD1"
"18707","P4HTM","P4HTM"
"18708","PP14D","PPP1R14D"
"18709","TOR4A","TOR4A"
"18710","TRM1","TRMT1"
"18711","RN186","RNF186"
"18712","M4A12","MS4A12"
"18713","PGPI","PGPEP1"
"18714","PAQR5","PAQR5"
"18715","FXL12","FBXL12"
"18716","ARH38","ARHGEF38"
"18717","SIDT1","SIDT1"
"18718","MCM9","MCM9"
"18719","GDAP2","GDAP2"
"18720","GIN1","GIN1"
"18721","NDE1","NDE1"
"18722","ANR10","ANKRD10"
"18723","BABA2","BABAM2"
"18724","ING3","ING3"
"18725","QPCTL","QPCTL"
"18726","KLH28","KLHL28"
"18727","ZN586","ZNF586"
"18728","ARL15","ARL15"
"18729","KCTD5","KCTD5"
"18730","CARF","CDKN2AIP"
"18731","DJB12","DNAJB12"
"18732","ALKB4","ALKBH4"
"18733","NSE4A","NSMCE4A"
"18734","SAGE1","SAGE1"
"18735","DDX43","DDX43"
"18736","GAR1","GAR1"
"18737","STAB1","STAB1"
"18738","CLC5A","CLEC5A"
"18739","S39A1","SLC39A1"
"18740","PP4R2","PPP4R2"
"18741","GALT8","GALNT8"
"18742","BTG4","BTG4"
"18743","DPP3","DPP3"
"18744","CLDN1","CLDND1"
"18745","ASIC5","ASIC5"
"18746","BARH2","BARHL2"
"18747","SCN3A","SCN3A"
"18748","CA2D2","CACNA2D2"
"18749","OBP2A","OBP2A"
"18750","ST32B","STK32B"
"18751","NSMA2","SMPD3"
"18752","AATF","AATF"
"18753","GTR8","SLC2A8"
"18754","TBA8","TUBA8"
"18755","SCN3B","SCN3B"
"18756","ETAA1","ETAA1"
"18757","VNN3","VNN3"
"18758","SPNXC","SPANXC"
"18759","SC5A4","SLC5A4"
"18760","DDX56","DDX56"
"18761","B3GN2","B3GNT2"
"18762","SNTG2","SNTG2"
"18763","SPHK1","SPHK1"
"18764","GOG6A","GOLGA6A"
"18765","MTMR4","MTMR4"
"18766","TE2IP","TERF2IP"
"18767","SO1C1","SLCO1C1"
"18768","ABI2","ABI2"
"18769","DYH9","DNAH9"
"18770","HXC10","HOXC10"
"18771","DACT1","DACT1"
"18772","FA53C","FAM53C"
"18773","FA13B","FAM13B"
"18774","BCLF1","BCLAF1"
"18775","ZDHC3","ZDHHC3"
"18776","APC11","ANAPC11"
"18777","KCNK4","KCNK4"
"18778","UTP6","UTP6"
"18779","PSD3","PSD3"
"18780","COA4","COA4"
"18781","DLL3","DLL3"
"18782","TAB2","TAB2"
"18783","TLR7","TLR7"
"18784","RM39","MRPL39"
"18785","EURL","EURL"
"18786","M3K20","MAP3K20"
"18787","FKB11","FKBP11"
"18788","CP39A","CYP39A1"
"18789","TMOD3","TMOD3"
"18790","GPR83","GPR83"
"18791","BET1L","BET1L"
"18792","RASLC","RASL12"
"18793","DONS","DONSON"
"18794","ELOV5","ELOVL5"
"18795","CU062","C21orf62"
"18796","MS18A","MIS18A"
"18797","HAOX2","HAO2"
"18798","CELR1","CELSR1"
"18799","CELR3","CELSR3"
"18800","FAT2","FAT2"
"18801","RDH8","RDH8"
"18802","KBRS2","NKIRAS2"
"18803","KBRS1","NKIRAS1"
"18804","WSB2","WSB2"
"18805","PLEK2","PLEK2"
"18806","ZN226","ZNF226"
"18807","UGGG2","UGGT2"
"18808","UGGG1","UGGT1"
"18809","CDK12","CDK12"
"18810","RRN3","RRN3"
"18811","T2R16","TAS2R16"
"18812","T2R14","TAS2R14"
"18813","T2R13","TAS2R13"
"18814","T2R10","TAS2R10"
"18815","TA2R9","TAS2R9"
"18816","TA2R8","TAS2R8"
"18817","TA2R7","TAS2R7"
"18818","TA2R5","TAS2R5"
"18819","TA2R4","TAS2R4"
"18820","TA2R3","TAS2R3"
"18821","TA2R1","TAS2R1"
"18822","RBAK","RBAK"
"18823","CALY","CALY"
"18824","IL20","IL20"
"18825","PLK2","PLK2"
"18826","FAKD2","FASTKD2"
"18827","TV23B","TVP23B"
"18828","MFRN1","SLC25A37"
"18829","GTSE1","GTSE1"
"18830","SIGL8","SIGLEC8"
"18831","TECR","TECR"
"18832","ERAP1","ERAP1"
"18833","UBAP1","UBAP1"
"18834","PA2G3","PLA2G3"
"18835","ARP10","ACTR10"
"18836","IDAS1","IDI2-AS1"
"18837","PEN2","PSENEN"
"18838","USE1","USE1"
"18839","CISD1","CISD1"
"18840","GGA3","GGA3"
"18841","PDXL2","PODXL2"
"18842","FMN2","FMN2"
"18843","TLS1","C9orf78"
"18844","RTEL1","RTEL1"
"18845","STMN3","STMN3"
"18846","PRR13","PRR13"
"18847","NLGN3","NLGN3"
"18848","CLIC5","CLIC5"
"18849","F120A","FAM120A"
"18850","MOCS1","MOCS1"
"18851","TREM2","TREM2"
"18852","GDE1","GDE1"
"18853","EHF","EHF"
"18854","WWOX","WWOX"
"18855","SMAL1","SMARCAL1"
"18856","GPC5D","GPRC5D"
"18857","GLTP","GLTP"
"18858","AHSP","AHSP"
"18859","SPG21","SPG21"
"18860","RM35","MRPL35"
"18861","PLAC8","PLAC8"
"18862","NINJ2","NINJ2"
"18863","GPC5B","GPRC5B"
"18864","PTTG3","PTTG3P"
"18865","PTTG2","PTTG2"
"18866","IL37","IL37"
"18867","IL36B","IL36B"
"18868","IL36G","IL36G"
"18869","KCIP1","KCNIP1"
"18870","GRHL1","GRHL1"
"18871","TF2L1","TFCP2L1"
"18872","UBIP1","UBP1"
"18873","IF2B1","IGF2BP1"
"18874","DTL","DTL"
"18875","SACS","SACS"
"18876","E2AK3","EIF2AK3"
"18877","COQ3","COQ3"
"18878","MTCH1","MTCH1"
"18879","NUDT4","NUDT4"
"18880","ADA2","ADA2"
"18881","PA2GE","PLA2G2E"
"18882","ZN224","ZNF224"
"18883","HPBP1","HSPBP1"
"18884","RGL1","RGL1"
"18885","MAT2B","MAT2B"
"18886","MYOF","MYOF"
"18887","ITSN2","ITSN2"
"18888","BICRA","BICRA"
"18889","NOP53","NOP53"
"18890","PK2L2","PKD2L2"
"18891","IRPL1","IL1RAPL1"
"18892","EHD3","EHD3"
"18893","EHD2","EHD2"
"18894","ARHGC","ARHGEF12"
"18895","CNOT2","CNOT2"
"18896","AIPL1","AIPL1"
"18897","OR6C3","OR6C3"
"18898","OR6C2","OR6C2"
"18899","O5AC2","OR5AC2"
"18900","NPAP1","NPAP1"
"18901","C1RL","C1RL"
"18902","DJC27","DNAJC27"
"18903","SPN90","NCKIPSD"
"18904","PD1L1","CD274"
"18905","TRPM5","TRPM5"
"18906","TMOD4","TMOD4"
"18907","TMOD2","TMOD2"
"18908","LRP1B","LRP1B"
"18909","VSX1","VSX1"
"18910","KLRF1","KLRF1"
"18911","BFAR","BFAR"
"18912","CALL5","CALML5"
"18913","OGFR","OGFR"
"18914","FLRT3","FLRT3"
"18915","FLRT1","FLRT1"
"18916","LMCD1","LMCD1"
"18917","CABP1","CABP1"
"18918","CRIM1","CRIM1"
"18919","SELN","SELENON"
"18920","MSRB1","MSRB1"
"18921","ZIM2","ZIM2"
"18922","KCND2","KCND2"
"18923","DSPP","DSPP"
"18924","MPP6","MPP6"
"18925","FA30A","FAM30A"
"18926","CHMP5","CHMP5"
"18927","COMD9","COMMD9"
"18928","CNIH4","CNIH4"
"18929","CWC15","CWC15"
"18930","RM15","MRPL15"
"18931","THYN1","THYN1"
"18932","CRIPT","CRIPT"
"18933","TAP26","CCDC59"
"18934","NDUF4","NDUFAF4"
"18935","HACD3","HACD3"
"18936","JKAMP","JKAMP"
"18937","MED11","MED11"
"18938","CC167","CCDC167"
"18939","KLK14","KLK14"
"18940","EMC3","EMC3"
"18941","NDUAD","NDUFA13"
"18942","PDP1","PDP1"
"18943","RM36","MRPL36"
"18944","KCMF1","KCMF1"
"18945","ADA22","ADAM22"
"18946","RAI14","RAI14"
"18947","FOXJ2","FOXJ2"
"18948","FRS1L","FRRS1L"
"18949","VAPA","VAPA"
"18950","ZKSC7","ZKSCAN7"
"18951","MARK1","MARK1"
"18952","PK2L1","PKD2L1"
"18953","AKA7G","AKAP7"
"18954","IL17C","IL17C"
"18955","H2AW","MACROH2A2"
"18956","RM27","MRPL27"
"18957","TM216","TMEM216"
"18958","MARH2","MARCHF2"
"18959","TBCD7","TBC1D7"
"18960","RN181","RNF181"
"18961","MRES1","MTRES1"
"18962","GSKIP","GSKIP"
"18963","COX16","COX16"
"18964","ORML1","ORMDL1"
"18965","TM14C","TMEM14C"
"18966","ZN581","ZNF581"
"18967","TMEM9","TMEM9"
"18968","TOM7","TOMM7"
"18969","SENP1","SENP1"
"18970","CXXC1","CXXC1"
"18971","SH3B4","SH3BP4"
"18972","SLAF8","SLAMF8"
"18973","SEP10","SEPTIN10"
"18974","IFNK","IFNK"
"18975","HM20B","HMG20B"
"18976","SPAT7","SPATA7"
"18977","CAC1I","CACNA1I"
"18978","SOX","PIPOX"
"18979","DOK5","DOK5"
"18980","GMIP","GMIP"
"18981","GCNT4","GCNT4"
"18982","NTRI","NTM"
"18983","CLC1B","CLEC1B"
"18984","LUZP4","LUZP4"
"18985","PP4RL","PPP4R1L"
"18986","DLGP2","DLGAP2"
"18987","YN010","PRO2829"
"18988","YP008","PRO2289"
"18989","ABRAL","ABRACL"
"18990","RBAS1","RBM12B-AS1"
"18991","DHAS1","DHRS4-AS1"
"18992","TAAR3","TAAR3P"
"18993","TAAR2","TAAR2"
"18994","VPS54","VPS54"
"18995","OR1A1","OR1A1"
"18996","MDFIC","MDFIC"
"18997","RPA12","POLR1H"
"18998","ARP3B","ACTR3B"
"18999","SAM15","SAMD15"
"19000","CSC1","TMEM63C"
"19001","SIRPG","SIRPG"
"19002","PIM2","PIM2"
"19003","CAMP3","CAMSAP3"
"19004","PHRF1","PHRF1"
"19005","ZBTB4","ZBTB4"
"19006","CACO1","CALCOCO1"
"19007","HCN3","HCN3"
"19008","CC180","CCDC180"
"19009","WHRN","WHRN"
"19010","BTBD7","BTBD7"
"19011","K1522","KIAA1522"
"19012","CEP72","CEP72"
"19013","PLCE1","PLCE1"
"19014","POGK","POGK"
"19015","ZSWM5","ZSWIM5"
"19016","COKA1","COL20A1"
"19017","DAPLE","CCDC88C"
"19018","DYH2","DNAH2"
"19019","RHG23","ARHGAP23"
"19020","CNTN3","CNTN3"
"19021","AT10D","ATP10D"
"19022","NYAP2","NYAP2"
"19023","ZFAT","ZFAT"
"19024","LRFN1","LRFN1"
"19025","STIM2","STIM2"
"19026","VPS18","VPS18"
"19027","ZN492","ZNF492"
"19028","RCC2","RCC2"
"19029","RELCH","RELCH"
"19030","DIP2B","DIP2B"
"19031","JCAD","JCAD"
"19032","MBD5","MBD5"
"19033","SLAI2","SLAIN2"
"19034","TRM9B","TRMT9B"
"19035","TEN3","TENM3"
"19036","UBP36","USP36"
"19037","FNIP2","FNIP2"
"19038","BAHC1","BAHCC1"
"19039","SEM5B","SEMA5B"
"19040","PAK5","PAK5"
"19041","BCCIP","BCCIP"
"19042","STK26","STK26"
"19043","ARMX1","ARMCX1"
"19044","C5AR2","C5AR2"
"19045","HIG1B","HIGD1B"
"19046","COPZ2","COPZ2"
"19047","ABI3","ABI3"
"19048","FPRP","PTGFRN"
"19049","CT2NL","CTTNBP2NL"
"19050","CFA97","CFAP97"
"19051","TM181","TMEM181"
"19052","IBTK","IBTK"
"19053","CHD7","CHD7"
"19054","HTR5B","HEATR5B"
"19055","F135A","FAM135A"
"19056","DYH1","DNAH1"
"19057","UNC79","UNC79"
"19058","KIF17","KIF17"
"19059","ZNFX1","ZNFX1"
"19060","CHPF2","CHPF2"
"19061","PCD10","PCDH10"
"19062","MARH4","MARCHF4"
"19063","RRBP1","RRBP1"
"19064","STOX2","STOX2"
"19065","RHG20","ARHGAP20"
"19066","SI1L2","SIPA1L2"
"19067","ZN319","ZNF319"
"19068","AKIB1","ANKIB1"
"19069","KLH14","KLHL14"
"19070","MAP10","MAP10"
"19071","KLHL8","KLHL8"
"19072","CE126","CEP126"
"19073","IFT80","IFT80"
"19074","UBP35","USP35"
"19075","CPSF2","CPSF2"
"19076","TUTLA","IGSF9"
"19077","KLHL9","KLHL9"
"19078","SYLC","LARS1"
"19079","ZN624","ZNF624"
"19080","PDP2","PDP2"
"19081","C2D2A","CC2D2A"
"19082","TXD16","TXNDC16"
"19083","RCOR3","RCOR3"
"19084","MYEF2","MYEF2"
"19085","KLH42","KLHL42"
"19086","E2AK4","EIF2AK4"
"19087","DISP3","DISP3"
"19088","WDR35","WDR35"
"19089","LR2BP","LRP2BP"
"19090","TBC14","TBC1D14"
"19091","CING","CGN"
"19092","RHG28","ARHGAP28"
"19093","ATS9","ADAMTS9"
"19094","RBM27","RBM27"
"19095","KANL3","KANSL3"
"19096","KLH13","KLHL13"
"19097","NYNRI","NYNRIN"
"19098","HECW2","HECW2"
"19099","STAR9","STARD9"
"19100","FRM4A","FRMD4A"
"19101","ANFY1","ANKFY1"
"19102","RERE","RERE"
"19103","SUCB1","SUCLA2"
"19104","NRX2A","NRXN2"
"19105","WRP73","WRAP73"
"19106","ANKY1","ANKMY1"
"19107","THEG","THEG"
"19108","GMPR2","GMPR2"
"19109","VGLU1","SLC17A7"
"19110","VGLU2","SLC17A6"
"19111","LRIT1","LRIT1"
"19112","HOP2","PSMC3IP"
"19113","GBG13","GNG13"
"19114","CK021","C11orf21"
"19115","B3GA1","B3GAT1"
"19116","STX18","STX18"
"19117","DPM3","DPM3"
"19118","IMPCT","IMPACT"
"19119","DEC1","DELEC1"
"19120","CI027","LINC00474"
"19121","ZN219","ZNF219"
"19122","UVRAG","UVRAG"
"19123","THA10","THAP10"
"19124","POK18","ERVK-18"
"19125","ATX10","ATXN10"
"19126","MBD2","MBD2"
"19127","NCDN","NCDN"
"19128","TFP11","TFIP11"
"19129","HNF6","ONECUT1"
"19130","IKBL1","NFKBIL1"
"19131","EP15R","EPS15L1"
"19132","DNM3B","DNMT3B"
"19133","MYO1A","MYO1A"
"19134","GALP","GALP"
"19135","SPRR3","SPRR3"
"19136","HSFX1","HSFX2"
"19137","XCL2","XCL2"
"19138","ORC3","ORC3"
"19139","RHCG","RHCG"
"19140","CLCF1","CLCF1"
"19141","SAE1","SAE1"
"19142","NLK","NLK"
"19143","MAGC2","MAGEC2"
"19144","COPG2","COPG2"
"19145","RBX2","RNF7"
"19146","PI4KB","PI4KB"
"19147","MYOTI","MYOT"
"19148","MRC2","MRC2"
"19149","CRNN","CRNN"
"19150","RBPJL","RBPJL"
"19151","I36RA","IL36RN"
"19152","XPR1","XPR1"
"19153","COMD3","COMMD3"
"19154","STML1","STOML1"
"19155","GBG12","GNG12"
"19156","HDC","HECA"
"19157","ABCD2","ABCD2"
"19158","PRGC1","PPARGC1A"
"19159","HCST","HCST"
"19160","RBL2A","RABL2A"
"19161","MTRR","MTRR"
"19162","UXT","UXT"
"19163","ARP21","ARPP21"
"19164","ASH2L","ASH2L"
"19165","CPNE7","CPNE7"
"19166","P2RX2","P2RX2"
"19167","PEMT","PEMT"
"19168","OPT","OPTC"
"19169","DHCR7","DHCR7"
"19170","MGT4C","MGAT4C"
"19171","CCG4","CACNG4"
"19172","TRPC4","TRPC4"
"19173","TR10D","TNFRSF10D"
"19174","HDAC6","HDAC6"
"19175","SPAST","SPAST"
"19176","DKK3","DKK3"
"19177","HEY2","HEY2"
"19178","TRMB","METTL1"
"19179","KAAG1","KAAG1"
"19180","GULP1","GULP1"
"19181","VPS29","VPS29"
"19182","EIF3K","EIF3K"
"19183","EXTL2","EXTL2"
"19184","GRHPR","GRHPR"
"19185","BUP1","UPB1"
"19186","CATZ","CTSZ"
"19187","LHX3","LHX3"
"19188","CKLF","CKLF"
"19189","KS6B2","RPS6KB2"
"19190","DNJB9","DNAJB9"
"19191","DJB11","DNAJB11"
"19192","GABR1","GABBR1"
"19193","RNF14","RNF14"
"19194","SUCO","SUCO"
"19195","SAE2","UBA2"
"19196","DKK4","DKK4"
"19197","POLK","POLK"
"19198","CTNL1","CTNNAL1"
"19199","DKK2","DKK2"
"19200","GHRL","GHRL"
"19201","FA8A1","FAM8A1"
"19202","DBF4A","DBF4"
"19203","MO4L1","MORF4L1"
"19204","NXF1","NXF1"
"19205","SE1L1","SEL1L"
"19206","WNT16","WNT16"
"19207","B4GT7","B4GALT7"
"19208","PEF1","PEF1"
"19209","BIN2","BIN2"
"19210","ZMYM2","ZMYM2"
"19211","CSN7A","COPS7A"
"19212","HESX1","HESX1"
"19213","CATF","CTSF"
"19214","DUX4","DUX4"
"19215","DIC","SLC25A10"
"19216","FBLN5","FBLN5"
"19217","KLK11","KLK11"
"19218","B4GT6","B4GALT6"
"19219","SL9A2","SLC9A2"
"19220","LPAR3","LPAR3"
"19221","CLN8","CLN8"
"19222","HSPB7","HSPB7"
"19223","APEX2","APEX2"
"19224","REV1","REV1"
"19225","ZNF70","ZNF70"
"19226","ZNF69","ZNF69"
"19227","NKX12","NKX1-2"
"19228","PPR1B","PPP1R1B"
"19229","AASS","AASS"
"19230","CLIP2","CLIP2"
"19231","ZN212","ZNF212"
"19232","ZN282","ZNF282"
"19233","QCR9","UQCR10"
"19234","ZMAT5","ZMAT5"
"19235","S14L4","SEC14L4"
"19236","S14L3","SEC14L3"
"19237","MTFP1","MTFP1"
"19238","ZO2","TJP2"
"19239","DNJB4","DNAJB4"
"19240","TRI10","TRIM10"
"19241","MALT1","MALT1"
"19242","ST17A","STK17A"
"19243","CFDP1","CFDP1"
"19244","KLOT","KL"
"19245","ZN629","ZNF629"
"19246","DAXX","DAXX"
"19247","TRM7","FTSJ1"
"19248","VTI1B","VTI1B"
"19249","GGE2D","GAGE2D"
"19250","MARCO","MARCO"
"19251","STK39","STK39"
"19252","ADDG","ADD3"
"19253","CCG5","CACNG5"
"19254","PKHB1","PLEKHB1"
"19255","HYPDH","PRODH2"
"19256","EPHA6","EPHA6"
"19257","DNJ5B","DNAJC5B"
"19258","FXL17","FBXL17"
"19259","YM012","-"
"19260","ZBT47","ZBTB47"
"19261","LRWD1","LRWD1"
"19262","RIM3A","RIMBP3"
"19263","CCD39","CCDC39"
"19264","CNOT8","CNOT8"
"19265","CS025","C19orf25"
"19266","DYH17","DNAH17"
"19267","NPS3A","NIPSNAP3A"
"19268","GAK1A","GASK1A"
"19269","TBC29","TBC1D29P"
"19270","YO007","-"
"19271","CGBP1","CGGBP1"
"19272","IF172","IFT172"
"19273","GIMA2","GIMAP2"
"19274","PISD","PISD"
"19275","ABCF2","ABCF2"
"19276","MIOX","MIOX"
"19277","RGS17","RGS17"
"19278","RF1ML","MTRF1L"
"19279","O14J1","OR14J1"
"19280","OR5V1","OR5V1"
"19281","O12D3","OR12D3"
"19282","S23A2","SLC23A2"
"19283","ZRAN1","ZRANB1"
"19284","KCNN3","KCNN3"
"19285","TES","TES"
"19286","AAKG3","PRKAG3"
"19287","AAKG2","PRKAG2"
"19288","GCP4","TUBGCP4"
"19289","STAP2","STAP2"
"19290","SRGEF","SERGEF"
"19291","KDM5B","KDM5B"
"19292","CRCT1","CRCT1"
"19293","ACHA9","CHRNA9"
"19294","DMBT1","DMBT1"
"19295","FETUB","FETUB"
"19296","SYWM","WARS2"
"19297","CLM8","CD300A"
"19298","PARP2","PARP2"
"19299","LIMD1","LIMD1"
"19300","DPOLL","POLL"
"19301","SEC63","SEC63"
"19302","FLOWR","CACFD1"
"19303","GTR6","SLC2A6"
"19304","Z3H7B","ZC3H7B"
"19305","SUSD2","SUSD2"
"19306","TCF20","TCF20"
"19307","HMGX4","HMGXB4"
"19308","NDRG3","NDRG3"
"19309","NOL12","NOL12"
"19310","SEPT3","SEPTIN3"
"19311","ABC3B","APOBEC3B"
"19312","SRR1L","SRRD"
"19313","ARMX3","ARMCX3"
"19314","NSGX","CDKN2A-DT"
"19315","SWP70","SWAP70"
"19316","COE1","EBF1"
"19317","KLHL3","KLHL3"
"19318","FBX40","FBXO40"
"19319","MLX","MLX"
"19320","SUN2","SUN2"
"19321","S18L2","SS18L2"
"19322","RLP24","RSL24D1"
"19323","LTOR3","LAMTOR3"
"19324","IL36A","IL36A"
"19325","NDOR1","NDOR1"
"19326","LIMA1","LIMA1"
"19327","AFF4","AFF4"
"19328","SRP68","SRP68"
"19329","MLH3","MLH3"
"19330","ASIC3","ASIC3"
"19331","CNTP2","CNTNAP2"
"19332","MKRN1","MKRN1"
"19333","NPCL1","NPC1L1"
"19334","IL19","IL19"
"19335","CHRD1","CHORDC1"
"19336","TBK1","TBK1"
"19337","CIDEB","CIDEB"
"19338","SEPT9","SEPTIN9"
"19339","UBQL2","UBQLN2"
"19340","NAT8","NAT8"
"19341","STEA1","STEAP1"
"19342","TKNK","TAC3"
"19343","EGFL7","EGFL7"
"19344","NAT8B","NAT8B"
"19345","I20RA","IL20RA"
"19346","IL17B","IL17B"
"19347","TRPS1","TRPS1"
"19348","DCDC2","DCDC2"
"19349","PCS1N","PCSK1N"
"19350","PCYOX","PCYOX1"
"19351","IP6K2","IP6K2"
"19352","LAT2","SLC7A8"
"19353","DDX20","DDX20"
"19354","S23A1","SLC23A1"
"19355","ATS1","ADAMTS1"
"19356","SMBT1","SFMBT1"
"19357","SHPK","SHPK"
"19358","PGAP2","PGAP2"
"19359","NUFP1","NUFIP1"
"19360","AMACR","AMACR"
"19361","DDX25","DDX25"
"19362","F153A","FAM153A"
"19363","DPP2","DPP7"
"19364","GT2D1","GTF2IRD1"
"19365","OPN4","OPN4"
"19366","DPOG2","POLG2"
"19367","CEIP2","CEMIP2"
"19368","UBP25","USP25"
"19369","RSP14","RSPH14"
"19370","CLC2D","CLEC2D"
"19371","SMPX","SMPX"
"19372","NARF","NARF"
"19373","BAP29","BCAP29"
"19374","TCAL9","TCEAL9"
"19375","NB5R1","CYB5R1"
"19376","BI2L1","BAIAP2L1"
"19377","S30BP","SAP30BP"
"19378","ZNHI2","ZNHIT2"
"19379","YG001","PRO1854"
"19380","YK039","PRO1716"
"19381","SRTD1","SERTAD1"
"19382","RPGFL","RAPGEFL1"
"19383","MED13","MED13"
"19384","PP13","LGALS13"
"19385","PFD2","PFDN2"
"19386","GPN3","GPN3"
"19387","S12A6","SLC12A6"
"19388","PUF60","PUF60"
"19389","AGRE2","ADGRE2"
"19390","NRBP","NRBP1"
"19391","ENOPH","ENOPH1"
"19392","FEZ2","FEZ2"
"19393","EVL","EVL"
"19394","NDUAC","NDUFA12"
"19395","EI2BD","EIF2B4"
"19396","VATH","ATP6V1H"
"19397","PRAF1","RABAC1"
"19398","TAGL3","TAGLN3"
"19399","M2GD","DMGDH"
"19400","YP002","PRO0461"
"19401","IPO11","IPO11"
"19402","TR112","TRMT112"
"19403","GLSL","GLS2"
"19404","SCNBA","SCN11A"
"19405","DACH1","DACH1"
"19406","TSP50","PRSS50"
"19407","NCKX2","SLC24A2"
"19408","CBPA4","CPA4"
"19409","MRM2","MRM2"
"19410","DNAI1","DNAI1"
"19411","CTNA3","CTNNA3"
"19412","YT001","PRO0628"
"19413","YE014","PRO0255"
"19414","MD2L2","MAD2L2"
"19415","CYH4","CYTH4"
"19416","XPO7","XPO7"
"19417","SLAF5","CD84"
"19418","LCMT1","LCMT1"
"19419","VPS51","VPS51"
"19420","ZN639","ZNF639"
"19421","ZN230","ZNF230"
"19422","TEKT2","TEKT2"
"19423","MUTYH","MUTYH"
"19424","BAZ2B","BAZ2B"
"19425","BAZ2A","BAZ2A"
"19426","BAZ1B","BAZ1B"
"19427","PS1C2","PSORS1C2"
"19428","PS1C1","PSORS1C1"
"19429","SO3A1","SLCO3A1"
"19430","KLF15","KLF15"
"19431","ATIF1","ATP5IF1"
"19432","HERC5","HERC5"
"19433","ZN107","ZNF107"
"19434","DS13B","DUSP13"
"19435","ZDHC2","ZDHHC2"
"19436","KAD3","AK3"
"19437","DAPK2","DAPK2"
"19438","TEFF2","TMEFF2"
"19439","SCOC","SCOC"
"19440","KIF25","KIF25"
"19441","PHF11","PHF11"
"19442","FKBPL","FKBPL"
"19443","LCAP","LNPEP"
"19444","BTNL2","BTNL2"
"19445","MBD1","MBD1"
"19446","SIX4","SIX4"
"19447","CNOT7","CNOT7"
"19448","SPB13","SERPINB13"
"19449","VAX2","VAX2"
"19450","PLXA1","PLXNA1"
"19451","KCNG1","KCNG1"
"19452","RWD2A","RWDD2A"
"19453","TSYL4","TSPYL4"
"19454","GGT7","GGT7"
"19455","SIA7B","ST6GALNAC2"
"19456","RABX5","RABGEF1"
"19457","GP160","GPR160"
"19458","MAGL2","MAGEL2"
"19459","MSRA","MSRA"
"19460","NAGK","NAGK"
"19461","CLC4K","CD207"
"19462","ANX10","ANXA10"
"19463","ZMYM5","ZMYM5"
"19464","HACL1","HACL1"
"19465","KCNE5","KCNE5"
"19466","CU104","LINC00527"
"19467","KCNG2","KCNG2"
"19468","STAG3","STAG3"
"19469","CAD22","CDH22"
"19470","CRLS1","CRLS1"
"19471","MCM8","MCM8"
"19472","TRM6","TRMT6"
"19473","ENPP5","ENPP5"
"19474","HOOK1","HOOK1"
"19475","SH3L2","SH3BGRL2"
"19476","RIMS3","RIMS3"
"19477","NGAP","RASAL2"
"19478","MSPD1","MOSPD1"
"19479","METRN","METRN"
"19480","RUSD1","RPUSD1"
"19481","GNPTG","GNPTG"
"19482","TSR3","TSR3"
"19483","ZF69B","ZFP69B"
"19484","ERRFI","ERRFI1"
"19485","HAOX1","HAO1"
"19486","ZN391","ZNF391"
"19487","KLH21","KLHL21"
"19488","LAMP5","LAMP5"
"19489","SALL4","SALL4"
"19490","SCP2D","SCP2D1"
"19491","CMC2","SLC25A13"
"19492","TBE","TUBE1"
"19493","TBD","TUBD1"
"19494","TSKS","TSKS"
"19495","FBXL7","FBXL7"
"19496","LEF1","LEF1"
"19497","ZN112","ZNF112"
"19498","FOXD3","FOXD3"
"19499","DBNL","DBNL"
"19500","TRIM1","MID2"
"19501","PURG","PURG"
"19502","DDX41","DDX41"
"19503","DCTN4","DCTN4"
"19504","TINAG","TINAG"
"19505","DNM3L","DNMT3L"
"19506","ZN229","ZNF229"
"19507","ZN180","ZNF180"
"19508","SRTD3","SERTAD3"
"19509","OSGI1","OSGIN1"
"19510","CDC23","CDC23"
"19511","APC7","ANAPC7"
"19512","APC5","ANAPC5"
"19513","APC4","ANAPC4"
"19514","ANC2","ANAPC2"
"19515","HSPB8","HSPB8"
"19516","GGA2","GGA2"
"19517","GGA1","GGA1"
"19518","STML2","STOML2"
"19519","CC018","C3orf18"
"19520","GDF2","GDF2"
"19521","GBG8","GNG8"
"19522","ZN225","ZNF225"
"19523","ZN223","ZNF223"
"19524","ZN222","ZNF222"
"19525","ZN221","ZNF221"
"19526","KCND3","KCND3"
"19527","FBX2","FBXO2"
"19528","NAGPA","NAGPA"
"19529","TM59L","TMEM59L"
"19530","KS6A6","RPS6KA6"
"19531","ZN580","ZNF580"
"19532","NOCT","NOCT"
"19533","VPS28","VPS28"
"19534","LSM7","LSM7"
"19535","ING1","ING1"
"19536","ZPI","SERPINA10"
"19537","CCNL1","CCNL1"
"19538","DBR1","DBR1"
"19539","TASOR","TASOR"
"19540","FEM1B","FEM1B"
"19541","JUPI1","JPT1"
"19542","UBP21","USP21"
"19543","DKKL1","DKKL1"
"19544","FBX10","FBXO10"
"19545","FBX9","FBXO9"
"19546","FBX3","FBXO3"
"19547","FBXL5","FBXL5"
"19548","FBXL4","FBXL4"
"19549","AKA11","AKAP11"
"19550","RCAN3","RCAN3"
"19551","PTBP2","PTBP2"
"19552","FBW1B","FBXW11"
"19553","DJC12","DNAJC12"
"19554","AJAP1","AJAP1"
"19555","FBXL2","FBXL2"
"19556","GMEB2","GMEB2"
"19557","MRT4","MRTO4"
"19558","TNIK","TNIK"
"19559","ADA30","ADAM30"
"19560","ADA29","ADAM29"
"19561","CPSF3","CPSF3"
"19562","PITC1","PITPNC1"
"19563","DP13A","APPL1"
"19564","S13A4","SLC13A4"
"19565","OCTC","CROT"
"19566","BORG2","CDC42EP3"
"19567","VPRE3","VPREB3"
"19568","TLK1","TLK1"
"19569","PO2F3","POU2F3"
"19570","PILRB","PILRB"
"19571","PILRA","PILRA"
"19572","GPTC8","GPATCH8"
"19573","CHIC2","CHIC2"
"19574","ADA21","ADAM21"
"19575","PARP4","PARP4"
"19576","NXT1","NXT1"
"19577","NUDT5","NUDT5"
"19578","RCOR1","RCOR1"
"19579","O52A1","OR52A1"
"19580","C8AP2","CASP8AP2"
"19581","CXD2","GJD2"
"19582","PPCT","PCTP"
"19583","MA1B1","MAN1B1"
"19584","RALY","RALY"
"19585","MUC12","MUC12"
"19586","PRDM4","PRDM4"
"19587","MYO15","MYO15A"
"19588","TF3C4","GTF3C4"
"19589","ITBP2","ITGB1BP2"
"19590","ATS7","ADAMTS7"
"19591","ATS6","ADAMTS6"
"19592","UR2R","UTS2R"
"19593","ADA28","ADAM28"
"19594","KLK9","KLK9"
"19595","KLK12","KLK12"
"19596","KLK13","KLK13"
"19597","ERG28","ERG28"
"19598","TSN16","TSPAN16"
"19599","PACN3","PACSIN3"
"19600","IKZF2","IKZF2"
"19601","FBX5","FBXO5"
"19602","FBX4","FBXO4"
"19603","FXL21","FBXL21P"
"19604","FBXL3","FBXL3"
"19605","FBXW2","FBXW2"
"19606","IKZF3","IKZF3"
"19607","ACSL6","ACSL6"
"19608","TRHDE","TRHDE"
"19609","ACAD8","ACAD8"
"19610","ANGL2","ANGPTL2"
"19611","HDAC9","HDAC9"
"19612","ACINU","ACIN1"
"19613","AMFR","AMFR"
"19614","AGO2","AGO2"
"19615","VAV3","VAV3"
"19616","ELF5","ELF5"
"19617","MYH2","MYH2"
"19618","MYH13","MYH13"
"19619","ITA11","ITGA11"
"19620","NUP50","NUP50"
"19621","PRND","PRND"
"19622","ZHX1","ZHX1"
"19623","CES1P","CES1P1"
"19624","POMT2","POMT2"
"19625","CDV3","CDV3"
"19626","CNO11","CNOT11"
"19627","TEN1","TENM1"
"19628","PCOC2","PCOLCE2"
"19629","DSE","DSE"
"19630","INT6","INTS6"
"19631","SARDH","SARDH"
"19632","BAG5","BAG5"
"19633","CFA45","CFAP45"
"19634","TBX21","TBX21"
"19635","AGO1","AGO1"
"19636","PLAT4","PLAAT4"
"19637","RAB21","RAB21"
"19638","RB22A","RAB22A"
"19639","TPC2L","TRAPPC2L"
"19640","ZN236","ZNF236"
"19641","ZN346","ZNF346"
"19642","PNMA3","PNMA3"
"19643","PNMA2","PNMA2"
"19644","BL1S6","BLOC1S6"
"19645","PSME2","PSME2"
"19646","TCFL5","TCFL5"
"19647","HCN2","HCN2"
"19648","TM11E","TMPRSS11E"
"19649","TAOK2","TAOK2"
"19650","ZN215","ZNF215"
"19651","ZN214","ZNF214"
"19652","TRPC5","TRPC5"
"19653","MKLN1","MKLN1"
"19654","MYT1L","MYT1L"
"19655","DNPEP","DNPEP"
"19656","NRX1A","NRXN1"
"19657","CADH9","CDH9"
"19658","CADH7","CDH7"
"19659","MUCEN","EMCN"
"19660","RAB23","RAB23"
"19661","MCTS1","MCTS1"
"19662","ACSL5","ACSL5"
"19663","PADI1","PADI1"
"19664","ZDHC8","ZDHHC8"
"19665","OGDHL","OGDHL"
"19666","MTUS1","MTUS1"
"19667","BRPF3","BRPF3"
"19668","ZN777","ZNF777"
"19669","INTU","INTU"
"19670","KCNH3","KCNH3"
"19671","ZN608","ZNF608"
"19672","WWC3","WWC3"
"19673","DEN2A","DENND2A"
"19674","F184B","FAM184B"
"19675","PALD","PALD1"
"19676","S39AA","SLC39A10"
"19677","INO80","INO80"
"19678","CFA92","CFAP92"
"19679","CCPG1","CCPG1"
"19680","KDIS","KIDINS220"
"19681","ASAP1","ASAP1"
"19682","LRFN2","LRFN2"
"19683","MRTFB","MRTFB"
"19684","ATD2B","ATAD2B"
"19685","NWD2","NWD2"
"19686","RIMKB","RIMKLB"
"19687","HEG1","HEG1"
"19688","KI26A","KIF26A"
"19689","ODF2L","ODF2L"
"19690","ZBT21","ZBTB21"
"19691","ZMIZ1","ZMIZ1"
"19692","ANR50","ANKRD50"
"19693","NEB1","PPP1R9A"
"19694","GRID1","GRID1"
"19695","AT7L1","ATXN7L1"
"19696","MED23","MED23"
"19697","VANG2","VANGL2"
"19698","RN150","RNF150"
"19699","K1210","KIAA1210"
"19700","PKHG1","PLEKHG1"
"19701","PLXB3","PLXNB3"
"19702","PRR12","PRR12"
"19703","SHRM4","SHROOM4"
"19704","PKHH1","PLEKHH1"
"19705","ZN490","ZNF490"
"19706","YETS2","YEATS2"
"19707","CNOT6","CNOT6"
"19708","PNM8B","PNMA8B"
"19709","NDRG4","NDRG4"
"19710","TBC24","TBC1D24"
"19711","STRP2","STRIP2"
"19712","TPC1","TPCN1"
"19713","ISY1","ISY1"
"19714","PPM1H","PPM1H"
"19715","PAI2B","PAIP2B"
"19716","TMCC3","TMCC3"
"19717","KCNS2","KCNS2"
"19718","TTC7A","TTC7A"
"19719","ZNRF3","ZNRF3"
"19720","HECD1","HECTD1"
"19721","PKCB1","ZMYND8"
"19722","CAPS1","CADPS"
"19723","MYO5B","MYO5B"
"19724","FZD4","FZD4"
"19725","CIZ1","CIZ1"
"19726","COR1C","CORO1C"
"19727","HSF4","HSF4"
"19728","CBLC","CBLC"
"19729","TPX2","TPX2"
"19730","FZD10","FZD10"
"19731","ABT1","ABT1"
"19732","RAB26","RAB26"
"19733","NP1L2","NAP1L2"
"19734","PADI3","PADI3"
"19735","NOB1","NOB1"
"19736","RN112","RNF112"
"19737","AKP8L","AKAP8L"
"19738","CAH14","CA14"
"19739","MAFF","MAFF"
"19740","CLC4E","CLEC4E"
"19741","T53G3","TP53TG3F"
"19742","APEL","APLN"
"19743","STAP1","STAP1"
"19744","ASC","PYCARD"
"19745","MMP17","MMP17"
"19746","TMCO1","TMCO1"
"19747","YLAT1","SLC7A7"
"19748","PADI4","PADI4"
"19749","FZR1","FZR1"
"19750","APC10","ANAPC10"
"19751","HPCL4","HPCAL4"
"19752","MGT4A","MGAT4A"
"19753","EPDR1","EPDR1"
"19754","HHLA2","HHLA2"
"19755","NOTC3","NOTCH3"
"19756","MYO6","MYO6"
"19757","PLAL1","PLAGL1"
"19758","ALK","ALK"
"19759","SPAT2","SPATA2"
"19760","COHA1","COL17A1"
"19761","ICAM5","ICAM5"
"19762","KMT2B","KMT2B"
"19763","BARX2","BARX2"
"19764","CAN11","CAPN11"
"19765","DD19B","DDX19B"
"19766","TBX20","TBX20"
"19767","PPT2","PPT2"
"19768","CLC4A","CLEC4A"
"19769","NFU1","NFU1"
"19770","PRP19","PRPF19"
"19771","PHTF1","PHTF1"
"19772","SYNP2","SYNPO2"
"19773","UBP18","USP18"
"19774","UBQL1","UBQLN1"
"19775","SUFU","SUFU"
"19776","OAZ3","OAZ3"
"19777","BOK","BOK"
"19778","NENF","NENF"
"19779","GUC1B","GUCA1B"
"19780","S45A2","SLC45A2"
"19781","NOL7","NOL7"
"19782","SNX12","SNX12"
"19783","SYNRG","SYNRG"
"19784","PTPRQ","PTPRQ"
"19785","DAPP1","DAPP1"
"19786","SCML1","SCML1"
"19787","NDRG2","NDRG2"
"19788","VPS4A","VPS4A"
"19789","AT1B4","ATP1B4"
"19790","PCDB8","PCDHB8"
"19791","PCDBA","PCDHB10"
"19792","PCDGK","PCDHGC3"
"19793","PCDGG","PCDHGB4"
"19794","PCDA7","PCDHA7"
"19795","PCDA6","PCDHA6"
"19796","PCDA4","PCDHA4"
"19797","PCDAC","PCDHA12"
"19798","S6A14","SLC6A14"
"19799","SOX13","SOX13"
"19800","LORF1","L1RE1"
"19801","G3BP2","G3BP2"
"19802","GBRT","GABRQ"
"19803","ATS5","ADAMTS5"
"19804","RHG26","ARHGAP26"
"19805","A4GCT","A4GNT"
"19806","POLI","POLI"
"19807","NPIA1","NPIPA1"
"19808","EDAR","EDAR"
"19809","RPH3L","RPH3AL"
"19810","CHIP","STUB1"
"19811","PACN2","PACSIN2"
"19812","MAGD2","MAGED2"
"19813","TNF18","TNFSF18"
"19814","CC14A","CDC14A"
"19815","SNX7","SNX7"
"19816","SNX6","SNX6"
"19817","CELA1","CELA1"
"19818","DUS12","DUSP12"
"19819","STX8","STX8"
"19820","PA2GD","PLA2G2D"
"19821","ANGE1","ANGEL1"
"19822","SSRG","SSR3"
"19823","ING4","ING4"
"19824","PSD13","PSMD13"
"19825","TF2AY","GTF2A1L"
"19826","FAF1","FAF1"
"19827","EPCR","PROCR"
"19828","SIAT9","ST3GAL5"
"19829","PPIE","PPIE"
"19830","ABCG2","ABCG2"
"19831","DIM1","DIMT1"
"19832","TIM","TIMELESS"
"19833","CSN3","COPS3"
"19834","RBL2B","RABL2B"
"19835","CP8B1","CYP8B1"
"19836","MINP1","MINPP1"
"19837","GP132","GPR132"
"19838","NOVA2","NOVA2"
"19839","RL26L","RPL26L1"
"19840","WDR3","WDR3"
"19841","KCJ14","KCNJ14"
"19842","TTF2","TTF2"
"19843","ZN232","ZNF232"
"19844","NSF1C","NSFL1C"
"19845","L10K","C19orf53"
"19846","FZD1","FZD1"
"19847","TFR2","TFR2"
"19848","PA24C","PLA2G4C"
"19849","ATS8","ADAMTS8"
"19850","COG5","COG5"
"19851","S12A4","SLC12A4"
"19852","BSN","BSN"
"19853","GPR34","GPR34"
"19854","SRPK3","SRPK3"
"19855","PLAL2","PLAGL2"
"19856","FLVC2","FLVCR2"
"19857","LHX6","LHX6"
"19858","AP4E1","AP4E1"
"19859","B9D1","B9D1"
"19860","MACF1","MACF1"
"19861","CP131","CEP131"
"19862","SCAF8","SCAF8"
"19863","PP6R1","PPP6R1"
"19864","TRI33","TRIM33"
"19865","PHF8","PHF8"
"19866","IQEC3","IQSEC3"
"19867","K1107","KIAA1107"
"19868","LIMC1","LIMCH1"
"19869","AGAP1","AGAP1"
"19870","TRI35","TRIM35"
"19871","PZRN3","PDZRN3"
"19872","DOLK","DOLK"
"19873","TNR6B","TNRC6B"
"19874","PLCL2","PLCL2"
"19875","SMG5","SMG5"
"19876","NAC2","SLC8A2"
"19877","ZFR2","ZFR2"
"19878","SET1B","SETD1B"
"19879","ANR26","ANKRD26"
"19880","EXOC7","EXOC7"
"19881","JIP3","MAPK8IP3"
"19882","ZC3H4","ZC3H4"
"19883","UBP22","USP22"
"19884","SORC3","SORCS3"
"19885","UBP24","USP24"
"19886","TBD2B","TBC1D2B"
"19887","SMAG1","SAMD4A"
"19888","CE164","CEP164"
"19889","PHF24","PHF24"
"19890","TRAK1","TRAK1"
"19891","FOXJ3","FOXJ3"
"19892","CBPC1","AGTPBP1"
"19893","SATB2","SATB2"
"19894","UN13A","UNC13A"
"19895","TUTLB","IGSF9B"
"19896","MNAR1","MINAR1"
"19897","SHAN2","SHANK2"
"19898","DICER","DICER1"
"19899","XCT","SLC7A11"
"19900","WASF3","WASF3"
"19901","MARE3","MAPRE3"
"19902","HPS5","HPS5"
"19903","THS7A","THSD7A"
"19904","CILK1","CILK1"
"19905","COR2B","CORO2B"
"19906","KCNH4","KCNH4"
"19907","MOK","MOK"
"19908","DHDH","DHDH"
"19909","SHOC2","SHOC2"
"19910","DYN3","DNM3"
"19911","RIMS2","RIMS2"
"19912","SRRM2","SRRM2"
"19913","NEUR3","NEU3"
"19914","CNTN6","CNTN6"
"19915","MGT4B","MGAT4B"
"19916","PSG11","PSG11"
"19917","PSG8","PSG8"
"19918","PA2G4","PA2G4"
"19919","EXO1","EXO1"
"19920","CD11A","CDK11A"
"19921","SPG7","SPG7"
"19922","CTND2","CTNND2"
"19923","BAIP2","BAIAP2"
"19924","AURKC","AURKC"
"19925","GAB2","GAB2"
"19926","CLCA2","CLCA2"
"19927","SCN8A","SCN8A"
"19928","SMC3","SMC3"
"19929","SYCY1","ERVW-1"
"19930","JIP1","MAPK8IP1"
"19931","POK11","ERVK-11"
"19932","PPR3C","PPP1R3C"
"19933","HDAC5","HDAC5"
"19934","KCC2A","CAMK2A"
"19935","CHM2B","CHMP2B"
"19936","TENN","TNN"
"19937","NALDL","NAALADL1"
"19938","SH2B3","SH2B3"
"19939","SCML2","SCML2"
"19940","ZN148","ZNF148"
"19941","LAMP3","LAMP3"
"19942","POK19","ERVK-19"
"19943","HHLA3","HHLA3"
"19944","TRPC6","TRPC6"
"19945","COLQ","COLQ"
"19946","MTMR7","MTMR7"
"19947","MTMR6","MTMR6"
"19948","JAG2","JAG2"
"19949","NIP7","NIP7"
"19950","DMTF1","DMTF1"
"19951","GLCNE","GNE"
"19952","RTRAF","RTRAF"
"19953","RNF24","RNF24"
"19954","S22AD","SLC22A13"
"19955","ENTP4","ENTPD4"
"19956","T3JAM","TRAF3IP3"
"19957","RUVB2","RUVBL2"
"19958","FUT9","FUT9"
"19959","CDYL","CDYL"
"19960","PDE10","PDE10A"
"19961","LIPT","LIPT1"
"19962","ABEC2","APOBEC2"
"19963","OSGI2","OSGIN2"
"19964","PIN4","PIN4"
"19965","DLEC1","DLEC1"
"19966","NOD1","NOD1"
"19967","CLC11","CLEC11A"
"19968","HIG1A","HIGD1A"
"19969","TCF19","TCF19"
"19970","AKT3","AKT3"
"19971","POMP","POMP"
"19972","FA50B","FAM50B"
"19973","PSF2","GINS2"
"19974","LZTS1","LZTS1"
"19975","HPSE","HPSE"
"19976","RNF6","RNF6"
"19977","POLH","POLH"
"19978","PRLD1","PRELID1"
"19979","FACE2","RCE1"
"19980","KCNK6","KCNK6"
"19981","CCL26","CCL26"
"19982","CHKB","CHKB"
"19983","FOXA2","FOXA2"
"19984","EIF3L","EIF3L"
"19985","PLAP","PLAA"
"19986","ANGP4","ANGPT4"
"19987","RUVB1","RUVBL1"
"19988","NUDC","NUDC"
"19989","S22AE","SLC22A14"
"19990","CLTR1","CYSLTR1"
"19991","RASD1","RASD1"
"19992","SIA10","ST3GAL6"
"19993","TN13B","TNFSF13B"
"19994","BCS1","BCS1L"
"19995","VDAC3","VDAC3"
"19996","HS3S2","HS3ST2"
"19997","VSIG4","VSIG4"
"19998","COF2","CFL2"
"19999","ERGI3","ERGIC3"
"20000","INVS","INVS"
"20001","ASTER","WDR83OS"
"20002","SYFA","FARSA"
"20003","SIGL7","SIGLEC7"
"20004","ITM2B","ITM2B"
"20005","SC5A6","SLC5A6"
"20006","RT33","MRPS33"
"20007","ASF1A","ASF1A"
"20008","DRG1","DRG1"
"20009","TPPC4","TRAPPC4"
"20010","FBW1A","BTRC"
"20011","ZN443","ZNF443"
"20012","NCKP1","NCKAP1"
"20013","B3GN3","B3GNT3"
"20014","CNPY2","CNPY2"
"20015","RXLT1","RXYLT1"
"20016","PIGL","PIGL"
"20017","T53G5","TP53TG5"
"20018","VP9D1","VPS9D1"
"20019","IPKG","PKIG"
"20020","UST","UST"
"20021","B3GT5","B3GALT5"
"20022","EXOG","EXOG"
"20023","S17A4","SLC17A4"
"20024","TLR6","TLR6"
"20025","CAH5B","CA5B"
"20026","ATF5","ATF5"
"20027","S35A3","SLC35A3"
"20028","EXC6B","EXOC6B"
"20029","AKAP2","AKAP2"
"20030","ADIP","SSX2IP"
"20031","ZN652","ZNF652"
"20032","DIP2C","DIP2C"
"20033","MA2B2","MAN2B2"
"20034","DTX4","DTX4"
"20035","SL9A8","SLC9A8"
"20036","ICE1","ICE1"
"20037","BTBD3","BTBD3"
"20038","EFR3B","EFR3B"
"20039","MYRF","MYRF"
"20040","CARD8","CARD8"
"20041","AT11B","ATP11B"
"20042","ANKR6","ANKRD6"
"20043","OFUT2","POFUT2"
"20044","ZFP30","ZFP30"
"20045","DJC16","DNAJC16"
"20046","SBNO2","SBNO2"
"20047","DLGP4","DLGAP4"
"20048","ST38L","STK38L"
"20049","SAC2","INPP5F"
"20050","PKHA6","PLEKHA6"
"20051","FND3A","FNDC3A"
"20052","ZN510","ZNF510"
"20053","MAST1","MAST1"
"20054","NISCH","NISCH"
"20055","NTNG1","NTNG1"
"20056","NINL","NINL"
"20057","FYV1","PIKFYVE"
"20058","WDR37","WDR37"
"20059","TBC30","TBC1D30"
"20060","RP3A","RPH3A"
"20061","E41L3","EPB41L3"
"20062","AMOL2","AMOTL2"
"20063","PADI2","PADI2"
"20064","ZBTB1","ZBTB1"
"20065","SIK3","SIK3"
"20066","MYH15","MYH15"
"20067","R3HD2","R3HDM2"
"20068","UBP20","USP20"
"20069","KDM2A","KDM2A"
"20070","STB5L","STXBP5L"
"20071","RRP44","DIS3"
"20072","TPPC8","TRAPPC8"
"20073","FRM4B","FRMD4B"
"20074","ZKSC5","ZKSCAN5"
"20075","LRCH1","LRCH1"
"20076","FAN1","FAN1"
"20077","SSUH2","SSUH2"
"20078","KLH20","KLHL20"
"20079","HIF3A","HIF3A"
"20080","ZN835","ZNF835"
"20081","S27A6","SLC27A6"
"20082","S27A5","SLC27A5"
"20083","ZN256","ZNF256"
"20084","RCL1","RCL1"
"20085","AT8A1","ATP8A1"
"20086","ZN257","ZNF257"
"20087","GSTK1","GSTK1"
"20088","LTOR2","LAMTOR2"
"20089","RT28","MRPS28"
"20090","COA3","COA3"
"20091","PTN22","PTPN22"
"20092","DDX52","DDX52"
"20093","RT17","MRPS17"
"20094","RT07","MRPS7"
"20095","CRYL1","CRYL1"
"20096","TMA7","TMA7"
"20097","PDIP2","POLDIP2"
"20098","AXIN2","AXIN2"
"20099","AP3M1","AP3M1"
"20100","GUAD","GDA"
"20101","2ABG","PPP2R2C"
"20102","GPR52","GPR52"
"20103","GPR55","GPR55"
"20104","YBOX2","YBX2"
"20105","KCNK7","KCNK7"
"20106","M3K2","MAP3K2"
"20107","MAN1","LEMD3"
"20108","KLDC2","KLHDC2"
"20109","CO041","C15orf41"
"20110","CHSP1","CARHSP1"
"20111","RX","RAX"
"20112","COG6","COG6"
"20113","TR150","THRAP3"
"20114","WBP11","WBP11"
"20115","S45A1","SLC45A1"
"20116","TDRKH","TDRKH"
"20117","CSEN","KCNIP3"
"20118","MED16","MED16"
"20119","NOP58","NOP58"
"20120","GIT1","GIT1"
"20121","UB2D4","UBE2D4"
"20122","ZN281","ZNF281"
"20123","AR2BP","ARL2BP"
"20124","RPC10","POLR3K"
"20125","ZBT32","ZBTB32"
"20126","TMM98","TMEM98"
"20127","PRG3","PRG3"
"20128","KLF13","KLF13"
"20129","SGT1","SUGT1"
"20130","MTO1","MTO1"
"20131","SYYM","YARS2"
"20132","COQ6","COQ6"
"20133","NAGA","AMDHD2"
"20134","ACOT9","ACOT9"
"20135","AAR2","AAR2"
"20136","NOSIP","NOSIP"
"20137","DEOC","DERA"
"20138","MEMO1","MEMO1"
"20139","TMX2","TMX2"
"20140","FCF1","FCF1"
"20141","NSG2","NSG2"
"20142","ZBT12","ZBTB12"
"20143","LSM2","LSM2"
"20144","VWA7","VWA7"
"20145","SIGL9","SIGLEC9"
"20146","KLK5","KLK5"
"20147","PLLP","PLLP"
"20148","SNX24","SNX24"
"20149","SC6A5","SLC6A5"
"20150","STA10","STARD10"
"20151","IFT52","IFT52"
"20152","SHLB1","SH3GLB1"
"20153","CIA30","NDUFAF1"
"20154","CAB39","CAB39"
"20155","LC7L2","LUC7L2"
"20156","UB2J1","UBE2J1"
"20157","RBMX2","RBMX2"
"20158","DHRS7","DHRS7"
"20159","ZDHC9","ZDHHC9"
"20160","RT02","MRPS2"
"20161","COQ4","COQ4"
"20162","UTP11","UTP11"
"20163","PHOCN","MOB4"
"20164","RRP7A","RRP7A"
"20165","SBDS","SBDS"
"20166","TMED5","TMED5"
"20167","PLD3B","PRELID3B"
"20168","EXOS1","EXOSC1"
"20169","TMED7","TMED7"
"20170","SF3B6","SF3B6"
"20171","EMC9","EMC9"
"20172","RM11","MRPL11"
"20173","ORN","REXO2"
"20174","RRP15","RRP15"
"20175","WASC3","WASHC3"
"20176","NOP16","NOP16"
"20177","TPRKB","TPRKB"
"20178","RNF11","RNF11"
"20179","PPIL1","PPIL1"
"20180","MED31","MED31"
"20181","UFC1","UFC1"
"20182","CIA2B","CIAO2B"
"20183","MSRB2","MSRB2"
"20184","RT16","MRPS16"
"20185","RT18C","MRPS18C"
"20186","FIS1","FIS1"
"20187","TIM16","PAM16"
"20188","KAD6","AK6"
"20189","RT23","MRPS23"
"20190","GOT1B","GOLT1B"
"20191","HDGR3","HDGFL3"
"20192","BOLA1","BOLA1"
"20193","PTH2","PTRH2"
"20194","CHMP3","CHMP3"
"20195","TA6P","-"
"20196","STRAP","STRAP"
"20197","RTCB","RTCB"
"20198","FBX7","FBXO7"
"20199","3BP1","SH3BP1"
"20200","RAP2C","RAP2C"
"20201","CBY1","CBY1"
"20202","STA13","STARD13"
"20203","ZN337","ZNF337"
"20204","OR2W1","OR2W1"
"20205","RHBD3","RHBDD3"
"20206","SIT1","SIT1"
"20207","RBGP1","RABGAP1"
"20208","NALD2","NAALAD2"
"20209","TMED3","TMED3"
"20210","HCN4","HCN4"
"20211","ADA18","ADAM18"
"20212","T22D4","TSC22D4"
"20213","GRIP1","GRIP1"
"20214","NEUR2","NEU2"
"20215","DOP2","DOP1B"
"20216","WNK2","WNK2"
"20217","ZN330","ZNF330"
"20218","R3HC1","R3HCC1"
"20219","NOC2L","NOC2L"
"20220","RL36","RPL36"
"20221","RWDD3","RWDD3"
"20222","CCDC9","CCDC9"
"20223","CHTOP","CHTOP"
"20224","PYGO1","PYGO1"
"20225","SAMH1","SAMHD1"
"20226","FA32A","FAM32A"
"20227","C2CD2","C2CD2"
"20228","CV024","C22orf24"
"20229","PKP3","PKP3"
"20230","SKAP","KNSTRN"
"20231","HBS1L","HBS1L"
"20232","TBX22","TBX22"
"20233","ZN711","ZNF711"
"20234","DYR1B","DYRK1B"
"20235","NR2E1","NR2E1"
"20236","SALL2","SALL2"
"20237","LMBL1","L3MBTL1"
"20238","CMAH","CMAHP"
"20239","ZN175","ZNF175"
"20240","AAKB1","PRKAB1"
"20241","MTF2","MTF2"
"20242","WIPI4","WDR45"
"20243","DMXL1","DMXL1"
"20244","VPP2","ATP6V0A2"
"20245","TLN1","TLN1"
"20246","ZAN","ZAN"
"20247","KIF3A","KIF3A"
"20248","JERKL","JRKL"
"20249","TRRAP","TRRAP"
"20250","NF2L3","NFE2L3"
"20251","O10H1","OR10H1"
"20252","ARIP4","RAD54L2"
"20253","MTCL1","MTCL1"
"20254","DCAF1","DCAF1"
"20255","NRX3A","NRXN3"
"20256","KDM3A","KDM3A"
"20257","TCAF1","TCAF1"
"20258","MFHA1","MFHAS1"
"20259","CHST2","CHST2"
"20260","RBM19","RBM19"
"20261","DAAM1","DAAM1"
"20262","DGLA","DAGLA"
"20263","PLXD1","PLXND1"
"20264","HECD4","HECTD4"
"20265","WAC2C","WASHC2C"
"20266","ZN451","ZNF451"
"20267","WDR7","WDR7"
"20268","UBP15","USP15"
"20269","FARP1","FARP1"
"20270","MARF1","MARF1"
"20271","TGRM1","TOGARAM1"
"20272","C170B","CEP170B"
"20273","RIPR2","RIPOR2"
"20274","PKHM1","PLEKHM1"
"20275","TLN2","TLN2"
"20276","RPGF2","RAPGEF2"
"20277","IRS2","IRS2"
"20278","GPSM3","GPSM3"
"20279","MYO5A","MYO5A"
"20280","MTL5","TESMIN"
"20281","DTNA","DTNA"
"20282","LOXL2","LOXL2"
"20283","CRBG1","CRYBG1"
"20284","TRAF6","TRAF6"
"20285","M4K5","MAP4K5"
"20286","HYOU1","HYOU1"
"20287","RN115","RNF115"
"20288","CH071","LINC00588"
"20289","ATG4B","ATG4B"
"20290","TBL2","TBL2"
"20291","WIPI2","WIPI2"
"20292","SPEF1","SPEF1"
"20293","TTLL3","TTLL3"
"20294","TELO2","TELO2"
"20295","MMAC","MMACHC"
"20296","LAS1L","LAS1L"
"20297","AFG32","AFG3L2"
"20298","AMMR1","AMMECR1"
"20299","UD2A1","UGT2A1"
"20300","CCL27","CCL27"
"20301","KLF12","KLF12"
"20302","ARI1","ARIH1"
"20303","LSM5","LSM5"
"20304","LSM4","LSM4"
"20305","NGN3","NEUROG3"
"20306","RN114","RNF114"
"20307","SAM50","SAMM50"
"20308","T184B","TMEM184B"
"20309","PRC2C","PRRC2C"
"20310","OARD1","OARD1"
"20311","CSDC2","CSDC2"
"20312","RPC8","POLR3H"
"20313","PAL4A","PPIAL4A"
"20314","HES2","HES2"
"20315","LRC42","LRRC42"
"20316","IFT25","HSPB11"
"20317","YIPF1","YIPF1"
"20318","LRP12","LRP12"
"20319","SHAN1","SHANK1"
"20320","PPME1","PPME1"
"20321","RIPK3","RIPK3"
"20322","IPP","IPP"
"20323","ASB4","ASB4"
"20324","ASB3","ASB3"
"20325","ASB1","ASB1"
"20326","TRI17","TRIM17"
"20327","RBM7","RBM7"
"20328","INSL6","INSL6"
"20329","TIM22","TIMM22"
"20330","OR1A2","OR1A2"
"20331","MB212","MAB21L2"
"20332","AP4S1","AP4S1"
"20333","CEP83","CEP83"
"20334","KCTD3","KCTD3"
"20335","ZSC21","ZSCAN21"
"20336","NUB1","NUB1"
"20337","YTHD2","YTHDF2"
"20338","CTDP1","CTDP1"
"20339","PAXB1","PAXBP1"
"20340","NDK7","NME7"
"20341","SP16H","SUPT16H"
"20342","ANGL3","ANGPTL3"
"20343","PCDB9","PCDHB9"
"20344","PCDB7","PCDHB7"
"20345","PCDB6","PCDHB6"
"20346","PCDB5","PCDHB5"
"20347","PCDB4","PCDHB4"
"20348","PCDB3","PCDHB3"
"20349","PCDB2","PCDHB2"
"20350","PCDBF","PCDHB15"
"20351","PCDBE","PCDHB14"
"20352","PCDBD","PCDHB13"
"20353","PCDBC","PCDHB12"
"20354","PCDBB","PCDHB11"
"20355","PCDB1","PCDHB1"
"20356","PCDGM","PCDHGC5"
"20357","PCDGL","PCDHGC4"
"20358","PCDGJ","PCDHGB7"
"20359","PCDGI","PCDHGB6"
"20360","PCDGH","PCDHGB5"
"20361","PCDGF","PCDHGB3"
"20362","PCDGE","PCDHGB2"
"20363","PCDGD","PCDHGB1"
"20364","PCDG9","PCDHGA9"
"20365","PCDG8","PCDHGA8"
"20366","PCDG7","PCDHGA7"
"20367","PCDG6","PCDHGA6"
"20368","PCDG5","PCDHGA5"
"20369","PCDG4","PCDHGA4"
"20370","PCDG3","PCDHGA3"
"20371","PCDG2","PCDHGA2"
"20372","PCDGB","PCDHGA11"
"20373","PCDGA","PCDHGA10"
"20374","PCDG1","PCDHGA1"
"20375","PCDA9","PCDHA9"
"20376","PCDA8","PCDHA8"
"20377","PCDA5","PCDHA5"
"20378","PCDA3","PCDHA3"
"20379","PCDA2","PCDHA2"
"20380","PCDAD","PCDHA13"
"20381","PCDAB","PCDHA11"
"20382","PCDAA","PCDHA10"
"20383","PCDA1","PCDHA1"
"20384","PCDC2","PCDHAC2"
"20385","CLD16","CLDN16"
"20386","UTP18","UTP18"
"20387","HEY1","HEY1"
"20388","PHLA3","PHLDA3"
"20389","T10B","TIMM10B"
"20390","TIM9","TIMM9"
"20391","TIM8B","TIMM8B"
"20392","SPO11","SPO11"
"20393","KLK4","KLK4"
"20394","PCY1B","PCYT1B"
"20395","UCHL5","UCHL5"
"20396","CD2AP","CD2AP"
"20397","VATD","ATP6V1D"
"20398","TNPO3","TNPO3"
"20399","HLPDA","HILPDA"
"20400","ENTP2","ENTPD2"
"20401","TIM13","TIMM13"
"20402","LENEP","LENEP"
"20403","F215A","FAM215A"
"20404","TISR","OCLM"
"20405","SRPRB","SRPRB"
"20406","HRH3","HRH3"
"20407","N6MT1","N6AMT1"
"20408","ORC6","ORC6"
"20409","O51B4","OR51B4"
"20410","O51B2","OR51B2"
"20411","CSAG2","CSAG3"
"20412","RAI2","RAI2"
"20413","CERT","CERT1"
"20414","GMPPB","GMPPB"
"20415","P2R3B","PPP2R3B"
"20416","FADS3","FADS3"
"20417","MAFB","MAFB"
"20418","CORIN","CORIN"
"20419","INSL5","INSL5"
"20420","TF3C5","GTF3C5"
"20421","TF3C3","GTF3C3"
"20422","MMP24","MMP24"
"20423","HEMK1","HEMK1"
"20424","DMRT2","DMRT2"
"20425","DMRT1","DMRT1"
"20426","TPPC1","TRAPPC1"
"20427","TRPV2","TRPV2"
"20428","MRCKB","CDC42BPB"
"20429","NOX1","NOX1"
"20430","RBM8A","RBM8A"
"20431","DJC15","DNAJC15"
"20432","UBP16","USP16"
"20433","TSSC4","TSSC4"
"20434","INSI2","INSIG2"
"20435","TNR18","TNFRSF18"
"20436","MPC1","MPC1"
"20437","IR3IP","IER3IP1"
"20438","ZN706","ZNF706"
"20439","MAGD1","MAGED1"
"20440","KLF2","KLF2"
"20441","WIF1","WIF1"
"20442","SNX14","SNX14"
"20443","SNX13","SNX13"
"20444","SNX11","SNX11"
"20445","SNX10","SNX10"
"20446","SNX9","SNX9"
"20447","SNX8","SNX8"
"20448","SNX5","SNX5"
"20449","NR2E3","NR2E3"
"20450","NPFF2","NPFFR2"
"20451","LIPE","LIPG"
"20452","FLVC1","FLVCR1"
"20453","NUBP2","NUBP2"
"20454","GPR45","GPR45"
"20455","PD2R2","PTGDR2"
"20456","PEX16","PEX16"
"20457","ST14","ST14"
"20458","LYVE1","LYVE1"
"20459","SCNAA","SCN10A"
"20460","BACE2","BACE2"
"20461","HEBP2","HEBP2"
"20462","B3GT1","B3GALT1"
"20463","HCFC2","HCFC2"
"20464","UBIA1","UBIAD1"
"20465","CSAD","CSAD"
"20466","ETV7","ETV7"
"20467","MOFA1","MRFAP1"
"20468","TRUA","PUS1"
"20469","LRRF2","LRRFIP2"
"20470","FHOD1","FHOD1"
"20471","ACL7B","ACTL7B"
"20472","ACL7A","ACTL7A"
"20473","IRAK3","IRAK3"
"20474","SERC","PSAT1"
"20475","NCOR2","NCOR2"
"20476","ORNT1","SLC25A15"
"20477","RA54B","RAD54B"
"20478","MYH4","MYH4"
"20479","JAM1","F11R"
"20480","GPC6","GPC6"
"20481","NPTN","NPTN"
"20482","RFNG","RFNG"
"20483","CBPQ","CPQ"
"20484","SOX21","SOX21"
"20485","AGRG1","ADGRG1"
"20486","SPIN1","SPIN1"
"20487","HS3S4","HS3ST4"
"20488","HS3SB","HS3ST3B1"
"20489","HS3SA","HS3ST3A1"
"20490","KPTN","KPTN"
"20491","S12A7","SLC12A7"
"20492","ALG6","ALG6"
"20493","ALG5","ALG5"
"20494","SNURF","SNURF"
"20495","RT18B","MRPS18B"
"20496","COPG1","COPG1"
"20497","AUP1","AUP1"
"20498","FKBP7","FKBP7"
"20499","ARL5A","ARL5A"
"20500","KCMB2","KCNMB2"
"20501","GMEB1","GMEB1"
"20502","LHPL6","LHFPL6"
"20503","S22A7","SLC22A7"
"20504","CLIC4","CLIC4"
"20505","NFS1","NFS1"
"20506","CCG2","CACNG2"
"20507","POMT1","POMT1"
"20508","CP46A","CYP46A1"
"20509","CFA20","CFAP20"
"20510","TACC3","TACC3"
"20511","SPCS1","SPCS1"
"20512","EID1","EID1"
"20513","SAR1B","SAR1B"
"20514","AP4B1","AP4B1"
"20515","EMIL1","EMILIN1"
"20516","PTC2","PTCH2"
"20517","L3R2A","LINC00312"
"20518","MTCH2","MTCH2"
"20519","SELK","SELENOK"
"20520","BIG2","ARFGEF2"
"20521","BIG1","ARFGEF1"
"20522","MD1L1","MAD1L1"
"20523","STK24","STK24"
"20524","BZW2","BZW2"
"20525","SIR4","SIRT4"
"20526","PARP3","PARP3"
"20527","IRAG1","IRAG1"
"20528","CDY2","CDY2B"
"20529","CDY1","CDY1"
"20530","WNT6","WNT6"
"20531","TM14A","TMEM14A"
"20532","RM42","MRPL42"
"20533","COMDA","COMMD10"
"20534","DC1L1","DYNC1LI1"
"20535","CHCH2","CHCHD2"
"20536","ATP23","ATP23"
"20537","SNCAP","SNCAIP"
"20538","KCNE3","KCNE3"
"20539","CXA3","GJA3"
"20540","EPN1","EPN1"
"20541","UBP3","USP3"
"20542","WSB1","WSB1"
"20543","PXMP4","PXMP4"
"20544","TX264","TEX264"
"20545","CABIN","CABIN1"
"20546","SMA5O","SMAD5-AS1"
"20547","KCNE2","KCNE2"
"20548","STYL1","STYXL1"
"20549","TAF6L","TAF6L"
"20550","CEPT1","CEPT1"
"20551","DNM3A","DNMT3A"
"20552","OAS3","OAS3"
"20553","KAD5","AK5"
"20554","NEMO","IKBKG"
"20555","SO1B1","SLCO1B1"
"20556","TLL2","TLL2"
"20557","TEST","PRSS21"
"20558","IF2B2","IGF2BP2"
"20559","KC1G3","CSNK1G3"
"20560","ZNT1","SLC30A1"
"20561","S4A7","SLC4A7"
"20562","NDUB9","NDUFB9"
"20563","COX11","COX11"
"20564","CLCA3","CLCA3P"
"20565","SQOR","SQOR"
"20566","LAMC3","LAMC3"
"20567","ROBO1","ROBO1"
"20568","CAD10","CDH10"
"20569","USH1C","USH1C"
"20570","SESN1","SESN1"
"20571","CAN6","CAPN6"
"20572","STON1","STON1"
"20573","ZFP37","ZFP37"
"20574","AP1M2","AP1M2"
"20575","TNR11","TNFRSF11A"
"20576","NCOA3","NCOA3"
"20577","NUMBL","NUMBL"
"20578","S4A4","SLC4A4"
"20579","M3K4","MAP3K4"
"20580","Z780B","ZNF780B"
"20581","FCGBP","FCGBP"
"20582","CCD61","CCDC61"
"20583","RPKL1","RPS6KL1"
"20584","DGKB","DGKB"
"20585","ADSV","SCIN"
"20586","RN215","RNF215"
"20587","PCLO","PCLO"
"20588","DDX49","DDX49"
"20589","CAN7","CAPN7"
"20590","WASF2","WASF2"
"20591","DUS10","DUSP10"
"20592","ICOS","ICOS"
"20593","SETBP","SETBP1"
"20594","SERP1","SERP1"
"20595","PIAS3","PIAS3"
"20596","SCC4","MAU2"
"20597","F169A","FAM169A"
"20598","ENPP4","ENPP4"
"20599","MYO16","MYO16"
"20600","ZHX2","ZHX2"
"20601","MORC2","MORC2"
"20602","NS1BP","IVNS1ABP"
"20603","CMTA1","CAMTA1"
"20604","S23IP","SEC23IP"
"20605","LY96","LY96"
"20606","CF123","LINC01558"
"20607","KIAS1","KIF25-AS1"
"20608","AFDDT","AFDN-DT"
"20609","COL10","COLEC10"
"20610","S4R3C0","ENSG00000259680"
"20611","HMN13","MTRNR2L13"
"20612","HMN11","MTRNR2L11"
"20613","S4R3Y8","TMEM91"
"20614","S4R460","IGHV3OR16-9"
"20615","U3KPR1","KRT86"
"20616","A3LT2","A3GALT2"
"20617","U3KQK1","LSM4"
"20618","V9GZ13","ENSG00000285508"
"20619","SACA6","SPACA6"
"20620","PYDC5","PYDC5"
"20621","X5D2U9","HLA-DRB4"
